filepath,label,source_dataset,duration_sec,recording_id
/Users/rajsingh/Library/CloudStorage/GoogleDrive-singhraj04.jan@gmail.com/My Drive/SAHARA/Datasets/FSD50K/FSD50K.dev_audio/47142.wav,glass_break,fsd50k,0.0,fsd50k:47142
/Users/rajsingh/Library/CloudStorage/GoogleDrive-singhraj04.jan@gmail.com/My Drive/SAHARA/Datasets/FSD50K/FSD50K.dev_audio/47141.wav,glass_break,fsd50k,0.0,fsd50k:47141
/Users/rajsingh/Library/CloudStorage/GoogleDrive-singhraj04.jan@gmail.com/My Drive/SAHARA/Datasets/FSD50K/FSD50K.dev_audio/341397.wav,glass_break,fsd50k,0.0,fsd50k:341397
/Users/rajsingh/Library/CloudStorage/GoogleDrive-singhraj04.jan@gmail.com/My Drive/SAHARA/Datasets/FSD50K/FSD50K.dev_audio/341398.wav,glass_break,fsd50k,0.0,fsd50k:341398
/Users/rajsingh/Library/CloudStorage/GoogleDrive-singhraj04.jan@gmail.com/My Drive/SAHARA/Datasets/FSD50K/FSD50K.dev_audio/341399.wav,glass_break,fsd50k,0.0,fsd50k:341399
/Users/rajsingh/Library/CloudStorage/GoogleDrive-singhraj04.jan@gmail.com/My Drive/SAHARA/Datasets/FSD50K/FSD50K.dev_audio/341400.wav,glass_break,fsd50k,0.0,fsd50k:341400
/Users/rajsingh/Library/CloudStorage/GoogleDrive-singhraj04.jan@gmail.com/My Drive/SAHARA/Datasets/FSD50K/FSD50K.dev_audio/341401.wav,glass_break,fsd50k,0.0,fsd50k:341401
/Users/rajsingh/Library/CloudStorage/GoogleDrive-singhraj04.jan@gmail.com/My Drive/SAHARA/Datasets/FSD50K/FSD50K.dev_audio/341402.wav,glass_break,fsd50k,0.0,fsd50k:341402
/Users/rajsingh/Library/CloudStorage/GoogleDrive-singhraj04.jan@gmail.com/My Drive/SAHARA/Datasets/FSD50K/FSD50K.dev_audio/341403.wav,glass_break,fsd50k,0.0,fsd50k:341403
/Users/rajsingh/Library/CloudStorage/GoogleDrive-singhraj04.jan@gmail.com/My Drive/SAHARA/Datasets/FSD50K/FSD50K.dev_audio/341404.wav,glass_break,fsd50k,0.0,fsd50k:341404
/Users/rajsingh/Library/CloudStorage/GoogleDrive-singhraj04.jan@gmail.com/My Drive/SAHARA/Datasets/FSD50K/FSD50K.dev_audio/341405.wav,glass_break,fsd50k,0.0,fsd50k:341405
/Users/rajsingh/Library/CloudStorage/GoogleDrive-singhraj04.jan@gmail.com/My Drive/SAHARA/Datasets/FSD50K/FSD50K.dev_audio/341406.wav,glass_break,fsd50k,0.0,fsd50k:341406
/Users/rajsingh/Library/CloudStorage/GoogleDrive-singhraj04.jan@gmail.com/My Drive/SAHARA/Datasets/FSD50K/FSD50K.dev_audio/341408.wav,glass_break,fsd50k,0.0,fsd50k:341408
/Users/rajsingh/Library/CloudStorage/GoogleDrive-singhraj04.jan@gmail.com/My Drive/SAHARA/Datasets/FSD50K/FSD50K.dev_audio/341409.wav,glass_break,fsd50k,0.0,fsd50k:341409
/Users/rajsingh/Library/CloudStorage/GoogleDrive-singhraj04.jan@gmail.com/My Drive/SAHARA/Datasets/FSD50K/FSD50K.dev_audio/341410.wav,glass_break,fsd50k,0.0,fsd50k:341410
/Users/rajsingh/Library/CloudStorage/GoogleDrive-singhraj04.jan@gmail.com/My Drive/SAHARA/Datasets/FSD50K/FSD50K.dev_audio/341411.wav,glass_break,fsd50k,0.0,fsd50k:341411
/Users/rajsingh/Library/CloudStorage/GoogleDrive-singhraj04.jan@gmail.com/My Drive/SAHARA/Datasets/FSD50K/FSD50K.dev_audio/341412.wav,glass_break,fsd50k,0.0,fsd50k:341412
/Users/rajsingh/Library/CloudStorage/GoogleDrive-singhraj04.jan@gmail.com/My Drive/SAHARA/Datasets/FSD50K/FSD50K.dev_audio/341413.wav,glass_break,fsd50k,0.0,fsd50k:341413
/Users/rajsingh/Library/CloudStorage/GoogleDrive-singhraj04.jan@gmail.com/My Drive/SAHARA/Datasets/FSD50K/FSD50K.dev_audio/341418.wav,glass_break,fsd50k,0.0,fsd50k:341418
/Users/rajsingh/Library/CloudStorage/GoogleDrive-singhraj04.jan@gmail.com/My Drive/SAHARA/Datasets/FSD50K/FSD50K.dev_audio/341407.wav,glass_break,fsd50k,0.0,fsd50k:341407
/Users/rajsingh/Library/CloudStorage/GoogleDrive-singhraj04.jan@gmail.com/My Drive/SAHARA/Datasets/FSD50K/FSD50K.dev_audio/341414.wav,glass_break,fsd50k,0.0,fsd50k:341414
/Users/rajsingh/Library/CloudStorage/GoogleDrive-singhraj04.jan@gmail.com/My Drive/SAHARA/Datasets/FSD50K/FSD50K.dev_audio/341415.wav,glass_break,fsd50k,0.0,fsd50k:341415
/Users/rajsingh/Library/CloudStorage/GoogleDrive-singhraj04.jan@gmail.com/My Drive/SAHARA/Datasets/FSD50K/FSD50K.dev_audio/341416.wav,glass_break,fsd50k,0.0,fsd50k:341416
/Users/rajsingh/Library/CloudStorage/GoogleDrive-singhraj04.jan@gmail.com/My Drive/SAHARA/Datasets/FSD50K/FSD50K.dev_audio/341417.wav,glass_break,fsd50k,0.0,fsd50k:341417
/Users/rajsingh/Library/CloudStorage/GoogleDrive-singhraj04.jan@gmail.com/My Drive/SAHARA/Datasets/FSD50K/FSD50K.dev_audio/341419.wav,glass_break,fsd50k,0.0,fsd50k:341419
/Users/rajsingh/Library/CloudStorage/GoogleDrive-singhraj04.jan@gmail.com/My Drive/SAHARA/Datasets/FSD50K/FSD50K.dev_audio/341420.wav,glass_break,fsd50k,0.0,fsd50k:341420
/Users/rajsingh/Library/CloudStorage/GoogleDrive-singhraj04.jan@gmail.com/My Drive/SAHARA/Datasets/FSD50K/FSD50K.dev_audio/255850.wav,appliance_beep,fsd50k,0.0,fsd50k:255850
/Users/rajsingh/Library/CloudStorage/GoogleDrive-singhraj04.jan@gmail.com/My Drive/SAHARA/Datasets/FSD50K/FSD50K.dev_audio/66434.wav,glass_break,fsd50k,0.0,fsd50k:66434
/Users/rajsingh/Library/CloudStorage/GoogleDrive-singhraj04.jan@gmail.com/My Drive/SAHARA/Datasets/FSD50K/FSD50K.dev_audio/87315.wav,appliance_beep,fsd50k,0.0,fsd50k:87315
/Users/rajsingh/Library/CloudStorage/GoogleDrive-singhraj04.jan@gmail.com/My Drive/SAHARA/Datasets/FSD50K/FSD50K.dev_audio/326991.wav,glass_break,fsd50k,0.0,fsd50k:326991
/Users/rajsingh/Library/CloudStorage/GoogleDrive-singhraj04.jan@gmail.com/My Drive/SAHARA/Datasets/FSD50K/FSD50K.dev_audio/403457.wav,appliance_beep,fsd50k,0.0,fsd50k:403457
/Users/rajsingh/Library/CloudStorage/GoogleDrive-singhraj04.jan@gmail.com/My Drive/SAHARA/Datasets/FSD50K/FSD50K.dev_audio/402958.wav,appliance_beep,fsd50k,0.0,fsd50k:402958
/Users/rajsingh/Library/CloudStorage/GoogleDrive-singhraj04.jan@gmail.com/My Drive/SAHARA/Datasets/FSD50K/FSD50K.dev_audio/425496.wav,appliance_beep,fsd50k,0.0,fsd50k:425496
/Users/rajsingh/Library/CloudStorage/GoogleDrive-singhraj04.jan@gmail.com/My Drive/SAHARA/Datasets/FSD50K/FSD50K.dev_audio/66585.wav,appliance_beep,fsd50k,0.0,fsd50k:66585
/Users/rajsingh/Library/CloudStorage/GoogleDrive-singhraj04.jan@gmail.com/My Drive/SAHARA/Datasets/FSD50K/FSD50K.dev_audio/66586.wav,appliance_beep,fsd50k,0.0,fsd50k:66586
/Users/rajsingh/Library/CloudStorage/GoogleDrive-singhraj04.jan@gmail.com/My Drive/SAHARA/Datasets/FSD50K/FSD50K.dev_audio/29724.wav,appliance_beep,fsd50k,0.0,fsd50k:29724
/Users/rajsingh/Library/CloudStorage/GoogleDrive-singhraj04.jan@gmail.com/My Drive/SAHARA/Datasets/FSD50K/FSD50K.dev_audio/427039.wav,appliance_beep,fsd50k,0.0,fsd50k:427039
/Users/rajsingh/Library/CloudStorage/GoogleDrive-singhraj04.jan@gmail.com/My Drive/SAHARA/Datasets/FSD50K/FSD50K.dev_audio/83488.wav,appliance_beep,fsd50k,0.0,fsd50k:83488
/Users/rajsingh/Library/CloudStorage/GoogleDrive-singhraj04.jan@gmail.com/My Drive/SAHARA/Datasets/FSD50K/FSD50K.dev_audio/184355.wav,appliance_beep,fsd50k,0.0,fsd50k:184355
/Users/rajsingh/Library/CloudStorage/GoogleDrive-singhraj04.jan@gmail.com/My Drive/SAHARA/Datasets/FSD50K/FSD50K.dev_audio/254507.wav,appliance_beep,fsd50k,0.0,fsd50k:254507
/Users/rajsingh/Library/CloudStorage/GoogleDrive-singhraj04.jan@gmail.com/My Drive/SAHARA/Datasets/FSD50K/FSD50K.dev_audio/352305.wav,appliance_beep,fsd50k,0.0,fsd50k:352305
/Users/rajsingh/Library/CloudStorage/GoogleDrive-singhraj04.jan@gmail.com/My Drive/SAHARA/Datasets/FSD50K/FSD50K.dev_audio/68657.wav,appliance_beep,fsd50k,0.0,fsd50k:68657
/Users/rajsingh/Library/CloudStorage/GoogleDrive-singhraj04.jan@gmail.com/My Drive/SAHARA/Datasets/FSD50K/FSD50K.dev_audio/26176.wav,appliance_beep,fsd50k,0.0,fsd50k:26176
/Users/rajsingh/Library/CloudStorage/GoogleDrive-singhraj04.jan@gmail.com/My Drive/SAHARA/Datasets/FSD50K/FSD50K.dev_audio/26177.wav,appliance_beep,fsd50k,0.0,fsd50k:26177
/Users/rajsingh/Library/CloudStorage/GoogleDrive-singhraj04.jan@gmail.com/My Drive/SAHARA/Datasets/FSD50K/FSD50K.dev_audio/125520.wav,appliance_beep,fsd50k,0.0,fsd50k:125520
/Users/rajsingh/Library/CloudStorage/GoogleDrive-singhraj04.jan@gmail.com/My Drive/SAHARA/Datasets/FSD50K/FSD50K.dev_audio/322129.wav,appliance_beep,fsd50k,0.0,fsd50k:322129
/Users/rajsingh/Library/CloudStorage/GoogleDrive-singhraj04.jan@gmail.com/My Drive/SAHARA/Datasets/FSD50K/FSD50K.dev_audio/322130.wav,appliance_beep,fsd50k,0.0,fsd50k:322130
/Users/rajsingh/Library/CloudStorage/GoogleDrive-singhraj04.jan@gmail.com/My Drive/SAHARA/Datasets/FSD50K/FSD50K.dev_audio/19026.wav,appliance_beep,fsd50k,0.0,fsd50k:19026
/Users/rajsingh/Library/CloudStorage/GoogleDrive-singhraj04.jan@gmail.com/My Drive/SAHARA/Datasets/FSD50K/FSD50K.dev_audio/371833.wav,appliance_beep,fsd50k,0.0,fsd50k:371833
/Users/rajsingh/Library/CloudStorage/GoogleDrive-singhraj04.jan@gmail.com/My Drive/SAHARA/Datasets/FSD50K/FSD50K.dev_audio/371853.wav,appliance_beep,fsd50k,0.0,fsd50k:371853
/Users/rajsingh/Library/CloudStorage/GoogleDrive-singhraj04.jan@gmail.com/My Drive/SAHARA/Datasets/FSD50K/FSD50K.dev_audio/179858.wav,appliance_beep,fsd50k,0.0,fsd50k:179858
/Users/rajsingh/Library/CloudStorage/GoogleDrive-singhraj04.jan@gmail.com/My Drive/SAHARA/Datasets/FSD50K/FSD50K.dev_audio/179860.wav,appliance_beep,fsd50k,0.0,fsd50k:179860
/Users/rajsingh/Library/CloudStorage/GoogleDrive-singhraj04.jan@gmail.com/My Drive/SAHARA/Datasets/FSD50K/FSD50K.dev_audio/179861.wav,appliance_beep,fsd50k,0.0,fsd50k:179861
/Users/rajsingh/Library/CloudStorage/GoogleDrive-singhraj04.jan@gmail.com/My Drive/SAHARA/Datasets/FSD50K/FSD50K.dev_audio/179862.wav,appliance_beep,fsd50k,0.0,fsd50k:179862
/Users/rajsingh/Library/CloudStorage/GoogleDrive-singhraj04.jan@gmail.com/My Drive/SAHARA/Datasets/FSD50K/FSD50K.dev_audio/179863.wav,appliance_beep,fsd50k,0.0,fsd50k:179863
/Users/rajsingh/Library/CloudStorage/GoogleDrive-singhraj04.jan@gmail.com/My Drive/SAHARA/Datasets/FSD50K/FSD50K.dev_audio/179864.wav,appliance_beep,fsd50k,0.0,fsd50k:179864
/Users/rajsingh/Library/CloudStorage/GoogleDrive-singhraj04.jan@gmail.com/My Drive/SAHARA/Datasets/FSD50K/FSD50K.dev_audio/179865.wav,appliance_beep,fsd50k,0.0,fsd50k:179865
/Users/rajsingh/Library/CloudStorage/GoogleDrive-singhraj04.jan@gmail.com/My Drive/SAHARA/Datasets/FSD50K/FSD50K.dev_audio/379034.wav,appliance_beep,fsd50k,0.0,fsd50k:379034
/Users/rajsingh/Library/CloudStorage/GoogleDrive-singhraj04.jan@gmail.com/My Drive/SAHARA/Datasets/FSD50K/FSD50K.dev_audio/179867.wav,appliance_beep,fsd50k,0.0,fsd50k:179867
/Users/rajsingh/Library/CloudStorage/GoogleDrive-singhraj04.jan@gmail.com/My Drive/SAHARA/Datasets/FSD50K/FSD50K.dev_audio/424604.wav,appliance_beep,fsd50k,0.0,fsd50k:424604
/Users/rajsingh/Library/CloudStorage/GoogleDrive-singhraj04.jan@gmail.com/My Drive/SAHARA/Datasets/FSD50K/FSD50K.dev_audio/424603.wav,appliance_beep,fsd50k,0.0,fsd50k:424603
/Users/rajsingh/Library/CloudStorage/GoogleDrive-singhraj04.jan@gmail.com/My Drive/SAHARA/Datasets/FSD50K/FSD50K.dev_audio/179868.wav,appliance_beep,fsd50k,0.0,fsd50k:179868
/Users/rajsingh/Library/CloudStorage/GoogleDrive-singhraj04.jan@gmail.com/My Drive/SAHARA/Datasets/FSD50K/FSD50K.dev_audio/179866.wav,appliance_beep,fsd50k,0.0,fsd50k:179866
/Users/rajsingh/Library/CloudStorage/GoogleDrive-singhraj04.jan@gmail.com/My Drive/SAHARA/Datasets/FSD50K/FSD50K.dev_audio/377496.wav,appliance_beep,fsd50k,0.0,fsd50k:377496
/Users/rajsingh/Library/CloudStorage/GoogleDrive-singhraj04.jan@gmail.com/My Drive/SAHARA/Datasets/FSD50K/FSD50K.dev_audio/32417.wav,appliance_beep,fsd50k,0.0,fsd50k:32417
/Users/rajsingh/Library/CloudStorage/GoogleDrive-singhraj04.jan@gmail.com/My Drive/SAHARA/Datasets/FSD50K/FSD50K.dev_audio/113319.wav,appliance_beep,fsd50k,0.0,fsd50k:113319
/Users/rajsingh/Library/CloudStorage/GoogleDrive-singhraj04.jan@gmail.com/My Drive/SAHARA/Datasets/FSD50K/FSD50K.dev_audio/145577.wav,appliance_beep,fsd50k,0.0,fsd50k:145577
/Users/rajsingh/Library/CloudStorage/GoogleDrive-singhraj04.jan@gmail.com/My Drive/SAHARA/Datasets/FSD50K/FSD50K.dev_audio/47275.wav,appliance_beep,fsd50k,0.0,fsd50k:47275
/Users/rajsingh/Library/CloudStorage/GoogleDrive-singhraj04.jan@gmail.com/My Drive/SAHARA/Datasets/FSD50K/FSD50K.dev_audio/21687.wav,appliance_beep,fsd50k,0.0,fsd50k:21687
/Users/rajsingh/Library/CloudStorage/GoogleDrive-singhraj04.jan@gmail.com/My Drive/SAHARA/Datasets/FSD50K/FSD50K.dev_audio/77509.wav,appliance_beep,fsd50k,0.0,fsd50k:77509
/Users/rajsingh/Library/CloudStorage/GoogleDrive-singhraj04.jan@gmail.com/My Drive/SAHARA/Datasets/FSD50K/FSD50K.dev_audio/182474.wav,appliance_beep,fsd50k,0.0,fsd50k:182474
/Users/rajsingh/Library/CloudStorage/GoogleDrive-singhraj04.jan@gmail.com/My Drive/SAHARA/Datasets/FSD50K/FSD50K.dev_audio/255699.wav,appliance_beep,fsd50k,0.0,fsd50k:255699
/Users/rajsingh/Library/CloudStorage/GoogleDrive-singhraj04.jan@gmail.com/My Drive/SAHARA/Datasets/FSD50K/FSD50K.dev_audio/255700.wav,appliance_beep,fsd50k,0.0,fsd50k:255700
/Users/rajsingh/Library/CloudStorage/GoogleDrive-singhraj04.jan@gmail.com/My Drive/SAHARA/Datasets/FSD50K/FSD50K.dev_audio/254678.wav,appliance_beep,fsd50k,0.0,fsd50k:254678
/Users/rajsingh/Library/CloudStorage/GoogleDrive-singhraj04.jan@gmail.com/My Drive/SAHARA/Datasets/FSD50K/FSD50K.dev_audio/212182.wav,appliance_beep,fsd50k,0.0,fsd50k:212182
/Users/rajsingh/Library/CloudStorage/GoogleDrive-singhraj04.jan@gmail.com/My Drive/SAHARA/Datasets/FSD50K/FSD50K.dev_audio/212186.wav,appliance_beep,fsd50k,0.0,fsd50k:212186
/Users/rajsingh/Library/CloudStorage/GoogleDrive-singhraj04.jan@gmail.com/My Drive/SAHARA/Datasets/FSD50K/FSD50K.dev_audio/212187.wav,appliance_beep,fsd50k,0.0,fsd50k:212187
/Users/rajsingh/Library/CloudStorage/GoogleDrive-singhraj04.jan@gmail.com/My Drive/SAHARA/Datasets/FSD50K/FSD50K.dev_audio/431841.wav,appliance_beep,fsd50k,0.0,fsd50k:431841
/Users/rajsingh/Library/CloudStorage/GoogleDrive-singhraj04.jan@gmail.com/My Drive/SAHARA/Datasets/FSD50K/FSD50K.dev_audio/175842.wav,appliance_beep,fsd50k,0.0,fsd50k:175842
/Users/rajsingh/Library/CloudStorage/GoogleDrive-singhraj04.jan@gmail.com/My Drive/SAHARA/Datasets/FSD50K/FSD50K.dev_audio/178402.wav,appliance_beep,fsd50k,0.0,fsd50k:178402
/Users/rajsingh/Library/CloudStorage/GoogleDrive-singhraj04.jan@gmail.com/My Drive/SAHARA/Datasets/FSD50K/FSD50K.dev_audio/175844.wav,appliance_beep,fsd50k,0.0,fsd50k:175844
/Users/rajsingh/Library/CloudStorage/GoogleDrive-singhraj04.jan@gmail.com/My Drive/SAHARA/Datasets/FSD50K/FSD50K.dev_audio/175843.wav,appliance_beep,fsd50k,0.0,fsd50k:175843
/Users/rajsingh/Library/CloudStorage/GoogleDrive-singhraj04.jan@gmail.com/My Drive/SAHARA/Datasets/FSD50K/FSD50K.dev_audio/175846.wav,appliance_beep,fsd50k,0.0,fsd50k:175846
/Users/rajsingh/Library/CloudStorage/GoogleDrive-singhraj04.jan@gmail.com/My Drive/SAHARA/Datasets/FSD50K/FSD50K.dev_audio/175847.wav,appliance_beep,fsd50k,0.0,fsd50k:175847
/Users/rajsingh/Library/CloudStorage/GoogleDrive-singhraj04.jan@gmail.com/My Drive/SAHARA/Datasets/FSD50K/FSD50K.dev_audio/175848.wav,appliance_beep,fsd50k,0.0,fsd50k:175848
/Users/rajsingh/Library/CloudStorage/GoogleDrive-singhraj04.jan@gmail.com/My Drive/SAHARA/Datasets/FSD50K/FSD50K.dev_audio/175849.wav,appliance_beep,fsd50k,0.0,fsd50k:175849
/Users/rajsingh/Library/CloudStorage/GoogleDrive-singhraj04.jan@gmail.com/My Drive/SAHARA/Datasets/FSD50K/FSD50K.dev_audio/175850.wav,appliance_beep,fsd50k,0.0,fsd50k:175850
/Users/rajsingh/Library/CloudStorage/GoogleDrive-singhraj04.jan@gmail.com/My Drive/SAHARA/Datasets/FSD50K/FSD50K.dev_audio/175851.wav,appliance_beep,fsd50k,0.0,fsd50k:175851
/Users/rajsingh/Library/CloudStorage/GoogleDrive-singhraj04.jan@gmail.com/My Drive/SAHARA/Datasets/FSD50K/FSD50K.dev_audio/175852.wav,appliance_beep,fsd50k,0.0,fsd50k:175852
/Users/rajsingh/Library/CloudStorage/GoogleDrive-singhraj04.jan@gmail.com/My Drive/SAHARA/Datasets/FSD50K/FSD50K.dev_audio/162541.wav,appliance_beep,fsd50k,0.0,fsd50k:162541
/Users/rajsingh/Library/CloudStorage/GoogleDrive-singhraj04.jan@gmail.com/My Drive/SAHARA/Datasets/FSD50K/FSD50K.dev_audio/162540.wav,appliance_beep,fsd50k,0.0,fsd50k:162540
/Users/rajsingh/Library/CloudStorage/GoogleDrive-singhraj04.jan@gmail.com/My Drive/SAHARA/Datasets/FSD50K/FSD50K.dev_audio/175855.wav,appliance_beep,fsd50k,0.0,fsd50k:175855
/Users/rajsingh/Library/CloudStorage/GoogleDrive-singhraj04.jan@gmail.com/My Drive/SAHARA/Datasets/FSD50K/FSD50K.dev_audio/175856.wav,appliance_beep,fsd50k,0.0,fsd50k:175856
/Users/rajsingh/Library/CloudStorage/GoogleDrive-singhraj04.jan@gmail.com/My Drive/SAHARA/Datasets/FSD50K/FSD50K.dev_audio/175853.wav,appliance_beep,fsd50k,0.0,fsd50k:175853
/Users/rajsingh/Library/CloudStorage/GoogleDrive-singhraj04.jan@gmail.com/My Drive/SAHARA/Datasets/FSD50K/FSD50K.dev_audio/171249.wav,appliance_beep,fsd50k,0.0,fsd50k:171249
/Users/rajsingh/Library/CloudStorage/GoogleDrive-singhraj04.jan@gmail.com/My Drive/SAHARA/Datasets/FSD50K/FSD50K.dev_audio/175854.wav,appliance_beep,fsd50k,0.0,fsd50k:175854
/Users/rajsingh/Library/CloudStorage/GoogleDrive-singhraj04.jan@gmail.com/My Drive/SAHARA/Datasets/FSD50K/FSD50K.dev_audio/174840.wav,appliance_beep,fsd50k,0.0,fsd50k:174840
/Users/rajsingh/Library/CloudStorage/GoogleDrive-singhraj04.jan@gmail.com/My Drive/SAHARA/Datasets/FSD50K/FSD50K.dev_audio/174841.wav,appliance_beep,fsd50k,0.0,fsd50k:174841
/Users/rajsingh/Library/CloudStorage/GoogleDrive-singhraj04.jan@gmail.com/My Drive/SAHARA/Datasets/FSD50K/FSD50K.dev_audio/170243.wav,appliance_beep,fsd50k,0.0,fsd50k:170243
/Users/rajsingh/Library/CloudStorage/GoogleDrive-singhraj04.jan@gmail.com/My Drive/SAHARA/Datasets/FSD50K/FSD50K.dev_audio/164625.wav,appliance_beep,fsd50k,0.0,fsd50k:164625
/Users/rajsingh/Library/CloudStorage/GoogleDrive-singhraj04.jan@gmail.com/My Drive/SAHARA/Datasets/FSD50K/FSD50K.dev_audio/164626.wav,appliance_beep,fsd50k,0.0,fsd50k:164626
/Users/rajsingh/Library/CloudStorage/GoogleDrive-singhraj04.jan@gmail.com/My Drive/SAHARA/Datasets/FSD50K/FSD50K.dev_audio/164627.wav,appliance_beep,fsd50k,0.0,fsd50k:164627
/Users/rajsingh/Library/CloudStorage/GoogleDrive-singhraj04.jan@gmail.com/My Drive/SAHARA/Datasets/FSD50K/FSD50K.dev_audio/331540.wav,appliance_beep,fsd50k,0.0,fsd50k:331540
/Users/rajsingh/Library/CloudStorage/GoogleDrive-singhraj04.jan@gmail.com/My Drive/SAHARA/Datasets/FSD50K/FSD50K.dev_audio/331542.wav,appliance_beep,fsd50k,0.0,fsd50k:331542
/Users/rajsingh/Library/CloudStorage/GoogleDrive-singhraj04.jan@gmail.com/My Drive/SAHARA/Datasets/FSD50K/FSD50K.dev_audio/264993.wav,appliance_beep,fsd50k,0.0,fsd50k:264993
/Users/rajsingh/Library/CloudStorage/GoogleDrive-singhraj04.jan@gmail.com/My Drive/SAHARA/Datasets/FSD50K/FSD50K.dev_audio/364839.wav,appliance_beep,fsd50k,0.0,fsd50k:364839
/Users/rajsingh/Library/CloudStorage/GoogleDrive-singhraj04.jan@gmail.com/My Drive/SAHARA/Datasets/FSD50K/FSD50K.dev_audio/49974.wav,appliance_beep,fsd50k,0.0,fsd50k:49974
/Users/rajsingh/Library/CloudStorage/GoogleDrive-singhraj04.jan@gmail.com/My Drive/SAHARA/Datasets/FSD50K/FSD50K.dev_audio/6984.wav,appliance_beep,fsd50k,0.0,fsd50k:6984
/Users/rajsingh/Library/CloudStorage/GoogleDrive-singhraj04.jan@gmail.com/My Drive/SAHARA/Datasets/FSD50K/FSD50K.dev_audio/381774.wav,appliance_beep,fsd50k,0.0,fsd50k:381774
/Users/rajsingh/Library/CloudStorage/GoogleDrive-singhraj04.jan@gmail.com/My Drive/SAHARA/Datasets/FSD50K/FSD50K.dev_audio/381775.wav,appliance_beep,fsd50k,0.0,fsd50k:381775
/Users/rajsingh/Library/CloudStorage/GoogleDrive-singhraj04.jan@gmail.com/My Drive/SAHARA/Datasets/FSD50K/FSD50K.dev_audio/419695.wav,appliance_beep,fsd50k,0.0,fsd50k:419695
/Users/rajsingh/Library/CloudStorage/GoogleDrive-singhraj04.jan@gmail.com/My Drive/SAHARA/Datasets/FSD50K/FSD50K.dev_audio/419698.wav,appliance_beep,fsd50k,0.0,fsd50k:419698
/Users/rajsingh/Library/CloudStorage/GoogleDrive-singhraj04.jan@gmail.com/My Drive/SAHARA/Datasets/FSD50K/FSD50K.dev_audio/425848.wav,appliance_beep,fsd50k,0.0,fsd50k:425848
/Users/rajsingh/Library/CloudStorage/GoogleDrive-singhraj04.jan@gmail.com/My Drive/SAHARA/Datasets/FSD50K/FSD50K.dev_audio/2937.wav,appliance_beep,fsd50k,0.0,fsd50k:2937
/Users/rajsingh/Library/CloudStorage/GoogleDrive-singhraj04.jan@gmail.com/My Drive/SAHARA/Datasets/FSD50K/FSD50K.dev_audio/329612.wav,appliance_beep,fsd50k,0.0,fsd50k:329612
/Users/rajsingh/Library/CloudStorage/GoogleDrive-singhraj04.jan@gmail.com/My Drive/SAHARA/Datasets/FSD50K/FSD50K.dev_audio/162702.wav,appliance_beep,fsd50k,0.0,fsd50k:162702
/Users/rajsingh/Library/CloudStorage/GoogleDrive-singhraj04.jan@gmail.com/My Drive/SAHARA/Datasets/FSD50K/FSD50K.dev_audio/162703.wav,appliance_beep,fsd50k,0.0,fsd50k:162703
/Users/rajsingh/Library/CloudStorage/GoogleDrive-singhraj04.jan@gmail.com/My Drive/SAHARA/Datasets/FSD50K/FSD50K.dev_audio/399254.wav,appliance_beep,fsd50k,0.0,fsd50k:399254
/Users/rajsingh/Library/CloudStorage/GoogleDrive-singhraj04.jan@gmail.com/My Drive/SAHARA/Datasets/FSD50K/FSD50K.dev_audio/433578.wav,appliance_beep,fsd50k,0.0,fsd50k:433578
/Users/rajsingh/Library/CloudStorage/GoogleDrive-singhraj04.jan@gmail.com/My Drive/SAHARA/Datasets/FSD50K/FSD50K.dev_audio/117165.wav,appliance_beep,fsd50k,0.0,fsd50k:117165
/Users/rajsingh/Library/CloudStorage/GoogleDrive-singhraj04.jan@gmail.com/My Drive/SAHARA/Datasets/FSD50K/FSD50K.dev_audio/239030.wav,appliance_beep,fsd50k,0.0,fsd50k:239030
/Users/rajsingh/Library/CloudStorage/GoogleDrive-singhraj04.jan@gmail.com/My Drive/SAHARA/Datasets/FSD50K/FSD50K.dev_audio/239031.wav,appliance_beep,fsd50k,0.0,fsd50k:239031
/Users/rajsingh/Library/CloudStorage/GoogleDrive-singhraj04.jan@gmail.com/My Drive/SAHARA/Datasets/FSD50K/FSD50K.dev_audio/254907.wav,appliance_beep,fsd50k,0.0,fsd50k:254907
/Users/rajsingh/Library/CloudStorage/GoogleDrive-singhraj04.jan@gmail.com/My Drive/SAHARA/Datasets/FSD50K/FSD50K.dev_audio/178115.wav,appliance_beep,fsd50k,0.0,fsd50k:178115
/Users/rajsingh/Library/CloudStorage/GoogleDrive-singhraj04.jan@gmail.com/My Drive/SAHARA/Datasets/FSD50K/FSD50K.dev_audio/221644.wav,appliance_beep,fsd50k,0.0,fsd50k:221644
/Users/rajsingh/Library/CloudStorage/GoogleDrive-singhraj04.jan@gmail.com/My Drive/SAHARA/Datasets/FSD50K/FSD50K.dev_audio/73168.wav,appliance_beep,fsd50k,0.0,fsd50k:73168
/Users/rajsingh/Library/CloudStorage/GoogleDrive-singhraj04.jan@gmail.com/My Drive/SAHARA/Datasets/FSD50K/FSD50K.dev_audio/377300.wav,appliance_beep,fsd50k,0.0,fsd50k:377300
/Users/rajsingh/Library/CloudStorage/GoogleDrive-singhraj04.jan@gmail.com/My Drive/SAHARA/Datasets/FSD50K/FSD50K.dev_audio/377302.wav,appliance_beep,fsd50k,0.0,fsd50k:377302
/Users/rajsingh/Library/CloudStorage/GoogleDrive-singhraj04.jan@gmail.com/My Drive/SAHARA/Datasets/FSD50K/FSD50K.dev_audio/175845.wav,appliance_beep,fsd50k,0.0,fsd50k:175845
/Users/rajsingh/Library/CloudStorage/GoogleDrive-singhraj04.jan@gmail.com/My Drive/SAHARA/Datasets/FSD50K/FSD50K.dev_audio/27881.wav,appliance_beep,fsd50k,0.0,fsd50k:27881
/Users/rajsingh/Library/CloudStorage/GoogleDrive-singhraj04.jan@gmail.com/My Drive/SAHARA/Datasets/FSD50K/FSD50K.dev_audio/27882.wav,appliance_beep,fsd50k,0.0,fsd50k:27882
/Users/rajsingh/Library/CloudStorage/GoogleDrive-singhraj04.jan@gmail.com/My Drive/SAHARA/Datasets/FSD50K/FSD50K.dev_audio/176634.wav,appliance_beep,fsd50k,0.0,fsd50k:176634
/Users/rajsingh/Library/CloudStorage/GoogleDrive-singhraj04.jan@gmail.com/My Drive/SAHARA/Datasets/FSD50K/FSD50K.dev_audio/176638.wav,appliance_beep,fsd50k,0.0,fsd50k:176638
/Users/rajsingh/Library/CloudStorage/GoogleDrive-singhraj04.jan@gmail.com/My Drive/SAHARA/Datasets/FSD50K/FSD50K.dev_audio/403455.wav,appliance_beep,fsd50k,0.0,fsd50k:403455
/Users/rajsingh/Library/CloudStorage/GoogleDrive-singhraj04.jan@gmail.com/My Drive/SAHARA/Datasets/FSD50K/FSD50K.dev_audio/379754.wav,appliance_beep,fsd50k,0.0,fsd50k:379754
/Users/rajsingh/Library/CloudStorage/GoogleDrive-singhraj04.jan@gmail.com/My Drive/SAHARA/Datasets/FSD50K/FSD50K.dev_audio/379756.wav,appliance_beep,fsd50k,0.0,fsd50k:379756
/Users/rajsingh/Library/CloudStorage/GoogleDrive-singhraj04.jan@gmail.com/My Drive/SAHARA/Datasets/FSD50K/FSD50K.dev_audio/162443.wav,appliance_beep,fsd50k,0.0,fsd50k:162443
/Users/rajsingh/Library/CloudStorage/GoogleDrive-singhraj04.jan@gmail.com/My Drive/SAHARA/Datasets/FSD50K/FSD50K.dev_audio/268015.wav,appliance_beep,fsd50k,0.0,fsd50k:268015
/Users/rajsingh/Library/CloudStorage/GoogleDrive-singhraj04.jan@gmail.com/My Drive/SAHARA/Datasets/FSD50K/FSD50K.dev_audio/151359.wav,appliance_beep,fsd50k,0.0,fsd50k:151359
/Users/rajsingh/Library/CloudStorage/GoogleDrive-singhraj04.jan@gmail.com/My Drive/SAHARA/Datasets/FSD50K/FSD50K.dev_audio/275558.wav,appliance_beep,fsd50k,0.0,fsd50k:275558
/Users/rajsingh/Library/CloudStorage/GoogleDrive-singhraj04.jan@gmail.com/My Drive/SAHARA/Datasets/FSD50K/FSD50K.dev_audio/138465.wav,appliance_beep,fsd50k,0.0,fsd50k:138465
/Users/rajsingh/Library/CloudStorage/GoogleDrive-singhraj04.jan@gmail.com/My Drive/SAHARA/Datasets/FSD50K/FSD50K.dev_audio/138468.wav,appliance_beep,fsd50k,0.0,fsd50k:138468
/Users/rajsingh/Library/CloudStorage/GoogleDrive-singhraj04.jan@gmail.com/My Drive/SAHARA/Datasets/FSD50K/FSD50K.dev_audio/221639.wav,appliance_beep,fsd50k,0.0,fsd50k:221639
/Users/rajsingh/Library/CloudStorage/GoogleDrive-singhraj04.jan@gmail.com/My Drive/SAHARA/Datasets/FSD50K/FSD50K.dev_audio/418706.wav,appliance_beep,fsd50k,0.0,fsd50k:418706
/Users/rajsingh/Library/CloudStorage/GoogleDrive-singhraj04.jan@gmail.com/My Drive/SAHARA/Datasets/FSD50K/FSD50K.dev_audio/138277.wav,appliance_beep,fsd50k,0.0,fsd50k:138277
/Users/rajsingh/Library/CloudStorage/GoogleDrive-singhraj04.jan@gmail.com/My Drive/SAHARA/Datasets/FSD50K/FSD50K.dev_audio/159745.wav,siren,fsd50k,0.0,fsd50k:159745
/Users/rajsingh/Library/CloudStorage/GoogleDrive-singhraj04.jan@gmail.com/My Drive/SAHARA/Datasets/FSD50K/FSD50K.dev_audio/159745.wav,appliance_beep,fsd50k,0.0,fsd50k:159745
/Users/rajsingh/Library/CloudStorage/GoogleDrive-singhraj04.jan@gmail.com/My Drive/SAHARA/Datasets/FSD50K/FSD50K.dev_audio/159750.wav,siren,fsd50k,0.0,fsd50k:159750
/Users/rajsingh/Library/CloudStorage/GoogleDrive-singhraj04.jan@gmail.com/My Drive/SAHARA/Datasets/FSD50K/FSD50K.dev_audio/159750.wav,appliance_beep,fsd50k,0.0,fsd50k:159750
/Users/rajsingh/Library/CloudStorage/GoogleDrive-singhraj04.jan@gmail.com/My Drive/SAHARA/Datasets/FSD50K/FSD50K.dev_audio/159753.wav,siren,fsd50k,0.0,fsd50k:159753
/Users/rajsingh/Library/CloudStorage/GoogleDrive-singhraj04.jan@gmail.com/My Drive/SAHARA/Datasets/FSD50K/FSD50K.dev_audio/159753.wav,appliance_beep,fsd50k,0.0,fsd50k:159753
/Users/rajsingh/Library/CloudStorage/GoogleDrive-singhraj04.jan@gmail.com/My Drive/SAHARA/Datasets/FSD50K/FSD50K.dev_audio/268809.wav,siren,fsd50k,0.0,fsd50k:268809
/Users/rajsingh/Library/CloudStorage/GoogleDrive-singhraj04.jan@gmail.com/My Drive/SAHARA/Datasets/FSD50K/FSD50K.dev_audio/268809.wav,appliance_beep,fsd50k,0.0,fsd50k:268809
/Users/rajsingh/Library/CloudStorage/GoogleDrive-singhraj04.jan@gmail.com/My Drive/SAHARA/Datasets/FSD50K/FSD50K.dev_audio/159754.wav,siren,fsd50k,0.0,fsd50k:159754
/Users/rajsingh/Library/CloudStorage/GoogleDrive-singhraj04.jan@gmail.com/My Drive/SAHARA/Datasets/FSD50K/FSD50K.dev_audio/159754.wav,appliance_beep,fsd50k,0.0,fsd50k:159754
/Users/rajsingh/Library/CloudStorage/GoogleDrive-singhraj04.jan@gmail.com/My Drive/SAHARA/Datasets/FSD50K/FSD50K.dev_audio/159755.wav,siren,fsd50k,0.0,fsd50k:159755
/Users/rajsingh/Library/CloudStorage/GoogleDrive-singhraj04.jan@gmail.com/My Drive/SAHARA/Datasets/FSD50K/FSD50K.dev_audio/159755.wav,appliance_beep,fsd50k,0.0,fsd50k:159755
/Users/rajsingh/Library/CloudStorage/GoogleDrive-singhraj04.jan@gmail.com/My Drive/SAHARA/Datasets/FSD50K/FSD50K.dev_audio/338973.wav,siren,fsd50k,0.0,fsd50k:338973
/Users/rajsingh/Library/CloudStorage/GoogleDrive-singhraj04.jan@gmail.com/My Drive/SAHARA/Datasets/FSD50K/FSD50K.dev_audio/338973.wav,appliance_beep,fsd50k,0.0,fsd50k:338973
/Users/rajsingh/Library/CloudStorage/GoogleDrive-singhraj04.jan@gmail.com/My Drive/SAHARA/Datasets/FSD50K/FSD50K.dev_audio/88121.wav,siren,fsd50k,0.0,fsd50k:88121
/Users/rajsingh/Library/CloudStorage/GoogleDrive-singhraj04.jan@gmail.com/My Drive/SAHARA/Datasets/FSD50K/FSD50K.dev_audio/88121.wav,appliance_beep,fsd50k,0.0,fsd50k:88121
/Users/rajsingh/Library/CloudStorage/GoogleDrive-singhraj04.jan@gmail.com/My Drive/SAHARA/Datasets/FSD50K/FSD50K.dev_audio/223824.wav,siren,fsd50k,0.0,fsd50k:223824
/Users/rajsingh/Library/CloudStorage/GoogleDrive-singhraj04.jan@gmail.com/My Drive/SAHARA/Datasets/FSD50K/FSD50K.dev_audio/223824.wav,appliance_beep,fsd50k,0.0,fsd50k:223824
/Users/rajsingh/Library/CloudStorage/GoogleDrive-singhraj04.jan@gmail.com/My Drive/SAHARA/Datasets/FSD50K/FSD50K.dev_audio/89682.wav,siren,fsd50k,0.0,fsd50k:89682
/Users/rajsingh/Library/CloudStorage/GoogleDrive-singhraj04.jan@gmail.com/My Drive/SAHARA/Datasets/FSD50K/FSD50K.dev_audio/89682.wav,appliance_beep,fsd50k,0.0,fsd50k:89682
/Users/rajsingh/Library/CloudStorage/GoogleDrive-singhraj04.jan@gmail.com/My Drive/SAHARA/Datasets/FSD50K/FSD50K.dev_audio/89683.wav,siren,fsd50k,0.0,fsd50k:89683
/Users/rajsingh/Library/CloudStorage/GoogleDrive-singhraj04.jan@gmail.com/My Drive/SAHARA/Datasets/FSD50K/FSD50K.dev_audio/89683.wav,appliance_beep,fsd50k,0.0,fsd50k:89683
/Users/rajsingh/Library/CloudStorage/GoogleDrive-singhraj04.jan@gmail.com/My Drive/SAHARA/Datasets/FSD50K/FSD50K.dev_audio/392801.wav,siren,fsd50k,0.0,fsd50k:392801
/Users/rajsingh/Library/CloudStorage/GoogleDrive-singhraj04.jan@gmail.com/My Drive/SAHARA/Datasets/FSD50K/FSD50K.dev_audio/392801.wav,appliance_beep,fsd50k,0.0,fsd50k:392801
/Users/rajsingh/Library/CloudStorage/GoogleDrive-singhraj04.jan@gmail.com/My Drive/SAHARA/Datasets/FSD50K/FSD50K.dev_audio/421017.wav,siren,fsd50k,0.0,fsd50k:421017
/Users/rajsingh/Library/CloudStorage/GoogleDrive-singhraj04.jan@gmail.com/My Drive/SAHARA/Datasets/FSD50K/FSD50K.dev_audio/421017.wav,appliance_beep,fsd50k,0.0,fsd50k:421017
/Users/rajsingh/Library/CloudStorage/GoogleDrive-singhraj04.jan@gmail.com/My Drive/SAHARA/Datasets/FSD50K/FSD50K.dev_audio/65152.wav,siren,fsd50k,0.0,fsd50k:65152
/Users/rajsingh/Library/CloudStorage/GoogleDrive-singhraj04.jan@gmail.com/My Drive/SAHARA/Datasets/FSD50K/FSD50K.dev_audio/65152.wav,appliance_beep,fsd50k,0.0,fsd50k:65152
/Users/rajsingh/Library/CloudStorage/GoogleDrive-singhraj04.jan@gmail.com/My Drive/SAHARA/Datasets/FSD50K/FSD50K.dev_audio/34952.wav,siren,fsd50k,0.0,fsd50k:34952
/Users/rajsingh/Library/CloudStorage/GoogleDrive-singhraj04.jan@gmail.com/My Drive/SAHARA/Datasets/FSD50K/FSD50K.dev_audio/34952.wav,appliance_beep,fsd50k,0.0,fsd50k:34952
/Users/rajsingh/Library/CloudStorage/GoogleDrive-singhraj04.jan@gmail.com/My Drive/SAHARA/Datasets/FSD50K/FSD50K.dev_audio/322205.wav,siren,fsd50k,0.0,fsd50k:322205
/Users/rajsingh/Library/CloudStorage/GoogleDrive-singhraj04.jan@gmail.com/My Drive/SAHARA/Datasets/FSD50K/FSD50K.dev_audio/322205.wav,appliance_beep,fsd50k,0.0,fsd50k:322205
/Users/rajsingh/Library/CloudStorage/GoogleDrive-singhraj04.jan@gmail.com/My Drive/SAHARA/Datasets/FSD50K/FSD50K.dev_audio/108192.wav,siren,fsd50k,0.0,fsd50k:108192
/Users/rajsingh/Library/CloudStorage/GoogleDrive-singhraj04.jan@gmail.com/My Drive/SAHARA/Datasets/FSD50K/FSD50K.dev_audio/108192.wav,appliance_beep,fsd50k,0.0,fsd50k:108192
/Users/rajsingh/Library/CloudStorage/GoogleDrive-singhraj04.jan@gmail.com/My Drive/SAHARA/Datasets/FSD50K/FSD50K.dev_audio/168621.wav,siren,fsd50k,0.0,fsd50k:168621
/Users/rajsingh/Library/CloudStorage/GoogleDrive-singhraj04.jan@gmail.com/My Drive/SAHARA/Datasets/FSD50K/FSD50K.dev_audio/168621.wav,appliance_beep,fsd50k,0.0,fsd50k:168621
/Users/rajsingh/Library/CloudStorage/GoogleDrive-singhraj04.jan@gmail.com/My Drive/SAHARA/Datasets/FSD50K/FSD50K.dev_audio/156868.wav,siren,fsd50k,0.0,fsd50k:156868
/Users/rajsingh/Library/CloudStorage/GoogleDrive-singhraj04.jan@gmail.com/My Drive/SAHARA/Datasets/FSD50K/FSD50K.dev_audio/156868.wav,appliance_beep,fsd50k,0.0,fsd50k:156868
/Users/rajsingh/Library/CloudStorage/GoogleDrive-singhraj04.jan@gmail.com/My Drive/SAHARA/Datasets/FSD50K/FSD50K.dev_audio/23750.wav,siren,fsd50k,0.0,fsd50k:23750
/Users/rajsingh/Library/CloudStorage/GoogleDrive-singhraj04.jan@gmail.com/My Drive/SAHARA/Datasets/FSD50K/FSD50K.dev_audio/23750.wav,dog_bark,fsd50k,0.0,fsd50k:23750
/Users/rajsingh/Library/CloudStorage/GoogleDrive-singhraj04.jan@gmail.com/My Drive/SAHARA/Datasets/FSD50K/FSD50K.dev_audio/23750.wav,appliance_beep,fsd50k,0.0,fsd50k:23750
/Users/rajsingh/Library/CloudStorage/GoogleDrive-singhraj04.jan@gmail.com/My Drive/SAHARA/Datasets/FSD50K/FSD50K.dev_audio/98536.wav,siren,fsd50k,0.0,fsd50k:98536
/Users/rajsingh/Library/CloudStorage/GoogleDrive-singhraj04.jan@gmail.com/My Drive/SAHARA/Datasets/FSD50K/FSD50K.dev_audio/98536.wav,appliance_beep,fsd50k,0.0,fsd50k:98536
/Users/rajsingh/Library/CloudStorage/GoogleDrive-singhraj04.jan@gmail.com/My Drive/SAHARA/Datasets/FSD50K/FSD50K.dev_audio/31482.wav,siren,fsd50k,0.0,fsd50k:31482
/Users/rajsingh/Library/CloudStorage/GoogleDrive-singhraj04.jan@gmail.com/My Drive/SAHARA/Datasets/FSD50K/FSD50K.dev_audio/31482.wav,appliance_beep,fsd50k,0.0,fsd50k:31482
/Users/rajsingh/Library/CloudStorage/GoogleDrive-singhraj04.jan@gmail.com/My Drive/SAHARA/Datasets/FSD50K/FSD50K.dev_audio/320767.wav,siren,fsd50k,0.0,fsd50k:320767
/Users/rajsingh/Library/CloudStorage/GoogleDrive-singhraj04.jan@gmail.com/My Drive/SAHARA/Datasets/FSD50K/FSD50K.dev_audio/320767.wav,appliance_beep,fsd50k,0.0,fsd50k:320767
/Users/rajsingh/Library/CloudStorage/GoogleDrive-singhraj04.jan@gmail.com/My Drive/SAHARA/Datasets/FSD50K/FSD50K.dev_audio/319751.wav,siren,fsd50k,0.0,fsd50k:319751
/Users/rajsingh/Library/CloudStorage/GoogleDrive-singhraj04.jan@gmail.com/My Drive/SAHARA/Datasets/FSD50K/FSD50K.dev_audio/319751.wav,appliance_beep,fsd50k,0.0,fsd50k:319751
/Users/rajsingh/Library/CloudStorage/GoogleDrive-singhraj04.jan@gmail.com/My Drive/SAHARA/Datasets/FSD50K/FSD50K.dev_audio/28426.wav,siren,fsd50k,0.0,fsd50k:28426
/Users/rajsingh/Library/CloudStorage/GoogleDrive-singhraj04.jan@gmail.com/My Drive/SAHARA/Datasets/FSD50K/FSD50K.dev_audio/28426.wav,appliance_beep,fsd50k,0.0,fsd50k:28426
/Users/rajsingh/Library/CloudStorage/GoogleDrive-singhraj04.jan@gmail.com/My Drive/SAHARA/Datasets/FSD50K/FSD50K.dev_audio/165166.wav,siren,fsd50k,0.0,fsd50k:165166
/Users/rajsingh/Library/CloudStorage/GoogleDrive-singhraj04.jan@gmail.com/My Drive/SAHARA/Datasets/FSD50K/FSD50K.dev_audio/165166.wav,appliance_beep,fsd50k,0.0,fsd50k:165166
/Users/rajsingh/Library/CloudStorage/GoogleDrive-singhraj04.jan@gmail.com/My Drive/SAHARA/Datasets/FSD50K/FSD50K.dev_audio/184623.wav,siren,fsd50k,0.0,fsd50k:184623
/Users/rajsingh/Library/CloudStorage/GoogleDrive-singhraj04.jan@gmail.com/My Drive/SAHARA/Datasets/FSD50K/FSD50K.dev_audio/184623.wav,appliance_beep,fsd50k,0.0,fsd50k:184623
/Users/rajsingh/Library/CloudStorage/GoogleDrive-singhraj04.jan@gmail.com/My Drive/SAHARA/Datasets/FSD50K/FSD50K.dev_audio/22877.wav,appliance_beep,fsd50k,0.0,fsd50k:22877
/Users/rajsingh/Library/CloudStorage/GoogleDrive-singhraj04.jan@gmail.com/My Drive/SAHARA/Datasets/FSD50K/FSD50K.dev_audio/181601.wav,siren,fsd50k,0.0,fsd50k:181601
/Users/rajsingh/Library/CloudStorage/GoogleDrive-singhraj04.jan@gmail.com/My Drive/SAHARA/Datasets/FSD50K/FSD50K.dev_audio/181601.wav,appliance_beep,fsd50k,0.0,fsd50k:181601
/Users/rajsingh/Library/CloudStorage/GoogleDrive-singhraj04.jan@gmail.com/My Drive/SAHARA/Datasets/FSD50K/FSD50K.dev_audio/388972.wav,siren,fsd50k,0.0,fsd50k:388972
/Users/rajsingh/Library/CloudStorage/GoogleDrive-singhraj04.jan@gmail.com/My Drive/SAHARA/Datasets/FSD50K/FSD50K.dev_audio/388972.wav,appliance_beep,fsd50k,0.0,fsd50k:388972
/Users/rajsingh/Library/CloudStorage/GoogleDrive-singhraj04.jan@gmail.com/My Drive/SAHARA/Datasets/FSD50K/FSD50K.dev_audio/315758.wav,siren,fsd50k,0.0,fsd50k:315758
/Users/rajsingh/Library/CloudStorage/GoogleDrive-singhraj04.jan@gmail.com/My Drive/SAHARA/Datasets/FSD50K/FSD50K.dev_audio/315758.wav,appliance_beep,fsd50k,0.0,fsd50k:315758
/Users/rajsingh/Library/CloudStorage/GoogleDrive-singhraj04.jan@gmail.com/My Drive/SAHARA/Datasets/FSD50K/FSD50K.dev_audio/364911.wav,siren,fsd50k,0.0,fsd50k:364911
/Users/rajsingh/Library/CloudStorage/GoogleDrive-singhraj04.jan@gmail.com/My Drive/SAHARA/Datasets/FSD50K/FSD50K.dev_audio/364911.wav,appliance_beep,fsd50k,0.0,fsd50k:364911
/Users/rajsingh/Library/CloudStorage/GoogleDrive-singhraj04.jan@gmail.com/My Drive/SAHARA/Datasets/FSD50K/FSD50K.dev_audio/159743.wav,siren,fsd50k,0.0,fsd50k:159743
/Users/rajsingh/Library/CloudStorage/GoogleDrive-singhraj04.jan@gmail.com/My Drive/SAHARA/Datasets/FSD50K/FSD50K.dev_audio/159743.wav,appliance_beep,fsd50k,0.0,fsd50k:159743
/Users/rajsingh/Library/CloudStorage/GoogleDrive-singhraj04.jan@gmail.com/My Drive/SAHARA/Datasets/FSD50K/FSD50K.dev_audio/65929.wav,siren,fsd50k,0.0,fsd50k:65929
/Users/rajsingh/Library/CloudStorage/GoogleDrive-singhraj04.jan@gmail.com/My Drive/SAHARA/Datasets/FSD50K/FSD50K.dev_audio/65929.wav,appliance_beep,fsd50k,0.0,fsd50k:65929
/Users/rajsingh/Library/CloudStorage/GoogleDrive-singhraj04.jan@gmail.com/My Drive/SAHARA/Datasets/FSD50K/FSD50K.dev_audio/62878.wav,siren,fsd50k,0.0,fsd50k:62878
/Users/rajsingh/Library/CloudStorage/GoogleDrive-singhraj04.jan@gmail.com/My Drive/SAHARA/Datasets/FSD50K/FSD50K.dev_audio/62878.wav,appliance_beep,fsd50k,0.0,fsd50k:62878
/Users/rajsingh/Library/CloudStorage/GoogleDrive-singhraj04.jan@gmail.com/My Drive/SAHARA/Datasets/FSD50K/FSD50K.dev_audio/162719.wav,siren,fsd50k,0.0,fsd50k:162719
/Users/rajsingh/Library/CloudStorage/GoogleDrive-singhraj04.jan@gmail.com/My Drive/SAHARA/Datasets/FSD50K/FSD50K.dev_audio/162719.wav,appliance_beep,fsd50k,0.0,fsd50k:162719
/Users/rajsingh/Library/CloudStorage/GoogleDrive-singhraj04.jan@gmail.com/My Drive/SAHARA/Datasets/FSD50K/FSD50K.dev_audio/116664.wav,siren,fsd50k,0.0,fsd50k:116664
/Users/rajsingh/Library/CloudStorage/GoogleDrive-singhraj04.jan@gmail.com/My Drive/SAHARA/Datasets/FSD50K/FSD50K.dev_audio/116664.wav,appliance_beep,fsd50k,0.0,fsd50k:116664
/Users/rajsingh/Library/CloudStorage/GoogleDrive-singhraj04.jan@gmail.com/My Drive/SAHARA/Datasets/FSD50K/FSD50K.dev_audio/268221.wav,siren,fsd50k,0.0,fsd50k:268221
/Users/rajsingh/Library/CloudStorage/GoogleDrive-singhraj04.jan@gmail.com/My Drive/SAHARA/Datasets/FSD50K/FSD50K.dev_audio/268221.wav,appliance_beep,fsd50k,0.0,fsd50k:268221
/Users/rajsingh/Library/CloudStorage/GoogleDrive-singhraj04.jan@gmail.com/My Drive/SAHARA/Datasets/FSD50K/FSD50K.dev_audio/393662.wav,siren,fsd50k,0.0,fsd50k:393662
/Users/rajsingh/Library/CloudStorage/GoogleDrive-singhraj04.jan@gmail.com/My Drive/SAHARA/Datasets/FSD50K/FSD50K.dev_audio/393662.wav,appliance_beep,fsd50k,0.0,fsd50k:393662
/Users/rajsingh/Library/CloudStorage/GoogleDrive-singhraj04.jan@gmail.com/My Drive/SAHARA/Datasets/FSD50K/FSD50K.dev_audio/393665.wav,siren,fsd50k,0.0,fsd50k:393665
/Users/rajsingh/Library/CloudStorage/GoogleDrive-singhraj04.jan@gmail.com/My Drive/SAHARA/Datasets/FSD50K/FSD50K.dev_audio/393665.wav,appliance_beep,fsd50k,0.0,fsd50k:393665
/Users/rajsingh/Library/CloudStorage/GoogleDrive-singhraj04.jan@gmail.com/My Drive/SAHARA/Datasets/FSD50K/FSD50K.dev_audio/393666.wav,siren,fsd50k,0.0,fsd50k:393666
/Users/rajsingh/Library/CloudStorage/GoogleDrive-singhraj04.jan@gmail.com/My Drive/SAHARA/Datasets/FSD50K/FSD50K.dev_audio/393666.wav,appliance_beep,fsd50k,0.0,fsd50k:393666
/Users/rajsingh/Library/CloudStorage/GoogleDrive-singhraj04.jan@gmail.com/My Drive/SAHARA/Datasets/FSD50K/FSD50K.dev_audio/393667.wav,siren,fsd50k,0.0,fsd50k:393667
/Users/rajsingh/Library/CloudStorage/GoogleDrive-singhraj04.jan@gmail.com/My Drive/SAHARA/Datasets/FSD50K/FSD50K.dev_audio/393667.wav,appliance_beep,fsd50k,0.0,fsd50k:393667
/Users/rajsingh/Library/CloudStorage/GoogleDrive-singhraj04.jan@gmail.com/My Drive/SAHARA/Datasets/FSD50K/FSD50K.dev_audio/203720.wav,siren,fsd50k,0.0,fsd50k:203720
/Users/rajsingh/Library/CloudStorage/GoogleDrive-singhraj04.jan@gmail.com/My Drive/SAHARA/Datasets/FSD50K/FSD50K.dev_audio/203720.wav,appliance_beep,fsd50k,0.0,fsd50k:203720
/Users/rajsingh/Library/CloudStorage/GoogleDrive-singhraj04.jan@gmail.com/My Drive/SAHARA/Datasets/FSD50K/FSD50K.dev_audio/128459.wav,siren,fsd50k,0.0,fsd50k:128459
/Users/rajsingh/Library/CloudStorage/GoogleDrive-singhraj04.jan@gmail.com/My Drive/SAHARA/Datasets/FSD50K/FSD50K.dev_audio/128459.wav,appliance_beep,fsd50k,0.0,fsd50k:128459
/Users/rajsingh/Library/CloudStorage/GoogleDrive-singhraj04.jan@gmail.com/My Drive/SAHARA/Datasets/FSD50K/FSD50K.dev_audio/256469.wav,siren,fsd50k,0.0,fsd50k:256469
/Users/rajsingh/Library/CloudStorage/GoogleDrive-singhraj04.jan@gmail.com/My Drive/SAHARA/Datasets/FSD50K/FSD50K.dev_audio/256469.wav,appliance_beep,fsd50k,0.0,fsd50k:256469
/Users/rajsingh/Library/CloudStorage/GoogleDrive-singhraj04.jan@gmail.com/My Drive/SAHARA/Datasets/FSD50K/FSD50K.dev_audio/34280.wav,siren,fsd50k,0.0,fsd50k:34280
/Users/rajsingh/Library/CloudStorage/GoogleDrive-singhraj04.jan@gmail.com/My Drive/SAHARA/Datasets/FSD50K/FSD50K.dev_audio/34280.wav,appliance_beep,fsd50k,0.0,fsd50k:34280
/Users/rajsingh/Library/CloudStorage/GoogleDrive-singhraj04.jan@gmail.com/My Drive/SAHARA/Datasets/FSD50K/FSD50K.dev_audio/93676.wav,siren,fsd50k,0.0,fsd50k:93676
/Users/rajsingh/Library/CloudStorage/GoogleDrive-singhraj04.jan@gmail.com/My Drive/SAHARA/Datasets/FSD50K/FSD50K.dev_audio/93676.wav,appliance_beep,fsd50k,0.0,fsd50k:93676
/Users/rajsingh/Library/CloudStorage/GoogleDrive-singhraj04.jan@gmail.com/My Drive/SAHARA/Datasets/FSD50K/FSD50K.dev_audio/353265.wav,siren,fsd50k,0.0,fsd50k:353265
/Users/rajsingh/Library/CloudStorage/GoogleDrive-singhraj04.jan@gmail.com/My Drive/SAHARA/Datasets/FSD50K/FSD50K.dev_audio/353265.wav,appliance_beep,fsd50k,0.0,fsd50k:353265
/Users/rajsingh/Library/CloudStorage/GoogleDrive-singhraj04.jan@gmail.com/My Drive/SAHARA/Datasets/FSD50K/FSD50K.dev_audio/277508.wav,siren,fsd50k,0.0,fsd50k:277508
/Users/rajsingh/Library/CloudStorage/GoogleDrive-singhraj04.jan@gmail.com/My Drive/SAHARA/Datasets/FSD50K/FSD50K.dev_audio/277508.wav,appliance_beep,fsd50k,0.0,fsd50k:277508
/Users/rajsingh/Library/CloudStorage/GoogleDrive-singhraj04.jan@gmail.com/My Drive/SAHARA/Datasets/FSD50K/FSD50K.dev_audio/195607.wav,glass_break,fsd50k,0.0,fsd50k:195607
/Users/rajsingh/Library/CloudStorage/GoogleDrive-singhraj04.jan@gmail.com/My Drive/SAHARA/Datasets/FSD50K/FSD50K.dev_audio/14361.wav,glass_break,fsd50k,0.0,fsd50k:14361
/Users/rajsingh/Library/CloudStorage/GoogleDrive-singhraj04.jan@gmail.com/My Drive/SAHARA/Datasets/FSD50K/FSD50K.dev_audio/14362.wav,glass_break,fsd50k,0.0,fsd50k:14362
/Users/rajsingh/Library/CloudStorage/GoogleDrive-singhraj04.jan@gmail.com/My Drive/SAHARA/Datasets/FSD50K/FSD50K.dev_audio/14363.wav,glass_break,fsd50k,0.0,fsd50k:14363
/Users/rajsingh/Library/CloudStorage/GoogleDrive-singhraj04.jan@gmail.com/My Drive/SAHARA/Datasets/FSD50K/FSD50K.dev_audio/267290.wav,glass_break,fsd50k,0.0,fsd50k:267290
/Users/rajsingh/Library/CloudStorage/GoogleDrive-singhraj04.jan@gmail.com/My Drive/SAHARA/Datasets/FSD50K/FSD50K.dev_audio/15394.wav,glass_break,fsd50k,0.0,fsd50k:15394
/Users/rajsingh/Library/CloudStorage/GoogleDrive-singhraj04.jan@gmail.com/My Drive/SAHARA/Datasets/FSD50K/FSD50K.dev_audio/179237.wav,glass_break,fsd50k,0.0,fsd50k:179237
/Users/rajsingh/Library/CloudStorage/GoogleDrive-singhraj04.jan@gmail.com/My Drive/SAHARA/Datasets/FSD50K/FSD50K.dev_audio/68653.wav,glass_break,fsd50k,0.0,fsd50k:68653
/Users/rajsingh/Library/CloudStorage/GoogleDrive-singhraj04.jan@gmail.com/My Drive/SAHARA/Datasets/FSD50K/FSD50K.dev_audio/162865.wav,glass_break,fsd50k,0.0,fsd50k:162865
/Users/rajsingh/Library/CloudStorage/GoogleDrive-singhraj04.jan@gmail.com/My Drive/SAHARA/Datasets/FSD50K/FSD50K.dev_audio/27701.wav,glass_break,fsd50k,0.0,fsd50k:27701
/Users/rajsingh/Library/CloudStorage/GoogleDrive-singhraj04.jan@gmail.com/My Drive/SAHARA/Datasets/FSD50K/FSD50K.dev_audio/27702.wav,glass_break,fsd50k,0.0,fsd50k:27702
/Users/rajsingh/Library/CloudStorage/GoogleDrive-singhraj04.jan@gmail.com/My Drive/SAHARA/Datasets/FSD50K/FSD50K.dev_audio/179267.wav,glass_break,fsd50k,0.0,fsd50k:179267
/Users/rajsingh/Library/CloudStorage/GoogleDrive-singhraj04.jan@gmail.com/My Drive/SAHARA/Datasets/FSD50K/FSD50K.dev_audio/68694.wav,glass_break,fsd50k,0.0,fsd50k:68694
/Users/rajsingh/Library/CloudStorage/GoogleDrive-singhraj04.jan@gmail.com/My Drive/SAHARA/Datasets/FSD50K/FSD50K.dev_audio/418912.wav,glass_break,fsd50k,0.0,fsd50k:418912
/Users/rajsingh/Library/CloudStorage/GoogleDrive-singhraj04.jan@gmail.com/My Drive/SAHARA/Datasets/FSD50K/FSD50K.dev_audio/194657.wav,glass_break,fsd50k,0.0,fsd50k:194657
/Users/rajsingh/Library/CloudStorage/GoogleDrive-singhraj04.jan@gmail.com/My Drive/SAHARA/Datasets/FSD50K/FSD50K.dev_audio/188518.wav,glass_break,fsd50k,0.0,fsd50k:188518
/Users/rajsingh/Library/CloudStorage/GoogleDrive-singhraj04.jan@gmail.com/My Drive/SAHARA/Datasets/FSD50K/FSD50K.dev_audio/145513.wav,glass_break,fsd50k,0.0,fsd50k:145513
/Users/rajsingh/Library/CloudStorage/GoogleDrive-singhraj04.jan@gmail.com/My Drive/SAHARA/Datasets/FSD50K/FSD50K.dev_audio/321643.wav,glass_break,fsd50k,0.0,fsd50k:321643
/Users/rajsingh/Library/CloudStorage/GoogleDrive-singhraj04.jan@gmail.com/My Drive/SAHARA/Datasets/FSD50K/FSD50K.dev_audio/188524.wav,glass_break,fsd50k,0.0,fsd50k:188524
/Users/rajsingh/Library/CloudStorage/GoogleDrive-singhraj04.jan@gmail.com/My Drive/SAHARA/Datasets/FSD50K/FSD50K.dev_audio/119917.wav,glass_break,fsd50k,0.0,fsd50k:119917
/Users/rajsingh/Library/CloudStorage/GoogleDrive-singhraj04.jan@gmail.com/My Drive/SAHARA/Datasets/FSD50K/FSD50K.dev_audio/377987.wav,glass_break,fsd50k,0.0,fsd50k:377987
/Users/rajsingh/Library/CloudStorage/GoogleDrive-singhraj04.jan@gmail.com/My Drive/SAHARA/Datasets/FSD50K/FSD50K.dev_audio/379012.wav,glass_break,fsd50k,0.0,fsd50k:379012
/Users/rajsingh/Library/CloudStorage/GoogleDrive-singhraj04.jan@gmail.com/My Drive/SAHARA/Datasets/FSD50K/FSD50K.dev_audio/396423.wav,glass_break,fsd50k,0.0,fsd50k:396423
/Users/rajsingh/Library/CloudStorage/GoogleDrive-singhraj04.jan@gmail.com/My Drive/SAHARA/Datasets/FSD50K/FSD50K.dev_audio/331913.wav,glass_break,fsd50k,0.0,fsd50k:331913
/Users/rajsingh/Library/CloudStorage/GoogleDrive-singhraj04.jan@gmail.com/My Drive/SAHARA/Datasets/FSD50K/FSD50K.dev_audio/194698.wav,glass_break,fsd50k,0.0,fsd50k:194698
/Users/rajsingh/Library/CloudStorage/GoogleDrive-singhraj04.jan@gmail.com/My Drive/SAHARA/Datasets/FSD50K/FSD50K.dev_audio/32912.wav,glass_break,fsd50k,0.0,fsd50k:32912
/Users/rajsingh/Library/CloudStorage/GoogleDrive-singhraj04.jan@gmail.com/My Drive/SAHARA/Datasets/FSD50K/FSD50K.dev_audio/331922.wav,glass_break,fsd50k,0.0,fsd50k:331922
/Users/rajsingh/Library/CloudStorage/GoogleDrive-singhraj04.jan@gmail.com/My Drive/SAHARA/Datasets/FSD50K/FSD50K.dev_audio/331923.wav,glass_break,fsd50k,0.0,fsd50k:331923
/Users/rajsingh/Library/CloudStorage/GoogleDrive-singhraj04.jan@gmail.com/My Drive/SAHARA/Datasets/FSD50K/FSD50K.dev_audio/331924.wav,glass_break,fsd50k,0.0,fsd50k:331924
/Users/rajsingh/Library/CloudStorage/GoogleDrive-singhraj04.jan@gmail.com/My Drive/SAHARA/Datasets/FSD50K/FSD50K.dev_audio/331925.wav,glass_break,fsd50k,0.0,fsd50k:331925
/Users/rajsingh/Library/CloudStorage/GoogleDrive-singhraj04.jan@gmail.com/My Drive/SAHARA/Datasets/FSD50K/FSD50K.dev_audio/331926.wav,glass_break,fsd50k,0.0,fsd50k:331926
/Users/rajsingh/Library/CloudStorage/GoogleDrive-singhraj04.jan@gmail.com/My Drive/SAHARA/Datasets/FSD50K/FSD50K.dev_audio/331927.wav,glass_break,fsd50k,0.0,fsd50k:331927
/Users/rajsingh/Library/CloudStorage/GoogleDrive-singhraj04.jan@gmail.com/My Drive/SAHARA/Datasets/FSD50K/FSD50K.dev_audio/245910.wav,glass_break,fsd50k,0.0,fsd50k:245910
/Users/rajsingh/Library/CloudStorage/GoogleDrive-singhraj04.jan@gmail.com/My Drive/SAHARA/Datasets/FSD50K/FSD50K.dev_audio/213155.wav,glass_break,fsd50k,0.0,fsd50k:213155
/Users/rajsingh/Library/CloudStorage/GoogleDrive-singhraj04.jan@gmail.com/My Drive/SAHARA/Datasets/FSD50K/FSD50K.dev_audio/213166.wav,glass_break,fsd50k,0.0,fsd50k:213166
/Users/rajsingh/Library/CloudStorage/GoogleDrive-singhraj04.jan@gmail.com/My Drive/SAHARA/Datasets/FSD50K/FSD50K.dev_audio/152753.wav,glass_break,fsd50k,0.0,fsd50k:152753
/Users/rajsingh/Library/CloudStorage/GoogleDrive-singhraj04.jan@gmail.com/My Drive/SAHARA/Datasets/FSD50K/FSD50K.dev_audio/152754.wav,glass_break,fsd50k,0.0,fsd50k:152754
/Users/rajsingh/Library/CloudStorage/GoogleDrive-singhraj04.jan@gmail.com/My Drive/SAHARA/Datasets/FSD50K/FSD50K.dev_audio/152758.wav,glass_break,fsd50k,0.0,fsd50k:152758
/Users/rajsingh/Library/CloudStorage/GoogleDrive-singhraj04.jan@gmail.com/My Drive/SAHARA/Datasets/FSD50K/FSD50K.dev_audio/265403.wav,glass_break,fsd50k,0.0,fsd50k:265403
/Users/rajsingh/Library/CloudStorage/GoogleDrive-singhraj04.jan@gmail.com/My Drive/SAHARA/Datasets/FSD50K/FSD50K.dev_audio/26832.wav,glass_break,fsd50k,0.0,fsd50k:26832
/Users/rajsingh/Library/CloudStorage/GoogleDrive-singhraj04.jan@gmail.com/My Drive/SAHARA/Datasets/FSD50K/FSD50K.dev_audio/344272.wav,glass_break,fsd50k,0.0,fsd50k:344272
/Users/rajsingh/Library/CloudStorage/GoogleDrive-singhraj04.jan@gmail.com/My Drive/SAHARA/Datasets/FSD50K/FSD50K.dev_audio/377046.wav,glass_break,fsd50k,0.0,fsd50k:377046
/Users/rajsingh/Library/CloudStorage/GoogleDrive-singhraj04.jan@gmail.com/My Drive/SAHARA/Datasets/FSD50K/FSD50K.dev_audio/216279.wav,glass_break,fsd50k,0.0,fsd50k:216279
/Users/rajsingh/Library/CloudStorage/GoogleDrive-singhraj04.jan@gmail.com/My Drive/SAHARA/Datasets/FSD50K/FSD50K.dev_audio/216280.wav,glass_break,fsd50k,0.0,fsd50k:216280
/Users/rajsingh/Library/CloudStorage/GoogleDrive-singhraj04.jan@gmail.com/My Drive/SAHARA/Datasets/FSD50K/FSD50K.dev_audio/211162.wav,glass_break,fsd50k,0.0,fsd50k:211162
/Users/rajsingh/Library/CloudStorage/GoogleDrive-singhraj04.jan@gmail.com/My Drive/SAHARA/Datasets/FSD50K/FSD50K.dev_audio/256222.wav,glass_break,fsd50k,0.0,fsd50k:256222
/Users/rajsingh/Library/CloudStorage/GoogleDrive-singhraj04.jan@gmail.com/My Drive/SAHARA/Datasets/FSD50K/FSD50K.dev_audio/396536.wav,glass_break,fsd50k,0.0,fsd50k:396536
/Users/rajsingh/Library/CloudStorage/GoogleDrive-singhraj04.jan@gmail.com/My Drive/SAHARA/Datasets/FSD50K/FSD50K.dev_audio/379130.wav,glass_break,fsd50k,0.0,fsd50k:379130
/Users/rajsingh/Library/CloudStorage/GoogleDrive-singhraj04.jan@gmail.com/My Drive/SAHARA/Datasets/FSD50K/FSD50K.dev_audio/379138.wav,glass_break,fsd50k,0.0,fsd50k:379138
/Users/rajsingh/Library/CloudStorage/GoogleDrive-singhraj04.jan@gmail.com/My Drive/SAHARA/Datasets/FSD50K/FSD50K.dev_audio/434464.wav,glass_break,fsd50k,0.0,fsd50k:434464
/Users/rajsingh/Library/CloudStorage/GoogleDrive-singhraj04.jan@gmail.com/My Drive/SAHARA/Datasets/FSD50K/FSD50K.dev_audio/268586.wav,glass_break,fsd50k,0.0,fsd50k:268586
/Users/rajsingh/Library/CloudStorage/GoogleDrive-singhraj04.jan@gmail.com/My Drive/SAHARA/Datasets/FSD50K/FSD50K.dev_audio/368943.wav,glass_break,fsd50k,0.0,fsd50k:368943
/Users/rajsingh/Library/CloudStorage/GoogleDrive-singhraj04.jan@gmail.com/My Drive/SAHARA/Datasets/FSD50K/FSD50K.dev_audio/378161.wav,glass_break,fsd50k,0.0,fsd50k:378161
/Users/rajsingh/Library/CloudStorage/GoogleDrive-singhraj04.jan@gmail.com/My Drive/SAHARA/Datasets/FSD50K/FSD50K.dev_audio/66876.wav,glass_break,fsd50k,0.0,fsd50k:66876
/Users/rajsingh/Library/CloudStorage/GoogleDrive-singhraj04.jan@gmail.com/My Drive/SAHARA/Datasets/FSD50K/FSD50K.dev_audio/274751.wav,glass_break,fsd50k,0.0,fsd50k:274751
/Users/rajsingh/Library/CloudStorage/GoogleDrive-singhraj04.jan@gmail.com/My Drive/SAHARA/Datasets/FSD50K/FSD50K.dev_audio/319808.wav,glass_break,fsd50k,0.0,fsd50k:319808
/Users/rajsingh/Library/CloudStorage/GoogleDrive-singhraj04.jan@gmail.com/My Drive/SAHARA/Datasets/FSD50K/FSD50K.dev_audio/319806.wav,glass_break,fsd50k,0.0,fsd50k:319806
/Users/rajsingh/Library/CloudStorage/GoogleDrive-singhraj04.jan@gmail.com/My Drive/SAHARA/Datasets/FSD50K/FSD50K.dev_audio/11585.wav,glass_break,fsd50k,0.0,fsd50k:11585
/Users/rajsingh/Library/CloudStorage/GoogleDrive-singhraj04.jan@gmail.com/My Drive/SAHARA/Datasets/FSD50K/FSD50K.dev_audio/319813.wav,glass_break,fsd50k,0.0,fsd50k:319813
/Users/rajsingh/Library/CloudStorage/GoogleDrive-singhraj04.jan@gmail.com/My Drive/SAHARA/Datasets/FSD50K/FSD50K.dev_audio/140613.wav,glass_break,fsd50k,0.0,fsd50k:140613
/Users/rajsingh/Library/CloudStorage/GoogleDrive-singhraj04.jan@gmail.com/My Drive/SAHARA/Datasets/FSD50K/FSD50K.dev_audio/257350.wav,glass_break,fsd50k,0.0,fsd50k:257350
/Users/rajsingh/Library/CloudStorage/GoogleDrive-singhraj04.jan@gmail.com/My Drive/SAHARA/Datasets/FSD50K/FSD50K.dev_audio/39241.wav,glass_break,fsd50k,0.0,fsd50k:39241
/Users/rajsingh/Library/CloudStorage/GoogleDrive-singhraj04.jan@gmail.com/My Drive/SAHARA/Datasets/FSD50K/FSD50K.dev_audio/39242.wav,glass_break,fsd50k,0.0,fsd50k:39242
/Users/rajsingh/Library/CloudStorage/GoogleDrive-singhraj04.jan@gmail.com/My Drive/SAHARA/Datasets/FSD50K/FSD50K.dev_audio/140616.wav,glass_break,fsd50k,0.0,fsd50k:140616
/Users/rajsingh/Library/CloudStorage/GoogleDrive-singhraj04.jan@gmail.com/My Drive/SAHARA/Datasets/FSD50K/FSD50K.dev_audio/39244.wav,glass_break,fsd50k,0.0,fsd50k:39244
/Users/rajsingh/Library/CloudStorage/GoogleDrive-singhraj04.jan@gmail.com/My Drive/SAHARA/Datasets/FSD50K/FSD50K.dev_audio/140617.wav,glass_break,fsd50k,0.0,fsd50k:140617
/Users/rajsingh/Library/CloudStorage/GoogleDrive-singhraj04.jan@gmail.com/My Drive/SAHARA/Datasets/FSD50K/FSD50K.dev_audio/204116.wav,glass_break,fsd50k,0.0,fsd50k:204116
/Users/rajsingh/Library/CloudStorage/GoogleDrive-singhraj04.jan@gmail.com/My Drive/SAHARA/Datasets/FSD50K/FSD50K.dev_audio/204118.wav,glass_break,fsd50k,0.0,fsd50k:204118
/Users/rajsingh/Library/CloudStorage/GoogleDrive-singhraj04.jan@gmail.com/My Drive/SAHARA/Datasets/FSD50K/FSD50K.dev_audio/204124.wav,glass_break,fsd50k,0.0,fsd50k:204124
/Users/rajsingh/Library/CloudStorage/GoogleDrive-singhraj04.jan@gmail.com/My Drive/SAHARA/Datasets/FSD50K/FSD50K.dev_audio/204126.wav,glass_break,fsd50k,0.0,fsd50k:204126
/Users/rajsingh/Library/CloudStorage/GoogleDrive-singhraj04.jan@gmail.com/My Drive/SAHARA/Datasets/FSD50K/FSD50K.dev_audio/204128.wav,glass_break,fsd50k,0.0,fsd50k:204128
/Users/rajsingh/Library/CloudStorage/GoogleDrive-singhraj04.jan@gmail.com/My Drive/SAHARA/Datasets/FSD50K/FSD50K.dev_audio/204135.wav,glass_break,fsd50k,0.0,fsd50k:204135
/Users/rajsingh/Library/CloudStorage/GoogleDrive-singhraj04.jan@gmail.com/My Drive/SAHARA/Datasets/FSD50K/FSD50K.dev_audio/380273.wav,glass_break,fsd50k,0.0,fsd50k:380273
/Users/rajsingh/Library/CloudStorage/GoogleDrive-singhraj04.jan@gmail.com/My Drive/SAHARA/Datasets/FSD50K/FSD50K.dev_audio/100733.wav,glass_break,fsd50k,0.0,fsd50k:100733
/Users/rajsingh/Library/CloudStorage/GoogleDrive-singhraj04.jan@gmail.com/My Drive/SAHARA/Datasets/FSD50K/FSD50K.dev_audio/380285.wav,glass_break,fsd50k,0.0,fsd50k:380285
/Users/rajsingh/Library/CloudStorage/GoogleDrive-singhraj04.jan@gmail.com/My Drive/SAHARA/Datasets/FSD50K/FSD50K.dev_audio/156031.wav,glass_break,fsd50k,0.0,fsd50k:156031
/Users/rajsingh/Library/CloudStorage/GoogleDrive-singhraj04.jan@gmail.com/My Drive/SAHARA/Datasets/FSD50K/FSD50K.dev_audio/100738.wav,glass_break,fsd50k,0.0,fsd50k:100738
/Users/rajsingh/Library/CloudStorage/GoogleDrive-singhraj04.jan@gmail.com/My Drive/SAHARA/Datasets/FSD50K/FSD50K.dev_audio/350617.wav,glass_break,fsd50k,0.0,fsd50k:350617
/Users/rajsingh/Library/CloudStorage/GoogleDrive-singhraj04.jan@gmail.com/My Drive/SAHARA/Datasets/FSD50K/FSD50K.dev_audio/219551.wav,glass_break,fsd50k,0.0,fsd50k:219551
/Users/rajsingh/Library/CloudStorage/GoogleDrive-singhraj04.jan@gmail.com/My Drive/SAHARA/Datasets/FSD50K/FSD50K.dev_audio/245167.wav,glass_break,fsd50k,0.0,fsd50k:245167
/Users/rajsingh/Library/CloudStorage/GoogleDrive-singhraj04.jan@gmail.com/My Drive/SAHARA/Datasets/FSD50K/FSD50K.dev_audio/72113.wav,glass_break,fsd50k,0.0,fsd50k:72113
/Users/rajsingh/Library/CloudStorage/GoogleDrive-singhraj04.jan@gmail.com/My Drive/SAHARA/Datasets/FSD50K/FSD50K.dev_audio/427459.wav,glass_break,fsd50k,0.0,fsd50k:427459
/Users/rajsingh/Library/CloudStorage/GoogleDrive-singhraj04.jan@gmail.com/My Drive/SAHARA/Datasets/FSD50K/FSD50K.dev_audio/427461.wav,glass_break,fsd50k,0.0,fsd50k:427461
/Users/rajsingh/Library/CloudStorage/GoogleDrive-singhraj04.jan@gmail.com/My Drive/SAHARA/Datasets/FSD50K/FSD50K.dev_audio/30164.wav,glass_break,fsd50k,0.0,fsd50k:30164
/Users/rajsingh/Library/CloudStorage/GoogleDrive-singhraj04.jan@gmail.com/My Drive/SAHARA/Datasets/FSD50K/FSD50K.dev_audio/62936.wav,glass_break,fsd50k,0.0,fsd50k:62936
/Users/rajsingh/Library/CloudStorage/GoogleDrive-singhraj04.jan@gmail.com/My Drive/SAHARA/Datasets/FSD50K/FSD50K.dev_audio/378330.wav,glass_break,fsd50k,0.0,fsd50k:378330
/Users/rajsingh/Library/CloudStorage/GoogleDrive-singhraj04.jan@gmail.com/My Drive/SAHARA/Datasets/FSD50K/FSD50K.dev_audio/62940.wav,glass_break,fsd50k,0.0,fsd50k:62940
/Users/rajsingh/Library/CloudStorage/GoogleDrive-singhraj04.jan@gmail.com/My Drive/SAHARA/Datasets/FSD50K/FSD50K.dev_audio/62942.wav,glass_break,fsd50k,0.0,fsd50k:62942
/Users/rajsingh/Library/CloudStorage/GoogleDrive-singhraj04.jan@gmail.com/My Drive/SAHARA/Datasets/FSD50K/FSD50K.dev_audio/62944.wav,glass_break,fsd50k,0.0,fsd50k:62944
/Users/rajsingh/Library/CloudStorage/GoogleDrive-singhraj04.jan@gmail.com/My Drive/SAHARA/Datasets/FSD50K/FSD50K.dev_audio/244193.wav,glass_break,fsd50k,0.0,fsd50k:244193
/Users/rajsingh/Library/CloudStorage/GoogleDrive-singhraj04.jan@gmail.com/My Drive/SAHARA/Datasets/FSD50K/FSD50K.dev_audio/188903.wav,glass_break,fsd50k,0.0,fsd50k:188903
/Users/rajsingh/Library/CloudStorage/GoogleDrive-singhraj04.jan@gmail.com/My Drive/SAHARA/Datasets/FSD50K/FSD50K.dev_audio/75252.wav,glass_break,fsd50k,0.0,fsd50k:75252
/Users/rajsingh/Library/CloudStorage/GoogleDrive-singhraj04.jan@gmail.com/My Drive/SAHARA/Datasets/FSD50K/FSD50K.dev_audio/88567.wav,glass_break,fsd50k,0.0,fsd50k:88567
/Users/rajsingh/Library/CloudStorage/GoogleDrive-singhraj04.jan@gmail.com/My Drive/SAHARA/Datasets/FSD50K/FSD50K.dev_audio/176650.wav,glass_break,fsd50k,0.0,fsd50k:176650
/Users/rajsingh/Library/CloudStorage/GoogleDrive-singhraj04.jan@gmail.com/My Drive/SAHARA/Datasets/FSD50K/FSD50K.dev_audio/114193.wav,glass_break,fsd50k,0.0,fsd50k:114193
/Users/rajsingh/Library/CloudStorage/GoogleDrive-singhraj04.jan@gmail.com/My Drive/SAHARA/Datasets/FSD50K/FSD50K.dev_audio/135699.wav,glass_break,fsd50k,0.0,fsd50k:135699
/Users/rajsingh/Library/CloudStorage/GoogleDrive-singhraj04.jan@gmail.com/My Drive/SAHARA/Datasets/FSD50K/FSD50K.dev_audio/121366.wav,glass_break,fsd50k,0.0,fsd50k:121366
/Users/rajsingh/Library/CloudStorage/GoogleDrive-singhraj04.jan@gmail.com/My Drive/SAHARA/Datasets/FSD50K/FSD50K.dev_audio/114203.wav,glass_break,fsd50k,0.0,fsd50k:114203
/Users/rajsingh/Library/CloudStorage/GoogleDrive-singhraj04.jan@gmail.com/My Drive/SAHARA/Datasets/FSD50K/FSD50K.dev_audio/24103.wav,glass_break,fsd50k,0.0,fsd50k:24103
/Users/rajsingh/Library/CloudStorage/GoogleDrive-singhraj04.jan@gmail.com/My Drive/SAHARA/Datasets/FSD50K/FSD50K.dev_audio/36392.wav,glass_break,fsd50k,0.0,fsd50k:36392
/Users/rajsingh/Library/CloudStorage/GoogleDrive-singhraj04.jan@gmail.com/My Drive/SAHARA/Datasets/FSD50K/FSD50K.dev_audio/84526.wav,glass_break,fsd50k,0.0,fsd50k:84526
/Users/rajsingh/Library/CloudStorage/GoogleDrive-singhraj04.jan@gmail.com/My Drive/SAHARA/Datasets/FSD50K/FSD50K.dev_audio/390717.wav,glass_break,fsd50k,0.0,fsd50k:390717
/Users/rajsingh/Library/CloudStorage/GoogleDrive-singhraj04.jan@gmail.com/My Drive/SAHARA/Datasets/FSD50K/FSD50K.dev_audio/89871.wav,glass_break,fsd50k,0.0,fsd50k:89871
/Users/rajsingh/Library/CloudStorage/GoogleDrive-singhraj04.jan@gmail.com/My Drive/SAHARA/Datasets/FSD50K/FSD50K.dev_audio/89872.wav,glass_break,fsd50k,0.0,fsd50k:89872
/Users/rajsingh/Library/CloudStorage/GoogleDrive-singhraj04.jan@gmail.com/My Drive/SAHARA/Datasets/FSD50K/FSD50K.dev_audio/242254.wav,glass_break,fsd50k,0.0,fsd50k:242254
/Users/rajsingh/Library/CloudStorage/GoogleDrive-singhraj04.jan@gmail.com/My Drive/SAHARA/Datasets/FSD50K/FSD50K.dev_audio/89873.wav,glass_break,fsd50k,0.0,fsd50k:89873
/Users/rajsingh/Library/CloudStorage/GoogleDrive-singhraj04.jan@gmail.com/My Drive/SAHARA/Datasets/FSD50K/FSD50K.dev_audio/94800.wav,glass_break,fsd50k,0.0,fsd50k:94800
/Users/rajsingh/Library/CloudStorage/GoogleDrive-singhraj04.jan@gmail.com/My Drive/SAHARA/Datasets/FSD50K/FSD50K.dev_audio/242262.wav,glass_break,fsd50k,0.0,fsd50k:242262
/Users/rajsingh/Library/CloudStorage/GoogleDrive-singhraj04.jan@gmail.com/My Drive/SAHARA/Datasets/FSD50K/FSD50K.dev_audio/369238.wav,glass_break,fsd50k,0.0,fsd50k:369238
/Users/rajsingh/Library/CloudStorage/GoogleDrive-singhraj04.jan@gmail.com/My Drive/SAHARA/Datasets/FSD50K/FSD50K.dev_audio/89875.wav,glass_break,fsd50k,0.0,fsd50k:89875
/Users/rajsingh/Library/CloudStorage/GoogleDrive-singhraj04.jan@gmail.com/My Drive/SAHARA/Datasets/FSD50K/FSD50K.dev_audio/242269.wav,glass_break,fsd50k,0.0,fsd50k:242269
/Users/rajsingh/Library/CloudStorage/GoogleDrive-singhraj04.jan@gmail.com/My Drive/SAHARA/Datasets/FSD50K/FSD50K.dev_audio/242270.wav,glass_break,fsd50k,0.0,fsd50k:242270
/Users/rajsingh/Library/CloudStorage/GoogleDrive-singhraj04.jan@gmail.com/My Drive/SAHARA/Datasets/FSD50K/FSD50K.dev_audio/89876.wav,glass_break,fsd50k,0.0,fsd50k:89876
/Users/rajsingh/Library/CloudStorage/GoogleDrive-singhraj04.jan@gmail.com/My Drive/SAHARA/Datasets/FSD50K/FSD50K.dev_audio/242272.wav,glass_break,fsd50k,0.0,fsd50k:242272
/Users/rajsingh/Library/CloudStorage/GoogleDrive-singhraj04.jan@gmail.com/My Drive/SAHARA/Datasets/FSD50K/FSD50K.dev_audio/397923.wav,glass_break,fsd50k,0.0,fsd50k:397923
/Users/rajsingh/Library/CloudStorage/GoogleDrive-singhraj04.jan@gmail.com/My Drive/SAHARA/Datasets/FSD50K/FSD50K.dev_audio/366188.wav,glass_break,fsd50k,0.0,fsd50k:366188
/Users/rajsingh/Library/CloudStorage/GoogleDrive-singhraj04.jan@gmail.com/My Drive/SAHARA/Datasets/FSD50K/FSD50K.dev_audio/275065.wav,glass_break,fsd50k,0.0,fsd50k:275065
/Users/rajsingh/Library/CloudStorage/GoogleDrive-singhraj04.jan@gmail.com/My Drive/SAHARA/Datasets/FSD50K/FSD50K.dev_audio/255617.wav,glass_break,fsd50k,0.0,fsd50k:255617
/Users/rajsingh/Library/CloudStorage/GoogleDrive-singhraj04.jan@gmail.com/My Drive/SAHARA/Datasets/FSD50K/FSD50K.dev_audio/255619.wav,glass_break,fsd50k,0.0,fsd50k:255619
/Users/rajsingh/Library/CloudStorage/GoogleDrive-singhraj04.jan@gmail.com/My Drive/SAHARA/Datasets/FSD50K/FSD50K.dev_audio/255622.wav,glass_break,fsd50k,0.0,fsd50k:255622
/Users/rajsingh/Library/CloudStorage/GoogleDrive-singhraj04.jan@gmail.com/My Drive/SAHARA/Datasets/FSD50K/FSD50K.dev_audio/255624.wav,glass_break,fsd50k,0.0,fsd50k:255624
/Users/rajsingh/Library/CloudStorage/GoogleDrive-singhraj04.jan@gmail.com/My Drive/SAHARA/Datasets/FSD50K/FSD50K.dev_audio/212633.wav,glass_break,fsd50k,0.0,fsd50k:212633
/Users/rajsingh/Library/CloudStorage/GoogleDrive-singhraj04.jan@gmail.com/My Drive/SAHARA/Datasets/FSD50K/FSD50K.dev_audio/174749.wav,glass_break,fsd50k,0.0,fsd50k:174749
/Users/rajsingh/Library/CloudStorage/GoogleDrive-singhraj04.jan@gmail.com/My Drive/SAHARA/Datasets/FSD50K/FSD50K.dev_audio/255648.wav,glass_break,fsd50k,0.0,fsd50k:255648
/Users/rajsingh/Library/CloudStorage/GoogleDrive-singhraj04.jan@gmail.com/My Drive/SAHARA/Datasets/FSD50K/FSD50K.dev_audio/408225.wav,glass_break,fsd50k,0.0,fsd50k:408225
/Users/rajsingh/Library/CloudStorage/GoogleDrive-singhraj04.jan@gmail.com/My Drive/SAHARA/Datasets/FSD50K/FSD50K.dev_audio/242338.wav,glass_break,fsd50k,0.0,fsd50k:242338
/Users/rajsingh/Library/CloudStorage/GoogleDrive-singhraj04.jan@gmail.com/My Drive/SAHARA/Datasets/FSD50K/FSD50K.dev_audio/242339.wav,glass_break,fsd50k,0.0,fsd50k:242339
/Users/rajsingh/Library/CloudStorage/GoogleDrive-singhraj04.jan@gmail.com/My Drive/SAHARA/Datasets/FSD50K/FSD50K.dev_audio/242340.wav,glass_break,fsd50k,0.0,fsd50k:242340
/Users/rajsingh/Library/CloudStorage/GoogleDrive-singhraj04.jan@gmail.com/My Drive/SAHARA/Datasets/FSD50K/FSD50K.dev_audio/242341.wav,glass_break,fsd50k,0.0,fsd50k:242341
/Users/rajsingh/Library/CloudStorage/GoogleDrive-singhraj04.jan@gmail.com/My Drive/SAHARA/Datasets/FSD50K/FSD50K.dev_audio/255650.wav,glass_break,fsd50k,0.0,fsd50k:255650
/Users/rajsingh/Library/CloudStorage/GoogleDrive-singhraj04.jan@gmail.com/My Drive/SAHARA/Datasets/FSD50K/FSD50K.dev_audio/255651.wav,glass_break,fsd50k,0.0,fsd50k:255651
/Users/rajsingh/Library/CloudStorage/GoogleDrive-singhraj04.jan@gmail.com/My Drive/SAHARA/Datasets/FSD50K/FSD50K.dev_audio/255652.wav,glass_break,fsd50k,0.0,fsd50k:255652
/Users/rajsingh/Library/CloudStorage/GoogleDrive-singhraj04.jan@gmail.com/My Drive/SAHARA/Datasets/FSD50K/FSD50K.dev_audio/242345.wav,glass_break,fsd50k,0.0,fsd50k:242345
/Users/rajsingh/Library/CloudStorage/GoogleDrive-singhraj04.jan@gmail.com/My Drive/SAHARA/Datasets/FSD50K/FSD50K.dev_audio/255654.wav,glass_break,fsd50k,0.0,fsd50k:255654
/Users/rajsingh/Library/CloudStorage/GoogleDrive-singhraj04.jan@gmail.com/My Drive/SAHARA/Datasets/FSD50K/FSD50K.dev_audio/255658.wav,glass_break,fsd50k,0.0,fsd50k:255658
/Users/rajsingh/Library/CloudStorage/GoogleDrive-singhraj04.jan@gmail.com/My Drive/SAHARA/Datasets/FSD50K/FSD50K.dev_audio/255659.wav,glass_break,fsd50k,0.0,fsd50k:255659
/Users/rajsingh/Library/CloudStorage/GoogleDrive-singhraj04.jan@gmail.com/My Drive/SAHARA/Datasets/FSD50K/FSD50K.dev_audio/255662.wav,glass_break,fsd50k,0.0,fsd50k:255662
/Users/rajsingh/Library/CloudStorage/GoogleDrive-singhraj04.jan@gmail.com/My Drive/SAHARA/Datasets/FSD50K/FSD50K.dev_audio/255668.wav,glass_break,fsd50k,0.0,fsd50k:255668
/Users/rajsingh/Library/CloudStorage/GoogleDrive-singhraj04.jan@gmail.com/My Drive/SAHARA/Datasets/FSD50K/FSD50K.dev_audio/242359.wav,glass_break,fsd50k,0.0,fsd50k:242359
/Users/rajsingh/Library/CloudStorage/GoogleDrive-singhraj04.jan@gmail.com/My Drive/SAHARA/Datasets/FSD50K/FSD50K.dev_audio/242360.wav,glass_break,fsd50k,0.0,fsd50k:242360
/Users/rajsingh/Library/CloudStorage/GoogleDrive-singhraj04.jan@gmail.com/My Drive/SAHARA/Datasets/FSD50K/FSD50K.dev_audio/242361.wav,glass_break,fsd50k,0.0,fsd50k:242361
/Users/rajsingh/Library/CloudStorage/GoogleDrive-singhraj04.jan@gmail.com/My Drive/SAHARA/Datasets/FSD50K/FSD50K.dev_audio/242362.wav,glass_break,fsd50k,0.0,fsd50k:242362
/Users/rajsingh/Library/CloudStorage/GoogleDrive-singhraj04.jan@gmail.com/My Drive/SAHARA/Datasets/FSD50K/FSD50K.dev_audio/242363.wav,glass_break,fsd50k,0.0,fsd50k:242363
/Users/rajsingh/Library/CloudStorage/GoogleDrive-singhraj04.jan@gmail.com/My Drive/SAHARA/Datasets/FSD50K/FSD50K.dev_audio/47804.wav,glass_break,fsd50k,0.0,fsd50k:47804
/Users/rajsingh/Library/CloudStorage/GoogleDrive-singhraj04.jan@gmail.com/My Drive/SAHARA/Datasets/FSD50K/FSD50K.dev_audio/242367.wav,glass_break,fsd50k,0.0,fsd50k:242367
/Users/rajsingh/Library/CloudStorage/GoogleDrive-singhraj04.jan@gmail.com/My Drive/SAHARA/Datasets/FSD50K/FSD50K.dev_audio/186049.wav,glass_break,fsd50k,0.0,fsd50k:186049
/Users/rajsingh/Library/CloudStorage/GoogleDrive-singhraj04.jan@gmail.com/My Drive/SAHARA/Datasets/FSD50K/FSD50K.dev_audio/114371.wav,glass_break,fsd50k,0.0,fsd50k:114371
/Users/rajsingh/Library/CloudStorage/GoogleDrive-singhraj04.jan@gmail.com/My Drive/SAHARA/Datasets/FSD50K/FSD50K.dev_audio/114374.wav,glass_break,fsd50k,0.0,fsd50k:114374
/Users/rajsingh/Library/CloudStorage/GoogleDrive-singhraj04.jan@gmail.com/My Drive/SAHARA/Datasets/FSD50K/FSD50K.dev_audio/242376.wav,glass_break,fsd50k,0.0,fsd50k:242376
/Users/rajsingh/Library/CloudStorage/GoogleDrive-singhraj04.jan@gmail.com/My Drive/SAHARA/Datasets/FSD50K/FSD50K.dev_audio/242377.wav,glass_break,fsd50k,0.0,fsd50k:242377
/Users/rajsingh/Library/CloudStorage/GoogleDrive-singhraj04.jan@gmail.com/My Drive/SAHARA/Datasets/FSD50K/FSD50K.dev_audio/368330.wav,glass_break,fsd50k,0.0,fsd50k:368330
/Users/rajsingh/Library/CloudStorage/GoogleDrive-singhraj04.jan@gmail.com/My Drive/SAHARA/Datasets/FSD50K/FSD50K.dev_audio/89805.wav,glass_break,fsd50k,0.0,fsd50k:89805
/Users/rajsingh/Library/CloudStorage/GoogleDrive-singhraj04.jan@gmail.com/My Drive/SAHARA/Datasets/FSD50K/FSD50K.dev_audio/242384.wav,glass_break,fsd50k,0.0,fsd50k:242384
/Users/rajsingh/Library/CloudStorage/GoogleDrive-singhraj04.jan@gmail.com/My Drive/SAHARA/Datasets/FSD50K/FSD50K.dev_audio/89809.wav,glass_break,fsd50k,0.0,fsd50k:89809
/Users/rajsingh/Library/CloudStorage/GoogleDrive-singhraj04.jan@gmail.com/My Drive/SAHARA/Datasets/FSD50K/FSD50K.dev_audio/89811.wav,glass_break,fsd50k,0.0,fsd50k:89811
/Users/rajsingh/Library/CloudStorage/GoogleDrive-singhraj04.jan@gmail.com/My Drive/SAHARA/Datasets/FSD50K/FSD50K.dev_audio/89812.wav,glass_break,fsd50k,0.0,fsd50k:89812
/Users/rajsingh/Library/CloudStorage/GoogleDrive-singhraj04.jan@gmail.com/My Drive/SAHARA/Datasets/FSD50K/FSD50K.dev_audio/242389.wav,glass_break,fsd50k,0.0,fsd50k:242389
/Users/rajsingh/Library/CloudStorage/GoogleDrive-singhraj04.jan@gmail.com/My Drive/SAHARA/Datasets/FSD50K/FSD50K.dev_audio/89813.wav,glass_break,fsd50k,0.0,fsd50k:89813
/Users/rajsingh/Library/CloudStorage/GoogleDrive-singhraj04.jan@gmail.com/My Drive/SAHARA/Datasets/FSD50K/FSD50K.dev_audio/242391.wav,glass_break,fsd50k,0.0,fsd50k:242391
/Users/rajsingh/Library/CloudStorage/GoogleDrive-singhraj04.jan@gmail.com/My Drive/SAHARA/Datasets/FSD50K/FSD50K.dev_audio/89815.wav,glass_break,fsd50k,0.0,fsd50k:89815
/Users/rajsingh/Library/CloudStorage/GoogleDrive-singhraj04.jan@gmail.com/My Drive/SAHARA/Datasets/FSD50K/FSD50K.dev_audio/242394.wav,glass_break,fsd50k,0.0,fsd50k:242394
/Users/rajsingh/Library/CloudStorage/GoogleDrive-singhraj04.jan@gmail.com/My Drive/SAHARA/Datasets/FSD50K/FSD50K.dev_audio/242395.wav,glass_break,fsd50k,0.0,fsd50k:242395
/Users/rajsingh/Library/CloudStorage/GoogleDrive-singhraj04.jan@gmail.com/My Drive/SAHARA/Datasets/FSD50K/FSD50K.dev_audio/89821.wav,glass_break,fsd50k,0.0,fsd50k:89821
/Users/rajsingh/Library/CloudStorage/GoogleDrive-singhraj04.jan@gmail.com/My Drive/SAHARA/Datasets/FSD50K/FSD50K.dev_audio/368352.wav,glass_break,fsd50k,0.0,fsd50k:368352
/Users/rajsingh/Library/CloudStorage/GoogleDrive-singhraj04.jan@gmail.com/My Drive/SAHARA/Datasets/FSD50K/FSD50K.dev_audio/89825.wav,glass_break,fsd50k,0.0,fsd50k:89825
/Users/rajsingh/Library/CloudStorage/GoogleDrive-singhraj04.jan@gmail.com/My Drive/SAHARA/Datasets/FSD50K/FSD50K.dev_audio/199400.wav,glass_break,fsd50k,0.0,fsd50k:199400
/Users/rajsingh/Library/CloudStorage/GoogleDrive-singhraj04.jan@gmail.com/My Drive/SAHARA/Datasets/FSD50K/FSD50K.dev_audio/406249.wav,glass_break,fsd50k,0.0,fsd50k:406249
/Users/rajsingh/Library/CloudStorage/GoogleDrive-singhraj04.jan@gmail.com/My Drive/SAHARA/Datasets/FSD50K/FSD50K.dev_audio/89834.wav,glass_break,fsd50k,0.0,fsd50k:89834
/Users/rajsingh/Library/CloudStorage/GoogleDrive-singhraj04.jan@gmail.com/My Drive/SAHARA/Datasets/FSD50K/FSD50K.dev_audio/88811.wav,glass_break,fsd50k,0.0,fsd50k:88811
/Users/rajsingh/Library/CloudStorage/GoogleDrive-singhraj04.jan@gmail.com/My Drive/SAHARA/Datasets/FSD50K/FSD50K.dev_audio/406251.wav,glass_break,fsd50k,0.0,fsd50k:406251
/Users/rajsingh/Library/CloudStorage/GoogleDrive-singhraj04.jan@gmail.com/My Drive/SAHARA/Datasets/FSD50K/FSD50K.dev_audio/393965.wav,glass_break,fsd50k,0.0,fsd50k:393965
/Users/rajsingh/Library/CloudStorage/GoogleDrive-singhraj04.jan@gmail.com/My Drive/SAHARA/Datasets/FSD50K/FSD50K.dev_audio/88820.wav,glass_break,fsd50k,0.0,fsd50k:88820
/Users/rajsingh/Library/CloudStorage/GoogleDrive-singhraj04.jan@gmail.com/My Drive/SAHARA/Datasets/FSD50K/FSD50K.dev_audio/88821.wav,glass_break,fsd50k,0.0,fsd50k:88821
/Users/rajsingh/Library/CloudStorage/GoogleDrive-singhraj04.jan@gmail.com/My Drive/SAHARA/Datasets/FSD50K/FSD50K.dev_audio/88822.wav,glass_break,fsd50k,0.0,fsd50k:88822
/Users/rajsingh/Library/CloudStorage/GoogleDrive-singhraj04.jan@gmail.com/My Drive/SAHARA/Datasets/FSD50K/FSD50K.dev_audio/88826.wav,glass_break,fsd50k,0.0,fsd50k:88826
/Users/rajsingh/Library/CloudStorage/GoogleDrive-singhraj04.jan@gmail.com/My Drive/SAHARA/Datasets/FSD50K/FSD50K.dev_audio/415482.wav,glass_break,fsd50k,0.0,fsd50k:415482
/Users/rajsingh/Library/CloudStorage/GoogleDrive-singhraj04.jan@gmail.com/My Drive/SAHARA/Datasets/FSD50K/FSD50K.dev_audio/88829.wav,glass_break,fsd50k,0.0,fsd50k:88829
/Users/rajsingh/Library/CloudStorage/GoogleDrive-singhraj04.jan@gmail.com/My Drive/SAHARA/Datasets/FSD50K/FSD50K.dev_audio/242433.wav,glass_break,fsd50k,0.0,fsd50k:242433
/Users/rajsingh/Library/CloudStorage/GoogleDrive-singhraj04.jan@gmail.com/My Drive/SAHARA/Datasets/FSD50K/FSD50K.dev_audio/89859.wav,glass_break,fsd50k,0.0,fsd50k:89859
/Users/rajsingh/Library/CloudStorage/GoogleDrive-singhraj04.jan@gmail.com/My Drive/SAHARA/Datasets/FSD50K/FSD50K.dev_audio/88837.wav,glass_break,fsd50k,0.0,fsd50k:88837
/Users/rajsingh/Library/CloudStorage/GoogleDrive-singhraj04.jan@gmail.com/My Drive/SAHARA/Datasets/FSD50K/FSD50K.dev_audio/88838.wav,glass_break,fsd50k,0.0,fsd50k:88838
/Users/rajsingh/Library/CloudStorage/GoogleDrive-singhraj04.jan@gmail.com/My Drive/SAHARA/Datasets/FSD50K/FSD50K.dev_audio/88839.wav,glass_break,fsd50k,0.0,fsd50k:88839
/Users/rajsingh/Library/CloudStorage/GoogleDrive-singhraj04.jan@gmail.com/My Drive/SAHARA/Datasets/FSD50K/FSD50K.dev_audio/197383.wav,glass_break,fsd50k,0.0,fsd50k:197383
/Users/rajsingh/Library/CloudStorage/GoogleDrive-singhraj04.jan@gmail.com/My Drive/SAHARA/Datasets/FSD50K/FSD50K.dev_audio/88841.wav,glass_break,fsd50k,0.0,fsd50k:88841
/Users/rajsingh/Library/CloudStorage/GoogleDrive-singhraj04.jan@gmail.com/My Drive/SAHARA/Datasets/FSD50K/FSD50K.dev_audio/89860.wav,glass_break,fsd50k,0.0,fsd50k:89860
/Users/rajsingh/Library/CloudStorage/GoogleDrive-singhraj04.jan@gmail.com/My Drive/SAHARA/Datasets/FSD50K/FSD50K.dev_audio/242443.wav,glass_break,fsd50k,0.0,fsd50k:242443
/Users/rajsingh/Library/CloudStorage/GoogleDrive-singhraj04.jan@gmail.com/My Drive/SAHARA/Datasets/FSD50K/FSD50K.dev_audio/242444.wav,glass_break,fsd50k,0.0,fsd50k:242444
/Users/rajsingh/Library/CloudStorage/GoogleDrive-singhraj04.jan@gmail.com/My Drive/SAHARA/Datasets/FSD50K/FSD50K.dev_audio/88843.wav,glass_break,fsd50k,0.0,fsd50k:88843
/Users/rajsingh/Library/CloudStorage/GoogleDrive-singhraj04.jan@gmail.com/My Drive/SAHARA/Datasets/FSD50K/FSD50K.dev_audio/94987.wav,glass_break,fsd50k,0.0,fsd50k:94987
/Users/rajsingh/Library/CloudStorage/GoogleDrive-singhraj04.jan@gmail.com/My Drive/SAHARA/Datasets/FSD50K/FSD50K.dev_audio/89862.wav,glass_break,fsd50k,0.0,fsd50k:89862
/Users/rajsingh/Library/CloudStorage/GoogleDrive-singhraj04.jan@gmail.com/My Drive/SAHARA/Datasets/FSD50K/FSD50K.dev_audio/151305.wav,glass_break,fsd50k,0.0,fsd50k:151305
/Users/rajsingh/Library/CloudStorage/GoogleDrive-singhraj04.jan@gmail.com/My Drive/SAHARA/Datasets/FSD50K/FSD50K.dev_audio/89866.wav,glass_break,fsd50k,0.0,fsd50k:89866
/Users/rajsingh/Library/CloudStorage/GoogleDrive-singhraj04.jan@gmail.com/My Drive/SAHARA/Datasets/FSD50K/FSD50K.dev_audio/88850.wav,glass_break,fsd50k,0.0,fsd50k:88850
/Users/rajsingh/Library/CloudStorage/GoogleDrive-singhraj04.jan@gmail.com/My Drive/SAHARA/Datasets/FSD50K/FSD50K.dev_audio/89870.wav,glass_break,fsd50k,0.0,fsd50k:89870
/Users/rajsingh/Library/CloudStorage/GoogleDrive-singhraj04.jan@gmail.com/My Drive/SAHARA/Datasets/FSD50K/FSD50K.dev_audio/242453.wav,glass_break,fsd50k,0.0,fsd50k:242453
/Users/rajsingh/Library/CloudStorage/GoogleDrive-singhraj04.jan@gmail.com/My Drive/SAHARA/Datasets/FSD50K/FSD50K.dev_audio/242454.wav,glass_break,fsd50k,0.0,fsd50k:242454
/Users/rajsingh/Library/CloudStorage/GoogleDrive-singhraj04.jan@gmail.com/My Drive/SAHARA/Datasets/FSD50K/FSD50K.dev_audio/88855.wav,glass_break,fsd50k,0.0,fsd50k:88855
/Users/rajsingh/Library/CloudStorage/GoogleDrive-singhraj04.jan@gmail.com/My Drive/SAHARA/Datasets/FSD50K/FSD50K.dev_audio/88856.wav,glass_break,fsd50k,0.0,fsd50k:88856
/Users/rajsingh/Library/CloudStorage/GoogleDrive-singhraj04.jan@gmail.com/My Drive/SAHARA/Datasets/FSD50K/FSD50K.dev_audio/88857.wav,glass_break,fsd50k,0.0,fsd50k:88857
/Users/rajsingh/Library/CloudStorage/GoogleDrive-singhraj04.jan@gmail.com/My Drive/SAHARA/Datasets/FSD50K/FSD50K.dev_audio/88858.wav,glass_break,fsd50k,0.0,fsd50k:88858
/Users/rajsingh/Library/CloudStorage/GoogleDrive-singhraj04.jan@gmail.com/My Drive/SAHARA/Datasets/FSD50K/FSD50K.dev_audio/88859.wav,glass_break,fsd50k,0.0,fsd50k:88859
/Users/rajsingh/Library/CloudStorage/GoogleDrive-singhraj04.jan@gmail.com/My Drive/SAHARA/Datasets/FSD50K/FSD50K.dev_audio/242460.wav,glass_break,fsd50k,0.0,fsd50k:242460
/Users/rajsingh/Library/CloudStorage/GoogleDrive-singhraj04.jan@gmail.com/My Drive/SAHARA/Datasets/FSD50K/FSD50K.dev_audio/242457.wav,glass_break,fsd50k,0.0,fsd50k:242457
/Users/rajsingh/Library/CloudStorage/GoogleDrive-singhraj04.jan@gmail.com/My Drive/SAHARA/Datasets/FSD50K/FSD50K.dev_audio/88862.wav,glass_break,fsd50k,0.0,fsd50k:88862
/Users/rajsingh/Library/CloudStorage/GoogleDrive-singhraj04.jan@gmail.com/My Drive/SAHARA/Datasets/FSD50K/FSD50K.dev_audio/242462.wav,glass_break,fsd50k,0.0,fsd50k:242462
/Users/rajsingh/Library/CloudStorage/GoogleDrive-singhraj04.jan@gmail.com/My Drive/SAHARA/Datasets/FSD50K/FSD50K.dev_audio/89884.wav,glass_break,fsd50k,0.0,fsd50k:89884
/Users/rajsingh/Library/CloudStorage/GoogleDrive-singhraj04.jan@gmail.com/My Drive/SAHARA/Datasets/FSD50K/FSD50K.dev_audio/89886.wav,glass_break,fsd50k,0.0,fsd50k:89886
/Users/rajsingh/Library/CloudStorage/GoogleDrive-singhraj04.jan@gmail.com/My Drive/SAHARA/Datasets/FSD50K/FSD50K.dev_audio/88866.wav,glass_break,fsd50k,0.0,fsd50k:88866
/Users/rajsingh/Library/CloudStorage/GoogleDrive-singhraj04.jan@gmail.com/My Drive/SAHARA/Datasets/FSD50K/FSD50K.dev_audio/88870.wav,glass_break,fsd50k,0.0,fsd50k:88870
/Users/rajsingh/Library/CloudStorage/GoogleDrive-singhraj04.jan@gmail.com/My Drive/SAHARA/Datasets/FSD50K/FSD50K.dev_audio/88871.wav,glass_break,fsd50k,0.0,fsd50k:88871
/Users/rajsingh/Library/CloudStorage/GoogleDrive-singhraj04.jan@gmail.com/My Drive/SAHARA/Datasets/FSD50K/FSD50K.dev_audio/88872.wav,glass_break,fsd50k,0.0,fsd50k:88872
/Users/rajsingh/Library/CloudStorage/GoogleDrive-singhraj04.jan@gmail.com/My Drive/SAHARA/Datasets/FSD50K/FSD50K.dev_audio/88876.wav,glass_break,fsd50k,0.0,fsd50k:88876
/Users/rajsingh/Library/CloudStorage/GoogleDrive-singhraj04.jan@gmail.com/My Drive/SAHARA/Datasets/FSD50K/FSD50K.dev_audio/88881.wav,glass_break,fsd50k,0.0,fsd50k:88881
/Users/rajsingh/Library/CloudStorage/GoogleDrive-singhraj04.jan@gmail.com/My Drive/SAHARA/Datasets/FSD50K/FSD50K.dev_audio/89907.wav,glass_break,fsd50k,0.0,fsd50k:89907
/Users/rajsingh/Library/CloudStorage/GoogleDrive-singhraj04.jan@gmail.com/My Drive/SAHARA/Datasets/FSD50K/FSD50K.dev_audio/88884.wav,glass_break,fsd50k,0.0,fsd50k:88884
/Users/rajsingh/Library/CloudStorage/GoogleDrive-singhraj04.jan@gmail.com/My Drive/SAHARA/Datasets/FSD50K/FSD50K.dev_audio/89908.wav,glass_break,fsd50k,0.0,fsd50k:89908
/Users/rajsingh/Library/CloudStorage/GoogleDrive-singhraj04.jan@gmail.com/My Drive/SAHARA/Datasets/FSD50K/FSD50K.dev_audio/88886.wav,glass_break,fsd50k,0.0,fsd50k:88886
/Users/rajsingh/Library/CloudStorage/GoogleDrive-singhraj04.jan@gmail.com/My Drive/SAHARA/Datasets/FSD50K/FSD50K.dev_audio/89909.wav,glass_break,fsd50k,0.0,fsd50k:89909
/Users/rajsingh/Library/CloudStorage/GoogleDrive-singhraj04.jan@gmail.com/My Drive/SAHARA/Datasets/FSD50K/FSD50K.dev_audio/88888.wav,glass_break,fsd50k,0.0,fsd50k:88888
/Users/rajsingh/Library/CloudStorage/GoogleDrive-singhraj04.jan@gmail.com/My Drive/SAHARA/Datasets/FSD50K/FSD50K.dev_audio/132918.wav,glass_break,fsd50k,0.0,fsd50k:132918
/Users/rajsingh/Library/CloudStorage/GoogleDrive-singhraj04.jan@gmail.com/My Drive/SAHARA/Datasets/FSD50K/FSD50K.dev_audio/89911.wav,glass_break,fsd50k,0.0,fsd50k:89911
/Users/rajsingh/Library/CloudStorage/GoogleDrive-singhraj04.jan@gmail.com/My Drive/SAHARA/Datasets/FSD50K/FSD50K.dev_audio/88891.wav,glass_break,fsd50k,0.0,fsd50k:88891
/Users/rajsingh/Library/CloudStorage/GoogleDrive-singhraj04.jan@gmail.com/My Drive/SAHARA/Datasets/FSD50K/FSD50K.dev_audio/88892.wav,glass_break,fsd50k,0.0,fsd50k:88892
/Users/rajsingh/Library/CloudStorage/GoogleDrive-singhraj04.jan@gmail.com/My Drive/SAHARA/Datasets/FSD50K/FSD50K.dev_audio/88893.wav,glass_break,fsd50k,0.0,fsd50k:88893
/Users/rajsingh/Library/CloudStorage/GoogleDrive-singhraj04.jan@gmail.com/My Drive/SAHARA/Datasets/FSD50K/FSD50K.dev_audio/89912.wav,glass_break,fsd50k,0.0,fsd50k:89912
/Users/rajsingh/Library/CloudStorage/GoogleDrive-singhraj04.jan@gmail.com/My Drive/SAHARA/Datasets/FSD50K/FSD50K.dev_audio/88895.wav,glass_break,fsd50k,0.0,fsd50k:88895
/Users/rajsingh/Library/CloudStorage/GoogleDrive-singhraj04.jan@gmail.com/My Drive/SAHARA/Datasets/FSD50K/FSD50K.dev_audio/89914.wav,glass_break,fsd50k,0.0,fsd50k:89914
/Users/rajsingh/Library/CloudStorage/GoogleDrive-singhraj04.jan@gmail.com/My Drive/SAHARA/Datasets/FSD50K/FSD50K.dev_audio/89915.wav,glass_break,fsd50k,0.0,fsd50k:89915
/Users/rajsingh/Library/CloudStorage/GoogleDrive-singhraj04.jan@gmail.com/My Drive/SAHARA/Datasets/FSD50K/FSD50K.dev_audio/88898.wav,glass_break,fsd50k,0.0,fsd50k:88898
/Users/rajsingh/Library/CloudStorage/GoogleDrive-singhraj04.jan@gmail.com/My Drive/SAHARA/Datasets/FSD50K/FSD50K.dev_audio/89916.wav,glass_break,fsd50k,0.0,fsd50k:89916
/Users/rajsingh/Library/CloudStorage/GoogleDrive-singhraj04.jan@gmail.com/My Drive/SAHARA/Datasets/FSD50K/FSD50K.dev_audio/88900.wav,glass_break,fsd50k,0.0,fsd50k:88900
/Users/rajsingh/Library/CloudStorage/GoogleDrive-singhraj04.jan@gmail.com/My Drive/SAHARA/Datasets/FSD50K/FSD50K.dev_audio/89917.wav,glass_break,fsd50k,0.0,fsd50k:89917
/Users/rajsingh/Library/CloudStorage/GoogleDrive-singhraj04.jan@gmail.com/My Drive/SAHARA/Datasets/FSD50K/FSD50K.dev_audio/89921.wav,glass_break,fsd50k,0.0,fsd50k:89921
/Users/rajsingh/Library/CloudStorage/GoogleDrive-singhraj04.jan@gmail.com/My Drive/SAHARA/Datasets/FSD50K/FSD50K.dev_audio/88903.wav,glass_break,fsd50k,0.0,fsd50k:88903
/Users/rajsingh/Library/CloudStorage/GoogleDrive-singhraj04.jan@gmail.com/My Drive/SAHARA/Datasets/FSD50K/FSD50K.dev_audio/89922.wav,glass_break,fsd50k,0.0,fsd50k:89922
/Users/rajsingh/Library/CloudStorage/GoogleDrive-singhraj04.jan@gmail.com/My Drive/SAHARA/Datasets/FSD50K/FSD50K.dev_audio/89923.wav,glass_break,fsd50k,0.0,fsd50k:89923
/Users/rajsingh/Library/CloudStorage/GoogleDrive-singhraj04.jan@gmail.com/My Drive/SAHARA/Datasets/FSD50K/FSD50K.dev_audio/89924.wav,glass_break,fsd50k,0.0,fsd50k:89924
/Users/rajsingh/Library/CloudStorage/GoogleDrive-singhraj04.jan@gmail.com/My Drive/SAHARA/Datasets/FSD50K/FSD50K.dev_audio/166732.wav,glass_break,fsd50k,0.0,fsd50k:166732
/Users/rajsingh/Library/CloudStorage/GoogleDrive-singhraj04.jan@gmail.com/My Drive/SAHARA/Datasets/FSD50K/FSD50K.dev_audio/89925.wav,glass_break,fsd50k,0.0,fsd50k:89925
/Users/rajsingh/Library/CloudStorage/GoogleDrive-singhraj04.jan@gmail.com/My Drive/SAHARA/Datasets/FSD50K/FSD50K.dev_audio/88910.wav,glass_break,fsd50k,0.0,fsd50k:88910
/Users/rajsingh/Library/CloudStorage/GoogleDrive-singhraj04.jan@gmail.com/My Drive/SAHARA/Datasets/FSD50K/FSD50K.dev_audio/88912.wav,glass_break,fsd50k,0.0,fsd50k:88912
/Users/rajsingh/Library/CloudStorage/GoogleDrive-singhraj04.jan@gmail.com/My Drive/SAHARA/Datasets/FSD50K/FSD50K.dev_audio/88914.wav,glass_break,fsd50k,0.0,fsd50k:88914
/Users/rajsingh/Library/CloudStorage/GoogleDrive-singhraj04.jan@gmail.com/My Drive/SAHARA/Datasets/FSD50K/FSD50K.dev_audio/88915.wav,glass_break,fsd50k,0.0,fsd50k:88915
/Users/rajsingh/Library/CloudStorage/GoogleDrive-singhraj04.jan@gmail.com/My Drive/SAHARA/Datasets/FSD50K/FSD50K.dev_audio/238418.wav,glass_break,fsd50k,0.0,fsd50k:238418
/Users/rajsingh/Library/CloudStorage/GoogleDrive-singhraj04.jan@gmail.com/My Drive/SAHARA/Datasets/FSD50K/FSD50K.dev_audio/71510.wav,glass_break,fsd50k,0.0,fsd50k:71510
/Users/rajsingh/Library/CloudStorage/GoogleDrive-singhraj04.jan@gmail.com/My Drive/SAHARA/Datasets/FSD50K/FSD50K.dev_audio/51038.wav,glass_break,fsd50k,0.0,fsd50k:51038
/Users/rajsingh/Library/CloudStorage/GoogleDrive-singhraj04.jan@gmail.com/My Drive/SAHARA/Datasets/FSD50K/FSD50K.dev_audio/208740.wav,glass_break,fsd50k,0.0,fsd50k:208740
/Users/rajsingh/Library/CloudStorage/GoogleDrive-singhraj04.jan@gmail.com/My Drive/SAHARA/Datasets/FSD50K/FSD50K.dev_audio/208741.wav,glass_break,fsd50k,0.0,fsd50k:208741
/Users/rajsingh/Library/CloudStorage/GoogleDrive-singhraj04.jan@gmail.com/My Drive/SAHARA/Datasets/FSD50K/FSD50K.dev_audio/259949.wav,glass_break,fsd50k,0.0,fsd50k:259949
/Users/rajsingh/Library/CloudStorage/GoogleDrive-singhraj04.jan@gmail.com/My Drive/SAHARA/Datasets/FSD50K/FSD50K.dev_audio/88951.wav,glass_break,fsd50k,0.0,fsd50k:88951
/Users/rajsingh/Library/CloudStorage/GoogleDrive-singhraj04.jan@gmail.com/My Drive/SAHARA/Datasets/FSD50K/FSD50K.dev_audio/88952.wav,glass_break,fsd50k,0.0,fsd50k:88952
/Users/rajsingh/Library/CloudStorage/GoogleDrive-singhraj04.jan@gmail.com/My Drive/SAHARA/Datasets/FSD50K/FSD50K.dev_audio/88953.wav,glass_break,fsd50k,0.0,fsd50k:88953
/Users/rajsingh/Library/CloudStorage/GoogleDrive-singhraj04.jan@gmail.com/My Drive/SAHARA/Datasets/FSD50K/FSD50K.dev_audio/63353.wav,glass_break,fsd50k,0.0,fsd50k:63353
/Users/rajsingh/Library/CloudStorage/GoogleDrive-singhraj04.jan@gmail.com/My Drive/SAHARA/Datasets/FSD50K/FSD50K.dev_audio/88955.wav,glass_break,fsd50k,0.0,fsd50k:88955
/Users/rajsingh/Library/CloudStorage/GoogleDrive-singhraj04.jan@gmail.com/My Drive/SAHARA/Datasets/FSD50K/FSD50K.dev_audio/88958.wav,glass_break,fsd50k,0.0,fsd50k:88958
/Users/rajsingh/Library/CloudStorage/GoogleDrive-singhraj04.jan@gmail.com/My Drive/SAHARA/Datasets/FSD50K/FSD50K.dev_audio/89910.wav,glass_break,fsd50k,0.0,fsd50k:89910
/Users/rajsingh/Library/CloudStorage/GoogleDrive-singhraj04.jan@gmail.com/My Drive/SAHARA/Datasets/FSD50K/FSD50K.dev_audio/88962.wav,glass_break,fsd50k,0.0,fsd50k:88962
/Users/rajsingh/Library/CloudStorage/GoogleDrive-singhraj04.jan@gmail.com/My Drive/SAHARA/Datasets/FSD50K/FSD50K.dev_audio/353155.wav,glass_break,fsd50k,0.0,fsd50k:353155
/Users/rajsingh/Library/CloudStorage/GoogleDrive-singhraj04.jan@gmail.com/My Drive/SAHARA/Datasets/FSD50K/FSD50K.dev_audio/88969.wav,glass_break,fsd50k,0.0,fsd50k:88969
/Users/rajsingh/Library/CloudStorage/GoogleDrive-singhraj04.jan@gmail.com/My Drive/SAHARA/Datasets/FSD50K/FSD50K.dev_audio/65418.wav,glass_break,fsd50k,0.0,fsd50k:65418
/Users/rajsingh/Library/CloudStorage/GoogleDrive-singhraj04.jan@gmail.com/My Drive/SAHARA/Datasets/FSD50K/FSD50K.dev_audio/88971.wav,glass_break,fsd50k,0.0,fsd50k:88971
/Users/rajsingh/Library/CloudStorage/GoogleDrive-singhraj04.jan@gmail.com/My Drive/SAHARA/Datasets/FSD50K/FSD50K.dev_audio/88975.wav,glass_break,fsd50k,0.0,fsd50k:88975
/Users/rajsingh/Library/CloudStorage/GoogleDrive-singhraj04.jan@gmail.com/My Drive/SAHARA/Datasets/FSD50K/FSD50K.dev_audio/88976.wav,glass_break,fsd50k,0.0,fsd50k:88976
/Users/rajsingh/Library/CloudStorage/GoogleDrive-singhraj04.jan@gmail.com/My Drive/SAHARA/Datasets/FSD50K/FSD50K.dev_audio/112546.wav,glass_break,fsd50k,0.0,fsd50k:112546
/Users/rajsingh/Library/CloudStorage/GoogleDrive-singhraj04.jan@gmail.com/My Drive/SAHARA/Datasets/FSD50K/FSD50K.dev_audio/126889.wav,glass_break,fsd50k,0.0,fsd50k:126889
/Users/rajsingh/Library/CloudStorage/GoogleDrive-singhraj04.jan@gmail.com/My Drive/SAHARA/Datasets/FSD50K/FSD50K.dev_audio/324555.wav,glass_break,fsd50k,0.0,fsd50k:324555
/Users/rajsingh/Library/CloudStorage/GoogleDrive-singhraj04.jan@gmail.com/My Drive/SAHARA/Datasets/FSD50K/FSD50K.dev_audio/9164.wav,glass_break,fsd50k,0.0,fsd50k:9164
/Users/rajsingh/Library/CloudStorage/GoogleDrive-singhraj04.jan@gmail.com/My Drive/SAHARA/Datasets/FSD50K/FSD50K.dev_audio/324557.wav,glass_break,fsd50k,0.0,fsd50k:324557
/Users/rajsingh/Library/CloudStorage/GoogleDrive-singhraj04.jan@gmail.com/My Drive/SAHARA/Datasets/FSD50K/FSD50K.dev_audio/377805.wav,glass_break,fsd50k,0.0,fsd50k:377805
/Users/rajsingh/Library/CloudStorage/GoogleDrive-singhraj04.jan@gmail.com/My Drive/SAHARA/Datasets/FSD50K/FSD50K.dev_audio/219090.wav,glass_break,fsd50k,0.0,fsd50k:219090
/Users/rajsingh/Library/CloudStorage/GoogleDrive-singhraj04.jan@gmail.com/My Drive/SAHARA/Datasets/FSD50K/FSD50K.dev_audio/378850.wav,glass_break,fsd50k,0.0,fsd50k:378850
/Users/rajsingh/Library/CloudStorage/GoogleDrive-singhraj04.jan@gmail.com/My Drive/SAHARA/Datasets/FSD50K/FSD50K.dev_audio/179171.wav,glass_break,fsd50k,0.0,fsd50k:179171
/Users/rajsingh/Library/CloudStorage/GoogleDrive-singhraj04.jan@gmail.com/My Drive/SAHARA/Datasets/FSD50K/FSD50K.dev_audio/179172.wav,glass_break,fsd50k,0.0,fsd50k:179172
/Users/rajsingh/Library/CloudStorage/GoogleDrive-singhraj04.jan@gmail.com/My Drive/SAHARA/Datasets/FSD50K/FSD50K.dev_audio/179173.wav,glass_break,fsd50k,0.0,fsd50k:179173
/Users/rajsingh/Library/CloudStorage/GoogleDrive-singhraj04.jan@gmail.com/My Drive/SAHARA/Datasets/FSD50K/FSD50K.dev_audio/179174.wav,glass_break,fsd50k,0.0,fsd50k:179174
/Users/rajsingh/Library/CloudStorage/GoogleDrive-singhraj04.jan@gmail.com/My Drive/SAHARA/Datasets/FSD50K/FSD50K.dev_audio/179175.wav,glass_break,fsd50k,0.0,fsd50k:179175
/Users/rajsingh/Library/CloudStorage/GoogleDrive-singhraj04.jan@gmail.com/My Drive/SAHARA/Datasets/FSD50K/FSD50K.dev_audio/235496.wav,glass_break,fsd50k,0.0,fsd50k:235496
/Users/rajsingh/Library/CloudStorage/GoogleDrive-singhraj04.jan@gmail.com/My Drive/SAHARA/Datasets/FSD50K/FSD50K.dev_audio/179177.wav,glass_break,fsd50k,0.0,fsd50k:179177
/Users/rajsingh/Library/CloudStorage/GoogleDrive-singhraj04.jan@gmail.com/My Drive/SAHARA/Datasets/FSD50K/FSD50K.dev_audio/383978.wav,glass_break,fsd50k,0.0,fsd50k:383978
/Users/rajsingh/Library/CloudStorage/GoogleDrive-singhraj04.jan@gmail.com/My Drive/SAHARA/Datasets/FSD50K/FSD50K.dev_audio/235497.wav,glass_break,fsd50k,0.0,fsd50k:235497
/Users/rajsingh/Library/CloudStorage/GoogleDrive-singhraj04.jan@gmail.com/My Drive/SAHARA/Datasets/FSD50K/FSD50K.dev_audio/9205.wav,glass_break,fsd50k,0.0,fsd50k:9205
/Users/rajsingh/Library/CloudStorage/GoogleDrive-singhraj04.jan@gmail.com/My Drive/SAHARA/Datasets/FSD50K/FSD50K.dev_audio/9206.wav,glass_break,fsd50k,0.0,fsd50k:9206
/Users/rajsingh/Library/CloudStorage/GoogleDrive-singhraj04.jan@gmail.com/My Drive/SAHARA/Datasets/FSD50K/FSD50K.dev_audio/360438.wav,glass_break,fsd50k,0.0,fsd50k:360438
/Users/rajsingh/Library/CloudStorage/GoogleDrive-singhraj04.jan@gmail.com/My Drive/SAHARA/Datasets/FSD50K/FSD50K.dev_audio/120527.wav,glass_break,fsd50k,0.0,fsd50k:120527
/Users/rajsingh/Library/CloudStorage/GoogleDrive-singhraj04.jan@gmail.com/My Drive/SAHARA/Datasets/FSD50K/FSD50K.dev_audio/120528.wav,glass_break,fsd50k,0.0,fsd50k:120528
/Users/rajsingh/Library/CloudStorage/GoogleDrive-singhraj04.jan@gmail.com/My Drive/SAHARA/Datasets/FSD50K/FSD50K.dev_audio/163731.wav,glass_break,fsd50k,0.0,fsd50k:163731
/Users/rajsingh/Library/CloudStorage/GoogleDrive-singhraj04.jan@gmail.com/My Drive/SAHARA/Datasets/FSD50K/FSD50K.dev_audio/434144.wav,glass_break,fsd50k,0.0,fsd50k:434144
/Users/rajsingh/Library/CloudStorage/GoogleDrive-singhraj04.jan@gmail.com/My Drive/SAHARA/Datasets/FSD50K/FSD50K.dev_audio/327494.wav,glass_break,fsd50k,0.0,fsd50k:327494
/Users/rajsingh/Library/CloudStorage/GoogleDrive-singhraj04.jan@gmail.com/My Drive/SAHARA/Datasets/FSD50K/FSD50K.dev_audio/109754.wav,glass_break,fsd50k,0.0,fsd50k:109754
/Users/rajsingh/Library/CloudStorage/GoogleDrive-singhraj04.jan@gmail.com/My Drive/SAHARA/Datasets/FSD50K/FSD50K.dev_audio/236064.wav,dog_bark,fsd50k,0.0,fsd50k:236064
/Users/rajsingh/Library/CloudStorage/GoogleDrive-singhraj04.jan@gmail.com/My Drive/SAHARA/Datasets/FSD50K/FSD50K.dev_audio/236107.wav,dog_bark,fsd50k,0.0,fsd50k:236107
/Users/rajsingh/Library/CloudStorage/GoogleDrive-singhraj04.jan@gmail.com/My Drive/SAHARA/Datasets/FSD50K/FSD50K.dev_audio/236129.wav,dog_bark,fsd50k,0.0,fsd50k:236129
/Users/rajsingh/Library/CloudStorage/GoogleDrive-singhraj04.jan@gmail.com/My Drive/SAHARA/Datasets/FSD50K/FSD50K.dev_audio/236130.wav,dog_bark,fsd50k,0.0,fsd50k:236130
/Users/rajsingh/Library/CloudStorage/GoogleDrive-singhraj04.jan@gmail.com/My Drive/SAHARA/Datasets/FSD50K/FSD50K.dev_audio/236132.wav,dog_bark,fsd50k,0.0,fsd50k:236132
/Users/rajsingh/Library/CloudStorage/GoogleDrive-singhraj04.jan@gmail.com/My Drive/SAHARA/Datasets/FSD50K/FSD50K.dev_audio/236164.wav,dog_bark,fsd50k,0.0,fsd50k:236164
/Users/rajsingh/Library/CloudStorage/GoogleDrive-singhraj04.jan@gmail.com/My Drive/SAHARA/Datasets/FSD50K/FSD50K.dev_audio/236209.wav,dog_bark,fsd50k,0.0,fsd50k:236209
/Users/rajsingh/Library/CloudStorage/GoogleDrive-singhraj04.jan@gmail.com/My Drive/SAHARA/Datasets/FSD50K/FSD50K.dev_audio/236224.wav,dog_bark,fsd50k,0.0,fsd50k:236224
/Users/rajsingh/Library/CloudStorage/GoogleDrive-singhraj04.jan@gmail.com/My Drive/SAHARA/Datasets/FSD50K/FSD50K.dev_audio/236231.wav,dog_bark,fsd50k,0.0,fsd50k:236231
/Users/rajsingh/Library/CloudStorage/GoogleDrive-singhraj04.jan@gmail.com/My Drive/SAHARA/Datasets/FSD50K/FSD50K.dev_audio/236254.wav,dog_bark,fsd50k,0.0,fsd50k:236254
/Users/rajsingh/Library/CloudStorage/GoogleDrive-singhraj04.jan@gmail.com/My Drive/SAHARA/Datasets/FSD50K/FSD50K.dev_audio/236268.wav,dog_bark,fsd50k,0.0,fsd50k:236268
/Users/rajsingh/Library/CloudStorage/GoogleDrive-singhraj04.jan@gmail.com/My Drive/SAHARA/Datasets/FSD50K/FSD50K.dev_audio/236277.wav,dog_bark,fsd50k,0.0,fsd50k:236277
/Users/rajsingh/Library/CloudStorage/GoogleDrive-singhraj04.jan@gmail.com/My Drive/SAHARA/Datasets/FSD50K/FSD50K.dev_audio/261589.wav,siren,fsd50k,0.0,fsd50k:261589
/Users/rajsingh/Library/CloudStorage/GoogleDrive-singhraj04.jan@gmail.com/My Drive/SAHARA/Datasets/FSD50K/FSD50K.dev_audio/261589.wav,appliance_beep,fsd50k,0.0,fsd50k:261589
/Users/rajsingh/Library/CloudStorage/GoogleDrive-singhraj04.jan@gmail.com/My Drive/SAHARA/Datasets/FSD50K/FSD50K.dev_audio/416732.wav,glass_break,fsd50k,0.0,fsd50k:416732
/Users/rajsingh/Library/CloudStorage/GoogleDrive-singhraj04.jan@gmail.com/My Drive/SAHARA/Datasets/FSD50K/FSD50K.dev_audio/433721.wav,glass_break,fsd50k,0.0,fsd50k:433721
/Users/rajsingh/Library/CloudStorage/GoogleDrive-singhraj04.jan@gmail.com/My Drive/SAHARA/Datasets/FSD50K/FSD50K.dev_audio/69207.wav,appliance_beep,fsd50k,0.0,fsd50k:69207
/Users/rajsingh/Library/CloudStorage/GoogleDrive-singhraj04.jan@gmail.com/My Drive/SAHARA/Datasets/FSD50K/FSD50K.dev_audio/367624.wav,glass_break,fsd50k,0.0,fsd50k:367624
/Users/rajsingh/Library/CloudStorage/GoogleDrive-singhraj04.jan@gmail.com/My Drive/SAHARA/Datasets/FSD50K/FSD50K.dev_audio/355340.wav,glass_break,fsd50k,0.0,fsd50k:355340
/Users/rajsingh/Library/CloudStorage/GoogleDrive-singhraj04.jan@gmail.com/My Drive/SAHARA/Datasets/FSD50K/FSD50K.dev_audio/249873.wav,glass_break,fsd50k,0.0,fsd50k:249873
/Users/rajsingh/Library/CloudStorage/GoogleDrive-singhraj04.jan@gmail.com/My Drive/SAHARA/Datasets/FSD50K/FSD50K.dev_audio/249874.wav,glass_break,fsd50k,0.0,fsd50k:249874
/Users/rajsingh/Library/CloudStorage/GoogleDrive-singhraj04.jan@gmail.com/My Drive/SAHARA/Datasets/FSD50K/FSD50K.dev_audio/254993.wav,glass_break,fsd50k,0.0,fsd50k:254993
/Users/rajsingh/Library/CloudStorage/GoogleDrive-singhraj04.jan@gmail.com/My Drive/SAHARA/Datasets/FSD50K/FSD50K.dev_audio/179227.wav,glass_break,fsd50k,0.0,fsd50k:179227
/Users/rajsingh/Library/CloudStorage/GoogleDrive-singhraj04.jan@gmail.com/My Drive/SAHARA/Datasets/FSD50K/FSD50K.dev_audio/179228.wav,glass_break,fsd50k,0.0,fsd50k:179228
/Users/rajsingh/Library/CloudStorage/GoogleDrive-singhraj04.jan@gmail.com/My Drive/SAHARA/Datasets/FSD50K/FSD50K.dev_audio/179229.wav,glass_break,fsd50k,0.0,fsd50k:179229
/Users/rajsingh/Library/CloudStorage/GoogleDrive-singhraj04.jan@gmail.com/My Drive/SAHARA/Datasets/FSD50K/FSD50K.dev_audio/179230.wav,glass_break,fsd50k,0.0,fsd50k:179230
/Users/rajsingh/Library/CloudStorage/GoogleDrive-singhraj04.jan@gmail.com/My Drive/SAHARA/Datasets/FSD50K/FSD50K.dev_audio/179231.wav,glass_break,fsd50k,0.0,fsd50k:179231
/Users/rajsingh/Library/CloudStorage/GoogleDrive-singhraj04.jan@gmail.com/My Drive/SAHARA/Datasets/FSD50K/FSD50K.dev_audio/179232.wav,glass_break,fsd50k,0.0,fsd50k:179232
/Users/rajsingh/Library/CloudStorage/GoogleDrive-singhraj04.jan@gmail.com/My Drive/SAHARA/Datasets/FSD50K/FSD50K.dev_audio/179233.wav,glass_break,fsd50k,0.0,fsd50k:179233
/Users/rajsingh/Library/CloudStorage/GoogleDrive-singhraj04.jan@gmail.com/My Drive/SAHARA/Datasets/FSD50K/FSD50K.dev_audio/179234.wav,glass_break,fsd50k,0.0,fsd50k:179234
/Users/rajsingh/Library/CloudStorage/GoogleDrive-singhraj04.jan@gmail.com/My Drive/SAHARA/Datasets/FSD50K/FSD50K.dev_audio/179235.wav,glass_break,fsd50k,0.0,fsd50k:179235
/Users/rajsingh/Library/CloudStorage/GoogleDrive-singhraj04.jan@gmail.com/My Drive/SAHARA/Datasets/FSD50K/FSD50K.dev_audio/179236.wav,glass_break,fsd50k,0.0,fsd50k:179236
/Users/rajsingh/Library/CloudStorage/GoogleDrive-singhraj04.jan@gmail.com/My Drive/SAHARA/Datasets/FSD50K/FSD50K.dev_audio/324645.wav,glass_break,fsd50k,0.0,fsd50k:324645
/Users/rajsingh/Library/CloudStorage/GoogleDrive-singhraj04.jan@gmail.com/My Drive/SAHARA/Datasets/FSD50K/FSD50K.dev_audio/179239.wav,glass_break,fsd50k,0.0,fsd50k:179239
/Users/rajsingh/Library/CloudStorage/GoogleDrive-singhraj04.jan@gmail.com/My Drive/SAHARA/Datasets/FSD50K/FSD50K.dev_audio/179240.wav,glass_break,fsd50k,0.0,fsd50k:179240
/Users/rajsingh/Library/CloudStorage/GoogleDrive-singhraj04.jan@gmail.com/My Drive/SAHARA/Datasets/FSD50K/FSD50K.dev_audio/179241.wav,glass_break,fsd50k,0.0,fsd50k:179241
/Users/rajsingh/Library/CloudStorage/GoogleDrive-singhraj04.jan@gmail.com/My Drive/SAHARA/Datasets/FSD50K/FSD50K.dev_audio/179242.wav,glass_break,fsd50k,0.0,fsd50k:179242
/Users/rajsingh/Library/CloudStorage/GoogleDrive-singhraj04.jan@gmail.com/My Drive/SAHARA/Datasets/FSD50K/FSD50K.dev_audio/322603.wav,glass_break,fsd50k,0.0,fsd50k:322603
/Users/rajsingh/Library/CloudStorage/GoogleDrive-singhraj04.jan@gmail.com/My Drive/SAHARA/Datasets/FSD50K/FSD50K.dev_audio/322602.wav,glass_break,fsd50k,0.0,fsd50k:322602
/Users/rajsingh/Library/CloudStorage/GoogleDrive-singhraj04.jan@gmail.com/My Drive/SAHARA/Datasets/FSD50K/FSD50K.dev_audio/195624.wav,glass_break,fsd50k,0.0,fsd50k:195624
/Users/rajsingh/Library/CloudStorage/GoogleDrive-singhraj04.jan@gmail.com/My Drive/SAHARA/Datasets/FSD50K/FSD50K.dev_audio/68654.wav,glass_break,fsd50k,0.0,fsd50k:68654
/Users/rajsingh/Library/CloudStorage/GoogleDrive-singhraj04.jan@gmail.com/My Drive/SAHARA/Datasets/FSD50K/FSD50K.dev_audio/179249.wav,glass_break,fsd50k,0.0,fsd50k:179249
/Users/rajsingh/Library/CloudStorage/GoogleDrive-singhraj04.jan@gmail.com/My Drive/SAHARA/Datasets/FSD50K/FSD50K.dev_audio/179250.wav,glass_break,fsd50k,0.0,fsd50k:179250
/Users/rajsingh/Library/CloudStorage/GoogleDrive-singhraj04.jan@gmail.com/My Drive/SAHARA/Datasets/FSD50K/FSD50K.dev_audio/179251.wav,glass_break,fsd50k,0.0,fsd50k:179251
/Users/rajsingh/Library/CloudStorage/GoogleDrive-singhraj04.jan@gmail.com/My Drive/SAHARA/Datasets/FSD50K/FSD50K.dev_audio/349240.wav,glass_break,fsd50k,0.0,fsd50k:349240
/Users/rajsingh/Library/CloudStorage/GoogleDrive-singhraj04.jan@gmail.com/My Drive/SAHARA/Datasets/FSD50K/FSD50K.dev_audio/179259.wav,glass_break,fsd50k,0.0,fsd50k:179259
/Users/rajsingh/Library/CloudStorage/GoogleDrive-singhraj04.jan@gmail.com/My Drive/SAHARA/Datasets/FSD50K/FSD50K.dev_audio/179263.wav,glass_break,fsd50k,0.0,fsd50k:179263
/Users/rajsingh/Library/CloudStorage/GoogleDrive-singhraj04.jan@gmail.com/My Drive/SAHARA/Datasets/FSD50K/FSD50K.dev_audio/179264.wav,glass_break,fsd50k,0.0,fsd50k:179264
/Users/rajsingh/Library/CloudStorage/GoogleDrive-singhraj04.jan@gmail.com/My Drive/SAHARA/Datasets/FSD50K/FSD50K.dev_audio/179265.wav,glass_break,fsd50k,0.0,fsd50k:179265
/Users/rajsingh/Library/CloudStorage/GoogleDrive-singhraj04.jan@gmail.com/My Drive/SAHARA/Datasets/FSD50K/FSD50K.dev_audio/371786.wav,glass_break,fsd50k,0.0,fsd50k:371786
/Users/rajsingh/Library/CloudStorage/GoogleDrive-singhraj04.jan@gmail.com/My Drive/SAHARA/Datasets/FSD50K/FSD50K.dev_audio/352331.wav,glass_break,fsd50k,0.0,fsd50k:352331
/Users/rajsingh/Library/CloudStorage/GoogleDrive-singhraj04.jan@gmail.com/My Drive/SAHARA/Datasets/FSD50K/FSD50K.dev_audio/272489.wav,glass_break,fsd50k,0.0,fsd50k:272489
/Users/rajsingh/Library/CloudStorage/GoogleDrive-singhraj04.jan@gmail.com/My Drive/SAHARA/Datasets/FSD50K/FSD50K.dev_audio/387177.wav,glass_break,fsd50k,0.0,fsd50k:387177
/Users/rajsingh/Library/CloudStorage/GoogleDrive-singhraj04.jan@gmail.com/My Drive/SAHARA/Datasets/FSD50K/FSD50K.dev_audio/85107.wav,glass_break,fsd50k,0.0,fsd50k:85107
/Users/rajsingh/Library/CloudStorage/GoogleDrive-singhraj04.jan@gmail.com/My Drive/SAHARA/Datasets/FSD50K/FSD50K.dev_audio/93299.wav,glass_break,fsd50k,0.0,fsd50k:93299
/Users/rajsingh/Library/CloudStorage/GoogleDrive-singhraj04.jan@gmail.com/My Drive/SAHARA/Datasets/FSD50K/FSD50K.dev_audio/194682.wav,glass_break,fsd50k,0.0,fsd50k:194682
/Users/rajsingh/Library/CloudStorage/GoogleDrive-singhraj04.jan@gmail.com/My Drive/SAHARA/Datasets/FSD50K/FSD50K.dev_audio/194683.wav,glass_break,fsd50k,0.0,fsd50k:194683
/Users/rajsingh/Library/CloudStorage/GoogleDrive-singhraj04.jan@gmail.com/My Drive/SAHARA/Datasets/FSD50K/FSD50K.dev_audio/194684.wav,glass_break,fsd50k,0.0,fsd50k:194684
/Users/rajsingh/Library/CloudStorage/GoogleDrive-singhraj04.jan@gmail.com/My Drive/SAHARA/Datasets/FSD50K/FSD50K.dev_audio/194685.wav,glass_break,fsd50k,0.0,fsd50k:194685
/Users/rajsingh/Library/CloudStorage/GoogleDrive-singhraj04.jan@gmail.com/My Drive/SAHARA/Datasets/FSD50K/FSD50K.dev_audio/124030.wav,glass_break,fsd50k,0.0,fsd50k:124030
/Users/rajsingh/Library/CloudStorage/GoogleDrive-singhraj04.jan@gmail.com/My Drive/SAHARA/Datasets/FSD50K/FSD50K.dev_audio/233605.wav,glass_break,fsd50k,0.0,fsd50k:233605
/Users/rajsingh/Library/CloudStorage/GoogleDrive-singhraj04.jan@gmail.com/My Drive/SAHARA/Datasets/FSD50K/FSD50K.dev_audio/233606.wav,glass_break,fsd50k,0.0,fsd50k:233606
/Users/rajsingh/Library/CloudStorage/GoogleDrive-singhraj04.jan@gmail.com/My Drive/SAHARA/Datasets/FSD50K/FSD50K.dev_audio/233607.wav,glass_break,fsd50k,0.0,fsd50k:233607
/Users/rajsingh/Library/CloudStorage/GoogleDrive-singhraj04.jan@gmail.com/My Drive/SAHARA/Datasets/FSD50K/FSD50K.dev_audio/379015.wav,glass_break,fsd50k,0.0,fsd50k:379015
/Users/rajsingh/Library/CloudStorage/GoogleDrive-singhraj04.jan@gmail.com/My Drive/SAHARA/Datasets/FSD50K/FSD50K.dev_audio/255114.wav,glass_break,fsd50k,0.0,fsd50k:255114
/Users/rajsingh/Library/CloudStorage/GoogleDrive-singhraj04.jan@gmail.com/My Drive/SAHARA/Datasets/FSD50K/FSD50K.dev_audio/145558.wav,glass_break,fsd50k,0.0,fsd50k:145558
/Users/rajsingh/Library/CloudStorage/GoogleDrive-singhraj04.jan@gmail.com/My Drive/SAHARA/Datasets/FSD50K/FSD50K.dev_audio/145559.wav,glass_break,fsd50k,0.0,fsd50k:145559
/Users/rajsingh/Library/CloudStorage/GoogleDrive-singhraj04.jan@gmail.com/My Drive/SAHARA/Datasets/FSD50K/FSD50K.dev_audio/145562.wav,glass_break,fsd50k,0.0,fsd50k:145562
/Users/rajsingh/Library/CloudStorage/GoogleDrive-singhraj04.jan@gmail.com/My Drive/SAHARA/Datasets/FSD50K/FSD50K.dev_audio/145563.wav,glass_break,fsd50k,0.0,fsd50k:145563
/Users/rajsingh/Library/CloudStorage/GoogleDrive-singhraj04.jan@gmail.com/My Drive/SAHARA/Datasets/FSD50K/FSD50K.dev_audio/367770.wav,glass_break,fsd50k,0.0,fsd50k:367770
/Users/rajsingh/Library/CloudStorage/GoogleDrive-singhraj04.jan@gmail.com/My Drive/SAHARA/Datasets/FSD50K/FSD50K.dev_audio/213153.wav,glass_break,fsd50k,0.0,fsd50k:213153
/Users/rajsingh/Library/CloudStorage/GoogleDrive-singhraj04.jan@gmail.com/My Drive/SAHARA/Datasets/FSD50K/FSD50K.dev_audio/213154.wav,glass_break,fsd50k,0.0,fsd50k:213154
/Users/rajsingh/Library/CloudStorage/GoogleDrive-singhraj04.jan@gmail.com/My Drive/SAHARA/Datasets/FSD50K/FSD50K.dev_audio/213156.wav,glass_break,fsd50k,0.0,fsd50k:213156
/Users/rajsingh/Library/CloudStorage/GoogleDrive-singhraj04.jan@gmail.com/My Drive/SAHARA/Datasets/FSD50K/FSD50K.dev_audio/213158.wav,glass_break,fsd50k,0.0,fsd50k:213158
/Users/rajsingh/Library/CloudStorage/GoogleDrive-singhraj04.jan@gmail.com/My Drive/SAHARA/Datasets/FSD50K/FSD50K.dev_audio/213159.wav,glass_break,fsd50k,0.0,fsd50k:213159
/Users/rajsingh/Library/CloudStorage/GoogleDrive-singhraj04.jan@gmail.com/My Drive/SAHARA/Datasets/FSD50K/FSD50K.dev_audio/213160.wav,glass_break,fsd50k,0.0,fsd50k:213160
/Users/rajsingh/Library/CloudStorage/GoogleDrive-singhraj04.jan@gmail.com/My Drive/SAHARA/Datasets/FSD50K/FSD50K.dev_audio/213161.wav,glass_break,fsd50k,0.0,fsd50k:213161
/Users/rajsingh/Library/CloudStorage/GoogleDrive-singhraj04.jan@gmail.com/My Drive/SAHARA/Datasets/FSD50K/FSD50K.dev_audio/213162.wav,glass_break,fsd50k,0.0,fsd50k:213162
/Users/rajsingh/Library/CloudStorage/GoogleDrive-singhraj04.jan@gmail.com/My Drive/SAHARA/Datasets/FSD50K/FSD50K.dev_audio/213163.wav,glass_break,fsd50k,0.0,fsd50k:213163
/Users/rajsingh/Library/CloudStorage/GoogleDrive-singhraj04.jan@gmail.com/My Drive/SAHARA/Datasets/FSD50K/FSD50K.dev_audio/213164.wav,glass_break,fsd50k,0.0,fsd50k:213164
/Users/rajsingh/Library/CloudStorage/GoogleDrive-singhraj04.jan@gmail.com/My Drive/SAHARA/Datasets/FSD50K/FSD50K.dev_audio/213165.wav,glass_break,fsd50k,0.0,fsd50k:213165
/Users/rajsingh/Library/CloudStorage/GoogleDrive-singhraj04.jan@gmail.com/My Drive/SAHARA/Datasets/FSD50K/FSD50K.dev_audio/85168.wav,glass_break,fsd50k,0.0,fsd50k:85168
/Users/rajsingh/Library/CloudStorage/GoogleDrive-singhraj04.jan@gmail.com/My Drive/SAHARA/Datasets/FSD50K/FSD50K.dev_audio/270515.wav,glass_break,fsd50k,0.0,fsd50k:270515
/Users/rajsingh/Library/CloudStorage/GoogleDrive-singhraj04.jan@gmail.com/My Drive/SAHARA/Datasets/FSD50K/FSD50K.dev_audio/270516.wav,glass_break,fsd50k,0.0,fsd50k:270516
/Users/rajsingh/Library/CloudStorage/GoogleDrive-singhraj04.jan@gmail.com/My Drive/SAHARA/Datasets/FSD50K/FSD50K.dev_audio/270517.wav,glass_break,fsd50k,0.0,fsd50k:270517
/Users/rajsingh/Library/CloudStorage/GoogleDrive-singhraj04.jan@gmail.com/My Drive/SAHARA/Datasets/FSD50K/FSD50K.dev_audio/270518.wav,glass_break,fsd50k,0.0,fsd50k:270518
/Users/rajsingh/Library/CloudStorage/GoogleDrive-singhraj04.jan@gmail.com/My Drive/SAHARA/Datasets/FSD50K/FSD50K.dev_audio/372919.wav,glass_break,fsd50k,0.0,fsd50k:372919
/Users/rajsingh/Library/CloudStorage/GoogleDrive-singhraj04.jan@gmail.com/My Drive/SAHARA/Datasets/FSD50K/FSD50K.dev_audio/85184.wav,glass_break,fsd50k,0.0,fsd50k:85184
/Users/rajsingh/Library/CloudStorage/GoogleDrive-singhraj04.jan@gmail.com/My Drive/SAHARA/Datasets/FSD50K/FSD50K.dev_audio/344265.wav,glass_break,fsd50k,0.0,fsd50k:344265
/Users/rajsingh/Library/CloudStorage/GoogleDrive-singhraj04.jan@gmail.com/My Drive/SAHARA/Datasets/FSD50K/FSD50K.dev_audio/344266.wav,glass_break,fsd50k,0.0,fsd50k:344266
/Users/rajsingh/Library/CloudStorage/GoogleDrive-singhraj04.jan@gmail.com/My Drive/SAHARA/Datasets/FSD50K/FSD50K.dev_audio/344267.wav,glass_break,fsd50k,0.0,fsd50k:344267
/Users/rajsingh/Library/CloudStorage/GoogleDrive-singhraj04.jan@gmail.com/My Drive/SAHARA/Datasets/FSD50K/FSD50K.dev_audio/344268.wav,glass_break,fsd50k,0.0,fsd50k:344268
/Users/rajsingh/Library/CloudStorage/GoogleDrive-singhraj04.jan@gmail.com/My Drive/SAHARA/Datasets/FSD50K/FSD50K.dev_audio/344269.wav,glass_break,fsd50k,0.0,fsd50k:344269
/Users/rajsingh/Library/CloudStorage/GoogleDrive-singhraj04.jan@gmail.com/My Drive/SAHARA/Datasets/FSD50K/FSD50K.dev_audio/344270.wav,glass_break,fsd50k,0.0,fsd50k:344270
/Users/rajsingh/Library/CloudStorage/GoogleDrive-singhraj04.jan@gmail.com/My Drive/SAHARA/Datasets/FSD50K/FSD50K.dev_audio/344271.wav,glass_break,fsd50k,0.0,fsd50k:344271
/Users/rajsingh/Library/CloudStorage/GoogleDrive-singhraj04.jan@gmail.com/My Drive/SAHARA/Datasets/FSD50K/FSD50K.dev_audio/115916.wav,glass_break,fsd50k,0.0,fsd50k:115916
/Users/rajsingh/Library/CloudStorage/GoogleDrive-singhraj04.jan@gmail.com/My Drive/SAHARA/Datasets/FSD50K/FSD50K.dev_audio/255182.wav,glass_break,fsd50k,0.0,fsd50k:255182
/Users/rajsingh/Library/CloudStorage/GoogleDrive-singhraj04.jan@gmail.com/My Drive/SAHARA/Datasets/FSD50K/FSD50K.dev_audio/115922.wav,glass_break,fsd50k,0.0,fsd50k:115922
/Users/rajsingh/Library/CloudStorage/GoogleDrive-singhraj04.jan@gmail.com/My Drive/SAHARA/Datasets/FSD50K/FSD50K.dev_audio/71897.wav,glass_break,fsd50k,0.0,fsd50k:71897
/Users/rajsingh/Library/CloudStorage/GoogleDrive-singhraj04.jan@gmail.com/My Drive/SAHARA/Datasets/FSD50K/FSD50K.dev_audio/216281.wav,glass_break,fsd50k,0.0,fsd50k:216281
/Users/rajsingh/Library/CloudStorage/GoogleDrive-singhraj04.jan@gmail.com/My Drive/SAHARA/Datasets/FSD50K/FSD50K.dev_audio/216282.wav,glass_break,fsd50k,0.0,fsd50k:216282
/Users/rajsingh/Library/CloudStorage/GoogleDrive-singhraj04.jan@gmail.com/My Drive/SAHARA/Datasets/FSD50K/FSD50K.dev_audio/426204.wav,glass_break,fsd50k,0.0,fsd50k:426204
/Users/rajsingh/Library/CloudStorage/GoogleDrive-singhraj04.jan@gmail.com/My Drive/SAHARA/Datasets/FSD50K/FSD50K.dev_audio/426205.wav,glass_break,fsd50k,0.0,fsd50k:426205
/Users/rajsingh/Library/CloudStorage/GoogleDrive-singhraj04.jan@gmail.com/My Drive/SAHARA/Datasets/FSD50K/FSD50K.dev_audio/216283.wav,glass_break,fsd50k,0.0,fsd50k:216283
/Users/rajsingh/Library/CloudStorage/GoogleDrive-singhraj04.jan@gmail.com/My Drive/SAHARA/Datasets/FSD50K/FSD50K.dev_audio/216284.wav,glass_break,fsd50k,0.0,fsd50k:216284
/Users/rajsingh/Library/CloudStorage/GoogleDrive-singhraj04.jan@gmail.com/My Drive/SAHARA/Datasets/FSD50K/FSD50K.dev_audio/216286.wav,glass_break,fsd50k,0.0,fsd50k:216286
/Users/rajsingh/Library/CloudStorage/GoogleDrive-singhraj04.jan@gmail.com/My Drive/SAHARA/Datasets/FSD50K/FSD50K.dev_audio/216287.wav,glass_break,fsd50k,0.0,fsd50k:216287
/Users/rajsingh/Library/CloudStorage/GoogleDrive-singhraj04.jan@gmail.com/My Drive/SAHARA/Datasets/FSD50K/FSD50K.dev_audio/216288.wav,glass_break,fsd50k,0.0,fsd50k:216288
/Users/rajsingh/Library/CloudStorage/GoogleDrive-singhraj04.jan@gmail.com/My Drive/SAHARA/Datasets/FSD50K/FSD50K.dev_audio/216289.wav,glass_break,fsd50k,0.0,fsd50k:216289
/Users/rajsingh/Library/CloudStorage/GoogleDrive-singhraj04.jan@gmail.com/My Drive/SAHARA/Datasets/FSD50K/FSD50K.dev_audio/199906.wav,glass_break,fsd50k,0.0,fsd50k:199906
/Users/rajsingh/Library/CloudStorage/GoogleDrive-singhraj04.jan@gmail.com/My Drive/SAHARA/Datasets/FSD50K/FSD50K.dev_audio/216291.wav,glass_break,fsd50k,0.0,fsd50k:216291
/Users/rajsingh/Library/CloudStorage/GoogleDrive-singhraj04.jan@gmail.com/My Drive/SAHARA/Datasets/FSD50K/FSD50K.dev_audio/216290.wav,glass_break,fsd50k,0.0,fsd50k:216290
/Users/rajsingh/Library/CloudStorage/GoogleDrive-singhraj04.jan@gmail.com/My Drive/SAHARA/Datasets/FSD50K/FSD50K.dev_audio/216293.wav,glass_break,fsd50k,0.0,fsd50k:216293
/Users/rajsingh/Library/CloudStorage/GoogleDrive-singhraj04.jan@gmail.com/My Drive/SAHARA/Datasets/FSD50K/FSD50K.dev_audio/216292.wav,glass_break,fsd50k,0.0,fsd50k:216292
/Users/rajsingh/Library/CloudStorage/GoogleDrive-singhraj04.jan@gmail.com/My Drive/SAHARA/Datasets/FSD50K/FSD50K.dev_audio/216294.wav,glass_break,fsd50k,0.0,fsd50k:216294
/Users/rajsingh/Library/CloudStorage/GoogleDrive-singhraj04.jan@gmail.com/My Drive/SAHARA/Datasets/FSD50K/FSD50K.dev_audio/216296.wav,glass_break,fsd50k,0.0,fsd50k:216296
/Users/rajsingh/Library/CloudStorage/GoogleDrive-singhraj04.jan@gmail.com/My Drive/SAHARA/Datasets/FSD50K/FSD50K.dev_audio/216298.wav,glass_break,fsd50k,0.0,fsd50k:216298
/Users/rajsingh/Library/CloudStorage/GoogleDrive-singhraj04.jan@gmail.com/My Drive/SAHARA/Datasets/FSD50K/FSD50K.dev_audio/216299.wav,glass_break,fsd50k,0.0,fsd50k:216299
/Users/rajsingh/Library/CloudStorage/GoogleDrive-singhraj04.jan@gmail.com/My Drive/SAHARA/Datasets/FSD50K/FSD50K.dev_audio/273647.wav,glass_break,fsd50k,0.0,fsd50k:273647
/Users/rajsingh/Library/CloudStorage/GoogleDrive-singhraj04.jan@gmail.com/My Drive/SAHARA/Datasets/FSD50K/FSD50K.dev_audio/434437.wav,glass_break,fsd50k,0.0,fsd50k:434437
/Users/rajsingh/Library/CloudStorage/GoogleDrive-singhraj04.jan@gmail.com/My Drive/SAHARA/Datasets/FSD50K/FSD50K.dev_audio/434438.wav,glass_break,fsd50k,0.0,fsd50k:434438
/Users/rajsingh/Library/CloudStorage/GoogleDrive-singhraj04.jan@gmail.com/My Drive/SAHARA/Datasets/FSD50K/FSD50K.dev_audio/434439.wav,glass_break,fsd50k,0.0,fsd50k:434439
/Users/rajsingh/Library/CloudStorage/GoogleDrive-singhraj04.jan@gmail.com/My Drive/SAHARA/Datasets/FSD50K/FSD50K.dev_audio/434440.wav,glass_break,fsd50k,0.0,fsd50k:434440
/Users/rajsingh/Library/CloudStorage/GoogleDrive-singhraj04.jan@gmail.com/My Drive/SAHARA/Datasets/FSD50K/FSD50K.dev_audio/93449.wav,glass_break,fsd50k,0.0,fsd50k:93449
/Users/rajsingh/Library/CloudStorage/GoogleDrive-singhraj04.jan@gmail.com/My Drive/SAHARA/Datasets/FSD50K/FSD50K.dev_audio/434441.wav,glass_break,fsd50k,0.0,fsd50k:434441
/Users/rajsingh/Library/CloudStorage/GoogleDrive-singhraj04.jan@gmail.com/My Drive/SAHARA/Datasets/FSD50K/FSD50K.dev_audio/434442.wav,glass_break,fsd50k,0.0,fsd50k:434442
/Users/rajsingh/Library/CloudStorage/GoogleDrive-singhraj04.jan@gmail.com/My Drive/SAHARA/Datasets/FSD50K/FSD50K.dev_audio/434443.wav,glass_break,fsd50k,0.0,fsd50k:434443
/Users/rajsingh/Library/CloudStorage/GoogleDrive-singhraj04.jan@gmail.com/My Drive/SAHARA/Datasets/FSD50K/FSD50K.dev_audio/71947.wav,glass_break,fsd50k,0.0,fsd50k:71947
/Users/rajsingh/Library/CloudStorage/GoogleDrive-singhraj04.jan@gmail.com/My Drive/SAHARA/Datasets/FSD50K/FSD50K.dev_audio/434444.wav,glass_break,fsd50k,0.0,fsd50k:434444
/Users/rajsingh/Library/CloudStorage/GoogleDrive-singhraj04.jan@gmail.com/My Drive/SAHARA/Datasets/FSD50K/FSD50K.dev_audio/434446.wav,glass_break,fsd50k,0.0,fsd50k:434446
/Users/rajsingh/Library/CloudStorage/GoogleDrive-singhraj04.jan@gmail.com/My Drive/SAHARA/Datasets/FSD50K/FSD50K.dev_audio/368905.wav,glass_break,fsd50k,0.0,fsd50k:368905
/Users/rajsingh/Library/CloudStorage/GoogleDrive-singhraj04.jan@gmail.com/My Drive/SAHARA/Datasets/FSD50K/FSD50K.dev_audio/434448.wav,glass_break,fsd50k,0.0,fsd50k:434448
/Users/rajsingh/Library/CloudStorage/GoogleDrive-singhraj04.jan@gmail.com/My Drive/SAHARA/Datasets/FSD50K/FSD50K.dev_audio/434449.wav,glass_break,fsd50k,0.0,fsd50k:434449
/Users/rajsingh/Library/CloudStorage/GoogleDrive-singhraj04.jan@gmail.com/My Drive/SAHARA/Datasets/FSD50K/FSD50K.dev_audio/434450.wav,glass_break,fsd50k,0.0,fsd50k:434450
/Users/rajsingh/Library/CloudStorage/GoogleDrive-singhraj04.jan@gmail.com/My Drive/SAHARA/Datasets/FSD50K/FSD50K.dev_audio/434451.wav,glass_break,fsd50k,0.0,fsd50k:434451
/Users/rajsingh/Library/CloudStorage/GoogleDrive-singhraj04.jan@gmail.com/My Drive/SAHARA/Datasets/FSD50K/FSD50K.dev_audio/387349.wav,glass_break,fsd50k,0.0,fsd50k:387349
/Users/rajsingh/Library/CloudStorage/GoogleDrive-singhraj04.jan@gmail.com/My Drive/SAHARA/Datasets/FSD50K/FSD50K.dev_audio/434447.wav,glass_break,fsd50k,0.0,fsd50k:434447
/Users/rajsingh/Library/CloudStorage/GoogleDrive-singhraj04.jan@gmail.com/My Drive/SAHARA/Datasets/FSD50K/FSD50K.dev_audio/368944.wav,glass_break,fsd50k,0.0,fsd50k:368944
/Users/rajsingh/Library/CloudStorage/GoogleDrive-singhraj04.jan@gmail.com/My Drive/SAHARA/Datasets/FSD50K/FSD50K.dev_audio/223552.wav,glass_break,fsd50k,0.0,fsd50k:223552
/Users/rajsingh/Library/CloudStorage/GoogleDrive-singhraj04.jan@gmail.com/My Drive/SAHARA/Datasets/FSD50K/FSD50K.dev_audio/214336.wav,glass_break,fsd50k,0.0,fsd50k:214336
/Users/rajsingh/Library/CloudStorage/GoogleDrive-singhraj04.jan@gmail.com/My Drive/SAHARA/Datasets/FSD50K/FSD50K.dev_audio/260432.wav,glass_break,fsd50k,0.0,fsd50k:260432
/Users/rajsingh/Library/CloudStorage/GoogleDrive-singhraj04.jan@gmail.com/My Drive/SAHARA/Datasets/FSD50K/FSD50K.dev_audio/260433.wav,glass_break,fsd50k,0.0,fsd50k:260433
/Users/rajsingh/Library/CloudStorage/GoogleDrive-singhraj04.jan@gmail.com/My Drive/SAHARA/Datasets/FSD50K/FSD50K.dev_audio/260434.wav,glass_break,fsd50k,0.0,fsd50k:260434
/Users/rajsingh/Library/CloudStorage/GoogleDrive-singhraj04.jan@gmail.com/My Drive/SAHARA/Datasets/FSD50K/FSD50K.dev_audio/204115.wav,glass_break,fsd50k,0.0,fsd50k:204115
/Users/rajsingh/Library/CloudStorage/GoogleDrive-singhraj04.jan@gmail.com/My Drive/SAHARA/Datasets/FSD50K/FSD50K.dev_audio/204119.wav,glass_break,fsd50k,0.0,fsd50k:204119
/Users/rajsingh/Library/CloudStorage/GoogleDrive-singhraj04.jan@gmail.com/My Drive/SAHARA/Datasets/FSD50K/FSD50K.dev_audio/221528.wav,glass_break,fsd50k,0.0,fsd50k:221528
/Users/rajsingh/Library/CloudStorage/GoogleDrive-singhraj04.jan@gmail.com/My Drive/SAHARA/Datasets/FSD50K/FSD50K.dev_audio/204120.wav,glass_break,fsd50k,0.0,fsd50k:204120
/Users/rajsingh/Library/CloudStorage/GoogleDrive-singhraj04.jan@gmail.com/My Drive/SAHARA/Datasets/FSD50K/FSD50K.dev_audio/204121.wav,glass_break,fsd50k,0.0,fsd50k:204121
/Users/rajsingh/Library/CloudStorage/GoogleDrive-singhraj04.jan@gmail.com/My Drive/SAHARA/Datasets/FSD50K/FSD50K.dev_audio/221531.wav,glass_break,fsd50k,0.0,fsd50k:221531
/Users/rajsingh/Library/CloudStorage/GoogleDrive-singhraj04.jan@gmail.com/My Drive/SAHARA/Datasets/FSD50K/FSD50K.dev_audio/221532.wav,glass_break,fsd50k,0.0,fsd50k:221532
/Users/rajsingh/Library/CloudStorage/GoogleDrive-singhraj04.jan@gmail.com/My Drive/SAHARA/Datasets/FSD50K/FSD50K.dev_audio/221533.wav,glass_break,fsd50k,0.0,fsd50k:221533
/Users/rajsingh/Library/CloudStorage/GoogleDrive-singhraj04.jan@gmail.com/My Drive/SAHARA/Datasets/FSD50K/FSD50K.dev_audio/204122.wav,glass_break,fsd50k,0.0,fsd50k:204122
/Users/rajsingh/Library/CloudStorage/GoogleDrive-singhraj04.jan@gmail.com/My Drive/SAHARA/Datasets/FSD50K/FSD50K.dev_audio/204123.wav,glass_break,fsd50k,0.0,fsd50k:204123
/Users/rajsingh/Library/CloudStorage/GoogleDrive-singhraj04.jan@gmail.com/My Drive/SAHARA/Datasets/FSD50K/FSD50K.dev_audio/204132.wav,glass_break,fsd50k,0.0,fsd50k:204132
/Users/rajsingh/Library/CloudStorage/GoogleDrive-singhraj04.jan@gmail.com/My Drive/SAHARA/Datasets/FSD50K/FSD50K.dev_audio/204133.wav,glass_break,fsd50k,0.0,fsd50k:204133
/Users/rajsingh/Library/CloudStorage/GoogleDrive-singhraj04.jan@gmail.com/My Drive/SAHARA/Datasets/FSD50K/FSD50K.dev_audio/204134.wav,glass_break,fsd50k,0.0,fsd50k:204134
/Users/rajsingh/Library/CloudStorage/GoogleDrive-singhraj04.jan@gmail.com/My Drive/SAHARA/Datasets/FSD50K/FSD50K.dev_audio/347496.wav,glass_break,fsd50k,0.0,fsd50k:347496
/Users/rajsingh/Library/CloudStorage/GoogleDrive-singhraj04.jan@gmail.com/My Drive/SAHARA/Datasets/FSD50K/FSD50K.dev_audio/204140.wav,glass_break,fsd50k,0.0,fsd50k:204140
/Users/rajsingh/Library/CloudStorage/GoogleDrive-singhraj04.jan@gmail.com/My Drive/SAHARA/Datasets/FSD50K/FSD50K.dev_audio/204141.wav,glass_break,fsd50k,0.0,fsd50k:204141
/Users/rajsingh/Library/CloudStorage/GoogleDrive-singhraj04.jan@gmail.com/My Drive/SAHARA/Datasets/FSD50K/FSD50K.dev_audio/65902.wav,glass_break,fsd50k,0.0,fsd50k:65902
/Users/rajsingh/Library/CloudStorage/GoogleDrive-singhraj04.jan@gmail.com/My Drive/SAHARA/Datasets/FSD50K/FSD50K.dev_audio/204143.wav,glass_break,fsd50k,0.0,fsd50k:204143
/Users/rajsingh/Library/CloudStorage/GoogleDrive-singhraj04.jan@gmail.com/My Drive/SAHARA/Datasets/FSD50K/FSD50K.dev_audio/204144.wav,glass_break,fsd50k,0.0,fsd50k:204144
/Users/rajsingh/Library/CloudStorage/GoogleDrive-singhraj04.jan@gmail.com/My Drive/SAHARA/Datasets/FSD50K/FSD50K.dev_audio/204142.wav,glass_break,fsd50k,0.0,fsd50k:204142
/Users/rajsingh/Library/CloudStorage/GoogleDrive-singhraj04.jan@gmail.com/My Drive/SAHARA/Datasets/FSD50K/FSD50K.dev_audio/162169.wav,glass_break,fsd50k,0.0,fsd50k:162169
/Users/rajsingh/Library/CloudStorage/GoogleDrive-singhraj04.jan@gmail.com/My Drive/SAHARA/Datasets/FSD50K/FSD50K.dev_audio/65918.wav,glass_break,fsd50k,0.0,fsd50k:65918
/Users/rajsingh/Library/CloudStorage/GoogleDrive-singhraj04.jan@gmail.com/My Drive/SAHARA/Datasets/FSD50K/FSD50K.dev_audio/376197.wav,glass_break,fsd50k,0.0,fsd50k:376197
/Users/rajsingh/Library/CloudStorage/GoogleDrive-singhraj04.jan@gmail.com/My Drive/SAHARA/Datasets/FSD50K/FSD50K.dev_audio/371091.wav,glass_break,fsd50k,0.0,fsd50k:371091
/Users/rajsingh/Library/CloudStorage/GoogleDrive-singhraj04.jan@gmail.com/My Drive/SAHARA/Datasets/FSD50K/FSD50K.dev_audio/371092.wav,glass_break,fsd50k,0.0,fsd50k:371092
/Users/rajsingh/Library/CloudStorage/GoogleDrive-singhraj04.jan@gmail.com/My Drive/SAHARA/Datasets/FSD50K/FSD50K.dev_audio/371093.wav,glass_break,fsd50k,0.0,fsd50k:371093
/Users/rajsingh/Library/CloudStorage/GoogleDrive-singhraj04.jan@gmail.com/My Drive/SAHARA/Datasets/FSD50K/FSD50K.dev_audio/412054.wav,glass_break,fsd50k,0.0,fsd50k:412054
/Users/rajsingh/Library/CloudStorage/GoogleDrive-singhraj04.jan@gmail.com/My Drive/SAHARA/Datasets/FSD50K/FSD50K.dev_audio/178582.wav,glass_break,fsd50k,0.0,fsd50k:178582
/Users/rajsingh/Library/CloudStorage/GoogleDrive-singhraj04.jan@gmail.com/My Drive/SAHARA/Datasets/FSD50K/FSD50K.dev_audio/378285.wav,glass_break,fsd50k,0.0,fsd50k:378285
/Users/rajsingh/Library/CloudStorage/GoogleDrive-singhraj04.jan@gmail.com/My Drive/SAHARA/Datasets/FSD50K/FSD50K.dev_audio/378289.wav,glass_break,fsd50k,0.0,fsd50k:378289
/Users/rajsingh/Library/CloudStorage/GoogleDrive-singhraj04.jan@gmail.com/My Drive/SAHARA/Datasets/FSD50K/FSD50K.dev_audio/118198.wav,glass_break,fsd50k,0.0,fsd50k:118198
/Users/rajsingh/Library/CloudStorage/GoogleDrive-singhraj04.jan@gmail.com/My Drive/SAHARA/Datasets/FSD50K/FSD50K.dev_audio/158140.wav,glass_break,fsd50k,0.0,fsd50k:158140
/Users/rajsingh/Library/CloudStorage/GoogleDrive-singhraj04.jan@gmail.com/My Drive/SAHARA/Datasets/FSD50K/FSD50K.dev_audio/158142.wav,glass_break,fsd50k,0.0,fsd50k:158142
/Users/rajsingh/Library/CloudStorage/GoogleDrive-singhraj04.jan@gmail.com/My Drive/SAHARA/Datasets/FSD50K/FSD50K.dev_audio/378321.wav,glass_break,fsd50k,0.0,fsd50k:378321
/Users/rajsingh/Library/CloudStorage/GoogleDrive-singhraj04.jan@gmail.com/My Drive/SAHARA/Datasets/FSD50K/FSD50K.dev_audio/257496.wav,glass_break,fsd50k,0.0,fsd50k:257496
/Users/rajsingh/Library/CloudStorage/GoogleDrive-singhraj04.jan@gmail.com/My Drive/SAHARA/Datasets/FSD50K/FSD50K.dev_audio/270811.wav,glass_break,fsd50k,0.0,fsd50k:270811
/Users/rajsingh/Library/CloudStorage/GoogleDrive-singhraj04.jan@gmail.com/My Drive/SAHARA/Datasets/FSD50K/FSD50K.dev_audio/270815.wav,glass_break,fsd50k,0.0,fsd50k:270815
/Users/rajsingh/Library/CloudStorage/GoogleDrive-singhraj04.jan@gmail.com/My Drive/SAHARA/Datasets/FSD50K/FSD50K.dev_audio/270816.wav,glass_break,fsd50k,0.0,fsd50k:270816
/Users/rajsingh/Library/CloudStorage/GoogleDrive-singhraj04.jan@gmail.com/My Drive/SAHARA/Datasets/FSD50K/FSD50K.dev_audio/92642.wav,glass_break,fsd50k,0.0,fsd50k:92642
/Users/rajsingh/Library/CloudStorage/GoogleDrive-singhraj04.jan@gmail.com/My Drive/SAHARA/Datasets/FSD50K/FSD50K.dev_audio/92643.wav,glass_break,fsd50k,0.0,fsd50k:92643
/Users/rajsingh/Library/CloudStorage/GoogleDrive-singhraj04.jan@gmail.com/My Drive/SAHARA/Datasets/FSD50K/FSD50K.dev_audio/92644.wav,glass_break,fsd50k,0.0,fsd50k:92644
/Users/rajsingh/Library/CloudStorage/GoogleDrive-singhraj04.jan@gmail.com/My Drive/SAHARA/Datasets/FSD50K/FSD50K.dev_audio/164328.wav,glass_break,fsd50k,0.0,fsd50k:164328
/Users/rajsingh/Library/CloudStorage/GoogleDrive-singhraj04.jan@gmail.com/My Drive/SAHARA/Datasets/FSD50K/FSD50K.dev_audio/164329.wav,glass_break,fsd50k,0.0,fsd50k:164329
/Users/rajsingh/Library/CloudStorage/GoogleDrive-singhraj04.jan@gmail.com/My Drive/SAHARA/Datasets/FSD50K/FSD50K.dev_audio/164330.wav,glass_break,fsd50k,0.0,fsd50k:164330
/Users/rajsingh/Library/CloudStorage/GoogleDrive-singhraj04.jan@gmail.com/My Drive/SAHARA/Datasets/FSD50K/FSD50K.dev_audio/164332.wav,glass_break,fsd50k,0.0,fsd50k:164332
/Users/rajsingh/Library/CloudStorage/GoogleDrive-singhraj04.jan@gmail.com/My Drive/SAHARA/Datasets/FSD50K/FSD50K.dev_audio/173557.wav,glass_break,fsd50k,0.0,fsd50k:173557
/Users/rajsingh/Library/CloudStorage/GoogleDrive-singhraj04.jan@gmail.com/My Drive/SAHARA/Datasets/FSD50K/FSD50K.dev_audio/173558.wav,glass_break,fsd50k,0.0,fsd50k:173558
/Users/rajsingh/Library/CloudStorage/GoogleDrive-singhraj04.jan@gmail.com/My Drive/SAHARA/Datasets/FSD50K/FSD50K.dev_audio/173559.wav,glass_break,fsd50k,0.0,fsd50k:173559
/Users/rajsingh/Library/CloudStorage/GoogleDrive-singhraj04.jan@gmail.com/My Drive/SAHARA/Datasets/FSD50K/FSD50K.dev_audio/173560.wav,glass_break,fsd50k,0.0,fsd50k:173560
/Users/rajsingh/Library/CloudStorage/GoogleDrive-singhraj04.jan@gmail.com/My Drive/SAHARA/Datasets/FSD50K/FSD50K.dev_audio/246273.wav,glass_break,fsd50k,0.0,fsd50k:246273
/Users/rajsingh/Library/CloudStorage/GoogleDrive-singhraj04.jan@gmail.com/My Drive/SAHARA/Datasets/FSD50K/FSD50K.dev_audio/126465.wav,glass_break,fsd50k,0.0,fsd50k:126465
/Users/rajsingh/Library/CloudStorage/GoogleDrive-singhraj04.jan@gmail.com/My Drive/SAHARA/Datasets/FSD50K/FSD50K.dev_audio/420356.wav,glass_break,fsd50k,0.0,fsd50k:420356
/Users/rajsingh/Library/CloudStorage/GoogleDrive-singhraj04.jan@gmail.com/My Drive/SAHARA/Datasets/FSD50K/FSD50K.dev_audio/323077.wav,glass_break,fsd50k,0.0,fsd50k:323077
/Users/rajsingh/Library/CloudStorage/GoogleDrive-singhraj04.jan@gmail.com/My Drive/SAHARA/Datasets/FSD50K/FSD50K.dev_audio/173576.wav,glass_break,fsd50k,0.0,fsd50k:173576
/Users/rajsingh/Library/CloudStorage/GoogleDrive-singhraj04.jan@gmail.com/My Drive/SAHARA/Datasets/FSD50K/FSD50K.dev_audio/173577.wav,glass_break,fsd50k,0.0,fsd50k:173577
/Users/rajsingh/Library/CloudStorage/GoogleDrive-singhraj04.jan@gmail.com/My Drive/SAHARA/Datasets/FSD50K/FSD50K.dev_audio/173579.wav,glass_break,fsd50k,0.0,fsd50k:173579
/Users/rajsingh/Library/CloudStorage/GoogleDrive-singhraj04.jan@gmail.com/My Drive/SAHARA/Datasets/FSD50K/FSD50K.dev_audio/173580.wav,glass_break,fsd50k,0.0,fsd50k:173580
/Users/rajsingh/Library/CloudStorage/GoogleDrive-singhraj04.jan@gmail.com/My Drive/SAHARA/Datasets/FSD50K/FSD50K.dev_audio/173581.wav,glass_break,fsd50k,0.0,fsd50k:173581
/Users/rajsingh/Library/CloudStorage/GoogleDrive-singhraj04.jan@gmail.com/My Drive/SAHARA/Datasets/FSD50K/FSD50K.dev_audio/244238.wav,glass_break,fsd50k,0.0,fsd50k:244238
/Users/rajsingh/Library/CloudStorage/GoogleDrive-singhraj04.jan@gmail.com/My Drive/SAHARA/Datasets/FSD50K/FSD50K.dev_audio/173585.wav,glass_break,fsd50k,0.0,fsd50k:173585
/Users/rajsingh/Library/CloudStorage/GoogleDrive-singhraj04.jan@gmail.com/My Drive/SAHARA/Datasets/FSD50K/FSD50K.dev_audio/173591.wav,glass_break,fsd50k,0.0,fsd50k:173591
/Users/rajsingh/Library/CloudStorage/GoogleDrive-singhraj04.jan@gmail.com/My Drive/SAHARA/Datasets/FSD50K/FSD50K.dev_audio/173592.wav,glass_break,fsd50k,0.0,fsd50k:173592
/Users/rajsingh/Library/CloudStorage/GoogleDrive-singhraj04.jan@gmail.com/My Drive/SAHARA/Datasets/FSD50K/FSD50K.dev_audio/173593.wav,glass_break,fsd50k,0.0,fsd50k:173593
/Users/rajsingh/Library/CloudStorage/GoogleDrive-singhraj04.jan@gmail.com/My Drive/SAHARA/Datasets/FSD50K/FSD50K.dev_audio/173594.wav,glass_break,fsd50k,0.0,fsd50k:173594
/Users/rajsingh/Library/CloudStorage/GoogleDrive-singhraj04.jan@gmail.com/My Drive/SAHARA/Datasets/FSD50K/FSD50K.dev_audio/173595.wav,glass_break,fsd50k,0.0,fsd50k:173595
/Users/rajsingh/Library/CloudStorage/GoogleDrive-singhraj04.jan@gmail.com/My Drive/SAHARA/Datasets/FSD50K/FSD50K.dev_audio/161309.wav,glass_break,fsd50k,0.0,fsd50k:161309
/Users/rajsingh/Library/CloudStorage/GoogleDrive-singhraj04.jan@gmail.com/My Drive/SAHARA/Datasets/FSD50K/FSD50K.dev_audio/173600.wav,glass_break,fsd50k,0.0,fsd50k:173600
/Users/rajsingh/Library/CloudStorage/GoogleDrive-singhraj04.jan@gmail.com/My Drive/SAHARA/Datasets/FSD50K/FSD50K.dev_audio/173601.wav,glass_break,fsd50k,0.0,fsd50k:173601
/Users/rajsingh/Library/CloudStorage/GoogleDrive-singhraj04.jan@gmail.com/My Drive/SAHARA/Datasets/FSD50K/FSD50K.dev_audio/173602.wav,glass_break,fsd50k,0.0,fsd50k:173602
/Users/rajsingh/Library/CloudStorage/GoogleDrive-singhraj04.jan@gmail.com/My Drive/SAHARA/Datasets/FSD50K/FSD50K.dev_audio/163364.wav,glass_break,fsd50k,0.0,fsd50k:163364
/Users/rajsingh/Library/CloudStorage/GoogleDrive-singhraj04.jan@gmail.com/My Drive/SAHARA/Datasets/FSD50K/FSD50K.dev_audio/173604.wav,glass_break,fsd50k,0.0,fsd50k:173604
/Users/rajsingh/Library/CloudStorage/GoogleDrive-singhraj04.jan@gmail.com/My Drive/SAHARA/Datasets/FSD50K/FSD50K.dev_audio/173605.wav,glass_break,fsd50k,0.0,fsd50k:173605
/Users/rajsingh/Library/CloudStorage/GoogleDrive-singhraj04.jan@gmail.com/My Drive/SAHARA/Datasets/FSD50K/FSD50K.dev_audio/173606.wav,glass_break,fsd50k,0.0,fsd50k:173606
/Users/rajsingh/Library/CloudStorage/GoogleDrive-singhraj04.jan@gmail.com/My Drive/SAHARA/Datasets/FSD50K/FSD50K.dev_audio/173607.wav,glass_break,fsd50k,0.0,fsd50k:173607
/Users/rajsingh/Library/CloudStorage/GoogleDrive-singhraj04.jan@gmail.com/My Drive/SAHARA/Datasets/FSD50K/FSD50K.dev_audio/173608.wav,glass_break,fsd50k,0.0,fsd50k:173608
/Users/rajsingh/Library/CloudStorage/GoogleDrive-singhraj04.jan@gmail.com/My Drive/SAHARA/Datasets/FSD50K/FSD50K.dev_audio/173609.wav,glass_break,fsd50k,0.0,fsd50k:173609
/Users/rajsingh/Library/CloudStorage/GoogleDrive-singhraj04.jan@gmail.com/My Drive/SAHARA/Datasets/FSD50K/FSD50K.dev_audio/173610.wav,glass_break,fsd50k,0.0,fsd50k:173610
/Users/rajsingh/Library/CloudStorage/GoogleDrive-singhraj04.jan@gmail.com/My Drive/SAHARA/Datasets/FSD50K/FSD50K.dev_audio/173611.wav,glass_break,fsd50k,0.0,fsd50k:173611
/Users/rajsingh/Library/CloudStorage/GoogleDrive-singhraj04.jan@gmail.com/My Drive/SAHARA/Datasets/FSD50K/FSD50K.dev_audio/390700.wav,glass_break,fsd50k,0.0,fsd50k:390700
/Users/rajsingh/Library/CloudStorage/GoogleDrive-singhraj04.jan@gmail.com/My Drive/SAHARA/Datasets/FSD50K/FSD50K.dev_audio/85550.wav,glass_break,fsd50k,0.0,fsd50k:85550
/Users/rajsingh/Library/CloudStorage/GoogleDrive-singhraj04.jan@gmail.com/My Drive/SAHARA/Datasets/FSD50K/FSD50K.dev_audio/173613.wav,glass_break,fsd50k,0.0,fsd50k:173613
/Users/rajsingh/Library/CloudStorage/GoogleDrive-singhraj04.jan@gmail.com/My Drive/SAHARA/Datasets/FSD50K/FSD50K.dev_audio/173614.wav,glass_break,fsd50k,0.0,fsd50k:173614
/Users/rajsingh/Library/CloudStorage/GoogleDrive-singhraj04.jan@gmail.com/My Drive/SAHARA/Datasets/FSD50K/FSD50K.dev_audio/390702.wav,glass_break,fsd50k,0.0,fsd50k:390702
/Users/rajsingh/Library/CloudStorage/GoogleDrive-singhraj04.jan@gmail.com/My Drive/SAHARA/Datasets/FSD50K/FSD50K.dev_audio/173618.wav,glass_break,fsd50k,0.0,fsd50k:173618
/Users/rajsingh/Library/CloudStorage/GoogleDrive-singhraj04.jan@gmail.com/My Drive/SAHARA/Datasets/FSD50K/FSD50K.dev_audio/390701.wav,glass_break,fsd50k,0.0,fsd50k:390701
/Users/rajsingh/Library/CloudStorage/GoogleDrive-singhraj04.jan@gmail.com/My Drive/SAHARA/Datasets/FSD50K/FSD50K.dev_audio/390703.wav,glass_break,fsd50k,0.0,fsd50k:390703
/Users/rajsingh/Library/CloudStorage/GoogleDrive-singhraj04.jan@gmail.com/My Drive/SAHARA/Datasets/FSD50K/FSD50K.dev_audio/390706.wav,glass_break,fsd50k,0.0,fsd50k:390706
/Users/rajsingh/Library/CloudStorage/GoogleDrive-singhraj04.jan@gmail.com/My Drive/SAHARA/Datasets/FSD50K/FSD50K.dev_audio/173619.wav,glass_break,fsd50k,0.0,fsd50k:173619
/Users/rajsingh/Library/CloudStorage/GoogleDrive-singhraj04.jan@gmail.com/My Drive/SAHARA/Datasets/FSD50K/FSD50K.dev_audio/127543.wav,glass_break,fsd50k,0.0,fsd50k:127543
/Users/rajsingh/Library/CloudStorage/GoogleDrive-singhraj04.jan@gmail.com/My Drive/SAHARA/Datasets/FSD50K/FSD50K.dev_audio/84536.wav,glass_break,fsd50k,0.0,fsd50k:84536
/Users/rajsingh/Library/CloudStorage/GoogleDrive-singhraj04.jan@gmail.com/My Drive/SAHARA/Datasets/FSD50K/FSD50K.dev_audio/173623.wav,glass_break,fsd50k,0.0,fsd50k:173623
/Users/rajsingh/Library/CloudStorage/GoogleDrive-singhraj04.jan@gmail.com/My Drive/SAHARA/Datasets/FSD50K/FSD50K.dev_audio/390708.wav,glass_break,fsd50k,0.0,fsd50k:390708
/Users/rajsingh/Library/CloudStorage/GoogleDrive-singhraj04.jan@gmail.com/My Drive/SAHARA/Datasets/FSD50K/FSD50K.dev_audio/173621.wav,glass_break,fsd50k,0.0,fsd50k:173621
/Users/rajsingh/Library/CloudStorage/GoogleDrive-singhraj04.jan@gmail.com/My Drive/SAHARA/Datasets/FSD50K/FSD50K.dev_audio/173622.wav,glass_break,fsd50k,0.0,fsd50k:173622
/Users/rajsingh/Library/CloudStorage/GoogleDrive-singhraj04.jan@gmail.com/My Drive/SAHARA/Datasets/FSD50K/FSD50K.dev_audio/390709.wav,glass_break,fsd50k,0.0,fsd50k:390709
/Users/rajsingh/Library/CloudStorage/GoogleDrive-singhraj04.jan@gmail.com/My Drive/SAHARA/Datasets/FSD50K/FSD50K.dev_audio/390714.wav,glass_break,fsd50k,0.0,fsd50k:390714
/Users/rajsingh/Library/CloudStorage/GoogleDrive-singhraj04.jan@gmail.com/My Drive/SAHARA/Datasets/FSD50K/FSD50K.dev_audio/390716.wav,glass_break,fsd50k,0.0,fsd50k:390716
/Users/rajsingh/Library/CloudStorage/GoogleDrive-singhraj04.jan@gmail.com/My Drive/SAHARA/Datasets/FSD50K/FSD50K.dev_audio/390715.wav,glass_break,fsd50k,0.0,fsd50k:390715
/Users/rajsingh/Library/CloudStorage/GoogleDrive-singhraj04.jan@gmail.com/My Drive/SAHARA/Datasets/FSD50K/FSD50K.dev_audio/390718.wav,glass_break,fsd50k,0.0,fsd50k:390718
/Users/rajsingh/Library/CloudStorage/GoogleDrive-singhraj04.jan@gmail.com/My Drive/SAHARA/Datasets/FSD50K/FSD50K.dev_audio/390719.wav,glass_break,fsd50k,0.0,fsd50k:390719
/Users/rajsingh/Library/CloudStorage/GoogleDrive-singhraj04.jan@gmail.com/My Drive/SAHARA/Datasets/FSD50K/FSD50K.dev_audio/390720.wav,glass_break,fsd50k,0.0,fsd50k:390720
/Users/rajsingh/Library/CloudStorage/GoogleDrive-singhraj04.jan@gmail.com/My Drive/SAHARA/Datasets/FSD50K/FSD50K.dev_audio/390721.wav,glass_break,fsd50k,0.0,fsd50k:390721
/Users/rajsingh/Library/CloudStorage/GoogleDrive-singhraj04.jan@gmail.com/My Drive/SAHARA/Datasets/FSD50K/FSD50K.dev_audio/390722.wav,glass_break,fsd50k,0.0,fsd50k:390722
/Users/rajsingh/Library/CloudStorage/GoogleDrive-singhraj04.jan@gmail.com/My Drive/SAHARA/Datasets/FSD50K/FSD50K.dev_audio/390723.wav,glass_break,fsd50k,0.0,fsd50k:390723
/Users/rajsingh/Library/CloudStorage/GoogleDrive-singhraj04.jan@gmail.com/My Drive/SAHARA/Datasets/FSD50K/FSD50K.dev_audio/390725.wav,glass_break,fsd50k,0.0,fsd50k:390725
/Users/rajsingh/Library/CloudStorage/GoogleDrive-singhraj04.jan@gmail.com/My Drive/SAHARA/Datasets/FSD50K/FSD50K.dev_audio/390726.wav,glass_break,fsd50k,0.0,fsd50k:390726
/Users/rajsingh/Library/CloudStorage/GoogleDrive-singhraj04.jan@gmail.com/My Drive/SAHARA/Datasets/FSD50K/FSD50K.dev_audio/390727.wav,glass_break,fsd50k,0.0,fsd50k:390727
/Users/rajsingh/Library/CloudStorage/GoogleDrive-singhraj04.jan@gmail.com/My Drive/SAHARA/Datasets/FSD50K/FSD50K.dev_audio/390728.wav,glass_break,fsd50k,0.0,fsd50k:390728
/Users/rajsingh/Library/CloudStorage/GoogleDrive-singhraj04.jan@gmail.com/My Drive/SAHARA/Datasets/FSD50K/FSD50K.dev_audio/390729.wav,glass_break,fsd50k,0.0,fsd50k:390729
/Users/rajsingh/Library/CloudStorage/GoogleDrive-singhraj04.jan@gmail.com/My Drive/SAHARA/Datasets/FSD50K/FSD50K.dev_audio/366179.wav,glass_break,fsd50k,0.0,fsd50k:366179
/Users/rajsingh/Library/CloudStorage/GoogleDrive-singhraj04.jan@gmail.com/My Drive/SAHARA/Datasets/FSD50K/FSD50K.dev_audio/203368.wav,glass_break,fsd50k,0.0,fsd50k:203368
/Users/rajsingh/Library/CloudStorage/GoogleDrive-singhraj04.jan@gmail.com/My Drive/SAHARA/Datasets/FSD50K/FSD50K.dev_audio/203369.wav,glass_break,fsd50k,0.0,fsd50k:203369
/Users/rajsingh/Library/CloudStorage/GoogleDrive-singhraj04.jan@gmail.com/My Drive/SAHARA/Datasets/FSD50K/FSD50K.dev_audio/148074.wav,glass_break,fsd50k,0.0,fsd50k:148074
/Users/rajsingh/Library/CloudStorage/GoogleDrive-singhraj04.jan@gmail.com/My Drive/SAHARA/Datasets/FSD50K/FSD50K.dev_audio/148073.wav,glass_break,fsd50k,0.0,fsd50k:148073
/Users/rajsingh/Library/CloudStorage/GoogleDrive-singhraj04.jan@gmail.com/My Drive/SAHARA/Datasets/FSD50K/FSD50K.dev_audio/203372.wav,glass_break,fsd50k,0.0,fsd50k:203372
/Users/rajsingh/Library/CloudStorage/GoogleDrive-singhraj04.jan@gmail.com/My Drive/SAHARA/Datasets/FSD50K/FSD50K.dev_audio/203373.wav,glass_break,fsd50k,0.0,fsd50k:203373
/Users/rajsingh/Library/CloudStorage/GoogleDrive-singhraj04.jan@gmail.com/My Drive/SAHARA/Datasets/FSD50K/FSD50K.dev_audio/203374.wav,glass_break,fsd50k,0.0,fsd50k:203374
/Users/rajsingh/Library/CloudStorage/GoogleDrive-singhraj04.jan@gmail.com/My Drive/SAHARA/Datasets/FSD50K/FSD50K.dev_audio/430702.wav,glass_break,fsd50k,0.0,fsd50k:430702
/Users/rajsingh/Library/CloudStorage/GoogleDrive-singhraj04.jan@gmail.com/My Drive/SAHARA/Datasets/FSD50K/FSD50K.dev_audio/203375.wav,glass_break,fsd50k,0.0,fsd50k:203375
/Users/rajsingh/Library/CloudStorage/GoogleDrive-singhraj04.jan@gmail.com/My Drive/SAHARA/Datasets/FSD50K/FSD50K.dev_audio/148075.wav,glass_break,fsd50k,0.0,fsd50k:148075
/Users/rajsingh/Library/CloudStorage/GoogleDrive-singhraj04.jan@gmail.com/My Drive/SAHARA/Datasets/FSD50K/FSD50K.dev_audio/203370.wav,glass_break,fsd50k,0.0,fsd50k:203370
/Users/rajsingh/Library/CloudStorage/GoogleDrive-singhraj04.jan@gmail.com/My Drive/SAHARA/Datasets/FSD50K/FSD50K.dev_audio/203379.wav,glass_break,fsd50k,0.0,fsd50k:203379
/Users/rajsingh/Library/CloudStorage/GoogleDrive-singhraj04.jan@gmail.com/My Drive/SAHARA/Datasets/FSD50K/FSD50K.dev_audio/203380.wav,glass_break,fsd50k,0.0,fsd50k:203380
/Users/rajsingh/Library/CloudStorage/GoogleDrive-singhraj04.jan@gmail.com/My Drive/SAHARA/Datasets/FSD50K/FSD50K.dev_audio/203377.wav,glass_break,fsd50k,0.0,fsd50k:203377
/Users/rajsingh/Library/CloudStorage/GoogleDrive-singhraj04.jan@gmail.com/My Drive/SAHARA/Datasets/FSD50K/FSD50K.dev_audio/321139.wav,glass_break,fsd50k,0.0,fsd50k:321139
/Users/rajsingh/Library/CloudStorage/GoogleDrive-singhraj04.jan@gmail.com/My Drive/SAHARA/Datasets/FSD50K/FSD50K.dev_audio/320128.wav,glass_break,fsd50k,0.0,fsd50k:320128
/Users/rajsingh/Library/CloudStorage/GoogleDrive-singhraj04.jan@gmail.com/My Drive/SAHARA/Datasets/FSD50K/FSD50K.dev_audio/278152.wav,glass_break,fsd50k,0.0,fsd50k:278152
/Users/rajsingh/Library/CloudStorage/GoogleDrive-singhraj04.jan@gmail.com/My Drive/SAHARA/Datasets/FSD50K/FSD50K.dev_audio/353928.wav,glass_break,fsd50k,0.0,fsd50k:353928
/Users/rajsingh/Library/CloudStorage/GoogleDrive-singhraj04.jan@gmail.com/My Drive/SAHARA/Datasets/FSD50K/FSD50K.dev_audio/408218.wav,glass_break,fsd50k,0.0,fsd50k:408218
/Users/rajsingh/Library/CloudStorage/GoogleDrive-singhraj04.jan@gmail.com/My Drive/SAHARA/Datasets/FSD50K/FSD50K.dev_audio/174747.wav,glass_break,fsd50k,0.0,fsd50k:174747
/Users/rajsingh/Library/CloudStorage/GoogleDrive-singhraj04.jan@gmail.com/My Drive/SAHARA/Datasets/FSD50K/FSD50K.dev_audio/174750.wav,glass_break,fsd50k,0.0,fsd50k:174750
/Users/rajsingh/Library/CloudStorage/GoogleDrive-singhraj04.jan@gmail.com/My Drive/SAHARA/Datasets/FSD50K/FSD50K.dev_audio/192060.wav,glass_break,fsd50k,0.0,fsd50k:192060
/Users/rajsingh/Library/CloudStorage/GoogleDrive-singhraj04.jan@gmail.com/My Drive/SAHARA/Datasets/FSD50K/FSD50K.dev_audio/30368.wav,glass_break,fsd50k,0.0,fsd50k:30368
/Users/rajsingh/Library/CloudStorage/GoogleDrive-singhraj04.jan@gmail.com/My Drive/SAHARA/Datasets/FSD50K/FSD50K.dev_audio/389793.wav,glass_break,fsd50k,0.0,fsd50k:389793
/Users/rajsingh/Library/CloudStorage/GoogleDrive-singhraj04.jan@gmail.com/My Drive/SAHARA/Datasets/FSD50K/FSD50K.dev_audio/390704.wav,glass_break,fsd50k,0.0,fsd50k:390704
/Users/rajsingh/Library/CloudStorage/GoogleDrive-singhraj04.jan@gmail.com/My Drive/SAHARA/Datasets/FSD50K/FSD50K.dev_audio/390705.wav,glass_break,fsd50k,0.0,fsd50k:390705
/Users/rajsingh/Library/CloudStorage/GoogleDrive-singhraj04.jan@gmail.com/My Drive/SAHARA/Datasets/FSD50K/FSD50K.dev_audio/389804.wav,glass_break,fsd50k,0.0,fsd50k:389804
/Users/rajsingh/Library/CloudStorage/GoogleDrive-singhraj04.jan@gmail.com/My Drive/SAHARA/Datasets/FSD50K/FSD50K.dev_audio/216748.wav,glass_break,fsd50k,0.0,fsd50k:216748
/Users/rajsingh/Library/CloudStorage/GoogleDrive-singhraj04.jan@gmail.com/My Drive/SAHARA/Datasets/FSD50K/FSD50K.dev_audio/390707.wav,glass_break,fsd50k,0.0,fsd50k:390707
/Users/rajsingh/Library/CloudStorage/GoogleDrive-singhraj04.jan@gmail.com/My Drive/SAHARA/Datasets/FSD50K/FSD50K.dev_audio/164539.wav,glass_break,fsd50k,0.0,fsd50k:164539
/Users/rajsingh/Library/CloudStorage/GoogleDrive-singhraj04.jan@gmail.com/My Drive/SAHARA/Datasets/FSD50K/FSD50K.dev_audio/164540.wav,glass_break,fsd50k,0.0,fsd50k:164540
/Users/rajsingh/Library/CloudStorage/GoogleDrive-singhraj04.jan@gmail.com/My Drive/SAHARA/Datasets/FSD50K/FSD50K.dev_audio/219837.wav,glass_break,fsd50k,0.0,fsd50k:219837
/Users/rajsingh/Library/CloudStorage/GoogleDrive-singhraj04.jan@gmail.com/My Drive/SAHARA/Datasets/FSD50K/FSD50K.dev_audio/164542.wav,glass_break,fsd50k,0.0,fsd50k:164542
/Users/rajsingh/Library/CloudStorage/GoogleDrive-singhraj04.jan@gmail.com/My Drive/SAHARA/Datasets/FSD50K/FSD50K.dev_audio/164541.wav,glass_break,fsd50k,0.0,fsd50k:164541
/Users/rajsingh/Library/CloudStorage/GoogleDrive-singhraj04.jan@gmail.com/My Drive/SAHARA/Datasets/FSD50K/FSD50K.dev_audio/219838.wav,glass_break,fsd50k,0.0,fsd50k:219838
/Users/rajsingh/Library/CloudStorage/GoogleDrive-singhraj04.jan@gmail.com/My Drive/SAHARA/Datasets/FSD50K/FSD50K.dev_audio/272065.wav,glass_break,fsd50k,0.0,fsd50k:272065
/Users/rajsingh/Library/CloudStorage/GoogleDrive-singhraj04.jan@gmail.com/My Drive/SAHARA/Datasets/FSD50K/FSD50K.dev_audio/219842.wav,glass_break,fsd50k,0.0,fsd50k:219842
/Users/rajsingh/Library/CloudStorage/GoogleDrive-singhraj04.jan@gmail.com/My Drive/SAHARA/Datasets/FSD50K/FSD50K.dev_audio/219843.wav,glass_break,fsd50k,0.0,fsd50k:219843
/Users/rajsingh/Library/CloudStorage/GoogleDrive-singhraj04.jan@gmail.com/My Drive/SAHARA/Datasets/FSD50K/FSD50K.dev_audio/219844.wav,glass_break,fsd50k,0.0,fsd50k:219844
/Users/rajsingh/Library/CloudStorage/GoogleDrive-singhraj04.jan@gmail.com/My Drive/SAHARA/Datasets/FSD50K/FSD50K.dev_audio/219845.wav,glass_break,fsd50k,0.0,fsd50k:219845
/Users/rajsingh/Library/CloudStorage/GoogleDrive-singhraj04.jan@gmail.com/My Drive/SAHARA/Datasets/FSD50K/FSD50K.dev_audio/219846.wav,glass_break,fsd50k,0.0,fsd50k:219846
/Users/rajsingh/Library/CloudStorage/GoogleDrive-singhraj04.jan@gmail.com/My Drive/SAHARA/Datasets/FSD50K/FSD50K.dev_audio/219847.wav,glass_break,fsd50k,0.0,fsd50k:219847
/Users/rajsingh/Library/CloudStorage/GoogleDrive-singhraj04.jan@gmail.com/My Drive/SAHARA/Datasets/FSD50K/FSD50K.dev_audio/368324.wav,glass_break,fsd50k,0.0,fsd50k:368324
/Users/rajsingh/Library/CloudStorage/GoogleDrive-singhraj04.jan@gmail.com/My Drive/SAHARA/Datasets/FSD50K/FSD50K.dev_audio/368328.wav,glass_break,fsd50k,0.0,fsd50k:368328
/Users/rajsingh/Library/CloudStorage/GoogleDrive-singhraj04.jan@gmail.com/My Drive/SAHARA/Datasets/FSD50K/FSD50K.dev_audio/368331.wav,glass_break,fsd50k,0.0,fsd50k:368331
/Users/rajsingh/Library/CloudStorage/GoogleDrive-singhraj04.jan@gmail.com/My Drive/SAHARA/Datasets/FSD50K/FSD50K.dev_audio/368333.wav,glass_break,fsd50k,0.0,fsd50k:368333
/Users/rajsingh/Library/CloudStorage/GoogleDrive-singhraj04.jan@gmail.com/My Drive/SAHARA/Datasets/FSD50K/FSD50K.dev_audio/368334.wav,glass_break,fsd50k,0.0,fsd50k:368334
/Users/rajsingh/Library/CloudStorage/GoogleDrive-singhraj04.jan@gmail.com/My Drive/SAHARA/Datasets/FSD50K/FSD50K.dev_audio/368335.wav,glass_break,fsd50k,0.0,fsd50k:368335
/Users/rajsingh/Library/CloudStorage/GoogleDrive-singhraj04.jan@gmail.com/My Drive/SAHARA/Datasets/FSD50K/FSD50K.dev_audio/368336.wav,glass_break,fsd50k,0.0,fsd50k:368336
/Users/rajsingh/Library/CloudStorage/GoogleDrive-singhraj04.jan@gmail.com/My Drive/SAHARA/Datasets/FSD50K/FSD50K.dev_audio/349905.wav,glass_break,fsd50k,0.0,fsd50k:349905
/Users/rajsingh/Library/CloudStorage/GoogleDrive-singhraj04.jan@gmail.com/My Drive/SAHARA/Datasets/FSD50K/FSD50K.dev_audio/368338.wav,glass_break,fsd50k,0.0,fsd50k:368338
/Users/rajsingh/Library/CloudStorage/GoogleDrive-singhraj04.jan@gmail.com/My Drive/SAHARA/Datasets/FSD50K/FSD50K.dev_audio/368337.wav,glass_break,fsd50k,0.0,fsd50k:368337
/Users/rajsingh/Library/CloudStorage/GoogleDrive-singhraj04.jan@gmail.com/My Drive/SAHARA/Datasets/FSD50K/FSD50K.dev_audio/368341.wav,glass_break,fsd50k,0.0,fsd50k:368341
/Users/rajsingh/Library/CloudStorage/GoogleDrive-singhraj04.jan@gmail.com/My Drive/SAHARA/Datasets/FSD50K/FSD50K.dev_audio/359126.wav,glass_break,fsd50k,0.0,fsd50k:359126
/Users/rajsingh/Library/CloudStorage/GoogleDrive-singhraj04.jan@gmail.com/My Drive/SAHARA/Datasets/FSD50K/FSD50K.dev_audio/368342.wav,glass_break,fsd50k,0.0,fsd50k:368342
/Users/rajsingh/Library/CloudStorage/GoogleDrive-singhraj04.jan@gmail.com/My Drive/SAHARA/Datasets/FSD50K/FSD50K.dev_audio/368343.wav,glass_break,fsd50k,0.0,fsd50k:368343
/Users/rajsingh/Library/CloudStorage/GoogleDrive-singhraj04.jan@gmail.com/My Drive/SAHARA/Datasets/FSD50K/FSD50K.dev_audio/368344.wav,glass_break,fsd50k,0.0,fsd50k:368344
/Users/rajsingh/Library/CloudStorage/GoogleDrive-singhraj04.jan@gmail.com/My Drive/SAHARA/Datasets/FSD50K/FSD50K.dev_audio/212698.wav,glass_break,fsd50k,0.0,fsd50k:212698
/Users/rajsingh/Library/CloudStorage/GoogleDrive-singhraj04.jan@gmail.com/My Drive/SAHARA/Datasets/FSD50K/FSD50K.dev_audio/368345.wav,glass_break,fsd50k,0.0,fsd50k:368345
/Users/rajsingh/Library/CloudStorage/GoogleDrive-singhraj04.jan@gmail.com/My Drive/SAHARA/Datasets/FSD50K/FSD50K.dev_audio/368347.wav,glass_break,fsd50k,0.0,fsd50k:368347
/Users/rajsingh/Library/CloudStorage/GoogleDrive-singhraj04.jan@gmail.com/My Drive/SAHARA/Datasets/FSD50K/FSD50K.dev_audio/84702.wav,glass_break,fsd50k,0.0,fsd50k:84702
/Users/rajsingh/Library/CloudStorage/GoogleDrive-singhraj04.jan@gmail.com/My Drive/SAHARA/Datasets/FSD50K/FSD50K.dev_audio/368350.wav,glass_break,fsd50k,0.0,fsd50k:368350
/Users/rajsingh/Library/CloudStorage/GoogleDrive-singhraj04.jan@gmail.com/My Drive/SAHARA/Datasets/FSD50K/FSD50K.dev_audio/84704.wav,glass_break,fsd50k,0.0,fsd50k:84704
/Users/rajsingh/Library/CloudStorage/GoogleDrive-singhraj04.jan@gmail.com/My Drive/SAHARA/Datasets/FSD50K/FSD50K.dev_audio/88800.wav,glass_break,fsd50k,0.0,fsd50k:88800
/Users/rajsingh/Library/CloudStorage/GoogleDrive-singhraj04.jan@gmail.com/My Drive/SAHARA/Datasets/FSD50K/FSD50K.dev_audio/84705.wav,glass_break,fsd50k,0.0,fsd50k:84705
/Users/rajsingh/Library/CloudStorage/GoogleDrive-singhraj04.jan@gmail.com/My Drive/SAHARA/Datasets/FSD50K/FSD50K.dev_audio/368354.wav,glass_break,fsd50k,0.0,fsd50k:368354
/Users/rajsingh/Library/CloudStorage/GoogleDrive-singhraj04.jan@gmail.com/My Drive/SAHARA/Datasets/FSD50K/FSD50K.dev_audio/368355.wav,glass_break,fsd50k,0.0,fsd50k:368355
/Users/rajsingh/Library/CloudStorage/GoogleDrive-singhraj04.jan@gmail.com/My Drive/SAHARA/Datasets/FSD50K/FSD50K.dev_audio/88806.wav,glass_break,fsd50k,0.0,fsd50k:88806
/Users/rajsingh/Library/CloudStorage/GoogleDrive-singhraj04.jan@gmail.com/My Drive/SAHARA/Datasets/FSD50K/FSD50K.dev_audio/368356.wav,glass_break,fsd50k,0.0,fsd50k:368356
/Users/rajsingh/Library/CloudStorage/GoogleDrive-singhraj04.jan@gmail.com/My Drive/SAHARA/Datasets/FSD50K/FSD50K.dev_audio/88808.wav,glass_break,fsd50k,0.0,fsd50k:88808
/Users/rajsingh/Library/CloudStorage/GoogleDrive-singhraj04.jan@gmail.com/My Drive/SAHARA/Datasets/FSD50K/FSD50K.dev_audio/88809.wav,glass_break,fsd50k,0.0,fsd50k:88809
/Users/rajsingh/Library/CloudStorage/GoogleDrive-singhraj04.jan@gmail.com/My Drive/SAHARA/Datasets/FSD50K/FSD50K.dev_audio/406256.wav,glass_break,fsd50k,0.0,fsd50k:406256
/Users/rajsingh/Library/CloudStorage/GoogleDrive-singhraj04.jan@gmail.com/My Drive/SAHARA/Datasets/FSD50K/FSD50K.dev_audio/406257.wav,glass_break,fsd50k,0.0,fsd50k:406257
/Users/rajsingh/Library/CloudStorage/GoogleDrive-singhraj04.jan@gmail.com/My Drive/SAHARA/Datasets/FSD50K/FSD50K.dev_audio/118515.wav,glass_break,fsd50k,0.0,fsd50k:118515
/Users/rajsingh/Library/CloudStorage/GoogleDrive-singhraj04.jan@gmail.com/My Drive/SAHARA/Datasets/FSD50K/FSD50K.dev_audio/362238.wav,glass_break,fsd50k,0.0,fsd50k:362238
/Users/rajsingh/Library/CloudStorage/GoogleDrive-singhraj04.jan@gmail.com/My Drive/SAHARA/Datasets/FSD50K/FSD50K.dev_audio/257791.wav,glass_break,fsd50k,0.0,fsd50k:257791
/Users/rajsingh/Library/CloudStorage/GoogleDrive-singhraj04.jan@gmail.com/My Drive/SAHARA/Datasets/FSD50K/FSD50K.dev_audio/254721.wav,glass_break,fsd50k,0.0,fsd50k:254721
/Users/rajsingh/Library/CloudStorage/GoogleDrive-singhraj04.jan@gmail.com/My Drive/SAHARA/Datasets/FSD50K/FSD50K.dev_audio/93964.wav,glass_break,fsd50k,0.0,fsd50k:93964
/Users/rajsingh/Library/CloudStorage/GoogleDrive-singhraj04.jan@gmail.com/My Drive/SAHARA/Datasets/FSD50K/FSD50K.dev_audio/89887.wav,glass_break,fsd50k,0.0,fsd50k:89887
/Users/rajsingh/Library/CloudStorage/GoogleDrive-singhraj04.jan@gmail.com/My Drive/SAHARA/Datasets/FSD50K/FSD50K.dev_audio/89888.wav,glass_break,fsd50k,0.0,fsd50k:89888
/Users/rajsingh/Library/CloudStorage/GoogleDrive-singhraj04.jan@gmail.com/My Drive/SAHARA/Datasets/FSD50K/FSD50K.dev_audio/89889.wav,glass_break,fsd50k,0.0,fsd50k:89889
/Users/rajsingh/Library/CloudStorage/GoogleDrive-singhraj04.jan@gmail.com/My Drive/SAHARA/Datasets/FSD50K/FSD50K.dev_audio/89890.wav,glass_break,fsd50k,0.0,fsd50k:89890
/Users/rajsingh/Library/CloudStorage/GoogleDrive-singhraj04.jan@gmail.com/My Drive/SAHARA/Datasets/FSD50K/FSD50K.dev_audio/89891.wav,glass_break,fsd50k,0.0,fsd50k:89891
/Users/rajsingh/Library/CloudStorage/GoogleDrive-singhraj04.jan@gmail.com/My Drive/SAHARA/Datasets/FSD50K/FSD50K.dev_audio/219940.wav,glass_break,fsd50k,0.0,fsd50k:219940
/Users/rajsingh/Library/CloudStorage/GoogleDrive-singhraj04.jan@gmail.com/My Drive/SAHARA/Datasets/FSD50K/FSD50K.dev_audio/89894.wav,glass_break,fsd50k,0.0,fsd50k:89894
/Users/rajsingh/Library/CloudStorage/GoogleDrive-singhraj04.jan@gmail.com/My Drive/SAHARA/Datasets/FSD50K/FSD50K.dev_audio/89895.wav,glass_break,fsd50k,0.0,fsd50k:89895
/Users/rajsingh/Library/CloudStorage/GoogleDrive-singhraj04.jan@gmail.com/My Drive/SAHARA/Datasets/FSD50K/FSD50K.dev_audio/89900.wav,glass_break,fsd50k,0.0,fsd50k:89900
/Users/rajsingh/Library/CloudStorage/GoogleDrive-singhraj04.jan@gmail.com/My Drive/SAHARA/Datasets/FSD50K/FSD50K.dev_audio/89901.wav,glass_break,fsd50k,0.0,fsd50k:89901
/Users/rajsingh/Library/CloudStorage/GoogleDrive-singhraj04.jan@gmail.com/My Drive/SAHARA/Datasets/FSD50K/FSD50K.dev_audio/89902.wav,glass_break,fsd50k,0.0,fsd50k:89902
/Users/rajsingh/Library/CloudStorage/GoogleDrive-singhraj04.jan@gmail.com/My Drive/SAHARA/Datasets/FSD50K/FSD50K.dev_audio/89903.wav,glass_break,fsd50k,0.0,fsd50k:89903
/Users/rajsingh/Library/CloudStorage/GoogleDrive-singhraj04.jan@gmail.com/My Drive/SAHARA/Datasets/FSD50K/FSD50K.dev_audio/89904.wav,glass_break,fsd50k,0.0,fsd50k:89904
/Users/rajsingh/Library/CloudStorage/GoogleDrive-singhraj04.jan@gmail.com/My Drive/SAHARA/Datasets/FSD50K/FSD50K.dev_audio/89905.wav,glass_break,fsd50k,0.0,fsd50k:89905
/Users/rajsingh/Library/CloudStorage/GoogleDrive-singhraj04.jan@gmail.com/My Drive/SAHARA/Datasets/FSD50K/FSD50K.dev_audio/208696.wav,glass_break,fsd50k,0.0,fsd50k:208696
/Users/rajsingh/Library/CloudStorage/GoogleDrive-singhraj04.jan@gmail.com/My Drive/SAHARA/Datasets/FSD50K/FSD50K.dev_audio/145209.wav,glass_break,fsd50k,0.0,fsd50k:145209
/Users/rajsingh/Library/CloudStorage/GoogleDrive-singhraj04.jan@gmail.com/My Drive/SAHARA/Datasets/FSD50K/FSD50K.dev_audio/362310.wav,glass_break,fsd50k,0.0,fsd50k:362310
/Users/rajsingh/Library/CloudStorage/GoogleDrive-singhraj04.jan@gmail.com/My Drive/SAHARA/Datasets/FSD50K/FSD50K.dev_audio/250709.wav,glass_break,fsd50k,0.0,fsd50k:250709
/Users/rajsingh/Library/CloudStorage/GoogleDrive-singhraj04.jan@gmail.com/My Drive/SAHARA/Datasets/FSD50K/FSD50K.dev_audio/88917.wav,glass_break,fsd50k,0.0,fsd50k:88917
/Users/rajsingh/Library/CloudStorage/GoogleDrive-singhraj04.jan@gmail.com/My Drive/SAHARA/Datasets/FSD50K/FSD50K.dev_audio/250710.wav,glass_break,fsd50k,0.0,fsd50k:250710
/Users/rajsingh/Library/CloudStorage/GoogleDrive-singhraj04.jan@gmail.com/My Drive/SAHARA/Datasets/FSD50K/FSD50K.dev_audio/88920.wav,glass_break,fsd50k,0.0,fsd50k:88920
/Users/rajsingh/Library/CloudStorage/GoogleDrive-singhraj04.jan@gmail.com/My Drive/SAHARA/Datasets/FSD50K/FSD50K.dev_audio/88921.wav,glass_break,fsd50k,0.0,fsd50k:88921
/Users/rajsingh/Library/CloudStorage/GoogleDrive-singhraj04.jan@gmail.com/My Drive/SAHARA/Datasets/FSD50K/FSD50K.dev_audio/88922.wav,glass_break,fsd50k,0.0,fsd50k:88922
/Users/rajsingh/Library/CloudStorage/GoogleDrive-singhraj04.jan@gmail.com/My Drive/SAHARA/Datasets/FSD50K/FSD50K.dev_audio/88923.wav,glass_break,fsd50k,0.0,fsd50k:88923
/Users/rajsingh/Library/CloudStorage/GoogleDrive-singhraj04.jan@gmail.com/My Drive/SAHARA/Datasets/FSD50K/FSD50K.dev_audio/88924.wav,glass_break,fsd50k,0.0,fsd50k:88924
/Users/rajsingh/Library/CloudStorage/GoogleDrive-singhraj04.jan@gmail.com/My Drive/SAHARA/Datasets/FSD50K/FSD50K.dev_audio/88925.wav,glass_break,fsd50k,0.0,fsd50k:88925
/Users/rajsingh/Library/CloudStorage/GoogleDrive-singhraj04.jan@gmail.com/My Drive/SAHARA/Datasets/FSD50K/FSD50K.dev_audio/88926.wav,glass_break,fsd50k,0.0,fsd50k:88926
/Users/rajsingh/Library/CloudStorage/GoogleDrive-singhraj04.jan@gmail.com/My Drive/SAHARA/Datasets/FSD50K/FSD50K.dev_audio/88927.wav,glass_break,fsd50k,0.0,fsd50k:88927
/Users/rajsingh/Library/CloudStorage/GoogleDrive-singhraj04.jan@gmail.com/My Drive/SAHARA/Datasets/FSD50K/FSD50K.dev_audio/88928.wav,glass_break,fsd50k,0.0,fsd50k:88928
/Users/rajsingh/Library/CloudStorage/GoogleDrive-singhraj04.jan@gmail.com/My Drive/SAHARA/Datasets/FSD50K/FSD50K.dev_audio/68449.wav,glass_break,fsd50k,0.0,fsd50k:68449
/Users/rajsingh/Library/CloudStorage/GoogleDrive-singhraj04.jan@gmail.com/My Drive/SAHARA/Datasets/FSD50K/FSD50K.dev_audio/88931.wav,glass_break,fsd50k,0.0,fsd50k:88931
/Users/rajsingh/Library/CloudStorage/GoogleDrive-singhraj04.jan@gmail.com/My Drive/SAHARA/Datasets/FSD50K/FSD50K.dev_audio/88932.wav,glass_break,fsd50k,0.0,fsd50k:88932
/Users/rajsingh/Library/CloudStorage/GoogleDrive-singhraj04.jan@gmail.com/My Drive/SAHARA/Datasets/FSD50K/FSD50K.dev_audio/88933.wav,glass_break,fsd50k,0.0,fsd50k:88933
/Users/rajsingh/Library/CloudStorage/GoogleDrive-singhraj04.jan@gmail.com/My Drive/SAHARA/Datasets/FSD50K/FSD50K.dev_audio/95078.wav,glass_break,fsd50k,0.0,fsd50k:95078
/Users/rajsingh/Library/CloudStorage/GoogleDrive-singhraj04.jan@gmail.com/My Drive/SAHARA/Datasets/FSD50K/FSD50K.dev_audio/88935.wav,glass_break,fsd50k,0.0,fsd50k:88935
/Users/rajsingh/Library/CloudStorage/GoogleDrive-singhraj04.jan@gmail.com/My Drive/SAHARA/Datasets/FSD50K/FSD50K.dev_audio/88936.wav,glass_break,fsd50k,0.0,fsd50k:88936
/Users/rajsingh/Library/CloudStorage/GoogleDrive-singhraj04.jan@gmail.com/My Drive/SAHARA/Datasets/FSD50K/FSD50K.dev_audio/88937.wav,glass_break,fsd50k,0.0,fsd50k:88937
/Users/rajsingh/Library/CloudStorage/GoogleDrive-singhraj04.jan@gmail.com/My Drive/SAHARA/Datasets/FSD50K/FSD50K.dev_audio/88941.wav,glass_break,fsd50k,0.0,fsd50k:88941
/Users/rajsingh/Library/CloudStorage/GoogleDrive-singhraj04.jan@gmail.com/My Drive/SAHARA/Datasets/FSD50K/FSD50K.dev_audio/88942.wav,glass_break,fsd50k,0.0,fsd50k:88942
/Users/rajsingh/Library/CloudStorage/GoogleDrive-singhraj04.jan@gmail.com/My Drive/SAHARA/Datasets/FSD50K/FSD50K.dev_audio/88944.wav,glass_break,fsd50k,0.0,fsd50k:88944
/Users/rajsingh/Library/CloudStorage/GoogleDrive-singhraj04.jan@gmail.com/My Drive/SAHARA/Datasets/FSD50K/FSD50K.dev_audio/88945.wav,glass_break,fsd50k,0.0,fsd50k:88945
/Users/rajsingh/Library/CloudStorage/GoogleDrive-singhraj04.jan@gmail.com/My Drive/SAHARA/Datasets/FSD50K/FSD50K.dev_audio/92019.wav,glass_break,fsd50k,0.0,fsd50k:92019
/Users/rajsingh/Library/CloudStorage/GoogleDrive-singhraj04.jan@gmail.com/My Drive/SAHARA/Datasets/FSD50K/FSD50K.dev_audio/88948.wav,glass_break,fsd50k,0.0,fsd50k:88948
/Users/rajsingh/Library/CloudStorage/GoogleDrive-singhraj04.jan@gmail.com/My Drive/SAHARA/Datasets/FSD50K/FSD50K.dev_audio/88949.wav,glass_break,fsd50k,0.0,fsd50k:88949
/Users/rajsingh/Library/CloudStorage/GoogleDrive-singhraj04.jan@gmail.com/My Drive/SAHARA/Datasets/FSD50K/FSD50K.dev_audio/88950.wav,glass_break,fsd50k,0.0,fsd50k:88950
/Users/rajsingh/Library/CloudStorage/GoogleDrive-singhraj04.jan@gmail.com/My Drive/SAHARA/Datasets/FSD50K/FSD50K.dev_audio/204685.wav,glass_break,fsd50k,0.0,fsd50k:204685
/Users/rajsingh/Library/CloudStorage/GoogleDrive-singhraj04.jan@gmail.com/My Drive/SAHARA/Datasets/FSD50K/FSD50K.dev_audio/204686.wav,glass_break,fsd50k,0.0,fsd50k:204686
/Users/rajsingh/Library/CloudStorage/GoogleDrive-singhraj04.jan@gmail.com/My Drive/SAHARA/Datasets/FSD50K/FSD50K.dev_audio/204687.wav,glass_break,fsd50k,0.0,fsd50k:204687
/Users/rajsingh/Library/CloudStorage/GoogleDrive-singhraj04.jan@gmail.com/My Drive/SAHARA/Datasets/FSD50K/FSD50K.dev_audio/204688.wav,glass_break,fsd50k,0.0,fsd50k:204688
/Users/rajsingh/Library/CloudStorage/GoogleDrive-singhraj04.jan@gmail.com/My Drive/SAHARA/Datasets/FSD50K/FSD50K.dev_audio/204692.wav,glass_break,fsd50k,0.0,fsd50k:204692
/Users/rajsingh/Library/CloudStorage/GoogleDrive-singhraj04.jan@gmail.com/My Drive/SAHARA/Datasets/FSD50K/FSD50K.dev_audio/42900.wav,glass_break,fsd50k,0.0,fsd50k:42900
/Users/rajsingh/Library/CloudStorage/GoogleDrive-singhraj04.jan@gmail.com/My Drive/SAHARA/Datasets/FSD50K/FSD50K.dev_audio/42902.wav,glass_break,fsd50k,0.0,fsd50k:42902
/Users/rajsingh/Library/CloudStorage/GoogleDrive-singhraj04.jan@gmail.com/My Drive/SAHARA/Datasets/FSD50K/FSD50K.dev_audio/42901.wav,glass_break,fsd50k,0.0,fsd50k:42901
/Users/rajsingh/Library/CloudStorage/GoogleDrive-singhraj04.jan@gmail.com/My Drive/SAHARA/Datasets/FSD50K/FSD50K.dev_audio/204694.wav,glass_break,fsd50k,0.0,fsd50k:204694
/Users/rajsingh/Library/CloudStorage/GoogleDrive-singhraj04.jan@gmail.com/My Drive/SAHARA/Datasets/FSD50K/FSD50K.dev_audio/204695.wav,glass_break,fsd50k,0.0,fsd50k:204695
/Users/rajsingh/Library/CloudStorage/GoogleDrive-singhraj04.jan@gmail.com/My Drive/SAHARA/Datasets/FSD50K/FSD50K.dev_audio/42904.wav,glass_break,fsd50k,0.0,fsd50k:42904
/Users/rajsingh/Library/CloudStorage/GoogleDrive-singhraj04.jan@gmail.com/My Drive/SAHARA/Datasets/FSD50K/FSD50K.dev_audio/204697.wav,glass_break,fsd50k,0.0,fsd50k:204697
/Users/rajsingh/Library/CloudStorage/GoogleDrive-singhraj04.jan@gmail.com/My Drive/SAHARA/Datasets/FSD50K/FSD50K.dev_audio/42906.wav,glass_break,fsd50k,0.0,fsd50k:42906
/Users/rajsingh/Library/CloudStorage/GoogleDrive-singhraj04.jan@gmail.com/My Drive/SAHARA/Datasets/FSD50K/FSD50K.dev_audio/42907.wav,glass_break,fsd50k,0.0,fsd50k:42907
/Users/rajsingh/Library/CloudStorage/GoogleDrive-singhraj04.jan@gmail.com/My Drive/SAHARA/Datasets/FSD50K/FSD50K.dev_audio/42903.wav,glass_break,fsd50k,0.0,fsd50k:42903
/Users/rajsingh/Library/CloudStorage/GoogleDrive-singhraj04.jan@gmail.com/My Drive/SAHARA/Datasets/FSD50K/FSD50K.dev_audio/126877.wav,glass_break,fsd50k,0.0,fsd50k:126877
/Users/rajsingh/Library/CloudStorage/GoogleDrive-singhraj04.jan@gmail.com/My Drive/SAHARA/Datasets/FSD50K/FSD50K.dev_audio/204698.wav,glass_break,fsd50k,0.0,fsd50k:204698
/Users/rajsingh/Library/CloudStorage/GoogleDrive-singhraj04.jan@gmail.com/My Drive/SAHARA/Datasets/FSD50K/FSD50K.dev_audio/204699.wav,glass_break,fsd50k,0.0,fsd50k:204699
/Users/rajsingh/Library/CloudStorage/GoogleDrive-singhraj04.jan@gmail.com/My Drive/SAHARA/Datasets/FSD50K/FSD50K.dev_audio/156578.wav,glass_break,fsd50k,0.0,fsd50k:156578
/Users/rajsingh/Library/CloudStorage/GoogleDrive-singhraj04.jan@gmail.com/My Drive/SAHARA/Datasets/FSD50K/FSD50K.dev_audio/126878.wav,glass_break,fsd50k,0.0,fsd50k:126878
/Users/rajsingh/Library/CloudStorage/GoogleDrive-singhraj04.jan@gmail.com/My Drive/SAHARA/Datasets/FSD50K/FSD50K.dev_audio/47012.wav,glass_break,fsd50k,0.0,fsd50k:47012
/Users/rajsingh/Library/CloudStorage/GoogleDrive-singhraj04.jan@gmail.com/My Drive/SAHARA/Datasets/FSD50K/FSD50K.dev_audio/47013.wav,glass_break,fsd50k,0.0,fsd50k:47013
/Users/rajsingh/Library/CloudStorage/GoogleDrive-singhraj04.jan@gmail.com/My Drive/SAHARA/Datasets/FSD50K/FSD50K.dev_audio/327591.wav,glass_break,fsd50k,0.0,fsd50k:327591
/Users/rajsingh/Library/CloudStorage/GoogleDrive-singhraj04.jan@gmail.com/My Drive/SAHARA/Datasets/FSD50K/FSD50K.dev_audio/144321.wav,glass_break,fsd50k,0.0,fsd50k:144321
/Users/rajsingh/Library/CloudStorage/GoogleDrive-singhraj04.jan@gmail.com/My Drive/SAHARA/Datasets/FSD50K/FSD50K.dev_audio/348106.wav,glass_break,fsd50k,0.0,fsd50k:348106
/Users/rajsingh/Library/CloudStorage/GoogleDrive-singhraj04.jan@gmail.com/My Drive/SAHARA/Datasets/FSD50K/FSD50K.dev_audio/66519.wav,glass_break,fsd50k,0.0,fsd50k:66519
/Users/rajsingh/Library/CloudStorage/GoogleDrive-singhraj04.jan@gmail.com/My Drive/SAHARA/Datasets/FSD50K/FSD50K.dev_audio/66520.wav,glass_break,fsd50k,0.0,fsd50k:66520
/Users/rajsingh/Library/CloudStorage/GoogleDrive-singhraj04.jan@gmail.com/My Drive/SAHARA/Datasets/FSD50K/FSD50K.dev_audio/360410.wav,glass_break,fsd50k,0.0,fsd50k:360410
/Users/rajsingh/Library/CloudStorage/GoogleDrive-singhraj04.jan@gmail.com/My Drive/SAHARA/Datasets/FSD50K/FSD50K.dev_audio/256993.wav,glass_break,fsd50k,0.0,fsd50k:256993
/Users/rajsingh/Library/CloudStorage/GoogleDrive-singhraj04.jan@gmail.com/My Drive/SAHARA/Datasets/FSD50K/FSD50K.dev_audio/383988.wav,glass_break,fsd50k,0.0,fsd50k:383988
/Users/rajsingh/Library/CloudStorage/GoogleDrive-singhraj04.jan@gmail.com/My Drive/SAHARA/Datasets/FSD50K/FSD50K.dev_audio/160759.wav,glass_break,fsd50k,0.0,fsd50k:160759
/Users/rajsingh/Library/CloudStorage/GoogleDrive-singhraj04.jan@gmail.com/My Drive/SAHARA/Datasets/FSD50K/FSD50K.dev_audio/41348.wav,glass_break,fsd50k,0.0,fsd50k:41348
/Users/rajsingh/Library/CloudStorage/GoogleDrive-singhraj04.jan@gmail.com/My Drive/SAHARA/Datasets/FSD50K/FSD50K.dev_audio/328611.wav,glass_break,fsd50k,0.0,fsd50k:328611
/Users/rajsingh/Library/CloudStorage/GoogleDrive-singhraj04.jan@gmail.com/My Drive/SAHARA/Datasets/FSD50K/FSD50K.dev_audio/159197.wav,glass_break,fsd50k,0.0,fsd50k:159197
/Users/rajsingh/Library/CloudStorage/GoogleDrive-singhraj04.jan@gmail.com/My Drive/SAHARA/Datasets/FSD50K/FSD50K.dev_audio/245410.wav,glass_break,fsd50k,0.0,fsd50k:245410
/Users/rajsingh/Library/CloudStorage/GoogleDrive-singhraj04.jan@gmail.com/My Drive/SAHARA/Datasets/FSD50K/FSD50K.dev_audio/401619.wav,glass_break,fsd50k,0.0,fsd50k:401619
/Users/rajsingh/Library/CloudStorage/GoogleDrive-singhraj04.jan@gmail.com/My Drive/SAHARA/Datasets/FSD50K/FSD50K.dev_audio/353626.wav,glass_break,fsd50k,0.0,fsd50k:353626
/Users/rajsingh/Library/CloudStorage/GoogleDrive-singhraj04.jan@gmail.com/My Drive/SAHARA/Datasets/FSD50K/FSD50K.dev_audio/147867.wav,glass_break,fsd50k,0.0,fsd50k:147867
/Users/rajsingh/Library/CloudStorage/GoogleDrive-singhraj04.jan@gmail.com/My Drive/SAHARA/Datasets/FSD50K/FSD50K.dev_audio/380840.wav,glass_break,fsd50k,0.0,fsd50k:380840
/Users/rajsingh/Library/CloudStorage/GoogleDrive-singhraj04.jan@gmail.com/My Drive/SAHARA/Datasets/FSD50K/FSD50K.dev_audio/204777.wav,glass_break,fsd50k,0.0,fsd50k:204777
/Users/rajsingh/Library/CloudStorage/GoogleDrive-singhraj04.jan@gmail.com/My Drive/SAHARA/Datasets/FSD50K/FSD50K.dev_audio/321143.wav,glass_break,fsd50k,0.0,fsd50k:321143
/Users/rajsingh/Library/CloudStorage/GoogleDrive-singhraj04.jan@gmail.com/My Drive/SAHARA/Datasets/FSD50K/FSD50K.dev_audio/202093.wav,glass_break,fsd50k,0.0,fsd50k:202093
/Users/rajsingh/Library/CloudStorage/GoogleDrive-singhraj04.jan@gmail.com/My Drive/SAHARA/Datasets/FSD50K/FSD50K.dev_audio/326422.wav,glass_break,fsd50k,0.0,fsd50k:326422
/Users/rajsingh/Library/CloudStorage/GoogleDrive-singhraj04.jan@gmail.com/My Drive/SAHARA/Datasets/FSD50K/FSD50K.dev_audio/276938.wav,glass_break,fsd50k,0.0,fsd50k:276938
/Users/rajsingh/Library/CloudStorage/GoogleDrive-singhraj04.jan@gmail.com/My Drive/SAHARA/Datasets/FSD50K/FSD50K.dev_audio/276939.wav,glass_break,fsd50k,0.0,fsd50k:276939
/Users/rajsingh/Library/CloudStorage/GoogleDrive-singhraj04.jan@gmail.com/My Drive/SAHARA/Datasets/FSD50K/FSD50K.dev_audio/332914.wav,appliance_beep,fsd50k,0.0,fsd50k:332914
/Users/rajsingh/Library/CloudStorage/GoogleDrive-singhraj04.jan@gmail.com/My Drive/SAHARA/Datasets/FSD50K/FSD50K.dev_audio/379916.wav,appliance_beep,fsd50k,0.0,fsd50k:379916
/Users/rajsingh/Library/CloudStorage/GoogleDrive-singhraj04.jan@gmail.com/My Drive/SAHARA/Datasets/FSD50K/FSD50K.dev_audio/100357.wav,appliance_beep,fsd50k,0.0,fsd50k:100357
/Users/rajsingh/Library/CloudStorage/GoogleDrive-singhraj04.jan@gmail.com/My Drive/SAHARA/Datasets/FSD50K/FSD50K.dev_audio/403471.wav,appliance_beep,fsd50k,0.0,fsd50k:403471
/Users/rajsingh/Library/CloudStorage/GoogleDrive-singhraj04.jan@gmail.com/My Drive/SAHARA/Datasets/FSD50K/FSD50K.dev_audio/403473.wav,appliance_beep,fsd50k,0.0,fsd50k:403473
/Users/rajsingh/Library/CloudStorage/GoogleDrive-singhraj04.jan@gmail.com/My Drive/SAHARA/Datasets/FSD50K/FSD50K.dev_audio/403474.wav,appliance_beep,fsd50k,0.0,fsd50k:403474
/Users/rajsingh/Library/CloudStorage/GoogleDrive-singhraj04.jan@gmail.com/My Drive/SAHARA/Datasets/FSD50K/FSD50K.dev_audio/104475.wav,appliance_beep,fsd50k,0.0,fsd50k:104475
/Users/rajsingh/Library/CloudStorage/GoogleDrive-singhraj04.jan@gmail.com/My Drive/SAHARA/Datasets/FSD50K/FSD50K.dev_audio/104476.wav,appliance_beep,fsd50k,0.0,fsd50k:104476
/Users/rajsingh/Library/CloudStorage/GoogleDrive-singhraj04.jan@gmail.com/My Drive/SAHARA/Datasets/FSD50K/FSD50K.dev_audio/327711.wav,appliance_beep,fsd50k,0.0,fsd50k:327711
/Users/rajsingh/Library/CloudStorage/GoogleDrive-singhraj04.jan@gmail.com/My Drive/SAHARA/Datasets/FSD50K/FSD50K.dev_audio/67616.wav,appliance_beep,fsd50k,0.0,fsd50k:67616
/Users/rajsingh/Library/CloudStorage/GoogleDrive-singhraj04.jan@gmail.com/My Drive/SAHARA/Datasets/FSD50K/FSD50K.dev_audio/69663.wav,appliance_beep,fsd50k,0.0,fsd50k:69663
/Users/rajsingh/Library/CloudStorage/GoogleDrive-singhraj04.jan@gmail.com/My Drive/SAHARA/Datasets/FSD50K/FSD50K.dev_audio/102435.wav,appliance_beep,fsd50k,0.0,fsd50k:102435
/Users/rajsingh/Library/CloudStorage/GoogleDrive-singhraj04.jan@gmail.com/My Drive/SAHARA/Datasets/FSD50K/FSD50K.dev_audio/258089.wav,appliance_beep,fsd50k,0.0,fsd50k:258089
/Users/rajsingh/Library/CloudStorage/GoogleDrive-singhraj04.jan@gmail.com/My Drive/SAHARA/Datasets/FSD50K/FSD50K.dev_audio/249931.wav,appliance_beep,fsd50k,0.0,fsd50k:249931
/Users/rajsingh/Library/CloudStorage/GoogleDrive-singhraj04.jan@gmail.com/My Drive/SAHARA/Datasets/FSD50K/FSD50K.dev_audio/182351.wav,appliance_beep,fsd50k,0.0,fsd50k:182351
/Users/rajsingh/Library/CloudStorage/GoogleDrive-singhraj04.jan@gmail.com/My Drive/SAHARA/Datasets/FSD50K/FSD50K.dev_audio/223320.wav,appliance_beep,fsd50k,0.0,fsd50k:223320
/Users/rajsingh/Library/CloudStorage/GoogleDrive-singhraj04.jan@gmail.com/My Drive/SAHARA/Datasets/FSD50K/FSD50K.dev_audio/71778.wav,appliance_beep,fsd50k,0.0,fsd50k:71778
/Users/rajsingh/Library/CloudStorage/GoogleDrive-singhraj04.jan@gmail.com/My Drive/SAHARA/Datasets/FSD50K/FSD50K.dev_audio/22627.wav,appliance_beep,fsd50k,0.0,fsd50k:22627
/Users/rajsingh/Library/CloudStorage/GoogleDrive-singhraj04.jan@gmail.com/My Drive/SAHARA/Datasets/FSD50K/FSD50K.dev_audio/110692.wav,appliance_beep,fsd50k,0.0,fsd50k:110692
/Users/rajsingh/Library/CloudStorage/GoogleDrive-singhraj04.jan@gmail.com/My Drive/SAHARA/Datasets/FSD50K/FSD50K.dev_audio/100459.wav,appliance_beep,fsd50k,0.0,fsd50k:100459
/Users/rajsingh/Library/CloudStorage/GoogleDrive-singhraj04.jan@gmail.com/My Drive/SAHARA/Datasets/FSD50K/FSD50K.dev_audio/100460.wav,appliance_beep,fsd50k,0.0,fsd50k:100460
/Users/rajsingh/Library/CloudStorage/GoogleDrive-singhraj04.jan@gmail.com/My Drive/SAHARA/Datasets/FSD50K/FSD50K.dev_audio/100461.wav,appliance_beep,fsd50k,0.0,fsd50k:100461
/Users/rajsingh/Library/CloudStorage/GoogleDrive-singhraj04.jan@gmail.com/My Drive/SAHARA/Datasets/FSD50K/FSD50K.dev_audio/100462.wav,appliance_beep,fsd50k,0.0,fsd50k:100462
/Users/rajsingh/Library/CloudStorage/GoogleDrive-singhraj04.jan@gmail.com/My Drive/SAHARA/Datasets/FSD50K/FSD50K.dev_audio/219244.wav,appliance_beep,fsd50k,0.0,fsd50k:219244
/Users/rajsingh/Library/CloudStorage/GoogleDrive-singhraj04.jan@gmail.com/My Drive/SAHARA/Datasets/FSD50K/FSD50K.dev_audio/321676.wav,appliance_beep,fsd50k,0.0,fsd50k:321676
/Users/rajsingh/Library/CloudStorage/GoogleDrive-singhraj04.jan@gmail.com/My Drive/SAHARA/Datasets/FSD50K/FSD50K.dev_audio/321677.wav,appliance_beep,fsd50k,0.0,fsd50k:321677
/Users/rajsingh/Library/CloudStorage/GoogleDrive-singhraj04.jan@gmail.com/My Drive/SAHARA/Datasets/FSD50K/FSD50K.dev_audio/321678.wav,appliance_beep,fsd50k,0.0,fsd50k:321678
/Users/rajsingh/Library/CloudStorage/GoogleDrive-singhraj04.jan@gmail.com/My Drive/SAHARA/Datasets/FSD50K/FSD50K.dev_audio/258193.wav,appliance_beep,fsd50k,0.0,fsd50k:258193
/Users/rajsingh/Library/CloudStorage/GoogleDrive-singhraj04.jan@gmail.com/My Drive/SAHARA/Datasets/FSD50K/FSD50K.dev_audio/321684.wav,appliance_beep,fsd50k,0.0,fsd50k:321684
/Users/rajsingh/Library/CloudStorage/GoogleDrive-singhraj04.jan@gmail.com/My Drive/SAHARA/Datasets/FSD50K/FSD50K.dev_audio/264346.wav,appliance_beep,fsd50k,0.0,fsd50k:264346
/Users/rajsingh/Library/CloudStorage/GoogleDrive-singhraj04.jan@gmail.com/My Drive/SAHARA/Datasets/FSD50K/FSD50K.dev_audio/211103.wav,appliance_beep,fsd50k,0.0,fsd50k:211103
/Users/rajsingh/Library/CloudStorage/GoogleDrive-singhraj04.jan@gmail.com/My Drive/SAHARA/Datasets/FSD50K/FSD50K.dev_audio/422051.wav,appliance_beep,fsd50k,0.0,fsd50k:422051
/Users/rajsingh/Library/CloudStorage/GoogleDrive-singhraj04.jan@gmail.com/My Drive/SAHARA/Datasets/FSD50K/FSD50K.dev_audio/329893.wav,appliance_beep,fsd50k,0.0,fsd50k:329893
/Users/rajsingh/Library/CloudStorage/GoogleDrive-singhraj04.jan@gmail.com/My Drive/SAHARA/Datasets/FSD50K/FSD50K.dev_audio/329894.wav,appliance_beep,fsd50k,0.0,fsd50k:329894
/Users/rajsingh/Library/CloudStorage/GoogleDrive-singhraj04.jan@gmail.com/My Drive/SAHARA/Datasets/FSD50K/FSD50K.dev_audio/329895.wav,appliance_beep,fsd50k,0.0,fsd50k:329895
/Users/rajsingh/Library/CloudStorage/GoogleDrive-singhraj04.jan@gmail.com/My Drive/SAHARA/Datasets/FSD50K/FSD50K.dev_audio/329896.wav,appliance_beep,fsd50k,0.0,fsd50k:329896
/Users/rajsingh/Library/CloudStorage/GoogleDrive-singhraj04.jan@gmail.com/My Drive/SAHARA/Datasets/FSD50K/FSD50K.dev_audio/333993.wav,appliance_beep,fsd50k,0.0,fsd50k:333993
/Users/rajsingh/Library/CloudStorage/GoogleDrive-singhraj04.jan@gmail.com/My Drive/SAHARA/Datasets/FSD50K/FSD50K.dev_audio/164006.wav,appliance_beep,fsd50k,0.0,fsd50k:164006
/Users/rajsingh/Library/CloudStorage/GoogleDrive-singhraj04.jan@gmail.com/My Drive/SAHARA/Datasets/FSD50K/FSD50K.dev_audio/233645.wav,appliance_beep,fsd50k,0.0,fsd50k:233645
/Users/rajsingh/Library/CloudStorage/GoogleDrive-singhraj04.jan@gmail.com/My Drive/SAHARA/Datasets/FSD50K/FSD50K.dev_audio/125102.wav,appliance_beep,fsd50k,0.0,fsd50k:125102
/Users/rajsingh/Library/CloudStorage/GoogleDrive-singhraj04.jan@gmail.com/My Drive/SAHARA/Datasets/FSD50K/FSD50K.dev_audio/270522.wav,appliance_beep,fsd50k,0.0,fsd50k:270522
/Users/rajsingh/Library/CloudStorage/GoogleDrive-singhraj04.jan@gmail.com/My Drive/SAHARA/Datasets/FSD50K/FSD50K.dev_audio/428221.wav,appliance_beep,fsd50k,0.0,fsd50k:428221
/Users/rajsingh/Library/CloudStorage/GoogleDrive-singhraj04.jan@gmail.com/My Drive/SAHARA/Datasets/FSD50K/FSD50K.dev_audio/18632.wav,appliance_beep,fsd50k,0.0,fsd50k:18632
/Users/rajsingh/Library/CloudStorage/GoogleDrive-singhraj04.jan@gmail.com/My Drive/SAHARA/Datasets/FSD50K/FSD50K.dev_audio/196838.wav,appliance_beep,fsd50k,0.0,fsd50k:196838
/Users/rajsingh/Library/CloudStorage/GoogleDrive-singhraj04.jan@gmail.com/My Drive/SAHARA/Datasets/FSD50K/FSD50K.dev_audio/164089.wav,appliance_beep,fsd50k,0.0,fsd50k:164089
/Users/rajsingh/Library/CloudStorage/GoogleDrive-singhraj04.jan@gmail.com/My Drive/SAHARA/Datasets/FSD50K/FSD50K.dev_audio/164090.wav,appliance_beep,fsd50k,0.0,fsd50k:164090
/Users/rajsingh/Library/CloudStorage/GoogleDrive-singhraj04.jan@gmail.com/My Drive/SAHARA/Datasets/FSD50K/FSD50K.dev_audio/325894.wav,appliance_beep,fsd50k,0.0,fsd50k:325894
/Users/rajsingh/Library/CloudStorage/GoogleDrive-singhraj04.jan@gmail.com/My Drive/SAHARA/Datasets/FSD50K/FSD50K.dev_audio/327969.wav,appliance_beep,fsd50k,0.0,fsd50k:327969
/Users/rajsingh/Library/CloudStorage/GoogleDrive-singhraj04.jan@gmail.com/My Drive/SAHARA/Datasets/FSD50K/FSD50K.dev_audio/327970.wav,appliance_beep,fsd50k,0.0,fsd50k:327970
/Users/rajsingh/Library/CloudStorage/GoogleDrive-singhraj04.jan@gmail.com/My Drive/SAHARA/Datasets/FSD50K/FSD50K.dev_audio/270643.wav,appliance_beep,fsd50k,0.0,fsd50k:270643
/Users/rajsingh/Library/CloudStorage/GoogleDrive-singhraj04.jan@gmail.com/My Drive/SAHARA/Datasets/FSD50K/FSD50K.dev_audio/393524.wav,appliance_beep,fsd50k,0.0,fsd50k:393524
/Users/rajsingh/Library/CloudStorage/GoogleDrive-singhraj04.jan@gmail.com/My Drive/SAHARA/Datasets/FSD50K/FSD50K.dev_audio/106831.wav,appliance_beep,fsd50k,0.0,fsd50k:106831
/Users/rajsingh/Library/CloudStorage/GoogleDrive-singhraj04.jan@gmail.com/My Drive/SAHARA/Datasets/FSD50K/FSD50K.dev_audio/26960.wav,appliance_beep,fsd50k,0.0,fsd50k:26960
/Users/rajsingh/Library/CloudStorage/GoogleDrive-singhraj04.jan@gmail.com/My Drive/SAHARA/Datasets/FSD50K/FSD50K.dev_audio/26961.wav,appliance_beep,fsd50k,0.0,fsd50k:26961
/Users/rajsingh/Library/CloudStorage/GoogleDrive-singhraj04.jan@gmail.com/My Drive/SAHARA/Datasets/FSD50K/FSD50K.dev_audio/26962.wav,appliance_beep,fsd50k,0.0,fsd50k:26962
/Users/rajsingh/Library/CloudStorage/GoogleDrive-singhraj04.jan@gmail.com/My Drive/SAHARA/Datasets/FSD50K/FSD50K.dev_audio/26963.wav,appliance_beep,fsd50k,0.0,fsd50k:26963
/Users/rajsingh/Library/CloudStorage/GoogleDrive-singhraj04.jan@gmail.com/My Drive/SAHARA/Datasets/FSD50K/FSD50K.dev_audio/26964.wav,appliance_beep,fsd50k,0.0,fsd50k:26964
/Users/rajsingh/Library/CloudStorage/GoogleDrive-singhraj04.jan@gmail.com/My Drive/SAHARA/Datasets/FSD50K/FSD50K.dev_audio/26965.wav,appliance_beep,fsd50k,0.0,fsd50k:26965
/Users/rajsingh/Library/CloudStorage/GoogleDrive-singhraj04.jan@gmail.com/My Drive/SAHARA/Datasets/FSD50K/FSD50K.dev_audio/221522.wav,appliance_beep,fsd50k,0.0,fsd50k:221522
/Users/rajsingh/Library/CloudStorage/GoogleDrive-singhraj04.jan@gmail.com/My Drive/SAHARA/Datasets/FSD50K/FSD50K.dev_audio/22876.wav,appliance_beep,fsd50k,0.0,fsd50k:22876
/Users/rajsingh/Library/CloudStorage/GoogleDrive-singhraj04.jan@gmail.com/My Drive/SAHARA/Datasets/FSD50K/FSD50K.dev_audio/274806.wav,appliance_beep,fsd50k,0.0,fsd50k:274806
/Users/rajsingh/Library/CloudStorage/GoogleDrive-singhraj04.jan@gmail.com/My Drive/SAHARA/Datasets/FSD50K/FSD50K.dev_audio/389509.wav,appliance_beep,fsd50k,0.0,fsd50k:389509
/Users/rajsingh/Library/CloudStorage/GoogleDrive-singhraj04.jan@gmail.com/My Drive/SAHARA/Datasets/FSD50K/FSD50K.dev_audio/348551.wav,appliance_beep,fsd50k,0.0,fsd50k:348551
/Users/rajsingh/Library/CloudStorage/GoogleDrive-singhraj04.jan@gmail.com/My Drive/SAHARA/Datasets/FSD50K/FSD50K.dev_audio/250261.wav,appliance_beep,fsd50k,0.0,fsd50k:250261
/Users/rajsingh/Library/CloudStorage/GoogleDrive-singhraj04.jan@gmail.com/My Drive/SAHARA/Datasets/FSD50K/FSD50K.dev_audio/377249.wav,appliance_beep,fsd50k,0.0,fsd50k:377249
/Users/rajsingh/Library/CloudStorage/GoogleDrive-singhraj04.jan@gmail.com/My Drive/SAHARA/Datasets/FSD50K/FSD50K.dev_audio/250285.wav,appliance_beep,fsd50k,0.0,fsd50k:250285
/Users/rajsingh/Library/CloudStorage/GoogleDrive-singhraj04.jan@gmail.com/My Drive/SAHARA/Datasets/FSD50K/FSD50K.dev_audio/129464.wav,appliance_beep,fsd50k,0.0,fsd50k:129464
/Users/rajsingh/Library/CloudStorage/GoogleDrive-singhraj04.jan@gmail.com/My Drive/SAHARA/Datasets/FSD50K/FSD50K.dev_audio/135613.wav,appliance_beep,fsd50k,0.0,fsd50k:135613
/Users/rajsingh/Library/CloudStorage/GoogleDrive-singhraj04.jan@gmail.com/My Drive/SAHARA/Datasets/FSD50K/FSD50K.dev_audio/72125.wav,appliance_beep,fsd50k,0.0,fsd50k:72125
/Users/rajsingh/Library/CloudStorage/GoogleDrive-singhraj04.jan@gmail.com/My Drive/SAHARA/Datasets/FSD50K/FSD50K.dev_audio/72126.wav,appliance_beep,fsd50k,0.0,fsd50k:72126
/Users/rajsingh/Library/CloudStorage/GoogleDrive-singhraj04.jan@gmail.com/My Drive/SAHARA/Datasets/FSD50K/FSD50K.dev_audio/72127.wav,appliance_beep,fsd50k,0.0,fsd50k:72127
/Users/rajsingh/Library/CloudStorage/GoogleDrive-singhraj04.jan@gmail.com/My Drive/SAHARA/Datasets/FSD50K/FSD50K.dev_audio/72128.wav,appliance_beep,fsd50k,0.0,fsd50k:72128
/Users/rajsingh/Library/CloudStorage/GoogleDrive-singhraj04.jan@gmail.com/My Drive/SAHARA/Datasets/FSD50K/FSD50K.dev_audio/72129.wav,appliance_beep,fsd50k,0.0,fsd50k:72129
/Users/rajsingh/Library/CloudStorage/GoogleDrive-singhraj04.jan@gmail.com/My Drive/SAHARA/Datasets/FSD50K/FSD50K.dev_audio/428484.wav,appliance_beep,fsd50k,0.0,fsd50k:428484
/Users/rajsingh/Library/CloudStorage/GoogleDrive-singhraj04.jan@gmail.com/My Drive/SAHARA/Datasets/FSD50K/FSD50K.dev_audio/381382.wav,appliance_beep,fsd50k,0.0,fsd50k:381382
/Users/rajsingh/Library/CloudStorage/GoogleDrive-singhraj04.jan@gmail.com/My Drive/SAHARA/Datasets/FSD50K/FSD50K.dev_audio/25031.wav,appliance_beep,fsd50k,0.0,fsd50k:25031
/Users/rajsingh/Library/CloudStorage/GoogleDrive-singhraj04.jan@gmail.com/My Drive/SAHARA/Datasets/FSD50K/FSD50K.dev_audio/84423.wav,appliance_beep,fsd50k,0.0,fsd50k:84423
/Users/rajsingh/Library/CloudStorage/GoogleDrive-singhraj04.jan@gmail.com/My Drive/SAHARA/Datasets/FSD50K/FSD50K.dev_audio/25032.wav,appliance_beep,fsd50k,0.0,fsd50k:25032
/Users/rajsingh/Library/CloudStorage/GoogleDrive-singhraj04.jan@gmail.com/My Drive/SAHARA/Datasets/FSD50K/FSD50K.dev_audio/387532.wav,appliance_beep,fsd50k,0.0,fsd50k:387532
/Users/rajsingh/Library/CloudStorage/GoogleDrive-singhraj04.jan@gmail.com/My Drive/SAHARA/Datasets/FSD50K/FSD50K.dev_audio/344525.wav,appliance_beep,fsd50k,0.0,fsd50k:344525
/Users/rajsingh/Library/CloudStorage/GoogleDrive-singhraj04.jan@gmail.com/My Drive/SAHARA/Datasets/FSD50K/FSD50K.dev_audio/387534.wav,appliance_beep,fsd50k,0.0,fsd50k:387534
/Users/rajsingh/Library/CloudStorage/GoogleDrive-singhraj04.jan@gmail.com/My Drive/SAHARA/Datasets/FSD50K/FSD50K.dev_audio/211408.wav,appliance_beep,fsd50k,0.0,fsd50k:211408
/Users/rajsingh/Library/CloudStorage/GoogleDrive-singhraj04.jan@gmail.com/My Drive/SAHARA/Datasets/FSD50K/FSD50K.dev_audio/387537.wav,appliance_beep,fsd50k,0.0,fsd50k:387537
/Users/rajsingh/Library/CloudStorage/GoogleDrive-singhraj04.jan@gmail.com/My Drive/SAHARA/Datasets/FSD50K/FSD50K.dev_audio/166356.wav,appliance_beep,fsd50k,0.0,fsd50k:166356
/Users/rajsingh/Library/CloudStorage/GoogleDrive-singhraj04.jan@gmail.com/My Drive/SAHARA/Datasets/FSD50K/FSD50K.dev_audio/121306.wav,appliance_beep,fsd50k,0.0,fsd50k:121306
/Users/rajsingh/Library/CloudStorage/GoogleDrive-singhraj04.jan@gmail.com/My Drive/SAHARA/Datasets/FSD50K/FSD50K.dev_audio/147933.wav,appliance_beep,fsd50k,0.0,fsd50k:147933
/Users/rajsingh/Library/CloudStorage/GoogleDrive-singhraj04.jan@gmail.com/My Drive/SAHARA/Datasets/FSD50K/FSD50K.dev_audio/379373.wav,appliance_beep,fsd50k,0.0,fsd50k:379373
/Users/rajsingh/Library/CloudStorage/GoogleDrive-singhraj04.jan@gmail.com/My Drive/SAHARA/Datasets/FSD50K/FSD50K.dev_audio/428526.wav,appliance_beep,fsd50k,0.0,fsd50k:428526
/Users/rajsingh/Library/CloudStorage/GoogleDrive-singhraj04.jan@gmail.com/My Drive/SAHARA/Datasets/FSD50K/FSD50K.dev_audio/379375.wav,appliance_beep,fsd50k,0.0,fsd50k:379375
/Users/rajsingh/Library/CloudStorage/GoogleDrive-singhraj04.jan@gmail.com/My Drive/SAHARA/Datasets/FSD50K/FSD50K.dev_audio/238075.wav,appliance_beep,fsd50k,0.0,fsd50k:238075
/Users/rajsingh/Library/CloudStorage/GoogleDrive-singhraj04.jan@gmail.com/My Drive/SAHARA/Datasets/FSD50K/FSD50K.dev_audio/379387.wav,appliance_beep,fsd50k,0.0,fsd50k:379387
/Users/rajsingh/Library/CloudStorage/GoogleDrive-singhraj04.jan@gmail.com/My Drive/SAHARA/Datasets/FSD50K/FSD50K.dev_audio/379388.wav,appliance_beep,fsd50k,0.0,fsd50k:379388
/Users/rajsingh/Library/CloudStorage/GoogleDrive-singhraj04.jan@gmail.com/My Drive/SAHARA/Datasets/FSD50K/FSD50K.dev_audio/94735.wav,appliance_beep,fsd50k,0.0,fsd50k:94735
/Users/rajsingh/Library/CloudStorage/GoogleDrive-singhraj04.jan@gmail.com/My Drive/SAHARA/Datasets/FSD50K/FSD50K.dev_audio/203287.wav,appliance_beep,fsd50k,0.0,fsd50k:203287
/Users/rajsingh/Library/CloudStorage/GoogleDrive-singhraj04.jan@gmail.com/My Drive/SAHARA/Datasets/FSD50K/FSD50K.dev_audio/268823.wav,appliance_beep,fsd50k,0.0,fsd50k:268823
/Users/rajsingh/Library/CloudStorage/GoogleDrive-singhraj04.jan@gmail.com/My Drive/SAHARA/Datasets/FSD50K/FSD50K.dev_audio/270883.wav,appliance_beep,fsd50k,0.0,fsd50k:270883
/Users/rajsingh/Library/CloudStorage/GoogleDrive-singhraj04.jan@gmail.com/My Drive/SAHARA/Datasets/FSD50K/FSD50K.dev_audio/150052.wav,appliance_beep,fsd50k,0.0,fsd50k:150052
/Users/rajsingh/Library/CloudStorage/GoogleDrive-singhraj04.jan@gmail.com/My Drive/SAHARA/Datasets/FSD50K/FSD50K.dev_audio/150053.wav,appliance_beep,fsd50k,0.0,fsd50k:150053
/Users/rajsingh/Library/CloudStorage/GoogleDrive-singhraj04.jan@gmail.com/My Drive/SAHARA/Datasets/FSD50K/FSD50K.dev_audio/51747.wav,appliance_beep,fsd50k,0.0,fsd50k:51747
/Users/rajsingh/Library/CloudStorage/GoogleDrive-singhraj04.jan@gmail.com/My Drive/SAHARA/Datasets/FSD50K/FSD50K.dev_audio/350773.wav,appliance_beep,fsd50k,0.0,fsd50k:350773
/Users/rajsingh/Library/CloudStorage/GoogleDrive-singhraj04.jan@gmail.com/My Drive/SAHARA/Datasets/FSD50K/FSD50K.dev_audio/246328.wav,appliance_beep,fsd50k,0.0,fsd50k:246328
/Users/rajsingh/Library/CloudStorage/GoogleDrive-singhraj04.jan@gmail.com/My Drive/SAHARA/Datasets/FSD50K/FSD50K.dev_audio/426559.wav,appliance_beep,fsd50k,0.0,fsd50k:426559
/Users/rajsingh/Library/CloudStorage/GoogleDrive-singhraj04.jan@gmail.com/My Drive/SAHARA/Datasets/FSD50K/FSD50K.dev_audio/39514.wav,appliance_beep,fsd50k,0.0,fsd50k:39514
/Users/rajsingh/Library/CloudStorage/GoogleDrive-singhraj04.jan@gmail.com/My Drive/SAHARA/Datasets/FSD50K/FSD50K.dev_audio/371292.wav,appliance_beep,fsd50k,0.0,fsd50k:371292
/Users/rajsingh/Library/CloudStorage/GoogleDrive-singhraj04.jan@gmail.com/My Drive/SAHARA/Datasets/FSD50K/FSD50K.dev_audio/266848.wav,appliance_beep,fsd50k,0.0,fsd50k:266848
/Users/rajsingh/Library/CloudStorage/GoogleDrive-singhraj04.jan@gmail.com/My Drive/SAHARA/Datasets/FSD50K/FSD50K.dev_audio/35433.wav,appliance_beep,fsd50k,0.0,fsd50k:35433
/Users/rajsingh/Library/CloudStorage/GoogleDrive-singhraj04.jan@gmail.com/My Drive/SAHARA/Datasets/FSD50K/FSD50K.dev_audio/35436.wav,appliance_beep,fsd50k,0.0,fsd50k:35436
/Users/rajsingh/Library/CloudStorage/GoogleDrive-singhraj04.jan@gmail.com/My Drive/SAHARA/Datasets/FSD50K/FSD50K.dev_audio/35437.wav,appliance_beep,fsd50k,0.0,fsd50k:35437
/Users/rajsingh/Library/CloudStorage/GoogleDrive-singhraj04.jan@gmail.com/My Drive/SAHARA/Datasets/FSD50K/FSD50K.dev_audio/201325.wav,appliance_beep,fsd50k,0.0,fsd50k:201325
/Users/rajsingh/Library/CloudStorage/GoogleDrive-singhraj04.jan@gmail.com/My Drive/SAHARA/Datasets/FSD50K/FSD50K.dev_audio/35439.wav,appliance_beep,fsd50k,0.0,fsd50k:35439
/Users/rajsingh/Library/CloudStorage/GoogleDrive-singhraj04.jan@gmail.com/My Drive/SAHARA/Datasets/FSD50K/FSD50K.dev_audio/35441.wav,appliance_beep,fsd50k,0.0,fsd50k:35441
/Users/rajsingh/Library/CloudStorage/GoogleDrive-singhraj04.jan@gmail.com/My Drive/SAHARA/Datasets/FSD50K/FSD50K.dev_audio/96890.wav,appliance_beep,fsd50k,0.0,fsd50k:96890
/Users/rajsingh/Library/CloudStorage/GoogleDrive-singhraj04.jan@gmail.com/My Drive/SAHARA/Datasets/FSD50K/FSD50K.dev_audio/342663.wav,appliance_beep,fsd50k,0.0,fsd50k:342663
/Users/rajsingh/Library/CloudStorage/GoogleDrive-singhraj04.jan@gmail.com/My Drive/SAHARA/Datasets/FSD50K/FSD50K.dev_audio/342664.wav,appliance_beep,fsd50k,0.0,fsd50k:342664
/Users/rajsingh/Library/CloudStorage/GoogleDrive-singhraj04.jan@gmail.com/My Drive/SAHARA/Datasets/FSD50K/FSD50K.dev_audio/389775.wav,appliance_beep,fsd50k,0.0,fsd50k:389775
/Users/rajsingh/Library/CloudStorage/GoogleDrive-singhraj04.jan@gmail.com/My Drive/SAHARA/Datasets/FSD50K/FSD50K.dev_audio/70289.wav,appliance_beep,fsd50k,0.0,fsd50k:70289
/Users/rajsingh/Library/CloudStorage/GoogleDrive-singhraj04.jan@gmail.com/My Drive/SAHARA/Datasets/FSD50K/FSD50K.dev_audio/324248.wav,appliance_beep,fsd50k,0.0,fsd50k:324248
/Users/rajsingh/Library/CloudStorage/GoogleDrive-singhraj04.jan@gmail.com/My Drive/SAHARA/Datasets/FSD50K/FSD50K.dev_audio/98973.wav,appliance_beep,fsd50k,0.0,fsd50k:98973
/Users/rajsingh/Library/CloudStorage/GoogleDrive-singhraj04.jan@gmail.com/My Drive/SAHARA/Datasets/FSD50K/FSD50K.dev_audio/414366.wav,appliance_beep,fsd50k,0.0,fsd50k:414366
/Users/rajsingh/Library/CloudStorage/GoogleDrive-singhraj04.jan@gmail.com/My Drive/SAHARA/Datasets/FSD50K/FSD50K.dev_audio/266924.wav,appliance_beep,fsd50k,0.0,fsd50k:266924
/Users/rajsingh/Library/CloudStorage/GoogleDrive-singhraj04.jan@gmail.com/My Drive/SAHARA/Datasets/FSD50K/FSD50K.dev_audio/139958.wav,appliance_beep,fsd50k,0.0,fsd50k:139958
/Users/rajsingh/Library/CloudStorage/GoogleDrive-singhraj04.jan@gmail.com/My Drive/SAHARA/Datasets/FSD50K/FSD50K.dev_audio/404161.wav,appliance_beep,fsd50k,0.0,fsd50k:404161
/Users/rajsingh/Library/CloudStorage/GoogleDrive-singhraj04.jan@gmail.com/My Drive/SAHARA/Datasets/FSD50K/FSD50K.dev_audio/262853.wav,appliance_beep,fsd50k,0.0,fsd50k:262853
/Users/rajsingh/Library/CloudStorage/GoogleDrive-singhraj04.jan@gmail.com/My Drive/SAHARA/Datasets/FSD50K/FSD50K.dev_audio/96973.wav,appliance_beep,fsd50k,0.0,fsd50k:96973
/Users/rajsingh/Library/CloudStorage/GoogleDrive-singhraj04.jan@gmail.com/My Drive/SAHARA/Datasets/FSD50K/FSD50K.dev_audio/271063.wav,appliance_beep,fsd50k,0.0,fsd50k:271063
/Users/rajsingh/Library/CloudStorage/GoogleDrive-singhraj04.jan@gmail.com/My Drive/SAHARA/Datasets/FSD50K/FSD50K.dev_audio/33497.wav,appliance_beep,fsd50k,0.0,fsd50k:33497
/Users/rajsingh/Library/CloudStorage/GoogleDrive-singhraj04.jan@gmail.com/My Drive/SAHARA/Datasets/FSD50K/FSD50K.dev_audio/262878.wav,appliance_beep,fsd50k,0.0,fsd50k:262878
/Users/rajsingh/Library/CloudStorage/GoogleDrive-singhraj04.jan@gmail.com/My Drive/SAHARA/Datasets/FSD50K/FSD50K.dev_audio/92897.wav,appliance_beep,fsd50k,0.0,fsd50k:92897
/Users/rajsingh/Library/CloudStorage/GoogleDrive-singhraj04.jan@gmail.com/My Drive/SAHARA/Datasets/FSD50K/FSD50K.dev_audio/74471.wav,appliance_beep,fsd50k,0.0,fsd50k:74471
/Users/rajsingh/Library/CloudStorage/GoogleDrive-singhraj04.jan@gmail.com/My Drive/SAHARA/Datasets/FSD50K/FSD50K.dev_audio/74474.wav,appliance_beep,fsd50k,0.0,fsd50k:74474
/Users/rajsingh/Library/CloudStorage/GoogleDrive-singhraj04.jan@gmail.com/My Drive/SAHARA/Datasets/FSD50K/FSD50K.dev_audio/262897.wav,appliance_beep,fsd50k,0.0,fsd50k:262897
/Users/rajsingh/Library/CloudStorage/GoogleDrive-singhraj04.jan@gmail.com/My Drive/SAHARA/Datasets/FSD50K/FSD50K.dev_audio/262900.wav,appliance_beep,fsd50k,0.0,fsd50k:262900
/Users/rajsingh/Library/CloudStorage/GoogleDrive-singhraj04.jan@gmail.com/My Drive/SAHARA/Datasets/FSD50K/FSD50K.dev_audio/250629.wav,appliance_beep,fsd50k,0.0,fsd50k:250629
/Users/rajsingh/Library/CloudStorage/GoogleDrive-singhraj04.jan@gmail.com/My Drive/SAHARA/Datasets/FSD50K/FSD50K.dev_audio/340750.wav,appliance_beep,fsd50k,0.0,fsd50k:340750
/Users/rajsingh/Library/CloudStorage/GoogleDrive-singhraj04.jan@gmail.com/My Drive/SAHARA/Datasets/FSD50K/FSD50K.dev_audio/203539.wav,appliance_beep,fsd50k,0.0,fsd50k:203539
/Users/rajsingh/Library/CloudStorage/GoogleDrive-singhraj04.jan@gmail.com/My Drive/SAHARA/Datasets/FSD50K/FSD50K.dev_audio/203540.wav,appliance_beep,fsd50k,0.0,fsd50k:203540
/Users/rajsingh/Library/CloudStorage/GoogleDrive-singhraj04.jan@gmail.com/My Drive/SAHARA/Datasets/FSD50K/FSD50K.dev_audio/250654.wav,appliance_beep,fsd50k,0.0,fsd50k:250654
/Users/rajsingh/Library/CloudStorage/GoogleDrive-singhraj04.jan@gmail.com/My Drive/SAHARA/Datasets/FSD50K/FSD50K.dev_audio/273187.wav,appliance_beep,fsd50k,0.0,fsd50k:273187
/Users/rajsingh/Library/CloudStorage/GoogleDrive-singhraj04.jan@gmail.com/My Drive/SAHARA/Datasets/FSD50K/FSD50K.dev_audio/52004.wav,appliance_beep,fsd50k,0.0,fsd50k:52004
/Users/rajsingh/Library/CloudStorage/GoogleDrive-singhraj04.jan@gmail.com/My Drive/SAHARA/Datasets/FSD50K/FSD50K.dev_audio/156453.wav,appliance_beep,fsd50k,0.0,fsd50k:156453
/Users/rajsingh/Library/CloudStorage/GoogleDrive-singhraj04.jan@gmail.com/My Drive/SAHARA/Datasets/FSD50K/FSD50K.dev_audio/148266.wav,appliance_beep,fsd50k,0.0,fsd50k:148266
/Users/rajsingh/Library/CloudStorage/GoogleDrive-singhraj04.jan@gmail.com/My Drive/SAHARA/Datasets/FSD50K/FSD50K.dev_audio/398123.wav,appliance_beep,fsd50k,0.0,fsd50k:398123
/Users/rajsingh/Library/CloudStorage/GoogleDrive-singhraj04.jan@gmail.com/My Drive/SAHARA/Datasets/FSD50K/FSD50K.dev_audio/238390.wav,appliance_beep,fsd50k,0.0,fsd50k:238390
/Users/rajsingh/Library/CloudStorage/GoogleDrive-singhraj04.jan@gmail.com/My Drive/SAHARA/Datasets/FSD50K/FSD50K.dev_audio/265017.wav,appliance_beep,fsd50k,0.0,fsd50k:265017
/Users/rajsingh/Library/CloudStorage/GoogleDrive-singhraj04.jan@gmail.com/My Drive/SAHARA/Datasets/FSD50K/FSD50K.dev_audio/324415.wav,appliance_beep,fsd50k,0.0,fsd50k:324415
/Users/rajsingh/Library/CloudStorage/GoogleDrive-singhraj04.jan@gmail.com/My Drive/SAHARA/Datasets/FSD50K/FSD50K.dev_audio/148297.wav,appliance_beep,fsd50k,0.0,fsd50k:148297
/Users/rajsingh/Library/CloudStorage/GoogleDrive-singhraj04.jan@gmail.com/My Drive/SAHARA/Datasets/FSD50K/FSD50K.dev_audio/93020.wav,appliance_beep,fsd50k,0.0,fsd50k:93020
/Users/rajsingh/Library/CloudStorage/GoogleDrive-singhraj04.jan@gmail.com/My Drive/SAHARA/Datasets/FSD50K/FSD50K.dev_audio/334684.wav,appliance_beep,fsd50k,0.0,fsd50k:334684
/Users/rajsingh/Library/CloudStorage/GoogleDrive-singhraj04.jan@gmail.com/My Drive/SAHARA/Datasets/FSD50K/FSD50K.dev_audio/396137.wav,appliance_beep,fsd50k,0.0,fsd50k:396137
/Users/rajsingh/Library/CloudStorage/GoogleDrive-singhraj04.jan@gmail.com/My Drive/SAHARA/Datasets/FSD50K/FSD50K.dev_audio/324459.wav,appliance_beep,fsd50k,0.0,fsd50k:324459
/Users/rajsingh/Library/CloudStorage/GoogleDrive-singhraj04.jan@gmail.com/My Drive/SAHARA/Datasets/FSD50K/FSD50K.dev_audio/82797.wav,appliance_beep,fsd50k,0.0,fsd50k:82797
/Users/rajsingh/Library/CloudStorage/GoogleDrive-singhraj04.jan@gmail.com/My Drive/SAHARA/Datasets/FSD50K/FSD50K.dev_audio/185199.wav,appliance_beep,fsd50k,0.0,fsd50k:185199
/Users/rajsingh/Library/CloudStorage/GoogleDrive-singhraj04.jan@gmail.com/My Drive/SAHARA/Datasets/FSD50K/FSD50K.dev_audio/9077.wav,appliance_beep,fsd50k,0.0,fsd50k:9077
/Users/rajsingh/Library/CloudStorage/GoogleDrive-singhraj04.jan@gmail.com/My Drive/SAHARA/Datasets/FSD50K/FSD50K.dev_audio/213890.wav,appliance_beep,fsd50k,0.0,fsd50k:213890
/Users/rajsingh/Library/CloudStorage/GoogleDrive-singhraj04.jan@gmail.com/My Drive/SAHARA/Datasets/FSD50K/FSD50K.dev_audio/217989.wav,appliance_beep,fsd50k,0.0,fsd50k:217989
/Users/rajsingh/Library/CloudStorage/GoogleDrive-singhraj04.jan@gmail.com/My Drive/SAHARA/Datasets/FSD50K/FSD50K.dev_audio/207751.wav,appliance_beep,fsd50k,0.0,fsd50k:207751
/Users/rajsingh/Library/CloudStorage/GoogleDrive-singhraj04.jan@gmail.com/My Drive/SAHARA/Datasets/FSD50K/FSD50K.dev_audio/367500.wav,appliance_beep,fsd50k,0.0,fsd50k:367500
/Users/rajsingh/Library/CloudStorage/GoogleDrive-singhraj04.jan@gmail.com/My Drive/SAHARA/Datasets/FSD50K/FSD50K.dev_audio/418705.wav,appliance_beep,fsd50k,0.0,fsd50k:418705
/Users/rajsingh/Library/CloudStorage/GoogleDrive-singhraj04.jan@gmail.com/My Drive/SAHARA/Datasets/FSD50K/FSD50K.dev_audio/423929.wav,appliance_beep,fsd50k,0.0,fsd50k:423929
/Users/rajsingh/Library/CloudStorage/GoogleDrive-singhraj04.jan@gmail.com/My Drive/SAHARA/Datasets/FSD50K/FSD50K.dev_audio/158622.wav,appliance_beep,fsd50k,0.0,fsd50k:158622
/Users/rajsingh/Library/CloudStorage/GoogleDrive-singhraj04.jan@gmail.com/My Drive/SAHARA/Datasets/FSD50K/FSD50K.dev_audio/338853.wav,appliance_beep,fsd50k,0.0,fsd50k:338853
/Users/rajsingh/Library/CloudStorage/GoogleDrive-singhraj04.jan@gmail.com/My Drive/SAHARA/Datasets/FSD50K/FSD50K.dev_audio/103335.wav,appliance_beep,fsd50k,0.0,fsd50k:103335
/Users/rajsingh/Library/CloudStorage/GoogleDrive-singhraj04.jan@gmail.com/My Drive/SAHARA/Datasets/FSD50K/FSD50K.dev_audio/273320.wav,appliance_beep,fsd50k,0.0,fsd50k:273320
/Users/rajsingh/Library/CloudStorage/GoogleDrive-singhraj04.jan@gmail.com/My Drive/SAHARA/Datasets/FSD50K/FSD50K.dev_audio/54193.wav,appliance_beep,fsd50k,0.0,fsd50k:54193
/Users/rajsingh/Library/CloudStorage/GoogleDrive-singhraj04.jan@gmail.com/My Drive/SAHARA/Datasets/FSD50K/FSD50K.dev_audio/33723.wav,appliance_beep,fsd50k,0.0,fsd50k:33723
/Users/rajsingh/Library/CloudStorage/GoogleDrive-singhraj04.jan@gmail.com/My Drive/SAHARA/Datasets/FSD50K/FSD50K.dev_audio/33724.wav,appliance_beep,fsd50k,0.0,fsd50k:33724
/Users/rajsingh/Library/CloudStorage/GoogleDrive-singhraj04.jan@gmail.com/My Drive/SAHARA/Datasets/FSD50K/FSD50K.dev_audio/33725.wav,appliance_beep,fsd50k,0.0,fsd50k:33725
/Users/rajsingh/Library/CloudStorage/GoogleDrive-singhraj04.jan@gmail.com/My Drive/SAHARA/Datasets/FSD50K/FSD50K.dev_audio/33726.wav,appliance_beep,fsd50k,0.0,fsd50k:33726
/Users/rajsingh/Library/CloudStorage/GoogleDrive-singhraj04.jan@gmail.com/My Drive/SAHARA/Datasets/FSD50K/FSD50K.dev_audio/33727.wav,appliance_beep,fsd50k,0.0,fsd50k:33727
/Users/rajsingh/Library/CloudStorage/GoogleDrive-singhraj04.jan@gmail.com/My Drive/SAHARA/Datasets/FSD50K/FSD50K.dev_audio/33728.wav,appliance_beep,fsd50k,0.0,fsd50k:33728
/Users/rajsingh/Library/CloudStorage/GoogleDrive-singhraj04.jan@gmail.com/My Drive/SAHARA/Datasets/FSD50K/FSD50K.dev_audio/33729.wav,appliance_beep,fsd50k,0.0,fsd50k:33729
/Users/rajsingh/Library/CloudStorage/GoogleDrive-singhraj04.jan@gmail.com/My Drive/SAHARA/Datasets/FSD50K/FSD50K.dev_audio/33730.wav,appliance_beep,fsd50k,0.0,fsd50k:33730
/Users/rajsingh/Library/CloudStorage/GoogleDrive-singhraj04.jan@gmail.com/My Drive/SAHARA/Datasets/FSD50K/FSD50K.dev_audio/33731.wav,appliance_beep,fsd50k,0.0,fsd50k:33731
/Users/rajsingh/Library/CloudStorage/GoogleDrive-singhraj04.jan@gmail.com/My Drive/SAHARA/Datasets/FSD50K/FSD50K.dev_audio/33732.wav,appliance_beep,fsd50k,0.0,fsd50k:33732
/Users/rajsingh/Library/CloudStorage/GoogleDrive-singhraj04.jan@gmail.com/My Drive/SAHARA/Datasets/FSD50K/FSD50K.dev_audio/33733.wav,appliance_beep,fsd50k,0.0,fsd50k:33733
/Users/rajsingh/Library/CloudStorage/GoogleDrive-singhraj04.jan@gmail.com/My Drive/SAHARA/Datasets/FSD50K/FSD50K.dev_audio/33734.wav,appliance_beep,fsd50k,0.0,fsd50k:33734
/Users/rajsingh/Library/CloudStorage/GoogleDrive-singhraj04.jan@gmail.com/My Drive/SAHARA/Datasets/FSD50K/FSD50K.dev_audio/33735.wav,appliance_beep,fsd50k,0.0,fsd50k:33735
/Users/rajsingh/Library/CloudStorage/GoogleDrive-singhraj04.jan@gmail.com/My Drive/SAHARA/Datasets/FSD50K/FSD50K.dev_audio/33736.wav,appliance_beep,fsd50k,0.0,fsd50k:33736
/Users/rajsingh/Library/CloudStorage/GoogleDrive-singhraj04.jan@gmail.com/My Drive/SAHARA/Datasets/FSD50K/FSD50K.dev_audio/33737.wav,appliance_beep,fsd50k,0.0,fsd50k:33737
/Users/rajsingh/Library/CloudStorage/GoogleDrive-singhraj04.jan@gmail.com/My Drive/SAHARA/Datasets/FSD50K/FSD50K.dev_audio/33738.wav,appliance_beep,fsd50k,0.0,fsd50k:33738
/Users/rajsingh/Library/CloudStorage/GoogleDrive-singhraj04.jan@gmail.com/My Drive/SAHARA/Datasets/FSD50K/FSD50K.dev_audio/216009.wav,appliance_beep,fsd50k,0.0,fsd50k:216009
/Users/rajsingh/Library/CloudStorage/GoogleDrive-singhraj04.jan@gmail.com/My Drive/SAHARA/Datasets/FSD50K/FSD50K.dev_audio/33740.wav,appliance_beep,fsd50k,0.0,fsd50k:33740
/Users/rajsingh/Library/CloudStorage/GoogleDrive-singhraj04.jan@gmail.com/My Drive/SAHARA/Datasets/FSD50K/FSD50K.dev_audio/33741.wav,appliance_beep,fsd50k,0.0,fsd50k:33741
/Users/rajsingh/Library/CloudStorage/GoogleDrive-singhraj04.jan@gmail.com/My Drive/SAHARA/Datasets/FSD50K/FSD50K.dev_audio/33742.wav,appliance_beep,fsd50k,0.0,fsd50k:33742
/Users/rajsingh/Library/CloudStorage/GoogleDrive-singhraj04.jan@gmail.com/My Drive/SAHARA/Datasets/FSD50K/FSD50K.dev_audio/33739.wav,appliance_beep,fsd50k,0.0,fsd50k:33739
/Users/rajsingh/Library/CloudStorage/GoogleDrive-singhraj04.jan@gmail.com/My Drive/SAHARA/Datasets/FSD50K/FSD50K.dev_audio/340942.wav,appliance_beep,fsd50k,0.0,fsd50k:340942
/Users/rajsingh/Library/CloudStorage/GoogleDrive-singhraj04.jan@gmail.com/My Drive/SAHARA/Datasets/FSD50K/FSD50K.dev_audio/33744.wav,appliance_beep,fsd50k,0.0,fsd50k:33744
/Users/rajsingh/Library/CloudStorage/GoogleDrive-singhraj04.jan@gmail.com/My Drive/SAHARA/Datasets/FSD50K/FSD50K.dev_audio/33743.wav,appliance_beep,fsd50k,0.0,fsd50k:33743
/Users/rajsingh/Library/CloudStorage/GoogleDrive-singhraj04.jan@gmail.com/My Drive/SAHARA/Datasets/FSD50K/FSD50K.dev_audio/99282.wav,appliance_beep,fsd50k,0.0,fsd50k:99282
/Users/rajsingh/Library/CloudStorage/GoogleDrive-singhraj04.jan@gmail.com/My Drive/SAHARA/Datasets/FSD50K/FSD50K.dev_audio/33748.wav,appliance_beep,fsd50k,0.0,fsd50k:33748
/Users/rajsingh/Library/CloudStorage/GoogleDrive-singhraj04.jan@gmail.com/My Drive/SAHARA/Datasets/FSD50K/FSD50K.dev_audio/33749.wav,appliance_beep,fsd50k,0.0,fsd50k:33749
/Users/rajsingh/Library/CloudStorage/GoogleDrive-singhraj04.jan@gmail.com/My Drive/SAHARA/Datasets/FSD50K/FSD50K.dev_audio/33745.wav,appliance_beep,fsd50k,0.0,fsd50k:33745
/Users/rajsingh/Library/CloudStorage/GoogleDrive-singhraj04.jan@gmail.com/My Drive/SAHARA/Datasets/FSD50K/FSD50K.dev_audio/33746.wav,appliance_beep,fsd50k,0.0,fsd50k:33746
/Users/rajsingh/Library/CloudStorage/GoogleDrive-singhraj04.jan@gmail.com/My Drive/SAHARA/Datasets/FSD50K/FSD50K.dev_audio/33747.wav,appliance_beep,fsd50k,0.0,fsd50k:33747
/Users/rajsingh/Library/CloudStorage/GoogleDrive-singhraj04.jan@gmail.com/My Drive/SAHARA/Datasets/FSD50K/FSD50K.dev_audio/33751.wav,appliance_beep,fsd50k,0.0,fsd50k:33751
/Users/rajsingh/Library/CloudStorage/GoogleDrive-singhraj04.jan@gmail.com/My Drive/SAHARA/Datasets/FSD50K/FSD50K.dev_audio/33750.wav,appliance_beep,fsd50k,0.0,fsd50k:33750
/Users/rajsingh/Library/CloudStorage/GoogleDrive-singhraj04.jan@gmail.com/My Drive/SAHARA/Datasets/FSD50K/FSD50K.dev_audio/33752.wav,appliance_beep,fsd50k,0.0,fsd50k:33752
/Users/rajsingh/Library/CloudStorage/GoogleDrive-singhraj04.jan@gmail.com/My Drive/SAHARA/Datasets/FSD50K/FSD50K.dev_audio/404456.wav,appliance_beep,fsd50k,0.0,fsd50k:404456
/Users/rajsingh/Library/CloudStorage/GoogleDrive-singhraj04.jan@gmail.com/My Drive/SAHARA/Datasets/FSD50K/FSD50K.dev_audio/199657.wav,appliance_beep,fsd50k,0.0,fsd50k:199657
/Users/rajsingh/Library/CloudStorage/GoogleDrive-singhraj04.jan@gmail.com/My Drive/SAHARA/Datasets/FSD50K/FSD50K.dev_audio/324586.wav,appliance_beep,fsd50k,0.0,fsd50k:324586
/Users/rajsingh/Library/CloudStorage/GoogleDrive-singhraj04.jan@gmail.com/My Drive/SAHARA/Datasets/FSD50K/FSD50K.dev_audio/132074.wav,appliance_beep,fsd50k,0.0,fsd50k:132074
/Users/rajsingh/Library/CloudStorage/GoogleDrive-singhraj04.jan@gmail.com/My Drive/SAHARA/Datasets/FSD50K/FSD50K.dev_audio/156672.wav,appliance_beep,fsd50k,0.0,fsd50k:156672
/Users/rajsingh/Library/CloudStorage/GoogleDrive-singhraj04.jan@gmail.com/My Drive/SAHARA/Datasets/FSD50K/FSD50K.dev_audio/336897.wav,appliance_beep,fsd50k,0.0,fsd50k:336897
/Users/rajsingh/Library/CloudStorage/GoogleDrive-singhraj04.jan@gmail.com/My Drive/SAHARA/Datasets/FSD50K/FSD50K.dev_audio/336896.wav,appliance_beep,fsd50k,0.0,fsd50k:336896
/Users/rajsingh/Library/CloudStorage/GoogleDrive-singhraj04.jan@gmail.com/My Drive/SAHARA/Datasets/FSD50K/FSD50K.dev_audio/277510.wav,appliance_beep,fsd50k,0.0,fsd50k:277510
/Users/rajsingh/Library/CloudStorage/GoogleDrive-singhraj04.jan@gmail.com/My Drive/SAHARA/Datasets/FSD50K/FSD50K.dev_audio/277510.wav,doorbell,fsd50k,0.0,fsd50k:277510
/Users/rajsingh/Library/CloudStorage/GoogleDrive-singhraj04.jan@gmail.com/My Drive/SAHARA/Datasets/FSD50K/FSD50K.dev_audio/58388.wav,appliance_beep,fsd50k,0.0,fsd50k:58388
/Users/rajsingh/Library/CloudStorage/GoogleDrive-singhraj04.jan@gmail.com/My Drive/SAHARA/Datasets/FSD50K/FSD50K.dev_audio/128021.wav,appliance_beep,fsd50k,0.0,fsd50k:128021
/Users/rajsingh/Library/CloudStorage/GoogleDrive-singhraj04.jan@gmail.com/My Drive/SAHARA/Datasets/FSD50K/FSD50K.dev_audio/322581.wav,appliance_beep,fsd50k,0.0,fsd50k:322581
/Users/rajsingh/Library/CloudStorage/GoogleDrive-singhraj04.jan@gmail.com/My Drive/SAHARA/Datasets/FSD50K/FSD50K.dev_audio/48151.wav,appliance_beep,fsd50k,0.0,fsd50k:48151
/Users/rajsingh/Library/CloudStorage/GoogleDrive-singhraj04.jan@gmail.com/My Drive/SAHARA/Datasets/FSD50K/FSD50K.dev_audio/322582.wav,appliance_beep,fsd50k,0.0,fsd50k:322582
/Users/rajsingh/Library/CloudStorage/GoogleDrive-singhraj04.jan@gmail.com/My Drive/SAHARA/Datasets/FSD50K/FSD50K.dev_audio/216090.wav,appliance_beep,fsd50k,0.0,fsd50k:216090
/Users/rajsingh/Library/CloudStorage/GoogleDrive-singhraj04.jan@gmail.com/My Drive/SAHARA/Datasets/FSD50K/FSD50K.dev_audio/37915.wav,appliance_beep,fsd50k,0.0,fsd50k:37915
/Users/rajsingh/Library/CloudStorage/GoogleDrive-singhraj04.jan@gmail.com/My Drive/SAHARA/Datasets/FSD50K/FSD50K.dev_audio/271389.wav,appliance_beep,fsd50k,0.0,fsd50k:271389
/Users/rajsingh/Library/CloudStorage/GoogleDrive-singhraj04.jan@gmail.com/My Drive/SAHARA/Datasets/FSD50K/FSD50K.dev_audio/117793.wav,appliance_beep,fsd50k,0.0,fsd50k:117793
/Users/rajsingh/Library/CloudStorage/GoogleDrive-singhraj04.jan@gmail.com/My Drive/SAHARA/Datasets/FSD50K/FSD50K.dev_audio/62502.wav,appliance_beep,fsd50k,0.0,fsd50k:62502
/Users/rajsingh/Library/CloudStorage/GoogleDrive-singhraj04.jan@gmail.com/My Drive/SAHARA/Datasets/FSD50K/FSD50K.dev_audio/121904.wav,appliance_beep,fsd50k,0.0,fsd50k:121904
/Users/rajsingh/Library/CloudStorage/GoogleDrive-singhraj04.jan@gmail.com/My Drive/SAHARA/Datasets/FSD50K/FSD50K.dev_audio/121908.wav,appliance_beep,fsd50k,0.0,fsd50k:121908
/Users/rajsingh/Library/CloudStorage/GoogleDrive-singhraj04.jan@gmail.com/My Drive/SAHARA/Datasets/FSD50K/FSD50K.dev_audio/361537.wav,appliance_beep,fsd50k,0.0,fsd50k:361537
/Users/rajsingh/Library/CloudStorage/GoogleDrive-singhraj04.jan@gmail.com/My Drive/SAHARA/Datasets/FSD50K/FSD50K.dev_audio/76878.wav,appliance_beep,fsd50k,0.0,fsd50k:76878
/Users/rajsingh/Library/CloudStorage/GoogleDrive-singhraj04.jan@gmail.com/My Drive/SAHARA/Datasets/FSD50K/FSD50K.dev_audio/197713.wav,appliance_beep,fsd50k,0.0,fsd50k:197713
/Users/rajsingh/Library/CloudStorage/GoogleDrive-singhraj04.jan@gmail.com/My Drive/SAHARA/Datasets/FSD50K/FSD50K.dev_audio/418898.wav,appliance_beep,fsd50k,0.0,fsd50k:418898
/Users/rajsingh/Library/CloudStorage/GoogleDrive-singhraj04.jan@gmail.com/My Drive/SAHARA/Datasets/FSD50K/FSD50K.dev_audio/111707.wav,appliance_beep,fsd50k,0.0,fsd50k:111707
/Users/rajsingh/Library/CloudStorage/GoogleDrive-singhraj04.jan@gmail.com/My Drive/SAHARA/Datasets/FSD50K/FSD50K.dev_audio/365667.wav,appliance_beep,fsd50k,0.0,fsd50k:365667
/Users/rajsingh/Library/CloudStorage/GoogleDrive-singhraj04.jan@gmail.com/My Drive/SAHARA/Datasets/FSD50K/FSD50K.dev_audio/78948.wav,appliance_beep,fsd50k,0.0,fsd50k:78948
/Users/rajsingh/Library/CloudStorage/GoogleDrive-singhraj04.jan@gmail.com/My Drive/SAHARA/Datasets/FSD50K/FSD50K.dev_audio/371836.wav,appliance_beep,fsd50k,0.0,fsd50k:371836
/Users/rajsingh/Library/CloudStorage/GoogleDrive-singhraj04.jan@gmail.com/My Drive/SAHARA/Datasets/FSD50K/FSD50K.dev_audio/205951.wav,appliance_beep,fsd50k,0.0,fsd50k:205951
/Users/rajsingh/Library/CloudStorage/GoogleDrive-singhraj04.jan@gmail.com/My Drive/SAHARA/Datasets/FSD50K/FSD50K.dev_audio/201855.wav,appliance_beep,fsd50k,0.0,fsd50k:201855
/Users/rajsingh/Library/CloudStorage/GoogleDrive-singhraj04.jan@gmail.com/My Drive/SAHARA/Datasets/FSD50K/FSD50K.dev_audio/185474.wav,appliance_beep,fsd50k,0.0,fsd50k:185474
/Users/rajsingh/Library/CloudStorage/GoogleDrive-singhraj04.jan@gmail.com/My Drive/SAHARA/Datasets/FSD50K/FSD50K.dev_audio/390278.wav,appliance_beep,fsd50k,0.0,fsd50k:390278
/Users/rajsingh/Library/CloudStorage/GoogleDrive-singhraj04.jan@gmail.com/My Drive/SAHARA/Datasets/FSD50K/FSD50K.dev_audio/128138.wav,appliance_beep,fsd50k,0.0,fsd50k:128138
/Users/rajsingh/Library/CloudStorage/GoogleDrive-singhraj04.jan@gmail.com/My Drive/SAHARA/Datasets/FSD50K/FSD50K.dev_audio/156831.wav,appliance_beep,fsd50k,0.0,fsd50k:156831
/Users/rajsingh/Library/CloudStorage/GoogleDrive-singhraj04.jan@gmail.com/My Drive/SAHARA/Datasets/FSD50K/FSD50K.dev_audio/369847.wav,appliance_beep,fsd50k,0.0,fsd50k:369847
/Users/rajsingh/Library/CloudStorage/GoogleDrive-singhraj04.jan@gmail.com/My Drive/SAHARA/Datasets/FSD50K/FSD50K.dev_audio/201917.wav,appliance_beep,fsd50k,0.0,fsd50k:201917
/Users/rajsingh/Library/CloudStorage/GoogleDrive-singhraj04.jan@gmail.com/My Drive/SAHARA/Datasets/FSD50K/FSD50K.dev_audio/244927.wav,appliance_beep,fsd50k,0.0,fsd50k:244927
/Users/rajsingh/Library/CloudStorage/GoogleDrive-singhraj04.jan@gmail.com/My Drive/SAHARA/Datasets/FSD50K/FSD50K.dev_audio/244932.wav,appliance_beep,fsd50k,0.0,fsd50k:244932
/Users/rajsingh/Library/CloudStorage/GoogleDrive-singhraj04.jan@gmail.com/My Drive/SAHARA/Datasets/FSD50K/FSD50K.dev_audio/400583.wav,appliance_beep,fsd50k,0.0,fsd50k:400583
/Users/rajsingh/Library/CloudStorage/GoogleDrive-singhraj04.jan@gmail.com/My Drive/SAHARA/Datasets/FSD50K/FSD50K.dev_audio/419023.wav,appliance_beep,fsd50k,0.0,fsd50k:419023
/Users/rajsingh/Library/CloudStorage/GoogleDrive-singhraj04.jan@gmail.com/My Drive/SAHARA/Datasets/FSD50K/FSD50K.dev_audio/34005.wav,appliance_beep,fsd50k,0.0,fsd50k:34005
/Users/rajsingh/Library/CloudStorage/GoogleDrive-singhraj04.jan@gmail.com/My Drive/SAHARA/Datasets/FSD50K/FSD50K.dev_audio/369879.wav,appliance_beep,fsd50k,0.0,fsd50k:369879
/Users/rajsingh/Library/CloudStorage/GoogleDrive-singhraj04.jan@gmail.com/My Drive/SAHARA/Datasets/FSD50K/FSD50K.dev_audio/185560.wav,appliance_beep,fsd50k,0.0,fsd50k:185560
/Users/rajsingh/Library/CloudStorage/GoogleDrive-singhraj04.jan@gmail.com/My Drive/SAHARA/Datasets/FSD50K/FSD50K.dev_audio/369880.wav,appliance_beep,fsd50k,0.0,fsd50k:369880
/Users/rajsingh/Library/CloudStorage/GoogleDrive-singhraj04.jan@gmail.com/My Drive/SAHARA/Datasets/FSD50K/FSD50K.dev_audio/255193.wav,appliance_beep,fsd50k,0.0,fsd50k:255193
/Users/rajsingh/Library/CloudStorage/GoogleDrive-singhraj04.jan@gmail.com/My Drive/SAHARA/Datasets/FSD50K/FSD50K.dev_audio/255194.wav,appliance_beep,fsd50k,0.0,fsd50k:255194
/Users/rajsingh/Library/CloudStorage/GoogleDrive-singhraj04.jan@gmail.com/My Drive/SAHARA/Datasets/FSD50K/FSD50K.dev_audio/255195.wav,appliance_beep,fsd50k,0.0,fsd50k:255195
/Users/rajsingh/Library/CloudStorage/GoogleDrive-singhraj04.jan@gmail.com/My Drive/SAHARA/Datasets/FSD50K/FSD50K.dev_audio/367839.wav,appliance_beep,fsd50k,0.0,fsd50k:367839
/Users/rajsingh/Library/CloudStorage/GoogleDrive-singhraj04.jan@gmail.com/My Drive/SAHARA/Datasets/FSD50K/FSD50K.dev_audio/410851.wav,appliance_beep,fsd50k,0.0,fsd50k:410851
/Users/rajsingh/Library/CloudStorage/GoogleDrive-singhraj04.jan@gmail.com/My Drive/SAHARA/Datasets/FSD50K/FSD50K.dev_audio/269541.wav,appliance_beep,fsd50k,0.0,fsd50k:269541
/Users/rajsingh/Library/CloudStorage/GoogleDrive-singhraj04.jan@gmail.com/My Drive/SAHARA/Datasets/FSD50K/FSD50K.dev_audio/423141.wav,appliance_beep,fsd50k,0.0,fsd50k:423141
/Users/rajsingh/Library/CloudStorage/GoogleDrive-singhraj04.jan@gmail.com/My Drive/SAHARA/Datasets/FSD50K/FSD50K.dev_audio/169209.wav,appliance_beep,fsd50k,0.0,fsd50k:169209
/Users/rajsingh/Library/CloudStorage/GoogleDrive-singhraj04.jan@gmail.com/My Drive/SAHARA/Datasets/FSD50K/FSD50K.dev_audio/154894.wav,appliance_beep,fsd50k,0.0,fsd50k:154894
/Users/rajsingh/Library/CloudStorage/GoogleDrive-singhraj04.jan@gmail.com/My Drive/SAHARA/Datasets/FSD50K/FSD50K.dev_audio/382236.wav,appliance_beep,fsd50k,0.0,fsd50k:382236
/Users/rajsingh/Library/CloudStorage/GoogleDrive-singhraj04.jan@gmail.com/My Drive/SAHARA/Datasets/FSD50K/FSD50K.dev_audio/245028.wav,appliance_beep,fsd50k,0.0,fsd50k:245028
/Users/rajsingh/Library/CloudStorage/GoogleDrive-singhraj04.jan@gmail.com/My Drive/SAHARA/Datasets/FSD50K/FSD50K.dev_audio/13613.wav,appliance_beep,fsd50k,0.0,fsd50k:13613
/Users/rajsingh/Library/CloudStorage/GoogleDrive-singhraj04.jan@gmail.com/My Drive/SAHARA/Datasets/FSD50K/FSD50K.dev_audio/99630.wav,appliance_beep,fsd50k,0.0,fsd50k:99630
/Users/rajsingh/Library/CloudStorage/GoogleDrive-singhraj04.jan@gmail.com/My Drive/SAHARA/Datasets/FSD50K/FSD50K.dev_audio/249150.wav,appliance_beep,fsd50k,0.0,fsd50k:249150
/Users/rajsingh/Library/CloudStorage/GoogleDrive-singhraj04.jan@gmail.com/My Drive/SAHARA/Datasets/FSD50K/FSD50K.dev_audio/36170.wav,appliance_beep,fsd50k,0.0,fsd50k:36170
/Users/rajsingh/Library/CloudStorage/GoogleDrive-singhraj04.jan@gmail.com/My Drive/SAHARA/Datasets/FSD50K/FSD50K.dev_audio/365903.wav,appliance_beep,fsd50k,0.0,fsd50k:365903
/Users/rajsingh/Library/CloudStorage/GoogleDrive-singhraj04.jan@gmail.com/My Drive/SAHARA/Datasets/FSD50K/FSD50K.dev_audio/83280.wav,appliance_beep,fsd50k,0.0,fsd50k:83280
/Users/rajsingh/Library/CloudStorage/GoogleDrive-singhraj04.jan@gmail.com/My Drive/SAHARA/Datasets/FSD50K/FSD50K.dev_audio/56671.wav,appliance_beep,fsd50k,0.0,fsd50k:56671
/Users/rajsingh/Library/CloudStorage/GoogleDrive-singhraj04.jan@gmail.com/My Drive/SAHARA/Datasets/FSD50K/FSD50K.dev_audio/353635.wav,appliance_beep,fsd50k,0.0,fsd50k:353635
/Users/rajsingh/Library/CloudStorage/GoogleDrive-singhraj04.jan@gmail.com/My Drive/SAHARA/Datasets/FSD50K/FSD50K.dev_audio/337257.wav,appliance_beep,fsd50k,0.0,fsd50k:337257
/Users/rajsingh/Library/CloudStorage/GoogleDrive-singhraj04.jan@gmail.com/My Drive/SAHARA/Datasets/FSD50K/FSD50K.dev_audio/185708.wav,appliance_beep,fsd50k,0.0,fsd50k:185708
/Users/rajsingh/Library/CloudStorage/GoogleDrive-singhraj04.jan@gmail.com/My Drive/SAHARA/Datasets/FSD50K/FSD50K.dev_audio/21871.wav,appliance_beep,fsd50k,0.0,fsd50k:21871
/Users/rajsingh/Library/CloudStorage/GoogleDrive-singhraj04.jan@gmail.com/My Drive/SAHARA/Datasets/FSD50K/FSD50K.dev_audio/372087.wav,appliance_beep,fsd50k,0.0,fsd50k:372087
/Users/rajsingh/Library/CloudStorage/GoogleDrive-singhraj04.jan@gmail.com/My Drive/SAHARA/Datasets/FSD50K/FSD50K.dev_audio/361856.wav,appliance_beep,fsd50k,0.0,fsd50k:361856
/Users/rajsingh/Library/CloudStorage/GoogleDrive-singhraj04.jan@gmail.com/My Drive/SAHARA/Datasets/FSD50K/FSD50K.dev_audio/253313.wav,appliance_beep,fsd50k,0.0,fsd50k:253313
/Users/rajsingh/Library/CloudStorage/GoogleDrive-singhraj04.jan@gmail.com/My Drive/SAHARA/Datasets/FSD50K/FSD50K.dev_audio/253314.wav,appliance_beep,fsd50k,0.0,fsd50k:253314
/Users/rajsingh/Library/CloudStorage/GoogleDrive-singhraj04.jan@gmail.com/My Drive/SAHARA/Datasets/FSD50K/FSD50K.dev_audio/253315.wav,appliance_beep,fsd50k,0.0,fsd50k:253315
/Users/rajsingh/Library/CloudStorage/GoogleDrive-singhraj04.jan@gmail.com/My Drive/SAHARA/Datasets/FSD50K/FSD50K.dev_audio/253316.wav,appliance_beep,fsd50k,0.0,fsd50k:253316
/Users/rajsingh/Library/CloudStorage/GoogleDrive-singhraj04.jan@gmail.com/My Drive/SAHARA/Datasets/FSD50K/FSD50K.dev_audio/335248.wav,appliance_beep,fsd50k,0.0,fsd50k:335248
/Users/rajsingh/Library/CloudStorage/GoogleDrive-singhraj04.jan@gmail.com/My Drive/SAHARA/Datasets/FSD50K/FSD50K.dev_audio/341395.wav,appliance_beep,fsd50k,0.0,fsd50k:341395
/Users/rajsingh/Library/CloudStorage/GoogleDrive-singhraj04.jan@gmail.com/My Drive/SAHARA/Datasets/FSD50K/FSD50K.dev_audio/400792.wav,appliance_beep,fsd50k,0.0,fsd50k:400792
/Users/rajsingh/Library/CloudStorage/GoogleDrive-singhraj04.jan@gmail.com/My Drive/SAHARA/Datasets/FSD50K/FSD50K.dev_audio/345497.wav,appliance_beep,fsd50k,0.0,fsd50k:345497
/Users/rajsingh/Library/CloudStorage/GoogleDrive-singhraj04.jan@gmail.com/My Drive/SAHARA/Datasets/FSD50K/FSD50K.dev_audio/66973.wav,appliance_beep,fsd50k,0.0,fsd50k:66973
/Users/rajsingh/Library/CloudStorage/GoogleDrive-singhraj04.jan@gmail.com/My Drive/SAHARA/Datasets/FSD50K/FSD50K.dev_audio/167337.wav,appliance_beep,fsd50k,0.0,fsd50k:167337
/Users/rajsingh/Library/CloudStorage/GoogleDrive-singhraj04.jan@gmail.com/My Drive/SAHARA/Datasets/FSD50K/FSD50K.dev_audio/316843.wav,appliance_beep,fsd50k,0.0,fsd50k:316843
/Users/rajsingh/Library/CloudStorage/GoogleDrive-singhraj04.jan@gmail.com/My Drive/SAHARA/Datasets/FSD50K/FSD50K.dev_audio/318910.wav,appliance_beep,fsd50k,0.0,fsd50k:318910
/Users/rajsingh/Library/CloudStorage/GoogleDrive-singhraj04.jan@gmail.com/My Drive/SAHARA/Datasets/FSD50K/FSD50K.dev_audio/67010.wav,appliance_beep,fsd50k,0.0,fsd50k:67010
/Users/rajsingh/Library/CloudStorage/GoogleDrive-singhraj04.jan@gmail.com/My Drive/SAHARA/Datasets/FSD50K/FSD50K.dev_audio/347586.wav,appliance_beep,fsd50k,0.0,fsd50k:347586
/Users/rajsingh/Library/CloudStorage/GoogleDrive-singhraj04.jan@gmail.com/My Drive/SAHARA/Datasets/FSD50K/FSD50K.dev_audio/150981.wav,appliance_beep,fsd50k,0.0,fsd50k:150981
/Users/rajsingh/Library/CloudStorage/GoogleDrive-singhraj04.jan@gmail.com/My Drive/SAHARA/Datasets/FSD50K/FSD50K.dev_audio/275910.wav,appliance_beep,fsd50k,0.0,fsd50k:275910
/Users/rajsingh/Library/CloudStorage/GoogleDrive-singhraj04.jan@gmail.com/My Drive/SAHARA/Datasets/FSD50K/FSD50K.dev_audio/15813.wav,appliance_beep,fsd50k,0.0,fsd50k:15813
/Users/rajsingh/Library/CloudStorage/GoogleDrive-singhraj04.jan@gmail.com/My Drive/SAHARA/Datasets/FSD50K/FSD50K.dev_audio/323016.wav,appliance_beep,fsd50k,0.0,fsd50k:323016
/Users/rajsingh/Library/CloudStorage/GoogleDrive-singhraj04.jan@gmail.com/My Drive/SAHARA/Datasets/FSD50K/FSD50K.dev_audio/9674.wav,appliance_beep,fsd50k,0.0,fsd50k:9674
/Users/rajsingh/Library/CloudStorage/GoogleDrive-singhraj04.jan@gmail.com/My Drive/SAHARA/Datasets/FSD50K/FSD50K.dev_audio/93643.wav,siren,fsd50k,0.0,fsd50k:93643
/Users/rajsingh/Library/CloudStorage/GoogleDrive-singhraj04.jan@gmail.com/My Drive/SAHARA/Datasets/FSD50K/FSD50K.dev_audio/93643.wav,appliance_beep,fsd50k,0.0,fsd50k:93643
/Users/rajsingh/Library/CloudStorage/GoogleDrive-singhraj04.jan@gmail.com/My Drive/SAHARA/Datasets/FSD50K/FSD50K.dev_audio/323019.wav,appliance_beep,fsd50k,0.0,fsd50k:323019
/Users/rajsingh/Library/CloudStorage/GoogleDrive-singhraj04.jan@gmail.com/My Drive/SAHARA/Datasets/FSD50K/FSD50K.dev_audio/251341.wav,appliance_beep,fsd50k,0.0,fsd50k:251341
/Users/rajsingh/Library/CloudStorage/GoogleDrive-singhraj04.jan@gmail.com/My Drive/SAHARA/Datasets/FSD50K/FSD50K.dev_audio/249304.wav,appliance_beep,fsd50k,0.0,fsd50k:249304
/Users/rajsingh/Library/CloudStorage/GoogleDrive-singhraj04.jan@gmail.com/My Drive/SAHARA/Datasets/FSD50K/FSD50K.dev_audio/318945.wav,appliance_beep,fsd50k,0.0,fsd50k:318945
/Users/rajsingh/Library/CloudStorage/GoogleDrive-singhraj04.jan@gmail.com/My Drive/SAHARA/Datasets/FSD50K/FSD50K.dev_audio/171493.wav,appliance_beep,fsd50k,0.0,fsd50k:171493
/Users/rajsingh/Library/CloudStorage/GoogleDrive-singhraj04.jan@gmail.com/My Drive/SAHARA/Datasets/FSD50K/FSD50K.dev_audio/171496.wav,appliance_beep,fsd50k,0.0,fsd50k:171496
/Users/rajsingh/Library/CloudStorage/GoogleDrive-singhraj04.jan@gmail.com/My Drive/SAHARA/Datasets/FSD50K/FSD50K.dev_audio/67048.wav,appliance_beep,fsd50k,0.0,fsd50k:67048
/Users/rajsingh/Library/CloudStorage/GoogleDrive-singhraj04.jan@gmail.com/My Drive/SAHARA/Datasets/FSD50K/FSD50K.dev_audio/89589.wav,appliance_beep,fsd50k,0.0,fsd50k:89589
/Users/rajsingh/Library/CloudStorage/GoogleDrive-singhraj04.jan@gmail.com/My Drive/SAHARA/Datasets/FSD50K/FSD50K.dev_audio/171515.wav,appliance_beep,fsd50k,0.0,fsd50k:171515
/Users/rajsingh/Library/CloudStorage/GoogleDrive-singhraj04.jan@gmail.com/My Drive/SAHARA/Datasets/FSD50K/FSD50K.dev_audio/400894.wav,appliance_beep,fsd50k,0.0,fsd50k:400894
/Users/rajsingh/Library/CloudStorage/GoogleDrive-singhraj04.jan@gmail.com/My Drive/SAHARA/Datasets/FSD50K/FSD50K.dev_audio/5635.wav,appliance_beep,fsd50k,0.0,fsd50k:5635
/Users/rajsingh/Library/CloudStorage/GoogleDrive-singhraj04.jan@gmail.com/My Drive/SAHARA/Datasets/FSD50K/FSD50K.dev_audio/392721.wav,appliance_beep,fsd50k,0.0,fsd50k:392721
/Users/rajsingh/Library/CloudStorage/GoogleDrive-singhraj04.jan@gmail.com/My Drive/SAHARA/Datasets/FSD50K/FSD50K.dev_audio/202258.wav,appliance_beep,fsd50k,0.0,fsd50k:202258
/Users/rajsingh/Library/CloudStorage/GoogleDrive-singhraj04.jan@gmail.com/My Drive/SAHARA/Datasets/FSD50K/FSD50K.dev_audio/81432.wav,appliance_beep,fsd50k,0.0,fsd50k:81432
/Users/rajsingh/Library/CloudStorage/GoogleDrive-singhraj04.jan@gmail.com/My Drive/SAHARA/Datasets/FSD50K/FSD50K.dev_audio/265769.wav,appliance_beep,fsd50k,0.0,fsd50k:265769
/Users/rajsingh/Library/CloudStorage/GoogleDrive-singhraj04.jan@gmail.com/My Drive/SAHARA/Datasets/FSD50K/FSD50K.dev_audio/110133.wav,appliance_beep,fsd50k,0.0,fsd50k:110133
/Users/rajsingh/Library/CloudStorage/GoogleDrive-singhraj04.jan@gmail.com/My Drive/SAHARA/Datasets/FSD50K/FSD50K.dev_audio/126519.wav,appliance_beep,fsd50k,0.0,fsd50k:126519
/Users/rajsingh/Library/CloudStorage/GoogleDrive-singhraj04.jan@gmail.com/My Drive/SAHARA/Datasets/FSD50K/FSD50K.dev_audio/126559.wav,appliance_beep,fsd50k,0.0,fsd50k:126559
/Users/rajsingh/Library/CloudStorage/GoogleDrive-singhraj04.jan@gmail.com/My Drive/SAHARA/Datasets/FSD50K/FSD50K.dev_audio/126560.wav,appliance_beep,fsd50k,0.0,fsd50k:126560
/Users/rajsingh/Library/CloudStorage/GoogleDrive-singhraj04.jan@gmail.com/My Drive/SAHARA/Datasets/FSD50K/FSD50K.dev_audio/126561.wav,appliance_beep,fsd50k,0.0,fsd50k:126561
/Users/rajsingh/Library/CloudStorage/GoogleDrive-singhraj04.jan@gmail.com/My Drive/SAHARA/Datasets/FSD50K/FSD50K.dev_audio/388709.wav,appliance_beep,fsd50k,0.0,fsd50k:388709
/Users/rajsingh/Library/CloudStorage/GoogleDrive-singhraj04.jan@gmail.com/My Drive/SAHARA/Datasets/FSD50K/FSD50K.dev_audio/188012.wav,appliance_beep,fsd50k,0.0,fsd50k:188012
/Users/rajsingh/Library/CloudStorage/GoogleDrive-singhraj04.jan@gmail.com/My Drive/SAHARA/Datasets/FSD50K/FSD50K.dev_audio/155251.wav,appliance_beep,fsd50k,0.0,fsd50k:155251
/Users/rajsingh/Library/CloudStorage/GoogleDrive-singhraj04.jan@gmail.com/My Drive/SAHARA/Datasets/FSD50K/FSD50K.dev_audio/341621.wav,appliance_beep,fsd50k,0.0,fsd50k:341621
/Users/rajsingh/Library/CloudStorage/GoogleDrive-singhraj04.jan@gmail.com/My Drive/SAHARA/Datasets/FSD50K/FSD50K.dev_audio/204423.wav,appliance_beep,fsd50k,0.0,fsd50k:204423
/Users/rajsingh/Library/CloudStorage/GoogleDrive-singhraj04.jan@gmail.com/My Drive/SAHARA/Datasets/FSD50K/FSD50K.dev_audio/204424.wav,appliance_beep,fsd50k,0.0,fsd50k:204424
/Users/rajsingh/Library/CloudStorage/GoogleDrive-singhraj04.jan@gmail.com/My Drive/SAHARA/Datasets/FSD50K/FSD50K.dev_audio/204425.wav,appliance_beep,fsd50k,0.0,fsd50k:204425
/Users/rajsingh/Library/CloudStorage/GoogleDrive-singhraj04.jan@gmail.com/My Drive/SAHARA/Datasets/FSD50K/FSD50K.dev_audio/204426.wav,appliance_beep,fsd50k,0.0,fsd50k:204426
/Users/rajsingh/Library/CloudStorage/GoogleDrive-singhraj04.jan@gmail.com/My Drive/SAHARA/Datasets/FSD50K/FSD50K.dev_audio/382614.wav,appliance_beep,fsd50k,0.0,fsd50k:382614
/Users/rajsingh/Library/CloudStorage/GoogleDrive-singhraj04.jan@gmail.com/My Drive/SAHARA/Datasets/FSD50K/FSD50K.dev_audio/251542.wav,appliance_beep,fsd50k,0.0,fsd50k:251542
/Users/rajsingh/Library/CloudStorage/GoogleDrive-singhraj04.jan@gmail.com/My Drive/SAHARA/Datasets/FSD50K/FSD50K.dev_audio/165542.wav,appliance_beep,fsd50k,0.0,fsd50k:165542
/Users/rajsingh/Library/CloudStorage/GoogleDrive-singhraj04.jan@gmail.com/My Drive/SAHARA/Datasets/FSD50K/FSD50K.dev_audio/24232.wav,appliance_beep,fsd50k,0.0,fsd50k:24232
/Users/rajsingh/Library/CloudStorage/GoogleDrive-singhraj04.jan@gmail.com/My Drive/SAHARA/Datasets/FSD50K/FSD50K.dev_audio/24233.wav,appliance_beep,fsd50k,0.0,fsd50k:24233
/Users/rajsingh/Library/CloudStorage/GoogleDrive-singhraj04.jan@gmail.com/My Drive/SAHARA/Datasets/FSD50K/FSD50K.dev_audio/24236.wav,appliance_beep,fsd50k,0.0,fsd50k:24236
/Users/rajsingh/Library/CloudStorage/GoogleDrive-singhraj04.jan@gmail.com/My Drive/SAHARA/Datasets/FSD50K/FSD50K.dev_audio/251564.wav,appliance_beep,fsd50k,0.0,fsd50k:251564
/Users/rajsingh/Library/CloudStorage/GoogleDrive-singhraj04.jan@gmail.com/My Drive/SAHARA/Datasets/FSD50K/FSD50K.dev_audio/202423.wav,appliance_beep,fsd50k,0.0,fsd50k:202423
/Users/rajsingh/Library/CloudStorage/GoogleDrive-singhraj04.jan@gmail.com/My Drive/SAHARA/Datasets/FSD50K/FSD50K.dev_audio/184000.wav,appliance_beep,fsd50k,0.0,fsd50k:184000
/Users/rajsingh/Library/CloudStorage/GoogleDrive-singhraj04.jan@gmail.com/My Drive/SAHARA/Datasets/FSD50K/FSD50K.dev_audio/184001.wav,appliance_beep,fsd50k,0.0,fsd50k:184001
/Users/rajsingh/Library/CloudStorage/GoogleDrive-singhraj04.jan@gmail.com/My Drive/SAHARA/Datasets/FSD50K/FSD50K.dev_audio/407240.wav,appliance_beep,fsd50k,0.0,fsd50k:407240
/Users/rajsingh/Library/CloudStorage/GoogleDrive-singhraj04.jan@gmail.com/My Drive/SAHARA/Datasets/FSD50K/FSD50K.dev_audio/413391.wav,appliance_beep,fsd50k,0.0,fsd50k:413391
/Users/rajsingh/Library/CloudStorage/GoogleDrive-singhraj04.jan@gmail.com/My Drive/SAHARA/Datasets/FSD50K/FSD50K.dev_audio/177874.wav,appliance_beep,fsd50k,0.0,fsd50k:177874
/Users/rajsingh/Library/CloudStorage/GoogleDrive-singhraj04.jan@gmail.com/My Drive/SAHARA/Datasets/FSD50K/FSD50K.dev_audio/42707.wav,appliance_beep,fsd50k,0.0,fsd50k:42707
/Users/rajsingh/Library/CloudStorage/GoogleDrive-singhraj04.jan@gmail.com/My Drive/SAHARA/Datasets/FSD50K/FSD50K.dev_audio/34524.wav,appliance_beep,fsd50k,0.0,fsd50k:34524
/Users/rajsingh/Library/CloudStorage/GoogleDrive-singhraj04.jan@gmail.com/My Drive/SAHARA/Datasets/FSD50K/FSD50K.dev_audio/34525.wav,appliance_beep,fsd50k,0.0,fsd50k:34525
/Users/rajsingh/Library/CloudStorage/GoogleDrive-singhraj04.jan@gmail.com/My Drive/SAHARA/Datasets/FSD50K/FSD50K.dev_audio/202474.wav,appliance_beep,fsd50k,0.0,fsd50k:202474
/Users/rajsingh/Library/CloudStorage/GoogleDrive-singhraj04.jan@gmail.com/My Drive/SAHARA/Datasets/FSD50K/FSD50K.dev_audio/401132.wav,appliance_beep,fsd50k,0.0,fsd50k:401132
/Users/rajsingh/Library/CloudStorage/GoogleDrive-singhraj04.jan@gmail.com/My Drive/SAHARA/Datasets/FSD50K/FSD50K.dev_audio/364270.wav,appliance_beep,fsd50k,0.0,fsd50k:364270
/Users/rajsingh/Library/CloudStorage/GoogleDrive-singhraj04.jan@gmail.com/My Drive/SAHARA/Datasets/FSD50K/FSD50K.dev_audio/364271.wav,appliance_beep,fsd50k,0.0,fsd50k:364271
/Users/rajsingh/Library/CloudStorage/GoogleDrive-singhraj04.jan@gmail.com/My Drive/SAHARA/Datasets/FSD50K/FSD50K.dev_audio/55031.wav,appliance_beep,fsd50k,0.0,fsd50k:55031
/Users/rajsingh/Library/CloudStorage/GoogleDrive-singhraj04.jan@gmail.com/My Drive/SAHARA/Datasets/FSD50K/FSD50K.dev_audio/265977.wav,appliance_beep,fsd50k,0.0,fsd50k:265977
/Users/rajsingh/Library/CloudStorage/GoogleDrive-singhraj04.jan@gmail.com/My Drive/SAHARA/Datasets/FSD50K/FSD50K.dev_audio/198408.wav,appliance_beep,fsd50k,0.0,fsd50k:198408
/Users/rajsingh/Library/CloudStorage/GoogleDrive-singhraj04.jan@gmail.com/My Drive/SAHARA/Datasets/FSD50K/FSD50K.dev_audio/198409.wav,appliance_beep,fsd50k,0.0,fsd50k:198409
/Users/rajsingh/Library/CloudStorage/GoogleDrive-singhraj04.jan@gmail.com/My Drive/SAHARA/Datasets/FSD50K/FSD50K.dev_audio/241419.wav,appliance_beep,fsd50k,0.0,fsd50k:241419
/Users/rajsingh/Library/CloudStorage/GoogleDrive-singhraj04.jan@gmail.com/My Drive/SAHARA/Datasets/FSD50K/FSD50K.dev_audio/202512.wav,appliance_beep,fsd50k,0.0,fsd50k:202512
/Users/rajsingh/Library/CloudStorage/GoogleDrive-singhraj04.jan@gmail.com/My Drive/SAHARA/Datasets/FSD50K/FSD50K.dev_audio/157468.wav,appliance_beep,fsd50k,0.0,fsd50k:157468
/Users/rajsingh/Library/CloudStorage/GoogleDrive-singhraj04.jan@gmail.com/My Drive/SAHARA/Datasets/FSD50K/FSD50K.dev_audio/134952.wav,appliance_beep,fsd50k,0.0,fsd50k:134952
/Users/rajsingh/Library/CloudStorage/GoogleDrive-singhraj04.jan@gmail.com/My Drive/SAHARA/Datasets/FSD50K/FSD50K.dev_audio/40751.wav,appliance_beep,fsd50k,0.0,fsd50k:40751
/Users/rajsingh/Library/CloudStorage/GoogleDrive-singhraj04.jan@gmail.com/My Drive/SAHARA/Datasets/FSD50K/FSD50K.dev_audio/124734.wav,appliance_beep,fsd50k,0.0,fsd50k:124734
/Users/rajsingh/Library/CloudStorage/GoogleDrive-singhraj04.jan@gmail.com/My Drive/SAHARA/Datasets/FSD50K/FSD50K.dev_audio/96063.wav,appliance_beep,fsd50k,0.0,fsd50k:96063
/Users/rajsingh/Library/CloudStorage/GoogleDrive-singhraj04.jan@gmail.com/My Drive/SAHARA/Datasets/FSD50K/FSD50K.dev_audio/368450.wav,appliance_beep,fsd50k,0.0,fsd50k:368450
/Users/rajsingh/Library/CloudStorage/GoogleDrive-singhraj04.jan@gmail.com/My Drive/SAHARA/Datasets/FSD50K/FSD50K.dev_audio/188240.wav,appliance_beep,fsd50k,0.0,fsd50k:188240
/Users/rajsingh/Library/CloudStorage/GoogleDrive-singhraj04.jan@gmail.com/My Drive/SAHARA/Datasets/FSD50K/FSD50K.dev_audio/192343.wav,appliance_beep,fsd50k,0.0,fsd50k:192343
/Users/rajsingh/Library/CloudStorage/GoogleDrive-singhraj04.jan@gmail.com/My Drive/SAHARA/Datasets/FSD50K/FSD50K.dev_audio/368471.wav,appliance_beep,fsd50k,0.0,fsd50k:368471
/Users/rajsingh/Library/CloudStorage/GoogleDrive-singhraj04.jan@gmail.com/My Drive/SAHARA/Datasets/FSD50K/FSD50K.dev_audio/198496.wav,appliance_beep,fsd50k,0.0,fsd50k:198496
/Users/rajsingh/Library/CloudStorage/GoogleDrive-singhraj04.jan@gmail.com/My Drive/SAHARA/Datasets/FSD50K/FSD50K.dev_audio/407394.wav,appliance_beep,fsd50k,0.0,fsd50k:407394
/Users/rajsingh/Library/CloudStorage/GoogleDrive-singhraj04.jan@gmail.com/My Drive/SAHARA/Datasets/FSD50K/FSD50K.dev_audio/178032.wav,appliance_beep,fsd50k,0.0,fsd50k:178032
/Users/rajsingh/Library/CloudStorage/GoogleDrive-singhraj04.jan@gmail.com/My Drive/SAHARA/Datasets/FSD50K/FSD50K.dev_audio/434055.wav,appliance_beep,fsd50k,0.0,fsd50k:434055
/Users/rajsingh/Library/CloudStorage/GoogleDrive-singhraj04.jan@gmail.com/My Drive/SAHARA/Datasets/FSD50K/FSD50K.dev_audio/204684.wav,appliance_beep,fsd50k,0.0,fsd50k:204684
/Users/rajsingh/Library/CloudStorage/GoogleDrive-singhraj04.jan@gmail.com/My Drive/SAHARA/Datasets/FSD50K/FSD50K.dev_audio/128910.wav,appliance_beep,fsd50k,0.0,fsd50k:128910
/Users/rajsingh/Library/CloudStorage/GoogleDrive-singhraj04.jan@gmail.com/My Drive/SAHARA/Datasets/FSD50K/FSD50K.dev_audio/173978.wav,appliance_beep,fsd50k,0.0,fsd50k:173978
/Users/rajsingh/Library/CloudStorage/GoogleDrive-singhraj04.jan@gmail.com/My Drive/SAHARA/Datasets/FSD50K/FSD50K.dev_audio/221085.wav,appliance_beep,fsd50k,0.0,fsd50k:221085
/Users/rajsingh/Library/CloudStorage/GoogleDrive-singhraj04.jan@gmail.com/My Drive/SAHARA/Datasets/FSD50K/FSD50K.dev_audio/221086.wav,appliance_beep,fsd50k,0.0,fsd50k:221086
/Users/rajsingh/Library/CloudStorage/GoogleDrive-singhraj04.jan@gmail.com/My Drive/SAHARA/Datasets/FSD50K/FSD50K.dev_audio/221087.wav,appliance_beep,fsd50k,0.0,fsd50k:221087
/Users/rajsingh/Library/CloudStorage/GoogleDrive-singhraj04.jan@gmail.com/My Drive/SAHARA/Datasets/FSD50K/FSD50K.dev_audio/221088.wav,appliance_beep,fsd50k,0.0,fsd50k:221088
/Users/rajsingh/Library/CloudStorage/GoogleDrive-singhraj04.jan@gmail.com/My Drive/SAHARA/Datasets/FSD50K/FSD50K.dev_audio/55214.wav,appliance_beep,fsd50k,0.0,fsd50k:55214
/Users/rajsingh/Library/CloudStorage/GoogleDrive-singhraj04.jan@gmail.com/My Drive/SAHARA/Datasets/FSD50K/FSD50K.dev_audio/69552.wav,appliance_beep,fsd50k,0.0,fsd50k:69552
/Users/rajsingh/Library/CloudStorage/GoogleDrive-singhraj04.jan@gmail.com/My Drive/SAHARA/Datasets/FSD50K/FSD50K.dev_audio/368563.wav,appliance_beep,fsd50k,0.0,fsd50k:368563
/Users/rajsingh/Library/CloudStorage/GoogleDrive-singhraj04.jan@gmail.com/My Drive/SAHARA/Datasets/FSD50K/FSD50K.dev_audio/202676.wav,appliance_beep,fsd50k,0.0,fsd50k:202676
/Users/rajsingh/Library/CloudStorage/GoogleDrive-singhraj04.jan@gmail.com/My Drive/SAHARA/Datasets/FSD50K/FSD50K.dev_audio/14262.wav,appliance_beep,fsd50k,0.0,fsd50k:14262
/Users/rajsingh/Library/CloudStorage/GoogleDrive-singhraj04.jan@gmail.com/My Drive/SAHARA/Datasets/FSD50K/FSD50K.dev_audio/14263.wav,appliance_beep,fsd50k,0.0,fsd50k:14263
/Users/rajsingh/Library/CloudStorage/GoogleDrive-singhraj04.jan@gmail.com/My Drive/SAHARA/Datasets/FSD50K/FSD50K.dev_audio/432063.wav,appliance_beep,fsd50k,0.0,fsd50k:432063
/Users/rajsingh/Library/CloudStorage/GoogleDrive-singhraj04.jan@gmail.com/My Drive/SAHARA/Datasets/FSD50K/FSD50K.dev_audio/223176.wav,appliance_beep,fsd50k,0.0,fsd50k:223176
/Users/rajsingh/Library/CloudStorage/GoogleDrive-singhraj04.jan@gmail.com/My Drive/SAHARA/Datasets/FSD50K/FSD50K.dev_audio/395213.wav,appliance_beep,fsd50k,0.0,fsd50k:395213
/Users/rajsingh/Library/CloudStorage/GoogleDrive-singhraj04.jan@gmail.com/My Drive/SAHARA/Datasets/FSD50K/FSD50K.dev_audio/403430.wav,appliance_beep,fsd50k,0.0,fsd50k:403430
/Users/rajsingh/Library/CloudStorage/GoogleDrive-singhraj04.jan@gmail.com/My Drive/SAHARA/Datasets/FSD50K/FSD50K.dev_audio/417768.wav,appliance_beep,fsd50k,0.0,fsd50k:417768
/Users/rajsingh/Library/CloudStorage/GoogleDrive-singhraj04.jan@gmail.com/My Drive/SAHARA/Datasets/FSD50K/FSD50K.dev_audio/403449.wav,appliance_beep,fsd50k,0.0,fsd50k:403449
/Users/rajsingh/Library/CloudStorage/GoogleDrive-singhraj04.jan@gmail.com/My Drive/SAHARA/Datasets/FSD50K/FSD50K.dev_audio/395415.wav,appliance_beep,fsd50k,0.0,fsd50k:395415
/Users/rajsingh/Library/CloudStorage/GoogleDrive-singhraj04.jan@gmail.com/My Drive/SAHARA/Datasets/FSD50K/FSD50K.dev_audio/132340.wav,appliance_beep,fsd50k,0.0,fsd50k:132340
/Users/rajsingh/Library/CloudStorage/GoogleDrive-singhraj04.jan@gmail.com/My Drive/SAHARA/Datasets/FSD50K/FSD50K.dev_audio/87316.wav,appliance_beep,fsd50k,0.0,fsd50k:87316
/Users/rajsingh/Library/CloudStorage/GoogleDrive-singhraj04.jan@gmail.com/My Drive/SAHARA/Datasets/FSD50K/FSD50K.dev_audio/408855.wav,appliance_beep,fsd50k,0.0,fsd50k:408855
/Users/rajsingh/Library/CloudStorage/GoogleDrive-singhraj04.jan@gmail.com/My Drive/SAHARA/Datasets/FSD50K/FSD50K.dev_audio/135509.wav,appliance_beep,fsd50k,0.0,fsd50k:135509
/Users/rajsingh/Library/CloudStorage/GoogleDrive-singhraj04.jan@gmail.com/My Drive/SAHARA/Datasets/FSD50K/FSD50K.dev_audio/135511.wav,appliance_beep,fsd50k,0.0,fsd50k:135511
/Users/rajsingh/Library/CloudStorage/GoogleDrive-singhraj04.jan@gmail.com/My Drive/SAHARA/Datasets/FSD50K/FSD50K.dev_audio/245888.wav,appliance_beep,fsd50k,0.0,fsd50k:245888
/Users/rajsingh/Library/CloudStorage/GoogleDrive-singhraj04.jan@gmail.com/My Drive/SAHARA/Datasets/FSD50K/FSD50K.dev_audio/154954.wav,appliance_beep,fsd50k,0.0,fsd50k:154954
/Users/rajsingh/Library/CloudStorage/GoogleDrive-singhraj04.jan@gmail.com/My Drive/SAHARA/Datasets/FSD50K/FSD50K.dev_audio/154956.wav,appliance_beep,fsd50k,0.0,fsd50k:154956
/Users/rajsingh/Library/CloudStorage/GoogleDrive-singhraj04.jan@gmail.com/My Drive/SAHARA/Datasets/FSD50K/FSD50K.dev_audio/347658.wav,appliance_beep,fsd50k,0.0,fsd50k:347658
/Users/rajsingh/Library/CloudStorage/GoogleDrive-singhraj04.jan@gmail.com/My Drive/SAHARA/Datasets/FSD50K/FSD50K.dev_audio/34853.wav,appliance_beep,fsd50k,0.0,fsd50k:34853
/Users/rajsingh/Library/CloudStorage/GoogleDrive-singhraj04.jan@gmail.com/My Drive/SAHARA/Datasets/FSD50K/FSD50K.dev_audio/344224.wav,appliance_beep,fsd50k,0.0,fsd50k:344224
/Users/rajsingh/Library/CloudStorage/GoogleDrive-singhraj04.jan@gmail.com/My Drive/SAHARA/Datasets/FSD50K/FSD50K.dev_audio/350642.wav,appliance_beep,fsd50k,0.0,fsd50k:350642
/Users/rajsingh/Library/CloudStorage/GoogleDrive-singhraj04.jan@gmail.com/My Drive/SAHARA/Datasets/FSD50K/FSD50K.dev_audio/392742.wav,appliance_beep,fsd50k,0.0,fsd50k:392742
/Users/rajsingh/Library/CloudStorage/GoogleDrive-singhraj04.jan@gmail.com/My Drive/SAHARA/Datasets/FSD50K/FSD50K.dev_audio/392743.wav,appliance_beep,fsd50k,0.0,fsd50k:392743
/Users/rajsingh/Library/CloudStorage/GoogleDrive-singhraj04.jan@gmail.com/My Drive/SAHARA/Datasets/FSD50K/FSD50K.dev_audio/209698.wav,appliance_beep,fsd50k,0.0,fsd50k:209698
/Users/rajsingh/Library/CloudStorage/GoogleDrive-singhraj04.jan@gmail.com/My Drive/SAHARA/Datasets/FSD50K/FSD50K.dev_audio/97758.wav,appliance_beep,fsd50k,0.0,fsd50k:97758
/Users/rajsingh/Library/CloudStorage/GoogleDrive-singhraj04.jan@gmail.com/My Drive/SAHARA/Datasets/FSD50K/FSD50K.dev_audio/256513.wav,knocking,fsd50k,0.0,fsd50k:256513
/Users/rajsingh/Library/CloudStorage/GoogleDrive-singhraj04.jan@gmail.com/My Drive/SAHARA/Datasets/FSD50K/FSD50K.dev_audio/336390.wav,knocking,fsd50k,0.0,fsd50k:336390
/Users/rajsingh/Library/CloudStorage/GoogleDrive-singhraj04.jan@gmail.com/My Drive/SAHARA/Datasets/FSD50K/FSD50K.dev_audio/336391.wav,knocking,fsd50k,0.0,fsd50k:336391
/Users/rajsingh/Library/CloudStorage/GoogleDrive-singhraj04.jan@gmail.com/My Drive/SAHARA/Datasets/FSD50K/FSD50K.dev_audio/336392.wav,knocking,fsd50k,0.0,fsd50k:336392
/Users/rajsingh/Library/CloudStorage/GoogleDrive-singhraj04.jan@gmail.com/My Drive/SAHARA/Datasets/FSD50K/FSD50K.dev_audio/76813.wav,knocking,fsd50k,0.0,fsd50k:76813
/Users/rajsingh/Library/CloudStorage/GoogleDrive-singhraj04.jan@gmail.com/My Drive/SAHARA/Datasets/FSD50K/FSD50K.dev_audio/233486.wav,knocking,fsd50k,0.0,fsd50k:233486
/Users/rajsingh/Library/CloudStorage/GoogleDrive-singhraj04.jan@gmail.com/My Drive/SAHARA/Datasets/FSD50K/FSD50K.dev_audio/342551.wav,knocking,fsd50k,0.0,fsd50k:342551
/Users/rajsingh/Library/CloudStorage/GoogleDrive-singhraj04.jan@gmail.com/My Drive/SAHARA/Datasets/FSD50K/FSD50K.dev_audio/342552.wav,knocking,fsd50k,0.0,fsd50k:342552
/Users/rajsingh/Library/CloudStorage/GoogleDrive-singhraj04.jan@gmail.com/My Drive/SAHARA/Datasets/FSD50K/FSD50K.dev_audio/85016.wav,knocking,fsd50k,0.0,fsd50k:85016
/Users/rajsingh/Library/CloudStorage/GoogleDrive-singhraj04.jan@gmail.com/My Drive/SAHARA/Datasets/FSD50K/FSD50K.dev_audio/83479.wav,knocking,fsd50k,0.0,fsd50k:83479
/Users/rajsingh/Library/CloudStorage/GoogleDrive-singhraj04.jan@gmail.com/My Drive/SAHARA/Datasets/FSD50K/FSD50K.dev_audio/360481.wav,knocking,fsd50k,0.0,fsd50k:360481
/Users/rajsingh/Library/CloudStorage/GoogleDrive-singhraj04.jan@gmail.com/My Drive/SAHARA/Datasets/FSD50K/FSD50K.dev_audio/211496.wav,knocking,fsd50k,0.0,fsd50k:211496
/Users/rajsingh/Library/CloudStorage/GoogleDrive-singhraj04.jan@gmail.com/My Drive/SAHARA/Datasets/FSD50K/FSD50K.dev_audio/211497.wav,knocking,fsd50k,0.0,fsd50k:211497
/Users/rajsingh/Library/CloudStorage/GoogleDrive-singhraj04.jan@gmail.com/My Drive/SAHARA/Datasets/FSD50K/FSD50K.dev_audio/211498.wav,knocking,fsd50k,0.0,fsd50k:211498
/Users/rajsingh/Library/CloudStorage/GoogleDrive-singhraj04.jan@gmail.com/My Drive/SAHARA/Datasets/FSD50K/FSD50K.dev_audio/211499.wav,knocking,fsd50k,0.0,fsd50k:211499
/Users/rajsingh/Library/CloudStorage/GoogleDrive-singhraj04.jan@gmail.com/My Drive/SAHARA/Datasets/FSD50K/FSD50K.dev_audio/211501.wav,knocking,fsd50k,0.0,fsd50k:211501
/Users/rajsingh/Library/CloudStorage/GoogleDrive-singhraj04.jan@gmail.com/My Drive/SAHARA/Datasets/FSD50K/FSD50K.dev_audio/211502.wav,knocking,fsd50k,0.0,fsd50k:211502
/Users/rajsingh/Library/CloudStorage/GoogleDrive-singhraj04.jan@gmail.com/My Drive/SAHARA/Datasets/FSD50K/FSD50K.dev_audio/211503.wav,knocking,fsd50k,0.0,fsd50k:211503
/Users/rajsingh/Library/CloudStorage/GoogleDrive-singhraj04.jan@gmail.com/My Drive/SAHARA/Datasets/FSD50K/FSD50K.dev_audio/144943.wav,knocking,fsd50k,0.0,fsd50k:144943
/Users/rajsingh/Library/CloudStorage/GoogleDrive-singhraj04.jan@gmail.com/My Drive/SAHARA/Datasets/FSD50K/FSD50K.dev_audio/151089.wav,knocking,fsd50k,0.0,fsd50k:151089
/Users/rajsingh/Library/CloudStorage/GoogleDrive-singhraj04.jan@gmail.com/My Drive/SAHARA/Datasets/FSD50K/FSD50K.dev_audio/144946.wav,knocking,fsd50k,0.0,fsd50k:144946
/Users/rajsingh/Library/CloudStorage/GoogleDrive-singhraj04.jan@gmail.com/My Drive/SAHARA/Datasets/FSD50K/FSD50K.dev_audio/144947.wav,knocking,fsd50k,0.0,fsd50k:144947
/Users/rajsingh/Library/CloudStorage/GoogleDrive-singhraj04.jan@gmail.com/My Drive/SAHARA/Datasets/FSD50K/FSD50K.dev_audio/144949.wav,knocking,fsd50k,0.0,fsd50k:144949
/Users/rajsingh/Library/CloudStorage/GoogleDrive-singhraj04.jan@gmail.com/My Drive/SAHARA/Datasets/FSD50K/FSD50K.dev_audio/103995.wav,knocking,fsd50k,0.0,fsd50k:103995
/Users/rajsingh/Library/CloudStorage/GoogleDrive-singhraj04.jan@gmail.com/My Drive/SAHARA/Datasets/FSD50K/FSD50K.dev_audio/103998.wav,knocking,fsd50k,0.0,fsd50k:103998
/Users/rajsingh/Library/CloudStorage/GoogleDrive-singhraj04.jan@gmail.com/My Drive/SAHARA/Datasets/FSD50K/FSD50K.dev_audio/103999.wav,knocking,fsd50k,0.0,fsd50k:103999
/Users/rajsingh/Library/CloudStorage/GoogleDrive-singhraj04.jan@gmail.com/My Drive/SAHARA/Datasets/FSD50K/FSD50K.dev_audio/190020.wav,knocking,fsd50k,0.0,fsd50k:190020
/Users/rajsingh/Library/CloudStorage/GoogleDrive-singhraj04.jan@gmail.com/My Drive/SAHARA/Datasets/FSD50K/FSD50K.dev_audio/190025.wav,knocking,fsd50k,0.0,fsd50k:190025
/Users/rajsingh/Library/CloudStorage/GoogleDrive-singhraj04.jan@gmail.com/My Drive/SAHARA/Datasets/FSD50K/FSD50K.dev_audio/190026.wav,knocking,fsd50k,0.0,fsd50k:190026
/Users/rajsingh/Library/CloudStorage/GoogleDrive-singhraj04.jan@gmail.com/My Drive/SAHARA/Datasets/FSD50K/FSD50K.dev_audio/138323.wav,knocking,fsd50k,0.0,fsd50k:138323
/Users/rajsingh/Library/CloudStorage/GoogleDrive-singhraj04.jan@gmail.com/My Drive/SAHARA/Datasets/FSD50K/FSD50K.dev_audio/413270.wav,knocking,fsd50k,0.0,fsd50k:413270
/Users/rajsingh/Library/CloudStorage/GoogleDrive-singhraj04.jan@gmail.com/My Drive/SAHARA/Datasets/FSD50K/FSD50K.dev_audio/413271.wav,knocking,fsd50k,0.0,fsd50k:413271
/Users/rajsingh/Library/CloudStorage/GoogleDrive-singhraj04.jan@gmail.com/My Drive/SAHARA/Datasets/FSD50K/FSD50K.dev_audio/68702.wav,knocking,fsd50k,0.0,fsd50k:68702
/Users/rajsingh/Library/CloudStorage/GoogleDrive-singhraj04.jan@gmail.com/My Drive/SAHARA/Datasets/FSD50K/FSD50K.dev_audio/427613.wav,knocking,fsd50k,0.0,fsd50k:427613
/Users/rajsingh/Library/CloudStorage/GoogleDrive-singhraj04.jan@gmail.com/My Drive/SAHARA/Datasets/FSD50K/FSD50K.dev_audio/365666.wav,knocking,fsd50k,0.0,fsd50k:365666
/Users/rajsingh/Library/CloudStorage/GoogleDrive-singhraj04.jan@gmail.com/My Drive/SAHARA/Datasets/FSD50K/FSD50K.dev_audio/427619.wav,knocking,fsd50k,0.0,fsd50k:427619
/Users/rajsingh/Library/CloudStorage/GoogleDrive-singhraj04.jan@gmail.com/My Drive/SAHARA/Datasets/FSD50K/FSD50K.dev_audio/144510.wav,knocking,fsd50k,0.0,fsd50k:144510
/Users/rajsingh/Library/CloudStorage/GoogleDrive-singhraj04.jan@gmail.com/My Drive/SAHARA/Datasets/FSD50K/FSD50K.dev_audio/364678.wav,knocking,fsd50k,0.0,fsd50k:364678
/Users/rajsingh/Library/CloudStorage/GoogleDrive-singhraj04.jan@gmail.com/My Drive/SAHARA/Datasets/FSD50K/FSD50K.dev_audio/364680.wav,knocking,fsd50k,0.0,fsd50k:364680
/Users/rajsingh/Library/CloudStorage/GoogleDrive-singhraj04.jan@gmail.com/My Drive/SAHARA/Datasets/FSD50K/FSD50K.dev_audio/389798.wav,knocking,fsd50k,0.0,fsd50k:389798
/Users/rajsingh/Library/CloudStorage/GoogleDrive-singhraj04.jan@gmail.com/My Drive/SAHARA/Datasets/FSD50K/FSD50K.dev_audio/412855.wav,knocking,fsd50k,0.0,fsd50k:412855
/Users/rajsingh/Library/CloudStorage/GoogleDrive-singhraj04.jan@gmail.com/My Drive/SAHARA/Datasets/FSD50K/FSD50K.dev_audio/412857.wav,knocking,fsd50k,0.0,fsd50k:412857
/Users/rajsingh/Library/CloudStorage/GoogleDrive-singhraj04.jan@gmail.com/My Drive/SAHARA/Datasets/FSD50K/FSD50K.dev_audio/412858.wav,knocking,fsd50k,0.0,fsd50k:412858
/Users/rajsingh/Library/CloudStorage/GoogleDrive-singhraj04.jan@gmail.com/My Drive/SAHARA/Datasets/FSD50K/FSD50K.dev_audio/32296.wav,knocking,fsd50k,0.0,fsd50k:32296
/Users/rajsingh/Library/CloudStorage/GoogleDrive-singhraj04.jan@gmail.com/My Drive/SAHARA/Datasets/FSD50K/FSD50K.dev_audio/32298.wav,knocking,fsd50k,0.0,fsd50k:32298
/Users/rajsingh/Library/CloudStorage/GoogleDrive-singhraj04.jan@gmail.com/My Drive/SAHARA/Datasets/FSD50K/FSD50K.dev_audio/370899.wav,knocking,fsd50k,0.0,fsd50k:370899
/Users/rajsingh/Library/CloudStorage/GoogleDrive-singhraj04.jan@gmail.com/My Drive/SAHARA/Datasets/FSD50K/FSD50K.dev_audio/408788.wav,knocking,fsd50k,0.0,fsd50k:408788
/Users/rajsingh/Library/CloudStorage/GoogleDrive-singhraj04.jan@gmail.com/My Drive/SAHARA/Datasets/FSD50K/FSD50K.dev_audio/164566.wav,knocking,fsd50k,0.0,fsd50k:164566
/Users/rajsingh/Library/CloudStorage/GoogleDrive-singhraj04.jan@gmail.com/My Drive/SAHARA/Datasets/FSD50K/FSD50K.dev_audio/412375.wav,knocking,fsd50k,0.0,fsd50k:412375
/Users/rajsingh/Library/CloudStorage/GoogleDrive-singhraj04.jan@gmail.com/My Drive/SAHARA/Datasets/FSD50K/FSD50K.dev_audio/164568.wav,knocking,fsd50k,0.0,fsd50k:164568
/Users/rajsingh/Library/CloudStorage/GoogleDrive-singhraj04.jan@gmail.com/My Drive/SAHARA/Datasets/FSD50K/FSD50K.dev_audio/164569.wav,knocking,fsd50k,0.0,fsd50k:164569
/Users/rajsingh/Library/CloudStorage/GoogleDrive-singhraj04.jan@gmail.com/My Drive/SAHARA/Datasets/FSD50K/FSD50K.dev_audio/412376.wav,knocking,fsd50k,0.0,fsd50k:412376
/Users/rajsingh/Library/CloudStorage/GoogleDrive-singhraj04.jan@gmail.com/My Drive/SAHARA/Datasets/FSD50K/FSD50K.dev_audio/164571.wav,knocking,fsd50k,0.0,fsd50k:164571
/Users/rajsingh/Library/CloudStorage/GoogleDrive-singhraj04.jan@gmail.com/My Drive/SAHARA/Datasets/FSD50K/FSD50K.dev_audio/370913.wav,knocking,fsd50k,0.0,fsd50k:370913
/Users/rajsingh/Library/CloudStorage/GoogleDrive-singhraj04.jan@gmail.com/My Drive/SAHARA/Datasets/FSD50K/FSD50K.dev_audio/370916.wav,knocking,fsd50k,0.0,fsd50k:370916
/Users/rajsingh/Library/CloudStorage/GoogleDrive-singhraj04.jan@gmail.com/My Drive/SAHARA/Datasets/FSD50K/FSD50K.dev_audio/370920.wav,knocking,fsd50k,0.0,fsd50k:370920
/Users/rajsingh/Library/CloudStorage/GoogleDrive-singhraj04.jan@gmail.com/My Drive/SAHARA/Datasets/FSD50K/FSD50K.dev_audio/422640.wav,knocking,fsd50k,0.0,fsd50k:422640
/Users/rajsingh/Library/CloudStorage/GoogleDrive-singhraj04.jan@gmail.com/My Drive/SAHARA/Datasets/FSD50K/FSD50K.dev_audio/426736.wav,knocking,fsd50k,0.0,fsd50k:426736
/Users/rajsingh/Library/CloudStorage/GoogleDrive-singhraj04.jan@gmail.com/My Drive/SAHARA/Datasets/FSD50K/FSD50K.dev_audio/422639.wav,knocking,fsd50k,0.0,fsd50k:422639
/Users/rajsingh/Library/CloudStorage/GoogleDrive-singhraj04.jan@gmail.com/My Drive/SAHARA/Datasets/FSD50K/FSD50K.dev_audio/133889.wav,knocking,fsd50k,0.0,fsd50k:133889
/Users/rajsingh/Library/CloudStorage/GoogleDrive-singhraj04.jan@gmail.com/My Drive/SAHARA/Datasets/FSD50K/FSD50K.dev_audio/85253.wav,knocking,fsd50k,0.0,fsd50k:85253
/Users/rajsingh/Library/CloudStorage/GoogleDrive-singhraj04.jan@gmail.com/My Drive/SAHARA/Datasets/FSD50K/FSD50K.dev_audio/182022.wav,knocking,fsd50k,0.0,fsd50k:182022
/Users/rajsingh/Library/CloudStorage/GoogleDrive-singhraj04.jan@gmail.com/My Drive/SAHARA/Datasets/FSD50K/FSD50K.dev_audio/182023.wav,knocking,fsd50k,0.0,fsd50k:182023
/Users/rajsingh/Library/CloudStorage/GoogleDrive-singhraj04.jan@gmail.com/My Drive/SAHARA/Datasets/FSD50K/FSD50K.dev_audio/182024.wav,knocking,fsd50k,0.0,fsd50k:182024
/Users/rajsingh/Library/CloudStorage/GoogleDrive-singhraj04.jan@gmail.com/My Drive/SAHARA/Datasets/FSD50K/FSD50K.dev_audio/182032.wav,knocking,fsd50k,0.0,fsd50k:182032
/Users/rajsingh/Library/CloudStorage/GoogleDrive-singhraj04.jan@gmail.com/My Drive/SAHARA/Datasets/FSD50K/FSD50K.dev_audio/182033.wav,knocking,fsd50k,0.0,fsd50k:182033
/Users/rajsingh/Library/CloudStorage/GoogleDrive-singhraj04.jan@gmail.com/My Drive/SAHARA/Datasets/FSD50K/FSD50K.dev_audio/182034.wav,knocking,fsd50k,0.0,fsd50k:182034
/Users/rajsingh/Library/CloudStorage/GoogleDrive-singhraj04.jan@gmail.com/My Drive/SAHARA/Datasets/FSD50K/FSD50K.dev_audio/182039.wav,knocking,fsd50k,0.0,fsd50k:182039
/Users/rajsingh/Library/CloudStorage/GoogleDrive-singhraj04.jan@gmail.com/My Drive/SAHARA/Datasets/FSD50K/FSD50K.dev_audio/182041.wav,knocking,fsd50k,0.0,fsd50k:182041
/Users/rajsingh/Library/CloudStorage/GoogleDrive-singhraj04.jan@gmail.com/My Drive/SAHARA/Datasets/FSD50K/FSD50K.dev_audio/182043.wav,knocking,fsd50k,0.0,fsd50k:182043
/Users/rajsingh/Library/CloudStorage/GoogleDrive-singhraj04.jan@gmail.com/My Drive/SAHARA/Datasets/FSD50K/FSD50K.dev_audio/399663.wav,knocking,fsd50k,0.0,fsd50k:399663
/Users/rajsingh/Library/CloudStorage/GoogleDrive-singhraj04.jan@gmail.com/My Drive/SAHARA/Datasets/FSD50K/FSD50K.dev_audio/399664.wav,knocking,fsd50k,0.0,fsd50k:399664
/Users/rajsingh/Library/CloudStorage/GoogleDrive-singhraj04.jan@gmail.com/My Drive/SAHARA/Datasets/FSD50K/FSD50K.dev_audio/399665.wav,knocking,fsd50k,0.0,fsd50k:399665
/Users/rajsingh/Library/CloudStorage/GoogleDrive-singhraj04.jan@gmail.com/My Drive/SAHARA/Datasets/FSD50K/FSD50K.dev_audio/178991.wav,knocking,fsd50k,0.0,fsd50k:178991
/Users/rajsingh/Library/CloudStorage/GoogleDrive-singhraj04.jan@gmail.com/My Drive/SAHARA/Datasets/FSD50K/FSD50K.dev_audio/329018.wav,knocking,fsd50k,0.0,fsd50k:329018
/Users/rajsingh/Library/CloudStorage/GoogleDrive-singhraj04.jan@gmail.com/My Drive/SAHARA/Datasets/FSD50K/FSD50K.dev_audio/209220.wav,knocking,fsd50k,0.0,fsd50k:209220
/Users/rajsingh/Library/CloudStorage/GoogleDrive-singhraj04.jan@gmail.com/My Drive/SAHARA/Datasets/FSD50K/FSD50K.dev_audio/209221.wav,knocking,fsd50k,0.0,fsd50k:209221
/Users/rajsingh/Library/CloudStorage/GoogleDrive-singhraj04.jan@gmail.com/My Drive/SAHARA/Datasets/FSD50K/FSD50K.dev_audio/209222.wav,knocking,fsd50k,0.0,fsd50k:209222
/Users/rajsingh/Library/CloudStorage/GoogleDrive-singhraj04.jan@gmail.com/My Drive/SAHARA/Datasets/FSD50K/FSD50K.dev_audio/209223.wav,knocking,fsd50k,0.0,fsd50k:209223
/Users/rajsingh/Library/CloudStorage/GoogleDrive-singhraj04.jan@gmail.com/My Drive/SAHARA/Datasets/FSD50K/FSD50K.dev_audio/365902.wav,knocking,fsd50k,0.0,fsd50k:365902
/Users/rajsingh/Library/CloudStorage/GoogleDrive-singhraj04.jan@gmail.com/My Drive/SAHARA/Datasets/FSD50K/FSD50K.dev_audio/151889.wav,knocking,fsd50k,0.0,fsd50k:151889
/Users/rajsingh/Library/CloudStorage/GoogleDrive-singhraj04.jan@gmail.com/My Drive/SAHARA/Datasets/FSD50K/FSD50K.dev_audio/151894.wav,knocking,fsd50k,0.0,fsd50k:151894
/Users/rajsingh/Library/CloudStorage/GoogleDrive-singhraj04.jan@gmail.com/My Drive/SAHARA/Datasets/FSD50K/FSD50K.dev_audio/218981.wav,knocking,fsd50k,0.0,fsd50k:218981
/Users/rajsingh/Library/CloudStorage/GoogleDrive-singhraj04.jan@gmail.com/My Drive/SAHARA/Datasets/FSD50K/FSD50K.dev_audio/218985.wav,knocking,fsd50k,0.0,fsd50k:218985
/Users/rajsingh/Library/CloudStorage/GoogleDrive-singhraj04.jan@gmail.com/My Drive/SAHARA/Datasets/FSD50K/FSD50K.dev_audio/218987.wav,knocking,fsd50k,0.0,fsd50k:218987
/Users/rajsingh/Library/CloudStorage/GoogleDrive-singhraj04.jan@gmail.com/My Drive/SAHARA/Datasets/FSD50K/FSD50K.dev_audio/237937.wav,knocking,fsd50k,0.0,fsd50k:237937
/Users/rajsingh/Library/CloudStorage/GoogleDrive-singhraj04.jan@gmail.com/My Drive/SAHARA/Datasets/FSD50K/FSD50K.dev_audio/378740.wav,knocking,fsd50k,0.0,fsd50k:378740
/Users/rajsingh/Library/CloudStorage/GoogleDrive-singhraj04.jan@gmail.com/My Drive/SAHARA/Datasets/FSD50K/FSD50K.dev_audio/114041.wav,knocking,fsd50k,0.0,fsd50k:114041
/Users/rajsingh/Library/CloudStorage/GoogleDrive-singhraj04.jan@gmail.com/My Drive/SAHARA/Datasets/FSD50K/FSD50K.dev_audio/114042.wav,knocking,fsd50k,0.0,fsd50k:114042
/Users/rajsingh/Library/CloudStorage/GoogleDrive-singhraj04.jan@gmail.com/My Drive/SAHARA/Datasets/FSD50K/FSD50K.dev_audio/275911.wav,knocking,fsd50k,0.0,fsd50k:275911
/Users/rajsingh/Library/CloudStorage/GoogleDrive-singhraj04.jan@gmail.com/My Drive/SAHARA/Datasets/FSD50K/FSD50K.dev_audio/371661.wav,knocking,fsd50k,0.0,fsd50k:371661
/Users/rajsingh/Library/CloudStorage/GoogleDrive-singhraj04.jan@gmail.com/My Drive/SAHARA/Datasets/FSD50K/FSD50K.dev_audio/148944.wav,knocking,fsd50k,0.0,fsd50k:148944
/Users/rajsingh/Library/CloudStorage/GoogleDrive-singhraj04.jan@gmail.com/My Drive/SAHARA/Datasets/FSD50K/FSD50K.dev_audio/148947.wav,knocking,fsd50k,0.0,fsd50k:148947
/Users/rajsingh/Library/CloudStorage/GoogleDrive-singhraj04.jan@gmail.com/My Drive/SAHARA/Datasets/FSD50K/FSD50K.dev_audio/148951.wav,knocking,fsd50k,0.0,fsd50k:148951
/Users/rajsingh/Library/CloudStorage/GoogleDrive-singhraj04.jan@gmail.com/My Drive/SAHARA/Datasets/FSD50K/FSD50K.dev_audio/101336.wav,knocking,fsd50k,0.0,fsd50k:101336
/Users/rajsingh/Library/CloudStorage/GoogleDrive-singhraj04.jan@gmail.com/My Drive/SAHARA/Datasets/FSD50K/FSD50K.dev_audio/177878.wav,appliance_beep,fsd50k,0.0,fsd50k:177878
/Users/rajsingh/Library/CloudStorage/GoogleDrive-singhraj04.jan@gmail.com/My Drive/SAHARA/Datasets/FSD50K/FSD50K.dev_audio/113138.wav,knocking,fsd50k,0.0,fsd50k:113138
/Users/rajsingh/Library/CloudStorage/GoogleDrive-singhraj04.jan@gmail.com/My Drive/SAHARA/Datasets/FSD50K/FSD50K.dev_audio/274939.wav,knocking,fsd50k,0.0,fsd50k:274939
/Users/rajsingh/Library/CloudStorage/GoogleDrive-singhraj04.jan@gmail.com/My Drive/SAHARA/Datasets/FSD50K/FSD50K.dev_audio/223740.wav,appliance_beep,fsd50k,0.0,fsd50k:223740
/Users/rajsingh/Library/CloudStorage/GoogleDrive-singhraj04.jan@gmail.com/My Drive/SAHARA/Datasets/FSD50K/FSD50K.dev_audio/274943.wav,knocking,fsd50k,0.0,fsd50k:274943
/Users/rajsingh/Library/CloudStorage/GoogleDrive-singhraj04.jan@gmail.com/My Drive/SAHARA/Datasets/FSD50K/FSD50K.dev_audio/216001.wav,glass_break,fsd50k,0.0,fsd50k:216001
/Users/rajsingh/Library/CloudStorage/GoogleDrive-singhraj04.jan@gmail.com/My Drive/SAHARA/Datasets/FSD50K/FSD50K.dev_audio/408911.wav,dog_bark,fsd50k,0.0,fsd50k:408911
/Users/rajsingh/Library/CloudStorage/GoogleDrive-singhraj04.jan@gmail.com/My Drive/SAHARA/Datasets/FSD50K/FSD50K.dev_audio/44182.wav,appliance_beep,fsd50k,0.0,fsd50k:44182
/Users/rajsingh/Library/CloudStorage/GoogleDrive-singhraj04.jan@gmail.com/My Drive/SAHARA/Datasets/FSD50K/FSD50K.dev_audio/244925.wav,glass_break,fsd50k,0.0,fsd50k:244925
/Users/rajsingh/Library/CloudStorage/GoogleDrive-singhraj04.jan@gmail.com/My Drive/SAHARA/Datasets/FSD50K/FSD50K.dev_audio/72723.wav,dog_bark,fsd50k,0.0,fsd50k:72723
/Users/rajsingh/Library/CloudStorage/GoogleDrive-singhraj04.jan@gmail.com/My Drive/SAHARA/Datasets/FSD50K/FSD50K.dev_audio/221207.wav,dog_bark,fsd50k,0.0,fsd50k:221207
/Users/rajsingh/Library/CloudStorage/GoogleDrive-singhraj04.jan@gmail.com/My Drive/SAHARA/Datasets/FSD50K/FSD50K.dev_audio/328728.wav,dog_bark,fsd50k,0.0,fsd50k:328728
/Users/rajsingh/Library/CloudStorage/GoogleDrive-singhraj04.jan@gmail.com/My Drive/SAHARA/Datasets/FSD50K/FSD50K.dev_audio/328729.wav,dog_bark,fsd50k,0.0,fsd50k:328729
/Users/rajsingh/Library/CloudStorage/GoogleDrive-singhraj04.jan@gmail.com/My Drive/SAHARA/Datasets/FSD50K/FSD50K.dev_audio/370714.wav,dog_bark,fsd50k,0.0,fsd50k:370714
/Users/rajsingh/Library/CloudStorage/GoogleDrive-singhraj04.jan@gmail.com/My Drive/SAHARA/Datasets/FSD50K/FSD50K.dev_audio/170015.wav,dog_bark,fsd50k,0.0,fsd50k:170015
/Users/rajsingh/Library/CloudStorage/GoogleDrive-singhraj04.jan@gmail.com/My Drive/SAHARA/Datasets/FSD50K/FSD50K.dev_audio/121888.wav,dog_bark,fsd50k,0.0,fsd50k:121888
/Users/rajsingh/Library/CloudStorage/GoogleDrive-singhraj04.jan@gmail.com/My Drive/SAHARA/Datasets/FSD50K/FSD50K.dev_audio/36902.wav,dog_bark,fsd50k,0.0,fsd50k:36902
/Users/rajsingh/Library/CloudStorage/GoogleDrive-singhraj04.jan@gmail.com/My Drive/SAHARA/Datasets/FSD50K/FSD50K.dev_audio/128042.wav,dog_bark,fsd50k,0.0,fsd50k:128042
/Users/rajsingh/Library/CloudStorage/GoogleDrive-singhraj04.jan@gmail.com/My Drive/SAHARA/Datasets/FSD50K/FSD50K.dev_audio/34872.wav,dog_bark,fsd50k,0.0,fsd50k:34872
/Users/rajsingh/Library/CloudStorage/GoogleDrive-singhraj04.jan@gmail.com/My Drive/SAHARA/Datasets/FSD50K/FSD50K.dev_audio/33849.wav,dog_bark,fsd50k,0.0,fsd50k:33849
/Users/rajsingh/Library/CloudStorage/GoogleDrive-singhraj04.jan@gmail.com/My Drive/SAHARA/Datasets/FSD50K/FSD50K.dev_audio/55365.wav,dog_bark,fsd50k,0.0,fsd50k:55365
/Users/rajsingh/Library/CloudStorage/GoogleDrive-singhraj04.jan@gmail.com/My Drive/SAHARA/Datasets/FSD50K/FSD50K.dev_audio/348247.wav,dog_bark,fsd50k,0.0,fsd50k:348247
/Users/rajsingh/Library/CloudStorage/GoogleDrive-singhraj04.jan@gmail.com/My Drive/SAHARA/Datasets/FSD50K/FSD50K.dev_audio/108631.wav,dog_bark,fsd50k,0.0,fsd50k:108631
/Users/rajsingh/Library/CloudStorage/GoogleDrive-singhraj04.jan@gmail.com/My Drive/SAHARA/Datasets/FSD50K/FSD50K.dev_audio/333914.wav,dog_bark,fsd50k,0.0,fsd50k:333914
/Users/rajsingh/Library/CloudStorage/GoogleDrive-singhraj04.jan@gmail.com/My Drive/SAHARA/Datasets/FSD50K/FSD50K.dev_audio/77930.wav,dog_bark,fsd50k,0.0,fsd50k:77930
/Users/rajsingh/Library/CloudStorage/GoogleDrive-singhraj04.jan@gmail.com/My Drive/SAHARA/Datasets/FSD50K/FSD50K.dev_audio/364662.wav,dog_bark,fsd50k,0.0,fsd50k:364662
/Users/rajsingh/Library/CloudStorage/GoogleDrive-singhraj04.jan@gmail.com/My Drive/SAHARA/Datasets/FSD50K/FSD50K.dev_audio/182395.wav,dog_bark,fsd50k,0.0,fsd50k:182395
/Users/rajsingh/Library/CloudStorage/GoogleDrive-singhraj04.jan@gmail.com/My Drive/SAHARA/Datasets/FSD50K/FSD50K.dev_audio/72829.wav,dog_bark,fsd50k,0.0,fsd50k:72829
/Users/rajsingh/Library/CloudStorage/GoogleDrive-singhraj04.jan@gmail.com/My Drive/SAHARA/Datasets/FSD50K/FSD50K.dev_audio/389254.wav,dog_bark,fsd50k,0.0,fsd50k:389254
/Users/rajsingh/Library/CloudStorage/GoogleDrive-singhraj04.jan@gmail.com/My Drive/SAHARA/Datasets/FSD50K/FSD50K.dev_audio/264332.wav,dog_bark,fsd50k,0.0,fsd50k:264332
/Users/rajsingh/Library/CloudStorage/GoogleDrive-singhraj04.jan@gmail.com/My Drive/SAHARA/Datasets/FSD50K/FSD50K.dev_audio/261286.wav,dog_bark,fsd50k,0.0,fsd50k:261286
/Users/rajsingh/Library/CloudStorage/GoogleDrive-singhraj04.jan@gmail.com/My Drive/SAHARA/Datasets/FSD50K/FSD50K.dev_audio/348332.wav,dog_bark,fsd50k,0.0,fsd50k:348332
/Users/rajsingh/Library/CloudStorage/GoogleDrive-singhraj04.jan@gmail.com/My Drive/SAHARA/Datasets/FSD50K/FSD50K.dev_audio/118961.wav,dog_bark,fsd50k,0.0,fsd50k:118961
/Users/rajsingh/Library/CloudStorage/GoogleDrive-singhraj04.jan@gmail.com/My Drive/SAHARA/Datasets/FSD50K/FSD50K.dev_audio/118962.wav,dog_bark,fsd50k,0.0,fsd50k:118962
/Users/rajsingh/Library/CloudStorage/GoogleDrive-singhraj04.jan@gmail.com/My Drive/SAHARA/Datasets/FSD50K/FSD50K.dev_audio/118963.wav,dog_bark,fsd50k,0.0,fsd50k:118963
/Users/rajsingh/Library/CloudStorage/GoogleDrive-singhraj04.jan@gmail.com/My Drive/SAHARA/Datasets/FSD50K/FSD50K.dev_audio/118964.wav,dog_bark,fsd50k,0.0,fsd50k:118964
/Users/rajsingh/Library/CloudStorage/GoogleDrive-singhraj04.jan@gmail.com/My Drive/SAHARA/Datasets/FSD50K/FSD50K.dev_audio/131258.wav,dog_bark,fsd50k,0.0,fsd50k:131258
/Users/rajsingh/Library/CloudStorage/GoogleDrive-singhraj04.jan@gmail.com/My Drive/SAHARA/Datasets/FSD50K/FSD50K.dev_audio/400576.wav,dog_bark,fsd50k,0.0,fsd50k:400576
/Users/rajsingh/Library/CloudStorage/GoogleDrive-singhraj04.jan@gmail.com/My Drive/SAHARA/Datasets/FSD50K/FSD50K.dev_audio/194753.wav,dog_bark,fsd50k,0.0,fsd50k:194753
/Users/rajsingh/Library/CloudStorage/GoogleDrive-singhraj04.jan@gmail.com/My Drive/SAHARA/Datasets/FSD50K/FSD50K.dev_audio/194754.wav,dog_bark,fsd50k,0.0,fsd50k:194754
/Users/rajsingh/Library/CloudStorage/GoogleDrive-singhraj04.jan@gmail.com/My Drive/SAHARA/Datasets/FSD50K/FSD50K.dev_audio/147672.wav,dog_bark,fsd50k,0.0,fsd50k:147672
/Users/rajsingh/Library/CloudStorage/GoogleDrive-singhraj04.jan@gmail.com/My Drive/SAHARA/Datasets/FSD50K/FSD50K.dev_audio/342250.wav,dog_bark,fsd50k,0.0,fsd50k:342250
/Users/rajsingh/Library/CloudStorage/GoogleDrive-singhraj04.jan@gmail.com/My Drive/SAHARA/Datasets/FSD50K/FSD50K.dev_audio/236139.wav,dog_bark,fsd50k,0.0,fsd50k:236139
/Users/rajsingh/Library/CloudStorage/GoogleDrive-singhraj04.jan@gmail.com/My Drive/SAHARA/Datasets/FSD50K/FSD50K.dev_audio/254190.wav,dog_bark,fsd50k,0.0,fsd50k:254190
/Users/rajsingh/Library/CloudStorage/GoogleDrive-singhraj04.jan@gmail.com/My Drive/SAHARA/Datasets/FSD50K/FSD50K.dev_audio/254191.wav,dog_bark,fsd50k,0.0,fsd50k:254191
/Users/rajsingh/Library/CloudStorage/GoogleDrive-singhraj04.jan@gmail.com/My Drive/SAHARA/Datasets/FSD50K/FSD50K.dev_audio/254192.wav,dog_bark,fsd50k,0.0,fsd50k:254192
/Users/rajsingh/Library/CloudStorage/GoogleDrive-singhraj04.jan@gmail.com/My Drive/SAHARA/Datasets/FSD50K/FSD50K.dev_audio/29936.wav,dog_bark,fsd50k,0.0,fsd50k:29936
/Users/rajsingh/Library/CloudStorage/GoogleDrive-singhraj04.jan@gmail.com/My Drive/SAHARA/Datasets/FSD50K/FSD50K.dev_audio/342264.wav,dog_bark,fsd50k,0.0,fsd50k:342264
/Users/rajsingh/Library/CloudStorage/GoogleDrive-singhraj04.jan@gmail.com/My Drive/SAHARA/Datasets/FSD50K/FSD50K.dev_audio/270586.wav,dog_bark,fsd50k,0.0,fsd50k:270586
/Users/rajsingh/Library/CloudStorage/GoogleDrive-singhraj04.jan@gmail.com/My Drive/SAHARA/Datasets/FSD50K/FSD50K.dev_audio/157950.wav,dog_bark,fsd50k,0.0,fsd50k:157950
/Users/rajsingh/Library/CloudStorage/GoogleDrive-singhraj04.jan@gmail.com/My Drive/SAHARA/Datasets/FSD50K/FSD50K.dev_audio/270590.wav,dog_bark,fsd50k,0.0,fsd50k:270590
/Users/rajsingh/Library/CloudStorage/GoogleDrive-singhraj04.jan@gmail.com/My Drive/SAHARA/Datasets/FSD50K/FSD50K.dev_audio/266511.wav,dog_bark,fsd50k,0.0,fsd50k:266511
/Users/rajsingh/Library/CloudStorage/GoogleDrive-singhraj04.jan@gmail.com/My Drive/SAHARA/Datasets/FSD50K/FSD50K.dev_audio/95532.wav,dog_bark,fsd50k,0.0,fsd50k:95532
/Users/rajsingh/Library/CloudStorage/GoogleDrive-singhraj04.jan@gmail.com/My Drive/SAHARA/Datasets/FSD50K/FSD50K.dev_audio/142641.wav,dog_bark,fsd50k,0.0,fsd50k:142641
/Users/rajsingh/Library/CloudStorage/GoogleDrive-singhraj04.jan@gmail.com/My Drive/SAHARA/Datasets/FSD50K/FSD50K.dev_audio/418105.wav,dog_bark,fsd50k,0.0,fsd50k:418105
/Users/rajsingh/Library/CloudStorage/GoogleDrive-singhraj04.jan@gmail.com/My Drive/SAHARA/Datasets/FSD50K/FSD50K.dev_audio/418106.wav,dog_bark,fsd50k,0.0,fsd50k:418106
/Users/rajsingh/Library/CloudStorage/GoogleDrive-singhraj04.jan@gmail.com/My Drive/SAHARA/Datasets/FSD50K/FSD50K.dev_audio/418107.wav,dog_bark,fsd50k,0.0,fsd50k:418107
/Users/rajsingh/Library/CloudStorage/GoogleDrive-singhraj04.jan@gmail.com/My Drive/SAHARA/Datasets/FSD50K/FSD50K.dev_audio/418108.wav,dog_bark,fsd50k,0.0,fsd50k:418108
/Users/rajsingh/Library/CloudStorage/GoogleDrive-singhraj04.jan@gmail.com/My Drive/SAHARA/Datasets/FSD50K/FSD50K.dev_audio/6457.wav,dog_bark,fsd50k,0.0,fsd50k:6457
/Users/rajsingh/Library/CloudStorage/GoogleDrive-singhraj04.jan@gmail.com/My Drive/SAHARA/Datasets/FSD50K/FSD50K.dev_audio/344.wav,dog_bark,fsd50k,0.0,fsd50k:344
/Users/rajsingh/Library/CloudStorage/GoogleDrive-singhraj04.jan@gmail.com/My Drive/SAHARA/Datasets/FSD50K/FSD50K.dev_audio/235865.wav,dog_bark,fsd50k,0.0,fsd50k:235865
/Users/rajsingh/Library/CloudStorage/GoogleDrive-singhraj04.jan@gmail.com/My Drive/SAHARA/Datasets/FSD50K/FSD50K.dev_audio/235864.wav,dog_bark,fsd50k,0.0,fsd50k:235864
/Users/rajsingh/Library/CloudStorage/GoogleDrive-singhraj04.jan@gmail.com/My Drive/SAHARA/Datasets/FSD50K/FSD50K.dev_audio/235867.wav,dog_bark,fsd50k,0.0,fsd50k:235867
/Users/rajsingh/Library/CloudStorage/GoogleDrive-singhraj04.jan@gmail.com/My Drive/SAHARA/Datasets/FSD50K/FSD50K.dev_audio/160092.wav,dog_bark,fsd50k,0.0,fsd50k:160092
/Users/rajsingh/Library/CloudStorage/GoogleDrive-singhraj04.jan@gmail.com/My Drive/SAHARA/Datasets/FSD50K/FSD50K.dev_audio/84317.wav,dog_bark,fsd50k,0.0,fsd50k:84317
/Users/rajsingh/Library/CloudStorage/GoogleDrive-singhraj04.jan@gmail.com/My Drive/SAHARA/Datasets/FSD50K/FSD50K.dev_audio/160094.wav,dog_bark,fsd50k,0.0,fsd50k:160094
/Users/rajsingh/Library/CloudStorage/GoogleDrive-singhraj04.jan@gmail.com/My Drive/SAHARA/Datasets/FSD50K/FSD50K.dev_audio/235869.wav,dog_bark,fsd50k,0.0,fsd50k:235869
/Users/rajsingh/Library/CloudStorage/GoogleDrive-singhraj04.jan@gmail.com/My Drive/SAHARA/Datasets/FSD50K/FSD50K.dev_audio/235872.wav,dog_bark,fsd50k,0.0,fsd50k:235872
/Users/rajsingh/Library/CloudStorage/GoogleDrive-singhraj04.jan@gmail.com/My Drive/SAHARA/Datasets/FSD50K/FSD50K.dev_audio/160093.wav,dog_bark,fsd50k,0.0,fsd50k:160093
/Users/rajsingh/Library/CloudStorage/GoogleDrive-singhraj04.jan@gmail.com/My Drive/SAHARA/Datasets/FSD50K/FSD50K.dev_audio/235871.wav,dog_bark,fsd50k,0.0,fsd50k:235871
/Users/rajsingh/Library/CloudStorage/GoogleDrive-singhraj04.jan@gmail.com/My Drive/SAHARA/Datasets/FSD50K/FSD50K.dev_audio/162148.wav,dog_bark,fsd50k,0.0,fsd50k:162148
/Users/rajsingh/Library/CloudStorage/GoogleDrive-singhraj04.jan@gmail.com/My Drive/SAHARA/Datasets/FSD50K/FSD50K.dev_audio/418154.wav,dog_bark,fsd50k,0.0,fsd50k:418154
/Users/rajsingh/Library/CloudStorage/GoogleDrive-singhraj04.jan@gmail.com/My Drive/SAHARA/Datasets/FSD50K/FSD50K.dev_audio/418155.wav,dog_bark,fsd50k,0.0,fsd50k:418155
/Users/rajsingh/Library/CloudStorage/GoogleDrive-singhraj04.jan@gmail.com/My Drive/SAHARA/Datasets/FSD50K/FSD50K.dev_audio/235884.wav,dog_bark,fsd50k,0.0,fsd50k:235884
/Users/rajsingh/Library/CloudStorage/GoogleDrive-singhraj04.jan@gmail.com/My Drive/SAHARA/Datasets/FSD50K/FSD50K.dev_audio/235885.wav,dog_bark,fsd50k,0.0,fsd50k:235885
/Users/rajsingh/Library/CloudStorage/GoogleDrive-singhraj04.jan@gmail.com/My Drive/SAHARA/Datasets/FSD50K/FSD50K.dev_audio/235886.wav,dog_bark,fsd50k,0.0,fsd50k:235886
/Users/rajsingh/Library/CloudStorage/GoogleDrive-singhraj04.jan@gmail.com/My Drive/SAHARA/Datasets/FSD50K/FSD50K.dev_audio/418156.wav,dog_bark,fsd50k,0.0,fsd50k:418156
/Users/rajsingh/Library/CloudStorage/GoogleDrive-singhraj04.jan@gmail.com/My Drive/SAHARA/Datasets/FSD50K/FSD50K.dev_audio/235890.wav,dog_bark,fsd50k,0.0,fsd50k:235890
/Users/rajsingh/Library/CloudStorage/GoogleDrive-singhraj04.jan@gmail.com/My Drive/SAHARA/Datasets/FSD50K/FSD50K.dev_audio/85362.wav,dog_bark,fsd50k,0.0,fsd50k:85362
/Users/rajsingh/Library/CloudStorage/GoogleDrive-singhraj04.jan@gmail.com/My Drive/SAHARA/Datasets/FSD50K/FSD50K.dev_audio/245114.wav,dog_bark,fsd50k,0.0,fsd50k:245114
/Users/rajsingh/Library/CloudStorage/GoogleDrive-singhraj04.jan@gmail.com/My Drive/SAHARA/Datasets/FSD50K/FSD50K.dev_audio/398724.wav,dog_bark,fsd50k,0.0,fsd50k:398724
/Users/rajsingh/Library/CloudStorage/GoogleDrive-singhraj04.jan@gmail.com/My Drive/SAHARA/Datasets/FSD50K/FSD50K.dev_audio/235913.wav,dog_bark,fsd50k,0.0,fsd50k:235913
/Users/rajsingh/Library/CloudStorage/GoogleDrive-singhraj04.jan@gmail.com/My Drive/SAHARA/Datasets/FSD50K/FSD50K.dev_audio/332173.wav,dog_bark,fsd50k,0.0,fsd50k:332173
/Users/rajsingh/Library/CloudStorage/GoogleDrive-singhraj04.jan@gmail.com/My Drive/SAHARA/Datasets/FSD50K/FSD50K.dev_audio/332175.wav,dog_bark,fsd50k,0.0,fsd50k:332175
/Users/rajsingh/Library/CloudStorage/GoogleDrive-singhraj04.jan@gmail.com/My Drive/SAHARA/Datasets/FSD50K/FSD50K.dev_audio/332176.wav,dog_bark,fsd50k,0.0,fsd50k:332176
/Users/rajsingh/Library/CloudStorage/GoogleDrive-singhraj04.jan@gmail.com/My Drive/SAHARA/Datasets/FSD50K/FSD50K.dev_audio/184725.wav,dog_bark,fsd50k,0.0,fsd50k:184725
/Users/rajsingh/Library/CloudStorage/GoogleDrive-singhraj04.jan@gmail.com/My Drive/SAHARA/Datasets/FSD50K/FSD50K.dev_audio/236967.wav,dog_bark,fsd50k,0.0,fsd50k:236967
/Users/rajsingh/Library/CloudStorage/GoogleDrive-singhraj04.jan@gmail.com/My Drive/SAHARA/Datasets/FSD50K/FSD50K.dev_audio/50612.wav,dog_bark,fsd50k,0.0,fsd50k:50612
/Users/rajsingh/Library/CloudStorage/GoogleDrive-singhraj04.jan@gmail.com/My Drive/SAHARA/Datasets/FSD50K/FSD50K.dev_audio/50613.wav,dog_bark,fsd50k,0.0,fsd50k:50613
/Users/rajsingh/Library/CloudStorage/GoogleDrive-singhraj04.jan@gmail.com/My Drive/SAHARA/Datasets/FSD50K/FSD50K.dev_audio/50614.wav,dog_bark,fsd50k,0.0,fsd50k:50614
/Users/rajsingh/Library/CloudStorage/GoogleDrive-singhraj04.jan@gmail.com/My Drive/SAHARA/Datasets/FSD50K/FSD50K.dev_audio/380350.wav,dog_bark,fsd50k,0.0,fsd50k:380350
/Users/rajsingh/Library/CloudStorage/GoogleDrive-singhraj04.jan@gmail.com/My Drive/SAHARA/Datasets/FSD50K/FSD50K.dev_audio/11722.wav,dog_bark,fsd50k,0.0,fsd50k:11722
/Users/rajsingh/Library/CloudStorage/GoogleDrive-singhraj04.jan@gmail.com/My Drive/SAHARA/Datasets/FSD50K/FSD50K.dev_audio/70098.wav,dog_bark,fsd50k,0.0,fsd50k:70098
/Users/rajsingh/Library/CloudStorage/GoogleDrive-singhraj04.jan@gmail.com/My Drive/SAHARA/Datasets/FSD50K/FSD50K.dev_audio/164311.wav,dog_bark,fsd50k,0.0,fsd50k:164311
/Users/rajsingh/Library/CloudStorage/GoogleDrive-singhraj04.jan@gmail.com/My Drive/SAHARA/Datasets/FSD50K/FSD50K.dev_audio/35296.wav,dog_bark,fsd50k,0.0,fsd50k:35296
/Users/rajsingh/Library/CloudStorage/GoogleDrive-singhraj04.jan@gmail.com/My Drive/SAHARA/Datasets/FSD50K/FSD50K.dev_audio/67049.wav,dog_bark,fsd50k,0.0,fsd50k:67049
/Users/rajsingh/Library/CloudStorage/GoogleDrive-singhraj04.jan@gmail.com/My Drive/SAHARA/Datasets/FSD50K/FSD50K.dev_audio/236011.wav,dog_bark,fsd50k,0.0,fsd50k:236011
/Users/rajsingh/Library/CloudStorage/GoogleDrive-singhraj04.jan@gmail.com/My Drive/SAHARA/Datasets/FSD50K/FSD50K.dev_audio/236013.wav,dog_bark,fsd50k,0.0,fsd50k:236013
/Users/rajsingh/Library/CloudStorage/GoogleDrive-singhraj04.jan@gmail.com/My Drive/SAHARA/Datasets/FSD50K/FSD50K.dev_audio/236016.wav,dog_bark,fsd50k,0.0,fsd50k:236016
/Users/rajsingh/Library/CloudStorage/GoogleDrive-singhraj04.jan@gmail.com/My Drive/SAHARA/Datasets/FSD50K/FSD50K.dev_audio/236017.wav,dog_bark,fsd50k,0.0,fsd50k:236017
/Users/rajsingh/Library/CloudStorage/GoogleDrive-singhraj04.jan@gmail.com/My Drive/SAHARA/Datasets/FSD50K/FSD50K.dev_audio/236018.wav,dog_bark,fsd50k,0.0,fsd50k:236018
/Users/rajsingh/Library/CloudStorage/GoogleDrive-singhraj04.jan@gmail.com/My Drive/SAHARA/Datasets/FSD50K/FSD50K.dev_audio/236019.wav,dog_bark,fsd50k,0.0,fsd50k:236019
/Users/rajsingh/Library/CloudStorage/GoogleDrive-singhraj04.jan@gmail.com/My Drive/SAHARA/Datasets/FSD50K/FSD50K.dev_audio/236020.wav,dog_bark,fsd50k,0.0,fsd50k:236020
/Users/rajsingh/Library/CloudStorage/GoogleDrive-singhraj04.jan@gmail.com/My Drive/SAHARA/Datasets/FSD50K/FSD50K.dev_audio/236021.wav,dog_bark,fsd50k,0.0,fsd50k:236021
/Users/rajsingh/Library/CloudStorage/GoogleDrive-singhraj04.jan@gmail.com/My Drive/SAHARA/Datasets/FSD50K/FSD50K.dev_audio/236022.wav,dog_bark,fsd50k,0.0,fsd50k:236022
/Users/rajsingh/Library/CloudStorage/GoogleDrive-singhraj04.jan@gmail.com/My Drive/SAHARA/Datasets/FSD50K/FSD50K.dev_audio/236025.wav,dog_bark,fsd50k,0.0,fsd50k:236025
/Users/rajsingh/Library/CloudStorage/GoogleDrive-singhraj04.jan@gmail.com/My Drive/SAHARA/Datasets/FSD50K/FSD50K.dev_audio/381434.wav,dog_bark,fsd50k,0.0,fsd50k:381434
/Users/rajsingh/Library/CloudStorage/GoogleDrive-singhraj04.jan@gmail.com/My Drive/SAHARA/Datasets/FSD50K/FSD50K.dev_audio/236027.wav,dog_bark,fsd50k,0.0,fsd50k:236027
/Users/rajsingh/Library/CloudStorage/GoogleDrive-singhraj04.jan@gmail.com/My Drive/SAHARA/Datasets/FSD50K/FSD50K.dev_audio/236028.wav,dog_bark,fsd50k,0.0,fsd50k:236028
/Users/rajsingh/Library/CloudStorage/GoogleDrive-singhraj04.jan@gmail.com/My Drive/SAHARA/Datasets/FSD50K/FSD50K.dev_audio/236029.wav,dog_bark,fsd50k,0.0,fsd50k:236029
/Users/rajsingh/Library/CloudStorage/GoogleDrive-singhraj04.jan@gmail.com/My Drive/SAHARA/Datasets/FSD50K/FSD50K.dev_audio/236030.wav,dog_bark,fsd50k,0.0,fsd50k:236030
/Users/rajsingh/Library/CloudStorage/GoogleDrive-singhraj04.jan@gmail.com/My Drive/SAHARA/Datasets/FSD50K/FSD50K.dev_audio/236031.wav,dog_bark,fsd50k,0.0,fsd50k:236031
/Users/rajsingh/Library/CloudStorage/GoogleDrive-singhraj04.jan@gmail.com/My Drive/SAHARA/Datasets/FSD50K/FSD50K.dev_audio/236032.wav,dog_bark,fsd50k,0.0,fsd50k:236032
/Users/rajsingh/Library/CloudStorage/GoogleDrive-singhraj04.jan@gmail.com/My Drive/SAHARA/Datasets/FSD50K/FSD50K.dev_audio/236026.wav,dog_bark,fsd50k,0.0,fsd50k:236026
/Users/rajsingh/Library/CloudStorage/GoogleDrive-singhraj04.jan@gmail.com/My Drive/SAHARA/Datasets/FSD50K/FSD50K.dev_audio/236034.wav,dog_bark,fsd50k,0.0,fsd50k:236034
/Users/rajsingh/Library/CloudStorage/GoogleDrive-singhraj04.jan@gmail.com/My Drive/SAHARA/Datasets/FSD50K/FSD50K.dev_audio/236035.wav,dog_bark,fsd50k,0.0,fsd50k:236035
/Users/rajsingh/Library/CloudStorage/GoogleDrive-singhraj04.jan@gmail.com/My Drive/SAHARA/Datasets/FSD50K/FSD50K.dev_audio/236037.wav,dog_bark,fsd50k,0.0,fsd50k:236037
/Users/rajsingh/Library/CloudStorage/GoogleDrive-singhraj04.jan@gmail.com/My Drive/SAHARA/Datasets/FSD50K/FSD50K.dev_audio/236038.wav,dog_bark,fsd50k,0.0,fsd50k:236038
/Users/rajsingh/Library/CloudStorage/GoogleDrive-singhraj04.jan@gmail.com/My Drive/SAHARA/Datasets/FSD50K/FSD50K.dev_audio/236039.wav,dog_bark,fsd50k,0.0,fsd50k:236039
/Users/rajsingh/Library/CloudStorage/GoogleDrive-singhraj04.jan@gmail.com/My Drive/SAHARA/Datasets/FSD50K/FSD50K.dev_audio/236040.wav,dog_bark,fsd50k,0.0,fsd50k:236040
/Users/rajsingh/Library/CloudStorage/GoogleDrive-singhraj04.jan@gmail.com/My Drive/SAHARA/Datasets/FSD50K/FSD50K.dev_audio/236041.wav,dog_bark,fsd50k,0.0,fsd50k:236041
/Users/rajsingh/Library/CloudStorage/GoogleDrive-singhraj04.jan@gmail.com/My Drive/SAHARA/Datasets/FSD50K/FSD50K.dev_audio/236042.wav,dog_bark,fsd50k,0.0,fsd50k:236042
/Users/rajsingh/Library/CloudStorage/GoogleDrive-singhraj04.jan@gmail.com/My Drive/SAHARA/Datasets/FSD50K/FSD50K.dev_audio/236043.wav,dog_bark,fsd50k,0.0,fsd50k:236043
/Users/rajsingh/Library/CloudStorage/GoogleDrive-singhraj04.jan@gmail.com/My Drive/SAHARA/Datasets/FSD50K/FSD50K.dev_audio/236044.wav,dog_bark,fsd50k,0.0,fsd50k:236044
/Users/rajsingh/Library/CloudStorage/GoogleDrive-singhraj04.jan@gmail.com/My Drive/SAHARA/Datasets/FSD50K/FSD50K.dev_audio/236045.wav,dog_bark,fsd50k,0.0,fsd50k:236045
/Users/rajsingh/Library/CloudStorage/GoogleDrive-singhraj04.jan@gmail.com/My Drive/SAHARA/Datasets/FSD50K/FSD50K.dev_audio/236046.wav,dog_bark,fsd50k,0.0,fsd50k:236046
/Users/rajsingh/Library/CloudStorage/GoogleDrive-singhraj04.jan@gmail.com/My Drive/SAHARA/Datasets/FSD50K/FSD50K.dev_audio/236047.wav,dog_bark,fsd50k,0.0,fsd50k:236047
/Users/rajsingh/Library/CloudStorage/GoogleDrive-singhraj04.jan@gmail.com/My Drive/SAHARA/Datasets/FSD50K/FSD50K.dev_audio/236048.wav,dog_bark,fsd50k,0.0,fsd50k:236048
/Users/rajsingh/Library/CloudStorage/GoogleDrive-singhraj04.jan@gmail.com/My Drive/SAHARA/Datasets/FSD50K/FSD50K.dev_audio/236049.wav,dog_bark,fsd50k,0.0,fsd50k:236049
/Users/rajsingh/Library/CloudStorage/GoogleDrive-singhraj04.jan@gmail.com/My Drive/SAHARA/Datasets/FSD50K/FSD50K.dev_audio/236050.wav,dog_bark,fsd50k,0.0,fsd50k:236050
/Users/rajsingh/Library/CloudStorage/GoogleDrive-singhraj04.jan@gmail.com/My Drive/SAHARA/Datasets/FSD50K/FSD50K.dev_audio/236051.wav,dog_bark,fsd50k,0.0,fsd50k:236051
/Users/rajsingh/Library/CloudStorage/GoogleDrive-singhraj04.jan@gmail.com/My Drive/SAHARA/Datasets/FSD50K/FSD50K.dev_audio/236052.wav,dog_bark,fsd50k,0.0,fsd50k:236052
/Users/rajsingh/Library/CloudStorage/GoogleDrive-singhraj04.jan@gmail.com/My Drive/SAHARA/Datasets/FSD50K/FSD50K.dev_audio/236053.wav,dog_bark,fsd50k,0.0,fsd50k:236053
/Users/rajsingh/Library/CloudStorage/GoogleDrive-singhraj04.jan@gmail.com/My Drive/SAHARA/Datasets/FSD50K/FSD50K.dev_audio/236054.wav,dog_bark,fsd50k,0.0,fsd50k:236054
/Users/rajsingh/Library/CloudStorage/GoogleDrive-singhraj04.jan@gmail.com/My Drive/SAHARA/Datasets/FSD50K/FSD50K.dev_audio/117271.wav,dog_bark,fsd50k,0.0,fsd50k:117271
/Users/rajsingh/Library/CloudStorage/GoogleDrive-singhraj04.jan@gmail.com/My Drive/SAHARA/Datasets/FSD50K/FSD50K.dev_audio/236056.wav,dog_bark,fsd50k,0.0,fsd50k:236056
/Users/rajsingh/Library/CloudStorage/GoogleDrive-singhraj04.jan@gmail.com/My Drive/SAHARA/Datasets/FSD50K/FSD50K.dev_audio/236057.wav,dog_bark,fsd50k,0.0,fsd50k:236057
/Users/rajsingh/Library/CloudStorage/GoogleDrive-singhraj04.jan@gmail.com/My Drive/SAHARA/Datasets/FSD50K/FSD50K.dev_audio/236058.wav,dog_bark,fsd50k,0.0,fsd50k:236058
/Users/rajsingh/Library/CloudStorage/GoogleDrive-singhraj04.jan@gmail.com/My Drive/SAHARA/Datasets/FSD50K/FSD50K.dev_audio/236059.wav,dog_bark,fsd50k,0.0,fsd50k:236059
/Users/rajsingh/Library/CloudStorage/GoogleDrive-singhraj04.jan@gmail.com/My Drive/SAHARA/Datasets/FSD50K/FSD50K.dev_audio/236060.wav,dog_bark,fsd50k,0.0,fsd50k:236060
/Users/rajsingh/Library/CloudStorage/GoogleDrive-singhraj04.jan@gmail.com/My Drive/SAHARA/Datasets/FSD50K/FSD50K.dev_audio/236061.wav,dog_bark,fsd50k,0.0,fsd50k:236061
/Users/rajsingh/Library/CloudStorage/GoogleDrive-singhraj04.jan@gmail.com/My Drive/SAHARA/Datasets/FSD50K/FSD50K.dev_audio/236062.wav,dog_bark,fsd50k,0.0,fsd50k:236062
/Users/rajsingh/Library/CloudStorage/GoogleDrive-singhraj04.jan@gmail.com/My Drive/SAHARA/Datasets/FSD50K/FSD50K.dev_audio/236055.wav,dog_bark,fsd50k,0.0,fsd50k:236055
/Users/rajsingh/Library/CloudStorage/GoogleDrive-singhraj04.jan@gmail.com/My Drive/SAHARA/Datasets/FSD50K/FSD50K.dev_audio/365089.wav,dog_bark,fsd50k,0.0,fsd50k:365089
/Users/rajsingh/Library/CloudStorage/GoogleDrive-singhraj04.jan@gmail.com/My Drive/SAHARA/Datasets/FSD50K/FSD50K.dev_audio/236066.wav,dog_bark,fsd50k,0.0,fsd50k:236066
/Users/rajsingh/Library/CloudStorage/GoogleDrive-singhraj04.jan@gmail.com/My Drive/SAHARA/Datasets/FSD50K/FSD50K.dev_audio/236067.wav,dog_bark,fsd50k,0.0,fsd50k:236067
/Users/rajsingh/Library/CloudStorage/GoogleDrive-singhraj04.jan@gmail.com/My Drive/SAHARA/Datasets/FSD50K/FSD50K.dev_audio/236068.wav,dog_bark,fsd50k,0.0,fsd50k:236068
/Users/rajsingh/Library/CloudStorage/GoogleDrive-singhraj04.jan@gmail.com/My Drive/SAHARA/Datasets/FSD50K/FSD50K.dev_audio/236065.wav,dog_bark,fsd50k,0.0,fsd50k:236065
/Users/rajsingh/Library/CloudStorage/GoogleDrive-singhraj04.jan@gmail.com/My Drive/SAHARA/Datasets/FSD50K/FSD50K.dev_audio/196127.wav,dog_bark,fsd50k,0.0,fsd50k:196127
/Users/rajsingh/Library/CloudStorage/GoogleDrive-singhraj04.jan@gmail.com/My Drive/SAHARA/Datasets/FSD50K/FSD50K.dev_audio/54823.wav,dog_bark,fsd50k,0.0,fsd50k:54823
/Users/rajsingh/Library/CloudStorage/GoogleDrive-singhraj04.jan@gmail.com/My Drive/SAHARA/Datasets/FSD50K/FSD50K.dev_audio/236071.wav,dog_bark,fsd50k,0.0,fsd50k:236071
/Users/rajsingh/Library/CloudStorage/GoogleDrive-singhraj04.jan@gmail.com/My Drive/SAHARA/Datasets/FSD50K/FSD50K.dev_audio/433697.wav,dog_bark,fsd50k,0.0,fsd50k:433697
/Users/rajsingh/Library/CloudStorage/GoogleDrive-singhraj04.jan@gmail.com/My Drive/SAHARA/Datasets/FSD50K/FSD50K.dev_audio/433698.wav,dog_bark,fsd50k,0.0,fsd50k:433698
/Users/rajsingh/Library/CloudStorage/GoogleDrive-singhraj04.jan@gmail.com/My Drive/SAHARA/Datasets/FSD50K/FSD50K.dev_audio/236074.wav,dog_bark,fsd50k,0.0,fsd50k:236074
/Users/rajsingh/Library/CloudStorage/GoogleDrive-singhraj04.jan@gmail.com/My Drive/SAHARA/Datasets/FSD50K/FSD50K.dev_audio/236075.wav,dog_bark,fsd50k,0.0,fsd50k:236075
/Users/rajsingh/Library/CloudStorage/GoogleDrive-singhraj04.jan@gmail.com/My Drive/SAHARA/Datasets/FSD50K/FSD50K.dev_audio/236076.wav,dog_bark,fsd50k,0.0,fsd50k:236076
/Users/rajsingh/Library/CloudStorage/GoogleDrive-singhraj04.jan@gmail.com/My Drive/SAHARA/Datasets/FSD50K/FSD50K.dev_audio/236077.wav,dog_bark,fsd50k,0.0,fsd50k:236077
/Users/rajsingh/Library/CloudStorage/GoogleDrive-singhraj04.jan@gmail.com/My Drive/SAHARA/Datasets/FSD50K/FSD50K.dev_audio/234030.wav,dog_bark,fsd50k,0.0,fsd50k:234030
/Users/rajsingh/Library/CloudStorage/GoogleDrive-singhraj04.jan@gmail.com/My Drive/SAHARA/Datasets/FSD50K/FSD50K.dev_audio/236078.wav,dog_bark,fsd50k,0.0,fsd50k:236078
/Users/rajsingh/Library/CloudStorage/GoogleDrive-singhraj04.jan@gmail.com/My Drive/SAHARA/Datasets/FSD50K/FSD50K.dev_audio/184880.wav,dog_bark,fsd50k,0.0,fsd50k:184880
/Users/rajsingh/Library/CloudStorage/GoogleDrive-singhraj04.jan@gmail.com/My Drive/SAHARA/Datasets/FSD50K/FSD50K.dev_audio/236084.wav,dog_bark,fsd50k,0.0,fsd50k:236084
/Users/rajsingh/Library/CloudStorage/GoogleDrive-singhraj04.jan@gmail.com/My Drive/SAHARA/Datasets/FSD50K/FSD50K.dev_audio/236085.wav,dog_bark,fsd50k,0.0,fsd50k:236085
/Users/rajsingh/Library/CloudStorage/GoogleDrive-singhraj04.jan@gmail.com/My Drive/SAHARA/Datasets/FSD50K/FSD50K.dev_audio/236086.wav,dog_bark,fsd50k,0.0,fsd50k:236086
/Users/rajsingh/Library/CloudStorage/GoogleDrive-singhraj04.jan@gmail.com/My Drive/SAHARA/Datasets/FSD50K/FSD50K.dev_audio/236087.wav,dog_bark,fsd50k,0.0,fsd50k:236087
/Users/rajsingh/Library/CloudStorage/GoogleDrive-singhraj04.jan@gmail.com/My Drive/SAHARA/Datasets/FSD50K/FSD50K.dev_audio/236088.wav,dog_bark,fsd50k,0.0,fsd50k:236088
/Users/rajsingh/Library/CloudStorage/GoogleDrive-singhraj04.jan@gmail.com/My Drive/SAHARA/Datasets/FSD50K/FSD50K.dev_audio/236089.wav,dog_bark,fsd50k,0.0,fsd50k:236089
/Users/rajsingh/Library/CloudStorage/GoogleDrive-singhraj04.jan@gmail.com/My Drive/SAHARA/Datasets/FSD50K/FSD50K.dev_audio/236090.wav,dog_bark,fsd50k,0.0,fsd50k:236090
/Users/rajsingh/Library/CloudStorage/GoogleDrive-singhraj04.jan@gmail.com/My Drive/SAHARA/Datasets/FSD50K/FSD50K.dev_audio/236093.wav,dog_bark,fsd50k,0.0,fsd50k:236093
/Users/rajsingh/Library/CloudStorage/GoogleDrive-singhraj04.jan@gmail.com/My Drive/SAHARA/Datasets/FSD50K/FSD50K.dev_audio/236094.wav,dog_bark,fsd50k,0.0,fsd50k:236094
/Users/rajsingh/Library/CloudStorage/GoogleDrive-singhraj04.jan@gmail.com/My Drive/SAHARA/Datasets/FSD50K/FSD50K.dev_audio/236095.wav,dog_bark,fsd50k,0.0,fsd50k:236095
/Users/rajsingh/Library/CloudStorage/GoogleDrive-singhraj04.jan@gmail.com/My Drive/SAHARA/Datasets/FSD50K/FSD50K.dev_audio/236096.wav,dog_bark,fsd50k,0.0,fsd50k:236096
/Users/rajsingh/Library/CloudStorage/GoogleDrive-singhraj04.jan@gmail.com/My Drive/SAHARA/Datasets/FSD50K/FSD50K.dev_audio/236097.wav,dog_bark,fsd50k,0.0,fsd50k:236097
/Users/rajsingh/Library/CloudStorage/GoogleDrive-singhraj04.jan@gmail.com/My Drive/SAHARA/Datasets/FSD50K/FSD50K.dev_audio/277058.wav,dog_bark,fsd50k,0.0,fsd50k:277058
/Users/rajsingh/Library/CloudStorage/GoogleDrive-singhraj04.jan@gmail.com/My Drive/SAHARA/Datasets/FSD50K/FSD50K.dev_audio/236099.wav,dog_bark,fsd50k,0.0,fsd50k:236099
/Users/rajsingh/Library/CloudStorage/GoogleDrive-singhraj04.jan@gmail.com/My Drive/SAHARA/Datasets/FSD50K/FSD50K.dev_audio/236098.wav,dog_bark,fsd50k,0.0,fsd50k:236098
/Users/rajsingh/Library/CloudStorage/GoogleDrive-singhraj04.jan@gmail.com/My Drive/SAHARA/Datasets/FSD50K/FSD50K.dev_audio/236100.wav,dog_bark,fsd50k,0.0,fsd50k:236100
/Users/rajsingh/Library/CloudStorage/GoogleDrive-singhraj04.jan@gmail.com/My Drive/SAHARA/Datasets/FSD50K/FSD50K.dev_audio/236101.wav,dog_bark,fsd50k,0.0,fsd50k:236101
/Users/rajsingh/Library/CloudStorage/GoogleDrive-singhraj04.jan@gmail.com/My Drive/SAHARA/Datasets/FSD50K/FSD50K.dev_audio/236105.wav,dog_bark,fsd50k,0.0,fsd50k:236105
/Users/rajsingh/Library/CloudStorage/GoogleDrive-singhraj04.jan@gmail.com/My Drive/SAHARA/Datasets/FSD50K/FSD50K.dev_audio/236106.wav,dog_bark,fsd50k,0.0,fsd50k:236106
/Users/rajsingh/Library/CloudStorage/GoogleDrive-singhraj04.jan@gmail.com/My Drive/SAHARA/Datasets/FSD50K/FSD50K.dev_audio/137803.wav,dog_bark,fsd50k,0.0,fsd50k:137803
/Users/rajsingh/Library/CloudStorage/GoogleDrive-singhraj04.jan@gmail.com/My Drive/SAHARA/Datasets/FSD50K/FSD50K.dev_audio/236109.wav,dog_bark,fsd50k,0.0,fsd50k:236109
/Users/rajsingh/Library/CloudStorage/GoogleDrive-singhraj04.jan@gmail.com/My Drive/SAHARA/Datasets/FSD50K/FSD50K.dev_audio/236108.wav,dog_bark,fsd50k,0.0,fsd50k:236108
/Users/rajsingh/Library/CloudStorage/GoogleDrive-singhraj04.jan@gmail.com/My Drive/SAHARA/Datasets/FSD50K/FSD50K.dev_audio/236111.wav,dog_bark,fsd50k,0.0,fsd50k:236111
/Users/rajsingh/Library/CloudStorage/GoogleDrive-singhraj04.jan@gmail.com/My Drive/SAHARA/Datasets/FSD50K/FSD50K.dev_audio/236110.wav,dog_bark,fsd50k,0.0,fsd50k:236110
/Users/rajsingh/Library/CloudStorage/GoogleDrive-singhraj04.jan@gmail.com/My Drive/SAHARA/Datasets/FSD50K/FSD50K.dev_audio/236113.wav,dog_bark,fsd50k,0.0,fsd50k:236113
/Users/rajsingh/Library/CloudStorage/GoogleDrive-singhraj04.jan@gmail.com/My Drive/SAHARA/Datasets/FSD50K/FSD50K.dev_audio/236112.wav,dog_bark,fsd50k,0.0,fsd50k:236112
/Users/rajsingh/Library/CloudStorage/GoogleDrive-singhraj04.jan@gmail.com/My Drive/SAHARA/Datasets/FSD50K/FSD50K.dev_audio/236116.wav,dog_bark,fsd50k,0.0,fsd50k:236116
/Users/rajsingh/Library/CloudStorage/GoogleDrive-singhraj04.jan@gmail.com/My Drive/SAHARA/Datasets/FSD50K/FSD50K.dev_audio/236117.wav,dog_bark,fsd50k,0.0,fsd50k:236117
/Users/rajsingh/Library/CloudStorage/GoogleDrive-singhraj04.jan@gmail.com/My Drive/SAHARA/Datasets/FSD50K/FSD50K.dev_audio/236118.wav,dog_bark,fsd50k,0.0,fsd50k:236118
/Users/rajsingh/Library/CloudStorage/GoogleDrive-singhraj04.jan@gmail.com/My Drive/SAHARA/Datasets/FSD50K/FSD50K.dev_audio/236119.wav,dog_bark,fsd50k,0.0,fsd50k:236119
/Users/rajsingh/Library/CloudStorage/GoogleDrive-singhraj04.jan@gmail.com/My Drive/SAHARA/Datasets/FSD50K/FSD50K.dev_audio/236120.wav,dog_bark,fsd50k,0.0,fsd50k:236120
/Users/rajsingh/Library/CloudStorage/GoogleDrive-singhraj04.jan@gmail.com/My Drive/SAHARA/Datasets/FSD50K/FSD50K.dev_audio/236121.wav,dog_bark,fsd50k,0.0,fsd50k:236121
/Users/rajsingh/Library/CloudStorage/GoogleDrive-singhraj04.jan@gmail.com/My Drive/SAHARA/Datasets/FSD50K/FSD50K.dev_audio/236123.wav,dog_bark,fsd50k,0.0,fsd50k:236123
/Users/rajsingh/Library/CloudStorage/GoogleDrive-singhraj04.jan@gmail.com/My Drive/SAHARA/Datasets/FSD50K/FSD50K.dev_audio/211548.wav,dog_bark,fsd50k,0.0,fsd50k:211548
/Users/rajsingh/Library/CloudStorage/GoogleDrive-singhraj04.jan@gmail.com/My Drive/SAHARA/Datasets/FSD50K/FSD50K.dev_audio/236125.wav,dog_bark,fsd50k,0.0,fsd50k:236125
/Users/rajsingh/Library/CloudStorage/GoogleDrive-singhraj04.jan@gmail.com/My Drive/SAHARA/Datasets/FSD50K/FSD50K.dev_audio/236124.wav,dog_bark,fsd50k,0.0,fsd50k:236124
/Users/rajsingh/Library/CloudStorage/GoogleDrive-singhraj04.jan@gmail.com/My Drive/SAHARA/Datasets/FSD50K/FSD50K.dev_audio/236127.wav,dog_bark,fsd50k,0.0,fsd50k:236127
/Users/rajsingh/Library/CloudStorage/GoogleDrive-singhraj04.jan@gmail.com/My Drive/SAHARA/Datasets/FSD50K/FSD50K.dev_audio/236128.wav,dog_bark,fsd50k,0.0,fsd50k:236128
/Users/rajsingh/Library/CloudStorage/GoogleDrive-singhraj04.jan@gmail.com/My Drive/SAHARA/Datasets/FSD50K/FSD50K.dev_audio/236126.wav,dog_bark,fsd50k,0.0,fsd50k:236126
/Users/rajsingh/Library/CloudStorage/GoogleDrive-singhraj04.jan@gmail.com/My Drive/SAHARA/Datasets/FSD50K/FSD50K.dev_audio/420447.wav,dog_bark,fsd50k,0.0,fsd50k:420447
/Users/rajsingh/Library/CloudStorage/GoogleDrive-singhraj04.jan@gmail.com/My Drive/SAHARA/Datasets/FSD50K/FSD50K.dev_audio/420448.wav,dog_bark,fsd50k,0.0,fsd50k:420448
/Users/rajsingh/Library/CloudStorage/GoogleDrive-singhraj04.jan@gmail.com/My Drive/SAHARA/Datasets/FSD50K/FSD50K.dev_audio/236134.wav,dog_bark,fsd50k,0.0,fsd50k:236134
/Users/rajsingh/Library/CloudStorage/GoogleDrive-singhraj04.jan@gmail.com/My Drive/SAHARA/Datasets/FSD50K/FSD50K.dev_audio/420450.wav,dog_bark,fsd50k,0.0,fsd50k:420450
/Users/rajsingh/Library/CloudStorage/GoogleDrive-singhraj04.jan@gmail.com/My Drive/SAHARA/Datasets/FSD50K/FSD50K.dev_audio/236136.wav,dog_bark,fsd50k,0.0,fsd50k:236136
/Users/rajsingh/Library/CloudStorage/GoogleDrive-singhraj04.jan@gmail.com/My Drive/SAHARA/Datasets/FSD50K/FSD50K.dev_audio/236137.wav,dog_bark,fsd50k,0.0,fsd50k:236137
/Users/rajsingh/Library/CloudStorage/GoogleDrive-singhraj04.jan@gmail.com/My Drive/SAHARA/Datasets/FSD50K/FSD50K.dev_audio/114280.wav,dog_bark,fsd50k,0.0,fsd50k:114280
/Users/rajsingh/Library/CloudStorage/GoogleDrive-singhraj04.jan@gmail.com/My Drive/SAHARA/Datasets/FSD50K/FSD50K.dev_audio/236135.wav,dog_bark,fsd50k,0.0,fsd50k:236135
/Users/rajsingh/Library/CloudStorage/GoogleDrive-singhraj04.jan@gmail.com/My Drive/SAHARA/Datasets/FSD50K/FSD50K.dev_audio/236131.wav,dog_bark,fsd50k,0.0,fsd50k:236131
/Users/rajsingh/Library/CloudStorage/GoogleDrive-singhraj04.jan@gmail.com/My Drive/SAHARA/Datasets/FSD50K/FSD50K.dev_audio/236138.wav,dog_bark,fsd50k,0.0,fsd50k:236138
/Users/rajsingh/Library/CloudStorage/GoogleDrive-singhraj04.jan@gmail.com/My Drive/SAHARA/Datasets/FSD50K/FSD50K.dev_audio/387686.wav,dog_bark,fsd50k,0.0,fsd50k:387686
/Users/rajsingh/Library/CloudStorage/GoogleDrive-singhraj04.jan@gmail.com/My Drive/SAHARA/Datasets/FSD50K/FSD50K.dev_audio/236142.wav,dog_bark,fsd50k,0.0,fsd50k:236142
/Users/rajsingh/Library/CloudStorage/GoogleDrive-singhraj04.jan@gmail.com/My Drive/SAHARA/Datasets/FSD50K/FSD50K.dev_audio/387689.wav,dog_bark,fsd50k,0.0,fsd50k:387689
/Users/rajsingh/Library/CloudStorage/GoogleDrive-singhraj04.jan@gmail.com/My Drive/SAHARA/Datasets/FSD50K/FSD50K.dev_audio/236144.wav,dog_bark,fsd50k,0.0,fsd50k:236144
/Users/rajsingh/Library/CloudStorage/GoogleDrive-singhraj04.jan@gmail.com/My Drive/SAHARA/Datasets/FSD50K/FSD50K.dev_audio/236146.wav,dog_bark,fsd50k,0.0,fsd50k:236146
/Users/rajsingh/Library/CloudStorage/GoogleDrive-singhraj04.jan@gmail.com/My Drive/SAHARA/Datasets/FSD50K/FSD50K.dev_audio/236145.wav,dog_bark,fsd50k,0.0,fsd50k:236145
/Users/rajsingh/Library/CloudStorage/GoogleDrive-singhraj04.jan@gmail.com/My Drive/SAHARA/Datasets/FSD50K/FSD50K.dev_audio/236140.wav,dog_bark,fsd50k,0.0,fsd50k:236140
/Users/rajsingh/Library/CloudStorage/GoogleDrive-singhraj04.jan@gmail.com/My Drive/SAHARA/Datasets/FSD50K/FSD50K.dev_audio/236141.wav,dog_bark,fsd50k,0.0,fsd50k:236141
/Users/rajsingh/Library/CloudStorage/GoogleDrive-singhraj04.jan@gmail.com/My Drive/SAHARA/Datasets/FSD50K/FSD50K.dev_audio/125554.wav,dog_bark,fsd50k,0.0,fsd50k:125554
/Users/rajsingh/Library/CloudStorage/GoogleDrive-singhraj04.jan@gmail.com/My Drive/SAHARA/Datasets/FSD50K/FSD50K.dev_audio/432755.wav,dog_bark,fsd50k,0.0,fsd50k:432755
/Users/rajsingh/Library/CloudStorage/GoogleDrive-singhraj04.jan@gmail.com/My Drive/SAHARA/Datasets/FSD50K/FSD50K.dev_audio/236147.wav,dog_bark,fsd50k,0.0,fsd50k:236147
/Users/rajsingh/Library/CloudStorage/GoogleDrive-singhraj04.jan@gmail.com/My Drive/SAHARA/Datasets/FSD50K/FSD50K.dev_audio/236148.wav,dog_bark,fsd50k,0.0,fsd50k:236148
/Users/rajsingh/Library/CloudStorage/GoogleDrive-singhraj04.jan@gmail.com/My Drive/SAHARA/Datasets/FSD50K/FSD50K.dev_audio/236154.wav,dog_bark,fsd50k,0.0,fsd50k:236154
/Users/rajsingh/Library/CloudStorage/GoogleDrive-singhraj04.jan@gmail.com/My Drive/SAHARA/Datasets/FSD50K/FSD50K.dev_audio/236150.wav,dog_bark,fsd50k,0.0,fsd50k:236150
/Users/rajsingh/Library/CloudStorage/GoogleDrive-singhraj04.jan@gmail.com/My Drive/SAHARA/Datasets/FSD50K/FSD50K.dev_audio/236151.wav,dog_bark,fsd50k,0.0,fsd50k:236151
/Users/rajsingh/Library/CloudStorage/GoogleDrive-singhraj04.jan@gmail.com/My Drive/SAHARA/Datasets/FSD50K/FSD50K.dev_audio/236153.wav,dog_bark,fsd50k,0.0,fsd50k:236153
/Users/rajsingh/Library/CloudStorage/GoogleDrive-singhraj04.jan@gmail.com/My Drive/SAHARA/Datasets/FSD50K/FSD50K.dev_audio/236149.wav,dog_bark,fsd50k,0.0,fsd50k:236149
/Users/rajsingh/Library/CloudStorage/GoogleDrive-singhraj04.jan@gmail.com/My Drive/SAHARA/Datasets/FSD50K/FSD50K.dev_audio/236155.wav,dog_bark,fsd50k,0.0,fsd50k:236155
/Users/rajsingh/Library/CloudStorage/GoogleDrive-singhraj04.jan@gmail.com/My Drive/SAHARA/Datasets/FSD50K/FSD50K.dev_audio/119420.wav,dog_bark,fsd50k,0.0,fsd50k:119420
/Users/rajsingh/Library/CloudStorage/GoogleDrive-singhraj04.jan@gmail.com/My Drive/SAHARA/Datasets/FSD50K/FSD50K.dev_audio/236157.wav,dog_bark,fsd50k,0.0,fsd50k:236157
/Users/rajsingh/Library/CloudStorage/GoogleDrive-singhraj04.jan@gmail.com/My Drive/SAHARA/Datasets/FSD50K/FSD50K.dev_audio/236158.wav,dog_bark,fsd50k,0.0,fsd50k:236158
/Users/rajsingh/Library/CloudStorage/GoogleDrive-singhraj04.jan@gmail.com/My Drive/SAHARA/Datasets/FSD50K/FSD50K.dev_audio/236159.wav,dog_bark,fsd50k,0.0,fsd50k:236159
/Users/rajsingh/Library/CloudStorage/GoogleDrive-singhraj04.jan@gmail.com/My Drive/SAHARA/Datasets/FSD50K/FSD50K.dev_audio/236156.wav,dog_bark,fsd50k,0.0,fsd50k:236156
/Users/rajsingh/Library/CloudStorage/GoogleDrive-singhraj04.jan@gmail.com/My Drive/SAHARA/Datasets/FSD50K/FSD50K.dev_audio/264833.wav,dog_bark,fsd50k,0.0,fsd50k:264833
/Users/rajsingh/Library/CloudStorage/GoogleDrive-singhraj04.jan@gmail.com/My Drive/SAHARA/Datasets/FSD50K/FSD50K.dev_audio/236162.wav,dog_bark,fsd50k,0.0,fsd50k:236162
/Users/rajsingh/Library/CloudStorage/GoogleDrive-singhraj04.jan@gmail.com/My Drive/SAHARA/Datasets/FSD50K/FSD50K.dev_audio/236167.wav,dog_bark,fsd50k,0.0,fsd50k:236167
/Users/rajsingh/Library/CloudStorage/GoogleDrive-singhraj04.jan@gmail.com/My Drive/SAHARA/Datasets/FSD50K/FSD50K.dev_audio/236163.wav,dog_bark,fsd50k,0.0,fsd50k:236163
/Users/rajsingh/Library/CloudStorage/GoogleDrive-singhraj04.jan@gmail.com/My Drive/SAHARA/Datasets/FSD50K/FSD50K.dev_audio/236165.wav,dog_bark,fsd50k,0.0,fsd50k:236165
/Users/rajsingh/Library/CloudStorage/GoogleDrive-singhraj04.jan@gmail.com/My Drive/SAHARA/Datasets/FSD50K/FSD50K.dev_audio/236171.wav,dog_bark,fsd50k,0.0,fsd50k:236171
/Users/rajsingh/Library/CloudStorage/GoogleDrive-singhraj04.jan@gmail.com/My Drive/SAHARA/Datasets/FSD50K/FSD50K.dev_audio/125574.wav,dog_bark,fsd50k,0.0,fsd50k:125574
/Users/rajsingh/Library/CloudStorage/GoogleDrive-singhraj04.jan@gmail.com/My Drive/SAHARA/Datasets/FSD50K/FSD50K.dev_audio/236166.wav,dog_bark,fsd50k,0.0,fsd50k:236166
/Users/rajsingh/Library/CloudStorage/GoogleDrive-singhraj04.jan@gmail.com/My Drive/SAHARA/Datasets/FSD50K/FSD50K.dev_audio/164488.wav,dog_bark,fsd50k,0.0,fsd50k:164488
/Users/rajsingh/Library/CloudStorage/GoogleDrive-singhraj04.jan@gmail.com/My Drive/SAHARA/Datasets/FSD50K/FSD50K.dev_audio/236169.wav,dog_bark,fsd50k,0.0,fsd50k:236169
/Users/rajsingh/Library/CloudStorage/GoogleDrive-singhraj04.jan@gmail.com/My Drive/SAHARA/Datasets/FSD50K/FSD50K.dev_audio/236170.wav,dog_bark,fsd50k,0.0,fsd50k:236170
/Users/rajsingh/Library/CloudStorage/GoogleDrive-singhraj04.jan@gmail.com/My Drive/SAHARA/Datasets/FSD50K/FSD50K.dev_audio/379531.wav,dog_bark,fsd50k,0.0,fsd50k:379531
/Users/rajsingh/Library/CloudStorage/GoogleDrive-singhraj04.jan@gmail.com/My Drive/SAHARA/Datasets/FSD50K/FSD50K.dev_audio/236172.wav,dog_bark,fsd50k,0.0,fsd50k:236172
/Users/rajsingh/Library/CloudStorage/GoogleDrive-singhraj04.jan@gmail.com/My Drive/SAHARA/Datasets/FSD50K/FSD50K.dev_audio/236173.wav,dog_bark,fsd50k,0.0,fsd50k:236173
/Users/rajsingh/Library/CloudStorage/GoogleDrive-singhraj04.jan@gmail.com/My Drive/SAHARA/Datasets/FSD50K/FSD50K.dev_audio/390804.wav,dog_bark,fsd50k,0.0,fsd50k:390804
/Users/rajsingh/Library/CloudStorage/GoogleDrive-singhraj04.jan@gmail.com/My Drive/SAHARA/Datasets/FSD50K/FSD50K.dev_audio/390805.wav,dog_bark,fsd50k,0.0,fsd50k:390805
/Users/rajsingh/Library/CloudStorage/GoogleDrive-singhraj04.jan@gmail.com/My Drive/SAHARA/Datasets/FSD50K/FSD50K.dev_audio/236174.wav,dog_bark,fsd50k,0.0,fsd50k:236174
/Users/rajsingh/Library/CloudStorage/GoogleDrive-singhraj04.jan@gmail.com/My Drive/SAHARA/Datasets/FSD50K/FSD50K.dev_audio/236175.wav,dog_bark,fsd50k,0.0,fsd50k:236175
/Users/rajsingh/Library/CloudStorage/GoogleDrive-singhraj04.jan@gmail.com/My Drive/SAHARA/Datasets/FSD50K/FSD50K.dev_audio/236176.wav,dog_bark,fsd50k,0.0,fsd50k:236176
/Users/rajsingh/Library/CloudStorage/GoogleDrive-singhraj04.jan@gmail.com/My Drive/SAHARA/Datasets/FSD50K/FSD50K.dev_audio/236178.wav,dog_bark,fsd50k,0.0,fsd50k:236178
/Users/rajsingh/Library/CloudStorage/GoogleDrive-singhraj04.jan@gmail.com/My Drive/SAHARA/Datasets/FSD50K/FSD50K.dev_audio/236179.wav,dog_bark,fsd50k,0.0,fsd50k:236179
/Users/rajsingh/Library/CloudStorage/GoogleDrive-singhraj04.jan@gmail.com/My Drive/SAHARA/Datasets/FSD50K/FSD50K.dev_audio/236180.wav,dog_bark,fsd50k,0.0,fsd50k:236180
/Users/rajsingh/Library/CloudStorage/GoogleDrive-singhraj04.jan@gmail.com/My Drive/SAHARA/Datasets/FSD50K/FSD50K.dev_audio/236182.wav,dog_bark,fsd50k,0.0,fsd50k:236182
/Users/rajsingh/Library/CloudStorage/GoogleDrive-singhraj04.jan@gmail.com/My Drive/SAHARA/Datasets/FSD50K/FSD50K.dev_audio/236184.wav,dog_bark,fsd50k,0.0,fsd50k:236184
/Users/rajsingh/Library/CloudStorage/GoogleDrive-singhraj04.jan@gmail.com/My Drive/SAHARA/Datasets/FSD50K/FSD50K.dev_audio/236185.wav,dog_bark,fsd50k,0.0,fsd50k:236185
/Users/rajsingh/Library/CloudStorage/GoogleDrive-singhraj04.jan@gmail.com/My Drive/SAHARA/Datasets/FSD50K/FSD50K.dev_audio/236186.wav,dog_bark,fsd50k,0.0,fsd50k:236186
/Users/rajsingh/Library/CloudStorage/GoogleDrive-singhraj04.jan@gmail.com/My Drive/SAHARA/Datasets/FSD50K/FSD50K.dev_audio/236188.wav,dog_bark,fsd50k,0.0,fsd50k:236188
/Users/rajsingh/Library/CloudStorage/GoogleDrive-singhraj04.jan@gmail.com/My Drive/SAHARA/Datasets/FSD50K/FSD50K.dev_audio/236189.wav,dog_bark,fsd50k,0.0,fsd50k:236189
/Users/rajsingh/Library/CloudStorage/GoogleDrive-singhraj04.jan@gmail.com/My Drive/SAHARA/Datasets/FSD50K/FSD50K.dev_audio/144028.wav,dog_bark,fsd50k,0.0,fsd50k:144028
/Users/rajsingh/Library/CloudStorage/GoogleDrive-singhraj04.jan@gmail.com/My Drive/SAHARA/Datasets/FSD50K/FSD50K.dev_audio/236193.wav,dog_bark,fsd50k,0.0,fsd50k:236193
/Users/rajsingh/Library/CloudStorage/GoogleDrive-singhraj04.jan@gmail.com/My Drive/SAHARA/Datasets/FSD50K/FSD50K.dev_audio/85661.wav,dog_bark,fsd50k,0.0,fsd50k:85661
/Users/rajsingh/Library/CloudStorage/GoogleDrive-singhraj04.jan@gmail.com/My Drive/SAHARA/Datasets/FSD50K/FSD50K.dev_audio/236196.wav,dog_bark,fsd50k,0.0,fsd50k:236196
/Users/rajsingh/Library/CloudStorage/GoogleDrive-singhraj04.jan@gmail.com/My Drive/SAHARA/Datasets/FSD50K/FSD50K.dev_audio/236197.wav,dog_bark,fsd50k,0.0,fsd50k:236197
/Users/rajsingh/Library/CloudStorage/GoogleDrive-singhraj04.jan@gmail.com/My Drive/SAHARA/Datasets/FSD50K/FSD50K.dev_audio/85664.wav,dog_bark,fsd50k,0.0,fsd50k:85664
/Users/rajsingh/Library/CloudStorage/GoogleDrive-singhraj04.jan@gmail.com/My Drive/SAHARA/Datasets/FSD50K/FSD50K.dev_audio/236200.wav,dog_bark,fsd50k,0.0,fsd50k:236200
/Users/rajsingh/Library/CloudStorage/GoogleDrive-singhraj04.jan@gmail.com/My Drive/SAHARA/Datasets/FSD50K/FSD50K.dev_audio/236201.wav,dog_bark,fsd50k,0.0,fsd50k:236201
/Users/rajsingh/Library/CloudStorage/GoogleDrive-singhraj04.jan@gmail.com/My Drive/SAHARA/Datasets/FSD50K/FSD50K.dev_audio/236202.wav,dog_bark,fsd50k,0.0,fsd50k:236202
/Users/rajsingh/Library/CloudStorage/GoogleDrive-singhraj04.jan@gmail.com/My Drive/SAHARA/Datasets/FSD50K/FSD50K.dev_audio/236203.wav,dog_bark,fsd50k,0.0,fsd50k:236203
/Users/rajsingh/Library/CloudStorage/GoogleDrive-singhraj04.jan@gmail.com/My Drive/SAHARA/Datasets/FSD50K/FSD50K.dev_audio/236204.wav,dog_bark,fsd50k,0.0,fsd50k:236204
/Users/rajsingh/Library/CloudStorage/GoogleDrive-singhraj04.jan@gmail.com/My Drive/SAHARA/Datasets/FSD50K/FSD50K.dev_audio/155309.wav,dog_bark,fsd50k,0.0,fsd50k:155309
/Users/rajsingh/Library/CloudStorage/GoogleDrive-singhraj04.jan@gmail.com/My Drive/SAHARA/Datasets/FSD50K/FSD50K.dev_audio/236205.wav,dog_bark,fsd50k,0.0,fsd50k:236205
/Users/rajsingh/Library/CloudStorage/GoogleDrive-singhraj04.jan@gmail.com/My Drive/SAHARA/Datasets/FSD50K/FSD50K.dev_audio/155311.wav,dog_bark,fsd50k,0.0,fsd50k:155311
/Users/rajsingh/Library/CloudStorage/GoogleDrive-singhraj04.jan@gmail.com/My Drive/SAHARA/Datasets/FSD50K/FSD50K.dev_audio/155312.wav,dog_bark,fsd50k,0.0,fsd50k:155312
/Users/rajsingh/Library/CloudStorage/GoogleDrive-singhraj04.jan@gmail.com/My Drive/SAHARA/Datasets/FSD50K/FSD50K.dev_audio/236206.wav,dog_bark,fsd50k,0.0,fsd50k:236206
/Users/rajsingh/Library/CloudStorage/GoogleDrive-singhraj04.jan@gmail.com/My Drive/SAHARA/Datasets/FSD50K/FSD50K.dev_audio/236207.wav,dog_bark,fsd50k,0.0,fsd50k:236207
/Users/rajsingh/Library/CloudStorage/GoogleDrive-singhraj04.jan@gmail.com/My Drive/SAHARA/Datasets/FSD50K/FSD50K.dev_audio/236208.wav,dog_bark,fsd50k,0.0,fsd50k:236208
/Users/rajsingh/Library/CloudStorage/GoogleDrive-singhraj04.jan@gmail.com/My Drive/SAHARA/Datasets/FSD50K/FSD50K.dev_audio/155317.wav,dog_bark,fsd50k,0.0,fsd50k:155317
/Users/rajsingh/Library/CloudStorage/GoogleDrive-singhraj04.jan@gmail.com/My Drive/SAHARA/Datasets/FSD50K/FSD50K.dev_audio/236214.wav,dog_bark,fsd50k,0.0,fsd50k:236214
/Users/rajsingh/Library/CloudStorage/GoogleDrive-singhraj04.jan@gmail.com/My Drive/SAHARA/Datasets/FSD50K/FSD50K.dev_audio/236210.wav,dog_bark,fsd50k,0.0,fsd50k:236210
/Users/rajsingh/Library/CloudStorage/GoogleDrive-singhraj04.jan@gmail.com/My Drive/SAHARA/Datasets/FSD50K/FSD50K.dev_audio/183992.wav,dog_bark,fsd50k,0.0,fsd50k:183992
/Users/rajsingh/Library/CloudStorage/GoogleDrive-singhraj04.jan@gmail.com/My Drive/SAHARA/Datasets/FSD50K/FSD50K.dev_audio/236211.wav,dog_bark,fsd50k,0.0,fsd50k:236211
/Users/rajsingh/Library/CloudStorage/GoogleDrive-singhraj04.jan@gmail.com/My Drive/SAHARA/Datasets/FSD50K/FSD50K.dev_audio/236212.wav,dog_bark,fsd50k,0.0,fsd50k:236212
/Users/rajsingh/Library/CloudStorage/GoogleDrive-singhraj04.jan@gmail.com/My Drive/SAHARA/Datasets/FSD50K/FSD50K.dev_audio/236213.wav,dog_bark,fsd50k,0.0,fsd50k:236213
/Users/rajsingh/Library/CloudStorage/GoogleDrive-singhraj04.jan@gmail.com/My Drive/SAHARA/Datasets/FSD50K/FSD50K.dev_audio/107190.wav,dog_bark,fsd50k,0.0,fsd50k:107190
/Users/rajsingh/Library/CloudStorage/GoogleDrive-singhraj04.jan@gmail.com/My Drive/SAHARA/Datasets/FSD50K/FSD50K.dev_audio/236215.wav,dog_bark,fsd50k,0.0,fsd50k:236215
/Users/rajsingh/Library/CloudStorage/GoogleDrive-singhraj04.jan@gmail.com/My Drive/SAHARA/Datasets/FSD50K/FSD50K.dev_audio/236216.wav,dog_bark,fsd50k,0.0,fsd50k:236216
/Users/rajsingh/Library/CloudStorage/GoogleDrive-singhraj04.jan@gmail.com/My Drive/SAHARA/Datasets/FSD50K/FSD50K.dev_audio/236217.wav,dog_bark,fsd50k,0.0,fsd50k:236217
/Users/rajsingh/Library/CloudStorage/GoogleDrive-singhraj04.jan@gmail.com/My Drive/SAHARA/Datasets/FSD50K/FSD50K.dev_audio/236218.wav,dog_bark,fsd50k,0.0,fsd50k:236218
/Users/rajsingh/Library/CloudStorage/GoogleDrive-singhraj04.jan@gmail.com/My Drive/SAHARA/Datasets/FSD50K/FSD50K.dev_audio/236219.wav,dog_bark,fsd50k,0.0,fsd50k:236219
/Users/rajsingh/Library/CloudStorage/GoogleDrive-singhraj04.jan@gmail.com/My Drive/SAHARA/Datasets/FSD50K/FSD50K.dev_audio/236220.wav,dog_bark,fsd50k,0.0,fsd50k:236220
/Users/rajsingh/Library/CloudStorage/GoogleDrive-singhraj04.jan@gmail.com/My Drive/SAHARA/Datasets/FSD50K/FSD50K.dev_audio/236221.wav,dog_bark,fsd50k,0.0,fsd50k:236221
/Users/rajsingh/Library/CloudStorage/GoogleDrive-singhraj04.jan@gmail.com/My Drive/SAHARA/Datasets/FSD50K/FSD50K.dev_audio/236222.wav,dog_bark,fsd50k,0.0,fsd50k:236222
/Users/rajsingh/Library/CloudStorage/GoogleDrive-singhraj04.jan@gmail.com/My Drive/SAHARA/Datasets/FSD50K/FSD50K.dev_audio/50885.wav,dog_bark,fsd50k,0.0,fsd50k:50885
/Users/rajsingh/Library/CloudStorage/GoogleDrive-singhraj04.jan@gmail.com/My Drive/SAHARA/Datasets/FSD50K/FSD50K.dev_audio/236223.wav,dog_bark,fsd50k,0.0,fsd50k:236223
/Users/rajsingh/Library/CloudStorage/GoogleDrive-singhraj04.jan@gmail.com/My Drive/SAHARA/Datasets/FSD50K/FSD50K.dev_audio/236225.wav,dog_bark,fsd50k,0.0,fsd50k:236225
/Users/rajsingh/Library/CloudStorage/GoogleDrive-singhraj04.jan@gmail.com/My Drive/SAHARA/Datasets/FSD50K/FSD50K.dev_audio/236226.wav,dog_bark,fsd50k,0.0,fsd50k:236226
/Users/rajsingh/Library/CloudStorage/GoogleDrive-singhraj04.jan@gmail.com/My Drive/SAHARA/Datasets/FSD50K/FSD50K.dev_audio/236227.wav,dog_bark,fsd50k,0.0,fsd50k:236227
/Users/rajsingh/Library/CloudStorage/GoogleDrive-singhraj04.jan@gmail.com/My Drive/SAHARA/Datasets/FSD50K/FSD50K.dev_audio/236228.wav,dog_bark,fsd50k,0.0,fsd50k:236228
/Users/rajsingh/Library/CloudStorage/GoogleDrive-singhraj04.jan@gmail.com/My Drive/SAHARA/Datasets/FSD50K/FSD50K.dev_audio/236229.wav,dog_bark,fsd50k,0.0,fsd50k:236229
/Users/rajsingh/Library/CloudStorage/GoogleDrive-singhraj04.jan@gmail.com/My Drive/SAHARA/Datasets/FSD50K/FSD50K.dev_audio/236230.wav,dog_bark,fsd50k,0.0,fsd50k:236230
/Users/rajsingh/Library/CloudStorage/GoogleDrive-singhraj04.jan@gmail.com/My Drive/SAHARA/Datasets/FSD50K/FSD50K.dev_audio/236232.wav,dog_bark,fsd50k,0.0,fsd50k:236232
/Users/rajsingh/Library/CloudStorage/GoogleDrive-singhraj04.jan@gmail.com/My Drive/SAHARA/Datasets/FSD50K/FSD50K.dev_audio/236233.wav,dog_bark,fsd50k,0.0,fsd50k:236233
/Users/rajsingh/Library/CloudStorage/GoogleDrive-singhraj04.jan@gmail.com/My Drive/SAHARA/Datasets/FSD50K/FSD50K.dev_audio/236234.wav,dog_bark,fsd50k,0.0,fsd50k:236234
/Users/rajsingh/Library/CloudStorage/GoogleDrive-singhraj04.jan@gmail.com/My Drive/SAHARA/Datasets/FSD50K/FSD50K.dev_audio/236235.wav,dog_bark,fsd50k,0.0,fsd50k:236235
/Users/rajsingh/Library/CloudStorage/GoogleDrive-singhraj04.jan@gmail.com/My Drive/SAHARA/Datasets/FSD50K/FSD50K.dev_audio/236236.wav,dog_bark,fsd50k,0.0,fsd50k:236236
/Users/rajsingh/Library/CloudStorage/GoogleDrive-singhraj04.jan@gmail.com/My Drive/SAHARA/Datasets/FSD50K/FSD50K.dev_audio/236237.wav,dog_bark,fsd50k,0.0,fsd50k:236237
/Users/rajsingh/Library/CloudStorage/GoogleDrive-singhraj04.jan@gmail.com/My Drive/SAHARA/Datasets/FSD50K/FSD50K.dev_audio/236238.wav,dog_bark,fsd50k,0.0,fsd50k:236238
/Users/rajsingh/Library/CloudStorage/GoogleDrive-singhraj04.jan@gmail.com/My Drive/SAHARA/Datasets/FSD50K/FSD50K.dev_audio/236239.wav,dog_bark,fsd50k,0.0,fsd50k:236239
/Users/rajsingh/Library/CloudStorage/GoogleDrive-singhraj04.jan@gmail.com/My Drive/SAHARA/Datasets/FSD50K/FSD50K.dev_audio/236240.wav,dog_bark,fsd50k,0.0,fsd50k:236240
/Users/rajsingh/Library/CloudStorage/GoogleDrive-singhraj04.jan@gmail.com/My Drive/SAHARA/Datasets/FSD50K/FSD50K.dev_audio/236241.wav,dog_bark,fsd50k,0.0,fsd50k:236241
/Users/rajsingh/Library/CloudStorage/GoogleDrive-singhraj04.jan@gmail.com/My Drive/SAHARA/Datasets/FSD50K/FSD50K.dev_audio/236243.wav,dog_bark,fsd50k,0.0,fsd50k:236243
/Users/rajsingh/Library/CloudStorage/GoogleDrive-singhraj04.jan@gmail.com/My Drive/SAHARA/Datasets/FSD50K/FSD50K.dev_audio/236244.wav,dog_bark,fsd50k,0.0,fsd50k:236244
/Users/rajsingh/Library/CloudStorage/GoogleDrive-singhraj04.jan@gmail.com/My Drive/SAHARA/Datasets/FSD50K/FSD50K.dev_audio/347763.wav,dog_bark,fsd50k,0.0,fsd50k:347763
/Users/rajsingh/Library/CloudStorage/GoogleDrive-singhraj04.jan@gmail.com/My Drive/SAHARA/Datasets/FSD50K/FSD50K.dev_audio/236249.wav,dog_bark,fsd50k,0.0,fsd50k:236249
/Users/rajsingh/Library/CloudStorage/GoogleDrive-singhraj04.jan@gmail.com/My Drive/SAHARA/Datasets/FSD50K/FSD50K.dev_audio/236250.wav,dog_bark,fsd50k,0.0,fsd50k:236250
/Users/rajsingh/Library/CloudStorage/GoogleDrive-singhraj04.jan@gmail.com/My Drive/SAHARA/Datasets/FSD50K/FSD50K.dev_audio/236251.wav,dog_bark,fsd50k,0.0,fsd50k:236251
/Users/rajsingh/Library/CloudStorage/GoogleDrive-singhraj04.jan@gmail.com/My Drive/SAHARA/Datasets/FSD50K/FSD50K.dev_audio/236253.wav,dog_bark,fsd50k,0.0,fsd50k:236253
/Users/rajsingh/Library/CloudStorage/GoogleDrive-singhraj04.jan@gmail.com/My Drive/SAHARA/Datasets/FSD50K/FSD50K.dev_audio/236255.wav,dog_bark,fsd50k,0.0,fsd50k:236255
/Users/rajsingh/Library/CloudStorage/GoogleDrive-singhraj04.jan@gmail.com/My Drive/SAHARA/Datasets/FSD50K/FSD50K.dev_audio/236256.wav,dog_bark,fsd50k,0.0,fsd50k:236256
/Users/rajsingh/Library/CloudStorage/GoogleDrive-singhraj04.jan@gmail.com/My Drive/SAHARA/Datasets/FSD50K/FSD50K.dev_audio/242402.wav,dog_bark,fsd50k,0.0,fsd50k:242402
/Users/rajsingh/Library/CloudStorage/GoogleDrive-singhraj04.jan@gmail.com/My Drive/SAHARA/Datasets/FSD50K/FSD50K.dev_audio/242403.wav,dog_bark,fsd50k,0.0,fsd50k:242403
/Users/rajsingh/Library/CloudStorage/GoogleDrive-singhraj04.jan@gmail.com/My Drive/SAHARA/Datasets/FSD50K/FSD50K.dev_audio/55013.wav,dog_bark,fsd50k,0.0,fsd50k:55013
/Users/rajsingh/Library/CloudStorage/GoogleDrive-singhraj04.jan@gmail.com/My Drive/SAHARA/Datasets/FSD50K/FSD50K.dev_audio/236262.wav,dog_bark,fsd50k,0.0,fsd50k:236262
/Users/rajsingh/Library/CloudStorage/GoogleDrive-singhraj04.jan@gmail.com/My Drive/SAHARA/Datasets/FSD50K/FSD50K.dev_audio/236263.wav,dog_bark,fsd50k,0.0,fsd50k:236263
/Users/rajsingh/Library/CloudStorage/GoogleDrive-singhraj04.jan@gmail.com/My Drive/SAHARA/Datasets/FSD50K/FSD50K.dev_audio/236264.wav,dog_bark,fsd50k,0.0,fsd50k:236264
/Users/rajsingh/Library/CloudStorage/GoogleDrive-singhraj04.jan@gmail.com/My Drive/SAHARA/Datasets/FSD50K/FSD50K.dev_audio/220901.wav,dog_bark,fsd50k,0.0,fsd50k:220901
/Users/rajsingh/Library/CloudStorage/GoogleDrive-singhraj04.jan@gmail.com/My Drive/SAHARA/Datasets/FSD50K/FSD50K.dev_audio/220904.wav,dog_bark,fsd50k,0.0,fsd50k:220904
/Users/rajsingh/Library/CloudStorage/GoogleDrive-singhraj04.jan@gmail.com/My Drive/SAHARA/Datasets/FSD50K/FSD50K.dev_audio/236267.wav,dog_bark,fsd50k,0.0,fsd50k:236267
/Users/rajsingh/Library/CloudStorage/GoogleDrive-singhraj04.jan@gmail.com/My Drive/SAHARA/Datasets/FSD50K/FSD50K.dev_audio/236269.wav,dog_bark,fsd50k,0.0,fsd50k:236269
/Users/rajsingh/Library/CloudStorage/GoogleDrive-singhraj04.jan@gmail.com/My Drive/SAHARA/Datasets/FSD50K/FSD50K.dev_audio/236270.wav,dog_bark,fsd50k,0.0,fsd50k:236270
/Users/rajsingh/Library/CloudStorage/GoogleDrive-singhraj04.jan@gmail.com/My Drive/SAHARA/Datasets/FSD50K/FSD50K.dev_audio/236271.wav,dog_bark,fsd50k,0.0,fsd50k:236271
/Users/rajsingh/Library/CloudStorage/GoogleDrive-singhraj04.jan@gmail.com/My Drive/SAHARA/Datasets/FSD50K/FSD50K.dev_audio/236272.wav,dog_bark,fsd50k,0.0,fsd50k:236272
/Users/rajsingh/Library/CloudStorage/GoogleDrive-singhraj04.jan@gmail.com/My Drive/SAHARA/Datasets/FSD50K/FSD50K.dev_audio/236273.wav,dog_bark,fsd50k,0.0,fsd50k:236273
/Users/rajsingh/Library/CloudStorage/GoogleDrive-singhraj04.jan@gmail.com/My Drive/SAHARA/Datasets/FSD50K/FSD50K.dev_audio/236274.wav,dog_bark,fsd50k,0.0,fsd50k:236274
/Users/rajsingh/Library/CloudStorage/GoogleDrive-singhraj04.jan@gmail.com/My Drive/SAHARA/Datasets/FSD50K/FSD50K.dev_audio/236275.wav,dog_bark,fsd50k,0.0,fsd50k:236275
/Users/rajsingh/Library/CloudStorage/GoogleDrive-singhraj04.jan@gmail.com/My Drive/SAHARA/Datasets/FSD50K/FSD50K.dev_audio/236276.wav,dog_bark,fsd50k,0.0,fsd50k:236276
/Users/rajsingh/Library/CloudStorage/GoogleDrive-singhraj04.jan@gmail.com/My Drive/SAHARA/Datasets/FSD50K/FSD50K.dev_audio/244469.wav,dog_bark,fsd50k,0.0,fsd50k:244469
/Users/rajsingh/Library/CloudStorage/GoogleDrive-singhraj04.jan@gmail.com/My Drive/SAHARA/Datasets/FSD50K/FSD50K.dev_audio/86774.wav,dog_bark,fsd50k,0.0,fsd50k:86774
/Users/rajsingh/Library/CloudStorage/GoogleDrive-singhraj04.jan@gmail.com/My Drive/SAHARA/Datasets/FSD50K/FSD50K.dev_audio/236278.wav,dog_bark,fsd50k,0.0,fsd50k:236278
/Users/rajsingh/Library/CloudStorage/GoogleDrive-singhraj04.jan@gmail.com/My Drive/SAHARA/Datasets/FSD50K/FSD50K.dev_audio/236281.wav,dog_bark,fsd50k,0.0,fsd50k:236281
/Users/rajsingh/Library/CloudStorage/GoogleDrive-singhraj04.jan@gmail.com/My Drive/SAHARA/Datasets/FSD50K/FSD50K.dev_audio/236282.wav,dog_bark,fsd50k,0.0,fsd50k:236282
/Users/rajsingh/Library/CloudStorage/GoogleDrive-singhraj04.jan@gmail.com/My Drive/SAHARA/Datasets/FSD50K/FSD50K.dev_audio/236279.wav,dog_bark,fsd50k,0.0,fsd50k:236279
/Users/rajsingh/Library/CloudStorage/GoogleDrive-singhraj04.jan@gmail.com/My Drive/SAHARA/Datasets/FSD50K/FSD50K.dev_audio/381692.wav,dog_bark,fsd50k,0.0,fsd50k:381692
/Users/rajsingh/Library/CloudStorage/GoogleDrive-singhraj04.jan@gmail.com/My Drive/SAHARA/Datasets/FSD50K/FSD50K.dev_audio/236280.wav,dog_bark,fsd50k,0.0,fsd50k:236280
/Users/rajsingh/Library/CloudStorage/GoogleDrive-singhraj04.jan@gmail.com/My Drive/SAHARA/Datasets/FSD50K/FSD50K.dev_audio/156418.wav,dog_bark,fsd50k,0.0,fsd50k:156418
/Users/rajsingh/Library/CloudStorage/GoogleDrive-singhraj04.jan@gmail.com/My Drive/SAHARA/Datasets/FSD50K/FSD50K.dev_audio/404233.wav,dog_bark,fsd50k,0.0,fsd50k:404233
/Users/rajsingh/Library/CloudStorage/GoogleDrive-singhraj04.jan@gmail.com/My Drive/SAHARA/Datasets/FSD50K/FSD50K.dev_audio/43787.wav,dog_bark,fsd50k,0.0,fsd50k:43787
/Users/rajsingh/Library/CloudStorage/GoogleDrive-singhraj04.jan@gmail.com/My Drive/SAHARA/Datasets/FSD50K/FSD50K.dev_audio/74513.wav,dog_bark,fsd50k,0.0,fsd50k:74513
/Users/rajsingh/Library/CloudStorage/GoogleDrive-singhraj04.jan@gmail.com/My Drive/SAHARA/Datasets/FSD50K/FSD50K.dev_audio/63261.wav,dog_bark,fsd50k,0.0,fsd50k:63261
/Users/rajsingh/Library/CloudStorage/GoogleDrive-singhraj04.jan@gmail.com/My Drive/SAHARA/Datasets/FSD50K/FSD50K.dev_audio/372521.wav,dog_bark,fsd50k,0.0,fsd50k:372521
/Users/rajsingh/Library/CloudStorage/GoogleDrive-singhraj04.jan@gmail.com/My Drive/SAHARA/Datasets/FSD50K/FSD50K.dev_audio/372523.wav,dog_bark,fsd50k,0.0,fsd50k:372523
/Users/rajsingh/Library/CloudStorage/GoogleDrive-singhraj04.jan@gmail.com/My Drive/SAHARA/Datasets/FSD50K/FSD50K.dev_audio/35628.wav,dog_bark,fsd50k,0.0,fsd50k:35628
/Users/rajsingh/Library/CloudStorage/GoogleDrive-singhraj04.jan@gmail.com/My Drive/SAHARA/Datasets/FSD50K/FSD50K.dev_audio/372525.wav,dog_bark,fsd50k,0.0,fsd50k:372525
/Users/rajsingh/Library/CloudStorage/GoogleDrive-singhraj04.jan@gmail.com/My Drive/SAHARA/Datasets/FSD50K/FSD50K.dev_audio/4910.wav,dog_bark,fsd50k,0.0,fsd50k:4910
/Users/rajsingh/Library/CloudStorage/GoogleDrive-singhraj04.jan@gmail.com/My Drive/SAHARA/Datasets/FSD50K/FSD50K.dev_audio/372526.wav,dog_bark,fsd50k,0.0,fsd50k:372526
/Users/rajsingh/Library/CloudStorage/GoogleDrive-singhraj04.jan@gmail.com/My Drive/SAHARA/Datasets/FSD50K/FSD50K.dev_audio/4912.wav,dog_bark,fsd50k,0.0,fsd50k:4912
/Users/rajsingh/Library/CloudStorage/GoogleDrive-singhraj04.jan@gmail.com/My Drive/SAHARA/Datasets/FSD50K/FSD50K.dev_audio/372527.wav,dog_bark,fsd50k,0.0,fsd50k:372527
/Users/rajsingh/Library/CloudStorage/GoogleDrive-singhraj04.jan@gmail.com/My Drive/SAHARA/Datasets/FSD50K/FSD50K.dev_audio/372529.wav,dog_bark,fsd50k,0.0,fsd50k:372529
/Users/rajsingh/Library/CloudStorage/GoogleDrive-singhraj04.jan@gmail.com/My Drive/SAHARA/Datasets/FSD50K/FSD50K.dev_audio/372530.wav,dog_bark,fsd50k,0.0,fsd50k:372530
/Users/rajsingh/Library/CloudStorage/GoogleDrive-singhraj04.jan@gmail.com/My Drive/SAHARA/Datasets/FSD50K/FSD50K.dev_audio/47926.wav,dog_bark,fsd50k,0.0,fsd50k:47926
/Users/rajsingh/Library/CloudStorage/GoogleDrive-singhraj04.jan@gmail.com/My Drive/SAHARA/Datasets/FSD50K/FSD50K.dev_audio/420449.wav,dog_bark,fsd50k,0.0,fsd50k:420449
/Users/rajsingh/Library/CloudStorage/GoogleDrive-singhraj04.jan@gmail.com/My Drive/SAHARA/Datasets/FSD50K/FSD50K.dev_audio/387683.wav,dog_bark,fsd50k,0.0,fsd50k:387683
/Users/rajsingh/Library/CloudStorage/GoogleDrive-singhraj04.jan@gmail.com/My Drive/SAHARA/Datasets/FSD50K/FSD50K.dev_audio/420451.wav,dog_bark,fsd50k,0.0,fsd50k:420451
/Users/rajsingh/Library/CloudStorage/GoogleDrive-singhraj04.jan@gmail.com/My Drive/SAHARA/Datasets/FSD50K/FSD50K.dev_audio/387685.wav,dog_bark,fsd50k,0.0,fsd50k:387685
/Users/rajsingh/Library/CloudStorage/GoogleDrive-singhraj04.jan@gmail.com/My Drive/SAHARA/Datasets/FSD50K/FSD50K.dev_audio/180052.wav,dog_bark,fsd50k,0.0,fsd50k:180052
/Users/rajsingh/Library/CloudStorage/GoogleDrive-singhraj04.jan@gmail.com/My Drive/SAHARA/Datasets/FSD50K/FSD50K.dev_audio/72538.wav,dog_bark,fsd50k,0.0,fsd50k:72538
/Users/rajsingh/Library/CloudStorage/GoogleDrive-singhraj04.jan@gmail.com/My Drive/SAHARA/Datasets/FSD50K/FSD50K.dev_audio/325466.wav,dog_bark,fsd50k,0.0,fsd50k:325466
/Users/rajsingh/Library/CloudStorage/GoogleDrive-singhraj04.jan@gmail.com/My Drive/SAHARA/Datasets/FSD50K/FSD50K.dev_audio/387688.wav,dog_bark,fsd50k,0.0,fsd50k:387688
/Users/rajsingh/Library/CloudStorage/GoogleDrive-singhraj04.jan@gmail.com/My Drive/SAHARA/Datasets/FSD50K/FSD50K.dev_audio/372571.wav,dog_bark,fsd50k,0.0,fsd50k:372571
/Users/rajsingh/Library/CloudStorage/GoogleDrive-singhraj04.jan@gmail.com/My Drive/SAHARA/Datasets/FSD50K/FSD50K.dev_audio/325469.wav,dog_bark,fsd50k,0.0,fsd50k:325469
/Users/rajsingh/Library/CloudStorage/GoogleDrive-singhraj04.jan@gmail.com/My Drive/SAHARA/Datasets/FSD50K/FSD50K.dev_audio/325470.wav,dog_bark,fsd50k,0.0,fsd50k:325470
/Users/rajsingh/Library/CloudStorage/GoogleDrive-singhraj04.jan@gmail.com/My Drive/SAHARA/Datasets/FSD50K/FSD50K.dev_audio/239456.wav,dog_bark,fsd50k,0.0,fsd50k:239456
/Users/rajsingh/Library/CloudStorage/GoogleDrive-singhraj04.jan@gmail.com/My Drive/SAHARA/Datasets/FSD50K/FSD50K.dev_audio/325473.wav,dog_bark,fsd50k,0.0,fsd50k:325473
/Users/rajsingh/Library/CloudStorage/GoogleDrive-singhraj04.jan@gmail.com/My Drive/SAHARA/Datasets/FSD50K/FSD50K.dev_audio/325474.wav,dog_bark,fsd50k,0.0,fsd50k:325474
/Users/rajsingh/Library/CloudStorage/GoogleDrive-singhraj04.jan@gmail.com/My Drive/SAHARA/Datasets/FSD50K/FSD50K.dev_audio/387690.wav,dog_bark,fsd50k,0.0,fsd50k:387690
/Users/rajsingh/Library/CloudStorage/GoogleDrive-singhraj04.jan@gmail.com/My Drive/SAHARA/Datasets/FSD50K/FSD50K.dev_audio/381799.wav,dog_bark,fsd50k,0.0,fsd50k:381799
/Users/rajsingh/Library/CloudStorage/GoogleDrive-singhraj04.jan@gmail.com/My Drive/SAHARA/Datasets/FSD50K/FSD50K.dev_audio/325479.wav,dog_bark,fsd50k,0.0,fsd50k:325479
/Users/rajsingh/Library/CloudStorage/GoogleDrive-singhraj04.jan@gmail.com/My Drive/SAHARA/Datasets/FSD50K/FSD50K.dev_audio/33641.wav,dog_bark,fsd50k,0.0,fsd50k:33641
/Users/rajsingh/Library/CloudStorage/GoogleDrive-singhraj04.jan@gmail.com/My Drive/SAHARA/Datasets/FSD50K/FSD50K.dev_audio/413544.wav,dog_bark,fsd50k,0.0,fsd50k:413544
/Users/rajsingh/Library/CloudStorage/GoogleDrive-singhraj04.jan@gmail.com/My Drive/SAHARA/Datasets/FSD50K/FSD50K.dev_audio/325481.wav,dog_bark,fsd50k,0.0,fsd50k:325481
/Users/rajsingh/Library/CloudStorage/GoogleDrive-singhraj04.jan@gmail.com/My Drive/SAHARA/Datasets/FSD50K/FSD50K.dev_audio/77674.wav,dog_bark,fsd50k,0.0,fsd50k:77674
/Users/rajsingh/Library/CloudStorage/GoogleDrive-singhraj04.jan@gmail.com/My Drive/SAHARA/Datasets/FSD50K/FSD50K.dev_audio/193394.wav,dog_bark,fsd50k,0.0,fsd50k:193394
/Users/rajsingh/Library/CloudStorage/GoogleDrive-singhraj04.jan@gmail.com/My Drive/SAHARA/Datasets/FSD50K/FSD50K.dev_audio/62048.wav,dog_bark,fsd50k,0.0,fsd50k:62048
/Users/rajsingh/Library/CloudStorage/GoogleDrive-singhraj04.jan@gmail.com/My Drive/SAHARA/Datasets/FSD50K/FSD50K.dev_audio/268019.wav,dog_bark,fsd50k,0.0,fsd50k:268019
/Users/rajsingh/Library/CloudStorage/GoogleDrive-singhraj04.jan@gmail.com/My Drive/SAHARA/Datasets/FSD50K/FSD50K.dev_audio/128891.wav,dog_bark,fsd50k,0.0,fsd50k:128891
/Users/rajsingh/Library/CloudStorage/GoogleDrive-singhraj04.jan@gmail.com/My Drive/SAHARA/Datasets/FSD50K/FSD50K.dev_audio/72579.wav,dog_bark,fsd50k,0.0,fsd50k:72579
/Users/rajsingh/Library/CloudStorage/GoogleDrive-singhraj04.jan@gmail.com/My Drive/SAHARA/Datasets/FSD50K/FSD50K.dev_audio/7913.wav,dog_bark,fsd50k,0.0,fsd50k:7913
/Users/rajsingh/Library/CloudStorage/GoogleDrive-singhraj04.jan@gmail.com/My Drive/SAHARA/Datasets/FSD50K/FSD50K.dev_audio/351876.wav,dog_bark,fsd50k,0.0,fsd50k:351876
/Users/rajsingh/Library/CloudStorage/GoogleDrive-singhraj04.jan@gmail.com/My Drive/SAHARA/Datasets/FSD50K/FSD50K.dev_audio/179096.wav,dog_bark,fsd50k,0.0,fsd50k:179096
/Users/rajsingh/Library/CloudStorage/GoogleDrive-singhraj04.jan@gmail.com/My Drive/SAHARA/Datasets/FSD50K/FSD50K.dev_audio/245666.wav,dog_bark,fsd50k,0.0,fsd50k:245666
/Users/rajsingh/Library/CloudStorage/GoogleDrive-singhraj04.jan@gmail.com/My Drive/SAHARA/Datasets/FSD50K/FSD50K.dev_audio/116400.wav,dog_bark,fsd50k,0.0,fsd50k:116400
/Users/rajsingh/Library/CloudStorage/GoogleDrive-singhraj04.jan@gmail.com/My Drive/SAHARA/Datasets/FSD50K/FSD50K.dev_audio/97193.wav,dog_bark,fsd50k,0.0,fsd50k:97193
/Users/rajsingh/Library/CloudStorage/GoogleDrive-singhraj04.jan@gmail.com/My Drive/SAHARA/Datasets/FSD50K/FSD50K.dev_audio/410555.wav,dog_bark,fsd50k,0.0,fsd50k:410555
/Users/rajsingh/Library/CloudStorage/GoogleDrive-singhraj04.jan@gmail.com/My Drive/SAHARA/Datasets/FSD50K/FSD50K.dev_audio/178118.wav,dog_bark,fsd50k,0.0,fsd50k:178118
/Users/rajsingh/Library/CloudStorage/GoogleDrive-singhraj04.jan@gmail.com/My Drive/SAHARA/Datasets/FSD50K/FSD50K.dev_audio/351182.wav,dog_bark,fsd50k,0.0,fsd50k:351182
/Users/rajsingh/Library/CloudStorage/GoogleDrive-singhraj04.jan@gmail.com/My Drive/SAHARA/Datasets/FSD50K/FSD50K.dev_audio/98262.wav,dog_bark,fsd50k,0.0,fsd50k:98262
/Users/rajsingh/Library/CloudStorage/GoogleDrive-singhraj04.jan@gmail.com/My Drive/SAHARA/Datasets/FSD50K/FSD50K.dev_audio/360411.wav,dog_bark,fsd50k,0.0,fsd50k:360411
/Users/rajsingh/Library/CloudStorage/GoogleDrive-singhraj04.jan@gmail.com/My Drive/SAHARA/Datasets/FSD50K/FSD50K.dev_audio/28284.wav,dog_bark,fsd50k,0.0,fsd50k:28284
/Users/rajsingh/Library/CloudStorage/GoogleDrive-singhraj04.jan@gmail.com/My Drive/SAHARA/Datasets/FSD50K/FSD50K.dev_audio/157322.wav,dog_bark,fsd50k,0.0,fsd50k:157322
/Users/rajsingh/Library/CloudStorage/GoogleDrive-singhraj04.jan@gmail.com/My Drive/SAHARA/Datasets/FSD50K/FSD50K.dev_audio/130030.wav,dog_bark,fsd50k,0.0,fsd50k:130030
/Users/rajsingh/Library/CloudStorage/GoogleDrive-singhraj04.jan@gmail.com/My Drive/SAHARA/Datasets/FSD50K/FSD50K.dev_audio/369648.wav,dog_bark,fsd50k,0.0,fsd50k:369648
/Users/rajsingh/Library/CloudStorage/GoogleDrive-singhraj04.jan@gmail.com/My Drive/SAHARA/Datasets/FSD50K/FSD50K.dev_audio/257585.wav,dog_bark,fsd50k,0.0,fsd50k:257585
/Users/rajsingh/Library/CloudStorage/GoogleDrive-singhraj04.jan@gmail.com/My Drive/SAHARA/Datasets/FSD50K/FSD50K.dev_audio/146343.wav,dog_bark,fsd50k,0.0,fsd50k:146343
/Users/rajsingh/Library/CloudStorage/GoogleDrive-singhraj04.jan@gmail.com/My Drive/SAHARA/Datasets/FSD50K/FSD50K.dev_audio/327138.wav,dog_bark,fsd50k,0.0,fsd50k:327138
/Users/rajsingh/Library/CloudStorage/GoogleDrive-singhraj04.jan@gmail.com/My Drive/SAHARA/Datasets/FSD50K/FSD50K.dev_audio/266603.wav,dog_bark,fsd50k,0.0,fsd50k:266603
/Users/rajsingh/Library/CloudStorage/GoogleDrive-singhraj04.jan@gmail.com/My Drive/SAHARA/Datasets/FSD50K/FSD50K.dev_audio/232271.wav,dog_bark,fsd50k,0.0,fsd50k:232271
/Users/rajsingh/Library/CloudStorage/GoogleDrive-singhraj04.jan@gmail.com/My Drive/SAHARA/Datasets/FSD50K/FSD50K.dev_audio/167487.wav,dog_bark,fsd50k,0.0,fsd50k:167487
/Users/rajsingh/Library/CloudStorage/GoogleDrive-singhraj04.jan@gmail.com/My Drive/SAHARA/Datasets/FSD50K/FSD50K.dev_audio/135039.wav,glass_break,fsd50k,0.0,fsd50k:135039
/Users/rajsingh/Library/CloudStorage/GoogleDrive-singhraj04.jan@gmail.com/My Drive/SAHARA/Datasets/FSD50K/FSD50K.dev_audio/89604.wav,glass_break,fsd50k,0.0,fsd50k:89604
/Users/rajsingh/Library/CloudStorage/GoogleDrive-singhraj04.jan@gmail.com/My Drive/SAHARA/Datasets/FSD50K/FSD50K.dev_audio/379440.wav,glass_break,fsd50k,0.0,fsd50k:379440
/Users/rajsingh/Library/CloudStorage/GoogleDrive-singhraj04.jan@gmail.com/My Drive/SAHARA/Datasets/FSD50K/FSD50K.dev_audio/52290.wav,knocking,fsd50k,0.0,fsd50k:52290
/Users/rajsingh/Library/CloudStorage/GoogleDrive-singhraj04.jan@gmail.com/My Drive/SAHARA/Datasets/FSD50K/FSD50K.dev_audio/138272.wav,appliance_beep,fsd50k,0.0,fsd50k:138272
/Users/rajsingh/Library/CloudStorage/GoogleDrive-singhraj04.jan@gmail.com/My Drive/SAHARA/Datasets/FSD50K/FSD50K.dev_audio/92975.wav,appliance_beep,fsd50k,0.0,fsd50k:92975
/Users/rajsingh/Library/CloudStorage/GoogleDrive-singhraj04.jan@gmail.com/My Drive/SAHARA/Datasets/FSD50K/FSD50K.dev_audio/386782.wav,appliance_beep,fsd50k,0.0,fsd50k:386782
/Users/rajsingh/Library/CloudStorage/GoogleDrive-singhraj04.jan@gmail.com/My Drive/SAHARA/Datasets/FSD50K/FSD50K.dev_audio/168123.wav,appliance_beep,fsd50k,0.0,fsd50k:168123
/Users/rajsingh/Library/CloudStorage/GoogleDrive-singhraj04.jan@gmail.com/My Drive/SAHARA/Datasets/FSD50K/FSD50K.dev_audio/168588.wav,appliance_beep,fsd50k,0.0,fsd50k:168588
/Users/rajsingh/Library/CloudStorage/GoogleDrive-singhraj04.jan@gmail.com/My Drive/SAHARA/Datasets/FSD50K/FSD50K.dev_audio/168589.wav,appliance_beep,fsd50k,0.0,fsd50k:168589
/Users/rajsingh/Library/CloudStorage/GoogleDrive-singhraj04.jan@gmail.com/My Drive/SAHARA/Datasets/FSD50K/FSD50K.dev_audio/389526.wav,appliance_beep,fsd50k,0.0,fsd50k:389526
/Users/rajsingh/Library/CloudStorage/GoogleDrive-singhraj04.jan@gmail.com/My Drive/SAHARA/Datasets/FSD50K/FSD50K.dev_audio/423652.wav,appliance_beep,fsd50k,0.0,fsd50k:423652
/Users/rajsingh/Library/CloudStorage/GoogleDrive-singhraj04.jan@gmail.com/My Drive/SAHARA/Datasets/FSD50K/FSD50K.dev_audio/77928.wav,appliance_beep,fsd50k,0.0,fsd50k:77928
/Users/rajsingh/Library/CloudStorage/GoogleDrive-singhraj04.jan@gmail.com/My Drive/SAHARA/Datasets/FSD50K/FSD50K.dev_audio/77929.wav,appliance_beep,fsd50k,0.0,fsd50k:77929
/Users/rajsingh/Library/CloudStorage/GoogleDrive-singhraj04.jan@gmail.com/My Drive/SAHARA/Datasets/FSD50K/FSD50K.dev_audio/178884.wav,appliance_beep,fsd50k,0.0,fsd50k:178884
/Users/rajsingh/Library/CloudStorage/GoogleDrive-singhraj04.jan@gmail.com/My Drive/SAHARA/Datasets/FSD50K/FSD50K.dev_audio/273540.wav,appliance_beep,fsd50k,0.0,fsd50k:273540
/Users/rajsingh/Library/CloudStorage/GoogleDrive-singhraj04.jan@gmail.com/My Drive/SAHARA/Datasets/FSD50K/FSD50K.dev_audio/390534.wav,appliance_beep,fsd50k,0.0,fsd50k:390534
/Users/rajsingh/Library/CloudStorage/GoogleDrive-singhraj04.jan@gmail.com/My Drive/SAHARA/Datasets/FSD50K/FSD50K.dev_audio/250630.wav,appliance_beep,fsd50k,0.0,fsd50k:250630
/Users/rajsingh/Library/CloudStorage/GoogleDrive-singhraj04.jan@gmail.com/My Drive/SAHARA/Datasets/FSD50K/FSD50K.dev_audio/250631.wav,appliance_beep,fsd50k,0.0,fsd50k:250631
/Users/rajsingh/Library/CloudStorage/GoogleDrive-singhraj04.jan@gmail.com/My Drive/SAHARA/Datasets/FSD50K/FSD50K.dev_audio/250632.wav,appliance_beep,fsd50k,0.0,fsd50k:250632
/Users/rajsingh/Library/CloudStorage/GoogleDrive-singhraj04.jan@gmail.com/My Drive/SAHARA/Datasets/FSD50K/FSD50K.dev_audio/404758.wav,appliance_beep,fsd50k,0.0,fsd50k:404758
/Users/rajsingh/Library/CloudStorage/GoogleDrive-singhraj04.jan@gmail.com/My Drive/SAHARA/Datasets/FSD50K/FSD50K.dev_audio/234523.wav,appliance_beep,fsd50k,0.0,fsd50k:234523
/Users/rajsingh/Library/CloudStorage/GoogleDrive-singhraj04.jan@gmail.com/My Drive/SAHARA/Datasets/FSD50K/FSD50K.dev_audio/234524.wav,appliance_beep,fsd50k,0.0,fsd50k:234524
/Users/rajsingh/Library/CloudStorage/GoogleDrive-singhraj04.jan@gmail.com/My Drive/SAHARA/Datasets/FSD50K/FSD50K.dev_audio/351539.wav,appliance_beep,fsd50k,0.0,fsd50k:351539
/Users/rajsingh/Library/CloudStorage/GoogleDrive-singhraj04.jan@gmail.com/My Drive/SAHARA/Datasets/FSD50K/FSD50K.dev_audio/117561.wav,appliance_beep,fsd50k,0.0,fsd50k:117561
/Users/rajsingh/Library/CloudStorage/GoogleDrive-singhraj04.jan@gmail.com/My Drive/SAHARA/Datasets/FSD50K/FSD50K.dev_audio/117562.wav,appliance_beep,fsd50k,0.0,fsd50k:117562
/Users/rajsingh/Library/CloudStorage/GoogleDrive-singhraj04.jan@gmail.com/My Drive/SAHARA/Datasets/FSD50K/FSD50K.dev_audio/117563.wav,appliance_beep,fsd50k,0.0,fsd50k:117563
/Users/rajsingh/Library/CloudStorage/GoogleDrive-singhraj04.jan@gmail.com/My Drive/SAHARA/Datasets/FSD50K/FSD50K.dev_audio/117564.wav,appliance_beep,fsd50k,0.0,fsd50k:117564
/Users/rajsingh/Library/CloudStorage/GoogleDrive-singhraj04.jan@gmail.com/My Drive/SAHARA/Datasets/FSD50K/FSD50K.dev_audio/117565.wav,appliance_beep,fsd50k,0.0,fsd50k:117565
/Users/rajsingh/Library/CloudStorage/GoogleDrive-singhraj04.jan@gmail.com/My Drive/SAHARA/Datasets/FSD50K/FSD50K.dev_audio/117566.wav,appliance_beep,fsd50k,0.0,fsd50k:117566
/Users/rajsingh/Library/CloudStorage/GoogleDrive-singhraj04.jan@gmail.com/My Drive/SAHARA/Datasets/FSD50K/FSD50K.dev_audio/117567.wav,appliance_beep,fsd50k,0.0,fsd50k:117567
/Users/rajsingh/Library/CloudStorage/GoogleDrive-singhraj04.jan@gmail.com/My Drive/SAHARA/Datasets/FSD50K/FSD50K.dev_audio/117568.wav,appliance_beep,fsd50k,0.0,fsd50k:117568
/Users/rajsingh/Library/CloudStorage/GoogleDrive-singhraj04.jan@gmail.com/My Drive/SAHARA/Datasets/FSD50K/FSD50K.dev_audio/117569.wav,appliance_beep,fsd50k,0.0,fsd50k:117569
/Users/rajsingh/Library/CloudStorage/GoogleDrive-singhraj04.jan@gmail.com/My Drive/SAHARA/Datasets/FSD50K/FSD50K.dev_audio/117570.wav,appliance_beep,fsd50k,0.0,fsd50k:117570
/Users/rajsingh/Library/CloudStorage/GoogleDrive-singhraj04.jan@gmail.com/My Drive/SAHARA/Datasets/FSD50K/FSD50K.dev_audio/234563.wav,appliance_beep,fsd50k,0.0,fsd50k:234563
/Users/rajsingh/Library/CloudStorage/GoogleDrive-singhraj04.jan@gmail.com/My Drive/SAHARA/Datasets/FSD50K/FSD50K.dev_audio/234564.wav,appliance_beep,fsd50k,0.0,fsd50k:234564
/Users/rajsingh/Library/CloudStorage/GoogleDrive-singhraj04.jan@gmail.com/My Drive/SAHARA/Datasets/FSD50K/FSD50K.dev_audio/234565.wav,appliance_beep,fsd50k,0.0,fsd50k:234565
/Users/rajsingh/Library/CloudStorage/GoogleDrive-singhraj04.jan@gmail.com/My Drive/SAHARA/Datasets/FSD50K/FSD50K.dev_audio/234566.wav,appliance_beep,fsd50k,0.0,fsd50k:234566
/Users/rajsingh/Library/CloudStorage/GoogleDrive-singhraj04.jan@gmail.com/My Drive/SAHARA/Datasets/FSD50K/FSD50K.dev_audio/117571.wav,appliance_beep,fsd50k,0.0,fsd50k:117571
/Users/rajsingh/Library/CloudStorage/GoogleDrive-singhraj04.jan@gmail.com/My Drive/SAHARA/Datasets/FSD50K/FSD50K.dev_audio/117572.wav,appliance_beep,fsd50k,0.0,fsd50k:117572
/Users/rajsingh/Library/CloudStorage/GoogleDrive-singhraj04.jan@gmail.com/My Drive/SAHARA/Datasets/FSD50K/FSD50K.dev_audio/24928.wav,appliance_beep,fsd50k,0.0,fsd50k:24928
/Users/rajsingh/Library/CloudStorage/GoogleDrive-singhraj04.jan@gmail.com/My Drive/SAHARA/Datasets/FSD50K/FSD50K.dev_audio/24929.wav,appliance_beep,fsd50k,0.0,fsd50k:24929
/Users/rajsingh/Library/CloudStorage/GoogleDrive-singhraj04.jan@gmail.com/My Drive/SAHARA/Datasets/FSD50K/FSD50K.dev_audio/56164.wav,appliance_beep,fsd50k,0.0,fsd50k:56164
/Users/rajsingh/Library/CloudStorage/GoogleDrive-singhraj04.jan@gmail.com/My Drive/SAHARA/Datasets/FSD50K/FSD50K.dev_audio/267881.wav,appliance_beep,fsd50k,0.0,fsd50k:267881
/Users/rajsingh/Library/CloudStorage/GoogleDrive-singhraj04.jan@gmail.com/My Drive/SAHARA/Datasets/FSD50K/FSD50K.dev_audio/167532.wav,appliance_beep,fsd50k,0.0,fsd50k:167532
/Users/rajsingh/Library/CloudStorage/GoogleDrive-singhraj04.jan@gmail.com/My Drive/SAHARA/Datasets/FSD50K/FSD50K.dev_audio/167533.wav,appliance_beep,fsd50k,0.0,fsd50k:167533
/Users/rajsingh/Library/CloudStorage/GoogleDrive-singhraj04.jan@gmail.com/My Drive/SAHARA/Datasets/FSD50K/FSD50K.dev_audio/167535.wav,appliance_beep,fsd50k,0.0,fsd50k:167535
/Users/rajsingh/Library/CloudStorage/GoogleDrive-singhraj04.jan@gmail.com/My Drive/SAHARA/Datasets/FSD50K/FSD50K.dev_audio/167536.wav,appliance_beep,fsd50k,0.0,fsd50k:167536
/Users/rajsingh/Library/CloudStorage/GoogleDrive-singhraj04.jan@gmail.com/My Drive/SAHARA/Datasets/FSD50K/FSD50K.dev_audio/167538.wav,appliance_beep,fsd50k,0.0,fsd50k:167538
/Users/rajsingh/Library/CloudStorage/GoogleDrive-singhraj04.jan@gmail.com/My Drive/SAHARA/Datasets/FSD50K/FSD50K.dev_audio/167539.wav,appliance_beep,fsd50k,0.0,fsd50k:167539
/Users/rajsingh/Library/CloudStorage/GoogleDrive-singhraj04.jan@gmail.com/My Drive/SAHARA/Datasets/FSD50K/FSD50K.dev_audio/167540.wav,appliance_beep,fsd50k,0.0,fsd50k:167540
/Users/rajsingh/Library/CloudStorage/GoogleDrive-singhraj04.jan@gmail.com/My Drive/SAHARA/Datasets/FSD50K/FSD50K.dev_audio/167541.wav,appliance_beep,fsd50k,0.0,fsd50k:167541
/Users/rajsingh/Library/CloudStorage/GoogleDrive-singhraj04.jan@gmail.com/My Drive/SAHARA/Datasets/FSD50K/FSD50K.dev_audio/246390.wav,appliance_beep,fsd50k,0.0,fsd50k:246390
/Users/rajsingh/Library/CloudStorage/GoogleDrive-singhraj04.jan@gmail.com/My Drive/SAHARA/Datasets/FSD50K/FSD50K.dev_audio/167544.wav,appliance_beep,fsd50k,0.0,fsd50k:167544
/Users/rajsingh/Library/CloudStorage/GoogleDrive-singhraj04.jan@gmail.com/My Drive/SAHARA/Datasets/FSD50K/FSD50K.dev_audio/167545.wav,appliance_beep,fsd50k,0.0,fsd50k:167545
/Users/rajsingh/Library/CloudStorage/GoogleDrive-singhraj04.jan@gmail.com/My Drive/SAHARA/Datasets/FSD50K/FSD50K.dev_audio/167546.wav,appliance_beep,fsd50k,0.0,fsd50k:167546
/Users/rajsingh/Library/CloudStorage/GoogleDrive-singhraj04.jan@gmail.com/My Drive/SAHARA/Datasets/FSD50K/FSD50K.dev_audio/167547.wav,appliance_beep,fsd50k,0.0,fsd50k:167547
/Users/rajsingh/Library/CloudStorage/GoogleDrive-singhraj04.jan@gmail.com/My Drive/SAHARA/Datasets/FSD50K/FSD50K.dev_audio/167548.wav,appliance_beep,fsd50k,0.0,fsd50k:167548
/Users/rajsingh/Library/CloudStorage/GoogleDrive-singhraj04.jan@gmail.com/My Drive/SAHARA/Datasets/FSD50K/FSD50K.dev_audio/167549.wav,appliance_beep,fsd50k,0.0,fsd50k:167549
/Users/rajsingh/Library/CloudStorage/GoogleDrive-singhraj04.jan@gmail.com/My Drive/SAHARA/Datasets/FSD50K/FSD50K.dev_audio/167550.wav,appliance_beep,fsd50k,0.0,fsd50k:167550
/Users/rajsingh/Library/CloudStorage/GoogleDrive-singhraj04.jan@gmail.com/My Drive/SAHARA/Datasets/FSD50K/FSD50K.dev_audio/167551.wav,appliance_beep,fsd50k,0.0,fsd50k:167551
/Users/rajsingh/Library/CloudStorage/GoogleDrive-singhraj04.jan@gmail.com/My Drive/SAHARA/Datasets/FSD50K/FSD50K.dev_audio/276608.wav,appliance_beep,fsd50k,0.0,fsd50k:276608
/Users/rajsingh/Library/CloudStorage/GoogleDrive-singhraj04.jan@gmail.com/My Drive/SAHARA/Datasets/FSD50K/FSD50K.dev_audio/167553.wav,appliance_beep,fsd50k,0.0,fsd50k:167553
/Users/rajsingh/Library/CloudStorage/GoogleDrive-singhraj04.jan@gmail.com/My Drive/SAHARA/Datasets/FSD50K/FSD50K.dev_audio/276607.wav,appliance_beep,fsd50k,0.0,fsd50k:276607
/Users/rajsingh/Library/CloudStorage/GoogleDrive-singhraj04.jan@gmail.com/My Drive/SAHARA/Datasets/FSD50K/FSD50K.dev_audio/258179.wav,appliance_beep,fsd50k,0.0,fsd50k:258179
/Users/rajsingh/Library/CloudStorage/GoogleDrive-singhraj04.jan@gmail.com/My Drive/SAHARA/Datasets/FSD50K/FSD50K.dev_audio/258180.wav,appliance_beep,fsd50k,0.0,fsd50k:258180
/Users/rajsingh/Library/CloudStorage/GoogleDrive-singhraj04.jan@gmail.com/My Drive/SAHARA/Datasets/FSD50K/FSD50K.dev_audio/276612.wav,appliance_beep,fsd50k,0.0,fsd50k:276612
/Users/rajsingh/Library/CloudStorage/GoogleDrive-singhraj04.jan@gmail.com/My Drive/SAHARA/Datasets/FSD50K/FSD50K.dev_audio/360831.wav,appliance_beep,fsd50k,0.0,fsd50k:360831
/Users/rajsingh/Library/CloudStorage/GoogleDrive-singhraj04.jan@gmail.com/My Drive/SAHARA/Datasets/FSD50K/FSD50K.dev_audio/156547.wav,appliance_beep,fsd50k,0.0,fsd50k:156547
/Users/rajsingh/Library/CloudStorage/GoogleDrive-singhraj04.jan@gmail.com/My Drive/SAHARA/Datasets/FSD50K/FSD50K.dev_audio/186255.wav,appliance_beep,fsd50k,0.0,fsd50k:186255
/Users/rajsingh/Library/CloudStorage/GoogleDrive-singhraj04.jan@gmail.com/My Drive/SAHARA/Datasets/FSD50K/FSD50K.dev_audio/352656.wav,appliance_beep,fsd50k,0.0,fsd50k:352656
/Users/rajsingh/Library/CloudStorage/GoogleDrive-singhraj04.jan@gmail.com/My Drive/SAHARA/Datasets/FSD50K/FSD50K.dev_audio/352657.wav,appliance_beep,fsd50k,0.0,fsd50k:352657
/Users/rajsingh/Library/CloudStorage/GoogleDrive-singhraj04.jan@gmail.com/My Drive/SAHARA/Datasets/FSD50K/FSD50K.dev_audio/352658.wav,appliance_beep,fsd50k,0.0,fsd50k:352658
/Users/rajsingh/Library/CloudStorage/GoogleDrive-singhraj04.jan@gmail.com/My Drive/SAHARA/Datasets/FSD50K/FSD50K.dev_audio/352659.wav,appliance_beep,fsd50k,0.0,fsd50k:352659
/Users/rajsingh/Library/CloudStorage/GoogleDrive-singhraj04.jan@gmail.com/My Drive/SAHARA/Datasets/FSD50K/FSD50K.dev_audio/352661.wav,appliance_beep,fsd50k,0.0,fsd50k:352661
/Users/rajsingh/Library/CloudStorage/GoogleDrive-singhraj04.jan@gmail.com/My Drive/SAHARA/Datasets/FSD50K/FSD50K.dev_audio/352663.wav,appliance_beep,fsd50k,0.0,fsd50k:352663
/Users/rajsingh/Library/CloudStorage/GoogleDrive-singhraj04.jan@gmail.com/My Drive/SAHARA/Datasets/FSD50K/FSD50K.dev_audio/352665.wav,appliance_beep,fsd50k,0.0,fsd50k:352665
/Users/rajsingh/Library/CloudStorage/GoogleDrive-singhraj04.jan@gmail.com/My Drive/SAHARA/Datasets/FSD50K/FSD50K.dev_audio/122266.wav,appliance_beep,fsd50k,0.0,fsd50k:122266
/Users/rajsingh/Library/CloudStorage/GoogleDrive-singhraj04.jan@gmail.com/My Drive/SAHARA/Datasets/FSD50K/FSD50K.dev_audio/122267.wav,appliance_beep,fsd50k,0.0,fsd50k:122267
/Users/rajsingh/Library/CloudStorage/GoogleDrive-singhraj04.jan@gmail.com/My Drive/SAHARA/Datasets/FSD50K/FSD50K.dev_audio/352666.wav,appliance_beep,fsd50k,0.0,fsd50k:352666
/Users/rajsingh/Library/CloudStorage/GoogleDrive-singhraj04.jan@gmail.com/My Drive/SAHARA/Datasets/FSD50K/FSD50K.dev_audio/352669.wav,appliance_beep,fsd50k,0.0,fsd50k:352669
/Users/rajsingh/Library/CloudStorage/GoogleDrive-singhraj04.jan@gmail.com/My Drive/SAHARA/Datasets/FSD50K/FSD50K.dev_audio/352667.wav,appliance_beep,fsd50k,0.0,fsd50k:352667
/Users/rajsingh/Library/CloudStorage/GoogleDrive-singhraj04.jan@gmail.com/My Drive/SAHARA/Datasets/FSD50K/FSD50K.dev_audio/122272.wav,appliance_beep,fsd50k,0.0,fsd50k:122272
/Users/rajsingh/Library/CloudStorage/GoogleDrive-singhraj04.jan@gmail.com/My Drive/SAHARA/Datasets/FSD50K/FSD50K.dev_audio/122274.wav,appliance_beep,fsd50k,0.0,fsd50k:122274
/Users/rajsingh/Library/CloudStorage/GoogleDrive-singhraj04.jan@gmail.com/My Drive/SAHARA/Datasets/FSD50K/FSD50K.dev_audio/122275.wav,appliance_beep,fsd50k,0.0,fsd50k:122275
/Users/rajsingh/Library/CloudStorage/GoogleDrive-singhraj04.jan@gmail.com/My Drive/SAHARA/Datasets/FSD50K/FSD50K.dev_audio/322469.wav,appliance_beep,fsd50k,0.0,fsd50k:322469
/Users/rajsingh/Library/CloudStorage/GoogleDrive-singhraj04.jan@gmail.com/My Drive/SAHARA/Datasets/FSD50K/FSD50K.dev_audio/122277.wav,appliance_beep,fsd50k,0.0,fsd50k:122277
/Users/rajsingh/Library/CloudStorage/GoogleDrive-singhraj04.jan@gmail.com/My Drive/SAHARA/Datasets/FSD50K/FSD50K.dev_audio/201946.wav,appliance_beep,fsd50k,0.0,fsd50k:201946
/Users/rajsingh/Library/CloudStorage/GoogleDrive-singhraj04.jan@gmail.com/My Drive/SAHARA/Datasets/FSD50K/FSD50K.dev_audio/163558.wav,appliance_beep,fsd50k,0.0,fsd50k:163558
/Users/rajsingh/Library/CloudStorage/GoogleDrive-singhraj04.jan@gmail.com/My Drive/SAHARA/Datasets/FSD50K/FSD50K.dev_audio/194279.wav,appliance_beep,fsd50k,0.0,fsd50k:194279
/Users/rajsingh/Library/CloudStorage/GoogleDrive-singhraj04.jan@gmail.com/My Drive/SAHARA/Datasets/FSD50K/FSD50K.dev_audio/194280.wav,appliance_beep,fsd50k,0.0,fsd50k:194280
/Users/rajsingh/Library/CloudStorage/GoogleDrive-singhraj04.jan@gmail.com/My Drive/SAHARA/Datasets/FSD50K/FSD50K.dev_audio/163561.wav,appliance_beep,fsd50k,0.0,fsd50k:163561
/Users/rajsingh/Library/CloudStorage/GoogleDrive-singhraj04.jan@gmail.com/My Drive/SAHARA/Datasets/FSD50K/FSD50K.dev_audio/163562.wav,appliance_beep,fsd50k,0.0,fsd50k:163562
/Users/rajsingh/Library/CloudStorage/GoogleDrive-singhraj04.jan@gmail.com/My Drive/SAHARA/Datasets/FSD50K/FSD50K.dev_audio/108797.wav,appliance_beep,fsd50k,0.0,fsd50k:108797
/Users/rajsingh/Library/CloudStorage/GoogleDrive-singhraj04.jan@gmail.com/My Drive/SAHARA/Datasets/FSD50K/FSD50K.dev_audio/258016.wav,appliance_beep,fsd50k,0.0,fsd50k:258016
/Users/rajsingh/Library/CloudStorage/GoogleDrive-singhraj04.jan@gmail.com/My Drive/SAHARA/Datasets/FSD50K/FSD50K.dev_audio/134067.wav,appliance_beep,fsd50k,0.0,fsd50k:134067
/Users/rajsingh/Library/CloudStorage/GoogleDrive-singhraj04.jan@gmail.com/My Drive/SAHARA/Datasets/FSD50K/FSD50K.dev_audio/351711.wav,appliance_beep,fsd50k,0.0,fsd50k:351711
/Users/rajsingh/Library/CloudStorage/GoogleDrive-singhraj04.jan@gmail.com/My Drive/SAHARA/Datasets/FSD50K/FSD50K.dev_audio/102434.wav,appliance_beep,fsd50k,0.0,fsd50k:102434
/Users/rajsingh/Library/CloudStorage/GoogleDrive-singhraj04.jan@gmail.com/My Drive/SAHARA/Datasets/FSD50K/FSD50K.dev_audio/112211.wav,appliance_beep,fsd50k,0.0,fsd50k:112211
/Users/rajsingh/Library/CloudStorage/GoogleDrive-singhraj04.jan@gmail.com/My Drive/SAHARA/Datasets/FSD50K/FSD50K.dev_audio/178137.wav,appliance_beep,fsd50k,0.0,fsd50k:178137
/Users/rajsingh/Library/CloudStorage/GoogleDrive-singhraj04.jan@gmail.com/My Drive/SAHARA/Datasets/FSD50K/FSD50K.dev_audio/221359.wav,appliance_beep,fsd50k,0.0,fsd50k:221359
/Users/rajsingh/Library/CloudStorage/GoogleDrive-singhraj04.jan@gmail.com/My Drive/SAHARA/Datasets/FSD50K/FSD50K.dev_audio/9218.wav,appliance_beep,fsd50k,0.0,fsd50k:9218
/Users/rajsingh/Library/CloudStorage/GoogleDrive-singhraj04.jan@gmail.com/My Drive/SAHARA/Datasets/FSD50K/FSD50K.dev_audio/233496.wav,appliance_beep,fsd50k,0.0,fsd50k:233496
/Users/rajsingh/Library/CloudStorage/GoogleDrive-singhraj04.jan@gmail.com/My Drive/SAHARA/Datasets/FSD50K/FSD50K.dev_audio/69181.wav,appliance_beep,fsd50k,0.0,fsd50k:69181
/Users/rajsingh/Library/CloudStorage/GoogleDrive-singhraj04.jan@gmail.com/My Drive/SAHARA/Datasets/FSD50K/FSD50K.dev_audio/69181.wav,doorbell,fsd50k,0.0,fsd50k:69181
/Users/rajsingh/Library/CloudStorage/GoogleDrive-singhraj04.jan@gmail.com/My Drive/SAHARA/Datasets/FSD50K/FSD50K.dev_audio/69184.wav,appliance_beep,fsd50k,0.0,fsd50k:69184
/Users/rajsingh/Library/CloudStorage/GoogleDrive-singhraj04.jan@gmail.com/My Drive/SAHARA/Datasets/FSD50K/FSD50K.dev_audio/69184.wav,doorbell,fsd50k,0.0,fsd50k:69184
/Users/rajsingh/Library/CloudStorage/GoogleDrive-singhraj04.jan@gmail.com/My Drive/SAHARA/Datasets/FSD50K/FSD50K.dev_audio/361564.wav,appliance_beep,fsd50k,0.0,fsd50k:361564
/Users/rajsingh/Library/CloudStorage/GoogleDrive-singhraj04.jan@gmail.com/My Drive/SAHARA/Datasets/FSD50K/FSD50K.dev_audio/361564.wav,doorbell,fsd50k,0.0,fsd50k:361564
/Users/rajsingh/Library/CloudStorage/GoogleDrive-singhraj04.jan@gmail.com/My Drive/SAHARA/Datasets/FSD50K/FSD50K.dev_audio/383595.wav,appliance_beep,fsd50k,0.0,fsd50k:383595
/Users/rajsingh/Library/CloudStorage/GoogleDrive-singhraj04.jan@gmail.com/My Drive/SAHARA/Datasets/FSD50K/FSD50K.dev_audio/169584.wav,appliance_beep,fsd50k,0.0,fsd50k:169584
/Users/rajsingh/Library/CloudStorage/GoogleDrive-singhraj04.jan@gmail.com/My Drive/SAHARA/Datasets/FSD50K/FSD50K.dev_audio/190582.wav,appliance_beep,fsd50k,0.0,fsd50k:190582
/Users/rajsingh/Library/CloudStorage/GoogleDrive-singhraj04.jan@gmail.com/My Drive/SAHARA/Datasets/FSD50K/FSD50K.dev_audio/78970.wav,appliance_beep,fsd50k,0.0,fsd50k:78970
/Users/rajsingh/Library/CloudStorage/GoogleDrive-singhraj04.jan@gmail.com/My Drive/SAHARA/Datasets/FSD50K/FSD50K.dev_audio/434818.wav,appliance_beep,fsd50k,0.0,fsd50k:434818
/Users/rajsingh/Library/CloudStorage/GoogleDrive-singhraj04.jan@gmail.com/My Drive/SAHARA/Datasets/FSD50K/FSD50K.dev_audio/78984.wav,appliance_beep,fsd50k,0.0,fsd50k:78984
/Users/rajsingh/Library/CloudStorage/GoogleDrive-singhraj04.jan@gmail.com/My Drive/SAHARA/Datasets/FSD50K/FSD50K.dev_audio/383629.wav,appliance_beep,fsd50k,0.0,fsd50k:383629
/Users/rajsingh/Library/CloudStorage/GoogleDrive-singhraj04.jan@gmail.com/My Drive/SAHARA/Datasets/FSD50K/FSD50K.dev_audio/203941.wav,appliance_beep,fsd50k,0.0,fsd50k:203941
/Users/rajsingh/Library/CloudStorage/GoogleDrive-singhraj04.jan@gmail.com/My Drive/SAHARA/Datasets/FSD50K/FSD50K.dev_audio/203941.wav,doorbell,fsd50k,0.0,fsd50k:203941
/Users/rajsingh/Library/CloudStorage/GoogleDrive-singhraj04.jan@gmail.com/My Drive/SAHARA/Datasets/FSD50K/FSD50K.dev_audio/203942.wav,appliance_beep,fsd50k,0.0,fsd50k:203942
/Users/rajsingh/Library/CloudStorage/GoogleDrive-singhraj04.jan@gmail.com/My Drive/SAHARA/Datasets/FSD50K/FSD50K.dev_audio/203942.wav,doorbell,fsd50k,0.0,fsd50k:203942
/Users/rajsingh/Library/CloudStorage/GoogleDrive-singhraj04.jan@gmail.com/My Drive/SAHARA/Datasets/FSD50K/FSD50K.dev_audio/203945.wav,appliance_beep,fsd50k,0.0,fsd50k:203945
/Users/rajsingh/Library/CloudStorage/GoogleDrive-singhraj04.jan@gmail.com/My Drive/SAHARA/Datasets/FSD50K/FSD50K.dev_audio/203945.wav,doorbell,fsd50k,0.0,fsd50k:203945
/Users/rajsingh/Library/CloudStorage/GoogleDrive-singhraj04.jan@gmail.com/My Drive/SAHARA/Datasets/FSD50K/FSD50K.dev_audio/203947.wav,appliance_beep,fsd50k,0.0,fsd50k:203947
/Users/rajsingh/Library/CloudStorage/GoogleDrive-singhraj04.jan@gmail.com/My Drive/SAHARA/Datasets/FSD50K/FSD50K.dev_audio/203947.wav,doorbell,fsd50k,0.0,fsd50k:203947
/Users/rajsingh/Library/CloudStorage/GoogleDrive-singhraj04.jan@gmail.com/My Drive/SAHARA/Datasets/FSD50K/FSD50K.dev_audio/275629.wav,appliance_beep,fsd50k,0.0,fsd50k:275629
/Users/rajsingh/Library/CloudStorage/GoogleDrive-singhraj04.jan@gmail.com/My Drive/SAHARA/Datasets/FSD50K/FSD50K.dev_audio/275629.wav,doorbell,fsd50k,0.0,fsd50k:275629
/Users/rajsingh/Library/CloudStorage/GoogleDrive-singhraj04.jan@gmail.com/My Drive/SAHARA/Datasets/FSD50K/FSD50K.dev_audio/192761.wav,appliance_beep,fsd50k,0.0,fsd50k:192761
/Users/rajsingh/Library/CloudStorage/GoogleDrive-singhraj04.jan@gmail.com/My Drive/SAHARA/Datasets/FSD50K/FSD50K.dev_audio/192761.wav,doorbell,fsd50k,0.0,fsd50k:192761
/Users/rajsingh/Library/CloudStorage/GoogleDrive-singhraj04.jan@gmail.com/My Drive/SAHARA/Datasets/FSD50K/FSD50K.dev_audio/235265.wav,appliance_beep,fsd50k,0.0,fsd50k:235265
/Users/rajsingh/Library/CloudStorage/GoogleDrive-singhraj04.jan@gmail.com/My Drive/SAHARA/Datasets/FSD50K/FSD50K.dev_audio/196378.wav,appliance_beep,fsd50k,0.0,fsd50k:196378
/Users/rajsingh/Library/CloudStorage/GoogleDrive-singhraj04.jan@gmail.com/My Drive/SAHARA/Datasets/FSD50K/FSD50K.dev_audio/196378.wav,doorbell,fsd50k,0.0,fsd50k:196378
/Users/rajsingh/Library/CloudStorage/GoogleDrive-singhraj04.jan@gmail.com/My Drive/SAHARA/Datasets/FSD50K/FSD50K.dev_audio/196379.wav,appliance_beep,fsd50k,0.0,fsd50k:196379
/Users/rajsingh/Library/CloudStorage/GoogleDrive-singhraj04.jan@gmail.com/My Drive/SAHARA/Datasets/FSD50K/FSD50K.dev_audio/196379.wav,doorbell,fsd50k,0.0,fsd50k:196379
/Users/rajsingh/Library/CloudStorage/GoogleDrive-singhraj04.jan@gmail.com/My Drive/SAHARA/Datasets/FSD50K/FSD50K.dev_audio/196380.wav,appliance_beep,fsd50k,0.0,fsd50k:196380
/Users/rajsingh/Library/CloudStorage/GoogleDrive-singhraj04.jan@gmail.com/My Drive/SAHARA/Datasets/FSD50K/FSD50K.dev_audio/196380.wav,doorbell,fsd50k,0.0,fsd50k:196380
/Users/rajsingh/Library/CloudStorage/GoogleDrive-singhraj04.jan@gmail.com/My Drive/SAHARA/Datasets/FSD50K/FSD50K.dev_audio/185755.wav,appliance_beep,fsd50k,0.0,fsd50k:185755
/Users/rajsingh/Library/CloudStorage/GoogleDrive-singhraj04.jan@gmail.com/My Drive/SAHARA/Datasets/FSD50K/FSD50K.dev_audio/223672.wav,appliance_beep,fsd50k,0.0,fsd50k:223672
/Users/rajsingh/Library/CloudStorage/GoogleDrive-singhraj04.jan@gmail.com/My Drive/SAHARA/Datasets/FSD50K/FSD50K.dev_audio/223672.wav,doorbell,fsd50k,0.0,fsd50k:223672
/Users/rajsingh/Library/CloudStorage/GoogleDrive-singhraj04.jan@gmail.com/My Drive/SAHARA/Datasets/FSD50K/FSD50K.dev_audio/70102.wav,appliance_beep,fsd50k,0.0,fsd50k:70102
/Users/rajsingh/Library/CloudStorage/GoogleDrive-singhraj04.jan@gmail.com/My Drive/SAHARA/Datasets/FSD50K/FSD50K.dev_audio/70102.wav,doorbell,fsd50k,0.0,fsd50k:70102
/Users/rajsingh/Library/CloudStorage/GoogleDrive-singhraj04.jan@gmail.com/My Drive/SAHARA/Datasets/FSD50K/FSD50K.dev_audio/264152.wav,appliance_beep,fsd50k,0.0,fsd50k:264152
/Users/rajsingh/Library/CloudStorage/GoogleDrive-singhraj04.jan@gmail.com/My Drive/SAHARA/Datasets/FSD50K/FSD50K.dev_audio/179198.wav,appliance_beep,fsd50k,0.0,fsd50k:179198
/Users/rajsingh/Library/CloudStorage/GoogleDrive-singhraj04.jan@gmail.com/My Drive/SAHARA/Datasets/FSD50K/FSD50K.dev_audio/21986.wav,appliance_beep,fsd50k,0.0,fsd50k:21986
/Users/rajsingh/Library/CloudStorage/GoogleDrive-singhraj04.jan@gmail.com/My Drive/SAHARA/Datasets/FSD50K/FSD50K.dev_audio/21986.wav,doorbell,fsd50k,0.0,fsd50k:21986
/Users/rajsingh/Library/CloudStorage/GoogleDrive-singhraj04.jan@gmail.com/My Drive/SAHARA/Datasets/FSD50K/FSD50K.dev_audio/190581.wav,appliance_beep,fsd50k,0.0,fsd50k:190581
/Users/rajsingh/Library/CloudStorage/GoogleDrive-singhraj04.jan@gmail.com/My Drive/SAHARA/Datasets/FSD50K/FSD50K.dev_audio/144951.wav,knocking,fsd50k,0.0,fsd50k:144951
/Users/rajsingh/Library/CloudStorage/GoogleDrive-singhraj04.jan@gmail.com/My Drive/SAHARA/Datasets/FSD50K/FSD50K.dev_audio/349243.wav,knocking,fsd50k,0.0,fsd50k:349243
/Users/rajsingh/Library/CloudStorage/GoogleDrive-singhraj04.jan@gmail.com/My Drive/SAHARA/Datasets/FSD50K/FSD50K.dev_audio/349245.wav,knocking,fsd50k,0.0,fsd50k:349245
/Users/rajsingh/Library/CloudStorage/GoogleDrive-singhraj04.jan@gmail.com/My Drive/SAHARA/Datasets/FSD50K/FSD50K.dev_audio/104002.wav,knocking,fsd50k,0.0,fsd50k:104002
/Users/rajsingh/Library/CloudStorage/GoogleDrive-singhraj04.jan@gmail.com/My Drive/SAHARA/Datasets/FSD50K/FSD50K.dev_audio/190023.wav,knocking,fsd50k,0.0,fsd50k:190023
/Users/rajsingh/Library/CloudStorage/GoogleDrive-singhraj04.jan@gmail.com/My Drive/SAHARA/Datasets/FSD50K/FSD50K.dev_audio/190024.wav,knocking,fsd50k,0.0,fsd50k:190024
/Users/rajsingh/Library/CloudStorage/GoogleDrive-singhraj04.jan@gmail.com/My Drive/SAHARA/Datasets/FSD50K/FSD50K.dev_audio/190027.wav,knocking,fsd50k,0.0,fsd50k:190027
/Users/rajsingh/Library/CloudStorage/GoogleDrive-singhraj04.jan@gmail.com/My Drive/SAHARA/Datasets/FSD50K/FSD50K.dev_audio/349285.wav,knocking,fsd50k,0.0,fsd50k:349285
/Users/rajsingh/Library/CloudStorage/GoogleDrive-singhraj04.jan@gmail.com/My Drive/SAHARA/Datasets/FSD50K/FSD50K.dev_audio/349287.wav,knocking,fsd50k,0.0,fsd50k:349287
/Users/rajsingh/Library/CloudStorage/GoogleDrive-singhraj04.jan@gmail.com/My Drive/SAHARA/Datasets/FSD50K/FSD50K.dev_audio/349288.wav,knocking,fsd50k,0.0,fsd50k:349288
/Users/rajsingh/Library/CloudStorage/GoogleDrive-singhraj04.jan@gmail.com/My Drive/SAHARA/Datasets/FSD50K/FSD50K.dev_audio/349289.wav,knocking,fsd50k,0.0,fsd50k:349289
/Users/rajsingh/Library/CloudStorage/GoogleDrive-singhraj04.jan@gmail.com/My Drive/SAHARA/Datasets/FSD50K/FSD50K.dev_audio/349291.wav,knocking,fsd50k,0.0,fsd50k:349291
/Users/rajsingh/Library/CloudStorage/GoogleDrive-singhraj04.jan@gmail.com/My Drive/SAHARA/Datasets/FSD50K/FSD50K.dev_audio/325228.wav,knocking,fsd50k,0.0,fsd50k:325228
/Users/rajsingh/Library/CloudStorage/GoogleDrive-singhraj04.jan@gmail.com/My Drive/SAHARA/Datasets/FSD50K/FSD50K.dev_audio/349292.wav,knocking,fsd50k,0.0,fsd50k:349292
/Users/rajsingh/Library/CloudStorage/GoogleDrive-singhraj04.jan@gmail.com/My Drive/SAHARA/Datasets/FSD50K/FSD50K.dev_audio/325229.wav,knocking,fsd50k,0.0,fsd50k:325229
/Users/rajsingh/Library/CloudStorage/GoogleDrive-singhraj04.jan@gmail.com/My Drive/SAHARA/Datasets/FSD50K/FSD50K.dev_audio/349294.wav,knocking,fsd50k,0.0,fsd50k:349294
/Users/rajsingh/Library/CloudStorage/GoogleDrive-singhraj04.jan@gmail.com/My Drive/SAHARA/Datasets/FSD50K/FSD50K.dev_audio/349296.wav,knocking,fsd50k,0.0,fsd50k:349296
/Users/rajsingh/Library/CloudStorage/GoogleDrive-singhraj04.jan@gmail.com/My Drive/SAHARA/Datasets/FSD50K/FSD50K.dev_audio/349299.wav,knocking,fsd50k,0.0,fsd50k:349299
/Users/rajsingh/Library/CloudStorage/GoogleDrive-singhraj04.jan@gmail.com/My Drive/SAHARA/Datasets/FSD50K/FSD50K.dev_audio/349304.wav,knocking,fsd50k,0.0,fsd50k:349304
/Users/rajsingh/Library/CloudStorage/GoogleDrive-singhraj04.jan@gmail.com/My Drive/SAHARA/Datasets/FSD50K/FSD50K.dev_audio/349305.wav,knocking,fsd50k,0.0,fsd50k:349305
/Users/rajsingh/Library/CloudStorage/GoogleDrive-singhraj04.jan@gmail.com/My Drive/SAHARA/Datasets/FSD50K/FSD50K.dev_audio/193827.wav,knocking,fsd50k,0.0,fsd50k:193827
/Users/rajsingh/Library/CloudStorage/GoogleDrive-singhraj04.jan@gmail.com/My Drive/SAHARA/Datasets/FSD50K/FSD50K.dev_audio/193829.wav,knocking,fsd50k,0.0,fsd50k:193829
/Users/rajsingh/Library/CloudStorage/GoogleDrive-singhraj04.jan@gmail.com/My Drive/SAHARA/Datasets/FSD50K/FSD50K.dev_audio/217388.wav,knocking,fsd50k,0.0,fsd50k:217388
/Users/rajsingh/Library/CloudStorage/GoogleDrive-singhraj04.jan@gmail.com/My Drive/SAHARA/Datasets/FSD50K/FSD50K.dev_audio/193838.wav,knocking,fsd50k,0.0,fsd50k:193838
/Users/rajsingh/Library/CloudStorage/GoogleDrive-singhraj04.jan@gmail.com/My Drive/SAHARA/Datasets/FSD50K/FSD50K.dev_audio/193841.wav,knocking,fsd50k,0.0,fsd50k:193841
/Users/rajsingh/Library/CloudStorage/GoogleDrive-singhraj04.jan@gmail.com/My Drive/SAHARA/Datasets/FSD50K/FSD50K.dev_audio/193848.wav,knocking,fsd50k,0.0,fsd50k:193848
/Users/rajsingh/Library/CloudStorage/GoogleDrive-singhraj04.jan@gmail.com/My Drive/SAHARA/Datasets/FSD50K/FSD50K.dev_audio/193843.wav,knocking,fsd50k,0.0,fsd50k:193843
/Users/rajsingh/Library/CloudStorage/GoogleDrive-singhraj04.jan@gmail.com/My Drive/SAHARA/Datasets/FSD50K/FSD50K.dev_audio/193854.wav,knocking,fsd50k,0.0,fsd50k:193854
/Users/rajsingh/Library/CloudStorage/GoogleDrive-singhraj04.jan@gmail.com/My Drive/SAHARA/Datasets/FSD50K/FSD50K.dev_audio/193856.wav,knocking,fsd50k,0.0,fsd50k:193856
/Users/rajsingh/Library/CloudStorage/GoogleDrive-singhraj04.jan@gmail.com/My Drive/SAHARA/Datasets/FSD50K/FSD50K.dev_audio/193859.wav,knocking,fsd50k,0.0,fsd50k:193859
/Users/rajsingh/Library/CloudStorage/GoogleDrive-singhraj04.jan@gmail.com/My Drive/SAHARA/Datasets/FSD50K/FSD50K.dev_audio/193861.wav,knocking,fsd50k,0.0,fsd50k:193861
/Users/rajsingh/Library/CloudStorage/GoogleDrive-singhraj04.jan@gmail.com/My Drive/SAHARA/Datasets/FSD50K/FSD50K.dev_audio/193865.wav,knocking,fsd50k,0.0,fsd50k:193865
/Users/rajsingh/Library/CloudStorage/GoogleDrive-singhraj04.jan@gmail.com/My Drive/SAHARA/Datasets/FSD50K/FSD50K.dev_audio/193867.wav,knocking,fsd50k,0.0,fsd50k:193867
/Users/rajsingh/Library/CloudStorage/GoogleDrive-singhraj04.jan@gmail.com/My Drive/SAHARA/Datasets/FSD50K/FSD50K.dev_audio/193869.wav,knocking,fsd50k,0.0,fsd50k:193869
/Users/rajsingh/Library/CloudStorage/GoogleDrive-singhraj04.jan@gmail.com/My Drive/SAHARA/Datasets/FSD50K/FSD50K.dev_audio/218988.wav,knocking,fsd50k,0.0,fsd50k:218988
/Users/rajsingh/Library/CloudStorage/GoogleDrive-singhraj04.jan@gmail.com/My Drive/SAHARA/Datasets/FSD50K/FSD50K.dev_audio/148945.wav,knocking,fsd50k,0.0,fsd50k:148945
/Users/rajsingh/Library/CloudStorage/GoogleDrive-singhraj04.jan@gmail.com/My Drive/SAHARA/Datasets/FSD50K/FSD50K.dev_audio/148946.wav,knocking,fsd50k,0.0,fsd50k:148946
/Users/rajsingh/Library/CloudStorage/GoogleDrive-singhraj04.jan@gmail.com/My Drive/SAHARA/Datasets/FSD50K/FSD50K.dev_audio/323481.wav,knocking,fsd50k,0.0,fsd50k:323481
/Users/rajsingh/Library/CloudStorage/GoogleDrive-singhraj04.jan@gmail.com/My Drive/SAHARA/Datasets/FSD50K/FSD50K.dev_audio/210581.wav,glass_break,fsd50k,0.0,fsd50k:210581
/Users/rajsingh/Library/CloudStorage/GoogleDrive-singhraj04.jan@gmail.com/My Drive/SAHARA/Datasets/FSD50K/FSD50K.dev_audio/335988.wav,knocking,fsd50k,0.0,fsd50k:335988
/Users/rajsingh/Library/CloudStorage/GoogleDrive-singhraj04.jan@gmail.com/My Drive/SAHARA/Datasets/FSD50K/FSD50K.dev_audio/344712.wav,glass_break,fsd50k,0.0,fsd50k:344712
/Users/rajsingh/Library/CloudStorage/GoogleDrive-singhraj04.jan@gmail.com/My Drive/SAHARA/Datasets/FSD50K/FSD50K.dev_audio/60475.wav,glass_break,fsd50k,0.0,fsd50k:60475
/Users/rajsingh/Library/CloudStorage/GoogleDrive-singhraj04.jan@gmail.com/My Drive/SAHARA/Datasets/FSD50K/FSD50K.dev_audio/379184.wav,glass_break,fsd50k,0.0,fsd50k:379184
/Users/rajsingh/Library/CloudStorage/GoogleDrive-singhraj04.jan@gmail.com/My Drive/SAHARA/Datasets/FSD50K/FSD50K.dev_audio/181716.wav,glass_break,fsd50k,0.0,fsd50k:181716
/Users/rajsingh/Library/CloudStorage/GoogleDrive-singhraj04.jan@gmail.com/My Drive/SAHARA/Datasets/FSD50K/FSD50K.dev_audio/259553.wav,glass_break,fsd50k,0.0,fsd50k:259553
/Users/rajsingh/Library/CloudStorage/GoogleDrive-singhraj04.jan@gmail.com/My Drive/SAHARA/Datasets/FSD50K/FSD50K.dev_audio/238409.wav,glass_break,fsd50k,0.0,fsd50k:238409
/Users/rajsingh/Library/CloudStorage/GoogleDrive-singhraj04.jan@gmail.com/My Drive/SAHARA/Datasets/FSD50K/FSD50K.dev_audio/197866.wav,knocking,fsd50k,0.0,fsd50k:197866
/Users/rajsingh/Library/CloudStorage/GoogleDrive-singhraj04.jan@gmail.com/My Drive/SAHARA/Datasets/FSD50K/FSD50K.dev_audio/366205.wav,glass_break,fsd50k,0.0,fsd50k:366205
/Users/rajsingh/Library/CloudStorage/GoogleDrive-singhraj04.jan@gmail.com/My Drive/SAHARA/Datasets/FSD50K/FSD50K.dev_audio/100021.wav,glass_break,fsd50k,0.0,fsd50k:100021
/Users/rajsingh/Library/CloudStorage/GoogleDrive-singhraj04.jan@gmail.com/My Drive/SAHARA/Datasets/FSD50K/FSD50K.dev_audio/220959.wav,glass_break,fsd50k,0.0,fsd50k:220959
/Users/rajsingh/Library/CloudStorage/GoogleDrive-singhraj04.jan@gmail.com/My Drive/SAHARA/Datasets/FSD50K/FSD50K.dev_audio/168258.wav,siren,fsd50k,0.0,fsd50k:168258
/Users/rajsingh/Library/CloudStorage/GoogleDrive-singhraj04.jan@gmail.com/My Drive/SAHARA/Datasets/FSD50K/FSD50K.dev_audio/168258.wav,appliance_beep,fsd50k,0.0,fsd50k:168258
/Users/rajsingh/Library/CloudStorage/GoogleDrive-singhraj04.jan@gmail.com/My Drive/SAHARA/Datasets/FSD50K/FSD50K.dev_audio/402443.wav,knocking,fsd50k,0.0,fsd50k:402443
/Users/rajsingh/Library/CloudStorage/GoogleDrive-singhraj04.jan@gmail.com/My Drive/SAHARA/Datasets/FSD50K/FSD50K.dev_audio/395282.wav,knocking,fsd50k,0.0,fsd50k:395282
/Users/rajsingh/Library/CloudStorage/GoogleDrive-singhraj04.jan@gmail.com/My Drive/SAHARA/Datasets/FSD50K/FSD50K.dev_audio/46136.wav,knocking,fsd50k,0.0,fsd50k:46136
/Users/rajsingh/Library/CloudStorage/GoogleDrive-singhraj04.jan@gmail.com/My Drive/SAHARA/Datasets/FSD50K/FSD50K.dev_audio/349242.wav,knocking,fsd50k,0.0,fsd50k:349242
/Users/rajsingh/Library/CloudStorage/GoogleDrive-singhraj04.jan@gmail.com/My Drive/SAHARA/Datasets/FSD50K/FSD50K.dev_audio/349244.wav,knocking,fsd50k,0.0,fsd50k:349244
/Users/rajsingh/Library/CloudStorage/GoogleDrive-singhraj04.jan@gmail.com/My Drive/SAHARA/Datasets/FSD50K/FSD50K.dev_audio/349284.wav,knocking,fsd50k,0.0,fsd50k:349284
/Users/rajsingh/Library/CloudStorage/GoogleDrive-singhraj04.jan@gmail.com/My Drive/SAHARA/Datasets/FSD50K/FSD50K.dev_audio/349286.wav,knocking,fsd50k,0.0,fsd50k:349286
/Users/rajsingh/Library/CloudStorage/GoogleDrive-singhraj04.jan@gmail.com/My Drive/SAHARA/Datasets/FSD50K/FSD50K.dev_audio/427111.wav,knocking,fsd50k,0.0,fsd50k:427111
/Users/rajsingh/Library/CloudStorage/GoogleDrive-singhraj04.jan@gmail.com/My Drive/SAHARA/Datasets/FSD50K/FSD50K.dev_audio/349290.wav,knocking,fsd50k,0.0,fsd50k:349290
/Users/rajsingh/Library/CloudStorage/GoogleDrive-singhraj04.jan@gmail.com/My Drive/SAHARA/Datasets/FSD50K/FSD50K.dev_audio/349293.wav,knocking,fsd50k,0.0,fsd50k:349293
/Users/rajsingh/Library/CloudStorage/GoogleDrive-singhraj04.jan@gmail.com/My Drive/SAHARA/Datasets/FSD50K/FSD50K.dev_audio/349295.wav,knocking,fsd50k,0.0,fsd50k:349295
/Users/rajsingh/Library/CloudStorage/GoogleDrive-singhraj04.jan@gmail.com/My Drive/SAHARA/Datasets/FSD50K/FSD50K.dev_audio/349297.wav,knocking,fsd50k,0.0,fsd50k:349297
/Users/rajsingh/Library/CloudStorage/GoogleDrive-singhraj04.jan@gmail.com/My Drive/SAHARA/Datasets/FSD50K/FSD50K.dev_audio/349298.wav,knocking,fsd50k,0.0,fsd50k:349298
/Users/rajsingh/Library/CloudStorage/GoogleDrive-singhraj04.jan@gmail.com/My Drive/SAHARA/Datasets/FSD50K/FSD50K.dev_audio/259181.wav,knocking,fsd50k,0.0,fsd50k:259181
/Users/rajsingh/Library/CloudStorage/GoogleDrive-singhraj04.jan@gmail.com/My Drive/SAHARA/Datasets/FSD50K/FSD50K.dev_audio/349301.wav,knocking,fsd50k,0.0,fsd50k:349301
/Users/rajsingh/Library/CloudStorage/GoogleDrive-singhraj04.jan@gmail.com/My Drive/SAHARA/Datasets/FSD50K/FSD50K.dev_audio/349302.wav,knocking,fsd50k,0.0,fsd50k:349302
/Users/rajsingh/Library/CloudStorage/GoogleDrive-singhraj04.jan@gmail.com/My Drive/SAHARA/Datasets/FSD50K/FSD50K.dev_audio/349303.wav,knocking,fsd50k,0.0,fsd50k:349303
/Users/rajsingh/Library/CloudStorage/GoogleDrive-singhraj04.jan@gmail.com/My Drive/SAHARA/Datasets/FSD50K/FSD50K.dev_audio/349306.wav,knocking,fsd50k,0.0,fsd50k:349306
/Users/rajsingh/Library/CloudStorage/GoogleDrive-singhraj04.jan@gmail.com/My Drive/SAHARA/Datasets/FSD50K/FSD50K.dev_audio/349307.wav,knocking,fsd50k,0.0,fsd50k:349307
/Users/rajsingh/Library/CloudStorage/GoogleDrive-singhraj04.jan@gmail.com/My Drive/SAHARA/Datasets/FSD50K/FSD50K.dev_audio/349308.wav,knocking,fsd50k,0.0,fsd50k:349308
/Users/rajsingh/Library/CloudStorage/GoogleDrive-singhraj04.jan@gmail.com/My Drive/SAHARA/Datasets/FSD50K/FSD50K.dev_audio/349309.wav,knocking,fsd50k,0.0,fsd50k:349309
/Users/rajsingh/Library/CloudStorage/GoogleDrive-singhraj04.jan@gmail.com/My Drive/SAHARA/Datasets/FSD50K/FSD50K.dev_audio/349310.wav,knocking,fsd50k,0.0,fsd50k:349310
/Users/rajsingh/Library/CloudStorage/GoogleDrive-singhraj04.jan@gmail.com/My Drive/SAHARA/Datasets/FSD50K/FSD50K.dev_audio/171136.wav,knocking,fsd50k,0.0,fsd50k:171136
/Users/rajsingh/Library/CloudStorage/GoogleDrive-singhraj04.jan@gmail.com/My Drive/SAHARA/Datasets/FSD50K/FSD50K.dev_audio/362633.wav,knocking,fsd50k,0.0,fsd50k:362633
/Users/rajsingh/Library/CloudStorage/GoogleDrive-singhraj04.jan@gmail.com/My Drive/SAHARA/Datasets/FSD50K/FSD50K.dev_audio/410763.wav,knocking,fsd50k,0.0,fsd50k:410763
/Users/rajsingh/Library/CloudStorage/GoogleDrive-singhraj04.jan@gmail.com/My Drive/SAHARA/Datasets/FSD50K/FSD50K.dev_audio/318614.wav,knocking,fsd50k,0.0,fsd50k:318614
/Users/rajsingh/Library/CloudStorage/GoogleDrive-singhraj04.jan@gmail.com/My Drive/SAHARA/Datasets/FSD50K/FSD50K.dev_audio/372917.wav,knocking,fsd50k,0.0,fsd50k:372917
/Users/rajsingh/Library/CloudStorage/GoogleDrive-singhraj04.jan@gmail.com/My Drive/SAHARA/Datasets/FSD50K/FSD50K.dev_audio/412856.wav,knocking,fsd50k,0.0,fsd50k:412856
/Users/rajsingh/Library/CloudStorage/GoogleDrive-singhraj04.jan@gmail.com/My Drive/SAHARA/Datasets/FSD50K/FSD50K.dev_audio/410827.wav,knocking,fsd50k,0.0,fsd50k:410827
/Users/rajsingh/Library/CloudStorage/GoogleDrive-singhraj04.jan@gmail.com/My Drive/SAHARA/Datasets/FSD50K/FSD50K.dev_audio/334043.wav,knocking,fsd50k,0.0,fsd50k:334043
/Users/rajsingh/Library/CloudStorage/GoogleDrive-singhraj04.jan@gmail.com/My Drive/SAHARA/Datasets/FSD50K/FSD50K.dev_audio/232668.wav,knocking,fsd50k,0.0,fsd50k:232668
/Users/rajsingh/Library/CloudStorage/GoogleDrive-singhraj04.jan@gmail.com/My Drive/SAHARA/Datasets/FSD50K/FSD50K.dev_audio/414942.wav,knocking,fsd50k,0.0,fsd50k:414942
/Users/rajsingh/Library/CloudStorage/GoogleDrive-singhraj04.jan@gmail.com/My Drive/SAHARA/Datasets/FSD50K/FSD50K.dev_audio/429312.wav,knocking,fsd50k,0.0,fsd50k:429312
/Users/rajsingh/Library/CloudStorage/GoogleDrive-singhraj04.jan@gmail.com/My Drive/SAHARA/Datasets/FSD50K/FSD50K.dev_audio/193826.wav,knocking,fsd50k,0.0,fsd50k:193826
/Users/rajsingh/Library/CloudStorage/GoogleDrive-singhraj04.jan@gmail.com/My Drive/SAHARA/Datasets/FSD50K/FSD50K.dev_audio/193828.wav,knocking,fsd50k,0.0,fsd50k:193828
/Users/rajsingh/Library/CloudStorage/GoogleDrive-singhraj04.jan@gmail.com/My Drive/SAHARA/Datasets/FSD50K/FSD50K.dev_audio/193830.wav,knocking,fsd50k,0.0,fsd50k:193830
/Users/rajsingh/Library/CloudStorage/GoogleDrive-singhraj04.jan@gmail.com/My Drive/SAHARA/Datasets/FSD50K/FSD50K.dev_audio/193831.wav,knocking,fsd50k,0.0,fsd50k:193831
/Users/rajsingh/Library/CloudStorage/GoogleDrive-singhraj04.jan@gmail.com/My Drive/SAHARA/Datasets/FSD50K/FSD50K.dev_audio/193832.wav,knocking,fsd50k,0.0,fsd50k:193832
/Users/rajsingh/Library/CloudStorage/GoogleDrive-singhraj04.jan@gmail.com/My Drive/SAHARA/Datasets/FSD50K/FSD50K.dev_audio/83241.wav,knocking,fsd50k,0.0,fsd50k:83241
/Users/rajsingh/Library/CloudStorage/GoogleDrive-singhraj04.jan@gmail.com/My Drive/SAHARA/Datasets/FSD50K/FSD50K.dev_audio/193834.wav,knocking,fsd50k,0.0,fsd50k:193834
/Users/rajsingh/Library/CloudStorage/GoogleDrive-singhraj04.jan@gmail.com/My Drive/SAHARA/Datasets/FSD50K/FSD50K.dev_audio/193833.wav,knocking,fsd50k,0.0,fsd50k:193833
/Users/rajsingh/Library/CloudStorage/GoogleDrive-singhraj04.jan@gmail.com/My Drive/SAHARA/Datasets/FSD50K/FSD50K.dev_audio/193835.wav,knocking,fsd50k,0.0,fsd50k:193835
/Users/rajsingh/Library/CloudStorage/GoogleDrive-singhraj04.jan@gmail.com/My Drive/SAHARA/Datasets/FSD50K/FSD50K.dev_audio/193836.wav,knocking,fsd50k,0.0,fsd50k:193836
/Users/rajsingh/Library/CloudStorage/GoogleDrive-singhraj04.jan@gmail.com/My Drive/SAHARA/Datasets/FSD50K/FSD50K.dev_audio/193837.wav,knocking,fsd50k,0.0,fsd50k:193837
/Users/rajsingh/Library/CloudStorage/GoogleDrive-singhraj04.jan@gmail.com/My Drive/SAHARA/Datasets/FSD50K/FSD50K.dev_audio/193839.wav,knocking,fsd50k,0.0,fsd50k:193839
/Users/rajsingh/Library/CloudStorage/GoogleDrive-singhraj04.jan@gmail.com/My Drive/SAHARA/Datasets/FSD50K/FSD50K.dev_audio/193840.wav,knocking,fsd50k,0.0,fsd50k:193840
/Users/rajsingh/Library/CloudStorage/GoogleDrive-singhraj04.jan@gmail.com/My Drive/SAHARA/Datasets/FSD50K/FSD50K.dev_audio/193842.wav,knocking,fsd50k,0.0,fsd50k:193842
/Users/rajsingh/Library/CloudStorage/GoogleDrive-singhraj04.jan@gmail.com/My Drive/SAHARA/Datasets/FSD50K/FSD50K.dev_audio/193844.wav,knocking,fsd50k,0.0,fsd50k:193844
/Users/rajsingh/Library/CloudStorage/GoogleDrive-singhraj04.jan@gmail.com/My Drive/SAHARA/Datasets/FSD50K/FSD50K.dev_audio/193845.wav,knocking,fsd50k,0.0,fsd50k:193845
/Users/rajsingh/Library/CloudStorage/GoogleDrive-singhraj04.jan@gmail.com/My Drive/SAHARA/Datasets/FSD50K/FSD50K.dev_audio/193846.wav,knocking,fsd50k,0.0,fsd50k:193846
/Users/rajsingh/Library/CloudStorage/GoogleDrive-singhraj04.jan@gmail.com/My Drive/SAHARA/Datasets/FSD50K/FSD50K.dev_audio/193847.wav,knocking,fsd50k,0.0,fsd50k:193847
/Users/rajsingh/Library/CloudStorage/GoogleDrive-singhraj04.jan@gmail.com/My Drive/SAHARA/Datasets/FSD50K/FSD50K.dev_audio/193849.wav,knocking,fsd50k,0.0,fsd50k:193849
/Users/rajsingh/Library/CloudStorage/GoogleDrive-singhraj04.jan@gmail.com/My Drive/SAHARA/Datasets/FSD50K/FSD50K.dev_audio/193850.wav,knocking,fsd50k,0.0,fsd50k:193850
/Users/rajsingh/Library/CloudStorage/GoogleDrive-singhraj04.jan@gmail.com/My Drive/SAHARA/Datasets/FSD50K/FSD50K.dev_audio/193855.wav,knocking,fsd50k,0.0,fsd50k:193855
/Users/rajsingh/Library/CloudStorage/GoogleDrive-singhraj04.jan@gmail.com/My Drive/SAHARA/Datasets/FSD50K/FSD50K.dev_audio/233795.wav,knocking,fsd50k,0.0,fsd50k:233795
/Users/rajsingh/Library/CloudStorage/GoogleDrive-singhraj04.jan@gmail.com/My Drive/SAHARA/Datasets/FSD50K/FSD50K.dev_audio/193864.wav,knocking,fsd50k,0.0,fsd50k:193864
/Users/rajsingh/Library/CloudStorage/GoogleDrive-singhraj04.jan@gmail.com/My Drive/SAHARA/Datasets/FSD50K/FSD50K.dev_audio/193857.wav,knocking,fsd50k,0.0,fsd50k:193857
/Users/rajsingh/Library/CloudStorage/GoogleDrive-singhraj04.jan@gmail.com/My Drive/SAHARA/Datasets/FSD50K/FSD50K.dev_audio/193858.wav,knocking,fsd50k,0.0,fsd50k:193858
/Users/rajsingh/Library/CloudStorage/GoogleDrive-singhraj04.jan@gmail.com/My Drive/SAHARA/Datasets/FSD50K/FSD50K.dev_audio/193860.wav,knocking,fsd50k,0.0,fsd50k:193860
/Users/rajsingh/Library/CloudStorage/GoogleDrive-singhraj04.jan@gmail.com/My Drive/SAHARA/Datasets/FSD50K/FSD50K.dev_audio/193870.wav,knocking,fsd50k,0.0,fsd50k:193870
/Users/rajsingh/Library/CloudStorage/GoogleDrive-singhraj04.jan@gmail.com/My Drive/SAHARA/Datasets/FSD50K/FSD50K.dev_audio/193862.wav,knocking,fsd50k,0.0,fsd50k:193862
/Users/rajsingh/Library/CloudStorage/GoogleDrive-singhraj04.jan@gmail.com/My Drive/SAHARA/Datasets/FSD50K/FSD50K.dev_audio/193863.wav,knocking,fsd50k,0.0,fsd50k:193863
/Users/rajsingh/Library/CloudStorage/GoogleDrive-singhraj04.jan@gmail.com/My Drive/SAHARA/Datasets/FSD50K/FSD50K.dev_audio/193866.wav,knocking,fsd50k,0.0,fsd50k:193866
/Users/rajsingh/Library/CloudStorage/GoogleDrive-singhraj04.jan@gmail.com/My Drive/SAHARA/Datasets/FSD50K/FSD50K.dev_audio/193868.wav,knocking,fsd50k,0.0,fsd50k:193868
/Users/rajsingh/Library/CloudStorage/GoogleDrive-singhraj04.jan@gmail.com/My Drive/SAHARA/Datasets/FSD50K/FSD50K.dev_audio/193871.wav,knocking,fsd50k,0.0,fsd50k:193871
/Users/rajsingh/Library/CloudStorage/GoogleDrive-singhraj04.jan@gmail.com/My Drive/SAHARA/Datasets/FSD50K/FSD50K.dev_audio/193872.wav,knocking,fsd50k,0.0,fsd50k:193872
/Users/rajsingh/Library/CloudStorage/GoogleDrive-singhraj04.jan@gmail.com/My Drive/SAHARA/Datasets/FSD50K/FSD50K.dev_audio/193873.wav,knocking,fsd50k,0.0,fsd50k:193873
/Users/rajsingh/Library/CloudStorage/GoogleDrive-singhraj04.jan@gmail.com/My Drive/SAHARA/Datasets/FSD50K/FSD50K.dev_audio/365907.wav,knocking,fsd50k,0.0,fsd50k:365907
/Users/rajsingh/Library/CloudStorage/GoogleDrive-singhraj04.jan@gmail.com/My Drive/SAHARA/Datasets/FSD50K/FSD50K.dev_audio/136544.wav,knocking,fsd50k,0.0,fsd50k:136544
/Users/rajsingh/Library/CloudStorage/GoogleDrive-singhraj04.jan@gmail.com/My Drive/SAHARA/Datasets/FSD50K/FSD50K.dev_audio/77165.wav,knocking,fsd50k,0.0,fsd50k:77165
/Users/rajsingh/Library/CloudStorage/GoogleDrive-singhraj04.jan@gmail.com/My Drive/SAHARA/Datasets/FSD50K/FSD50K.dev_audio/274814.wav,knocking,fsd50k,0.0,fsd50k:274814
/Users/rajsingh/Library/CloudStorage/GoogleDrive-singhraj04.jan@gmail.com/My Drive/SAHARA/Datasets/FSD50K/FSD50K.dev_audio/345474.wav,knocking,fsd50k,0.0,fsd50k:345474
/Users/rajsingh/Library/CloudStorage/GoogleDrive-singhraj04.jan@gmail.com/My Drive/SAHARA/Datasets/FSD50K/FSD50K.dev_audio/426372.wav,knocking,fsd50k,0.0,fsd50k:426372
/Users/rajsingh/Library/CloudStorage/GoogleDrive-singhraj04.jan@gmail.com/My Drive/SAHARA/Datasets/FSD50K/FSD50K.dev_audio/208317.wav,knocking,fsd50k,0.0,fsd50k:208317
/Users/rajsingh/Library/CloudStorage/GoogleDrive-singhraj04.jan@gmail.com/My Drive/SAHARA/Datasets/FSD50K/FSD50K.dev_audio/275912.wav,knocking,fsd50k,0.0,fsd50k:275912
/Users/rajsingh/Library/CloudStorage/GoogleDrive-singhraj04.jan@gmail.com/My Drive/SAHARA/Datasets/FSD50K/FSD50K.dev_audio/188878.wav,knocking,fsd50k,0.0,fsd50k:188878
/Users/rajsingh/Library/CloudStorage/GoogleDrive-singhraj04.jan@gmail.com/My Drive/SAHARA/Datasets/FSD50K/FSD50K.dev_audio/193851.wav,knocking,fsd50k,0.0,fsd50k:193851
/Users/rajsingh/Library/CloudStorage/GoogleDrive-singhraj04.jan@gmail.com/My Drive/SAHARA/Datasets/FSD50K/FSD50K.dev_audio/188883.wav,knocking,fsd50k,0.0,fsd50k:188883
/Users/rajsingh/Library/CloudStorage/GoogleDrive-singhraj04.jan@gmail.com/My Drive/SAHARA/Datasets/FSD50K/FSD50K.dev_audio/193852.wav,knocking,fsd50k,0.0,fsd50k:193852
/Users/rajsingh/Library/CloudStorage/GoogleDrive-singhraj04.jan@gmail.com/My Drive/SAHARA/Datasets/FSD50K/FSD50K.dev_audio/148950.wav,knocking,fsd50k,0.0,fsd50k:148950
/Users/rajsingh/Library/CloudStorage/GoogleDrive-singhraj04.jan@gmail.com/My Drive/SAHARA/Datasets/FSD50K/FSD50K.dev_audio/193853.wav,knocking,fsd50k,0.0,fsd50k:193853
/Users/rajsingh/Library/CloudStorage/GoogleDrive-singhraj04.jan@gmail.com/My Drive/SAHARA/Datasets/FSD50K/FSD50K.dev_audio/232923.wav,knocking,fsd50k,0.0,fsd50k:232923
/Users/rajsingh/Library/CloudStorage/GoogleDrive-singhraj04.jan@gmail.com/My Drive/SAHARA/Datasets/FSD50K/FSD50K.dev_audio/113131.wav,knocking,fsd50k,0.0,fsd50k:113131
/Users/rajsingh/Library/CloudStorage/GoogleDrive-singhraj04.jan@gmail.com/My Drive/SAHARA/Datasets/FSD50K/FSD50K.dev_audio/256512.wav,knocking,fsd50k,0.0,fsd50k:256512
/Users/rajsingh/Library/CloudStorage/GoogleDrive-singhraj04.jan@gmail.com/My Drive/SAHARA/Datasets/FSD50K/FSD50K.dev_audio/120330.wav,knocking,fsd50k,0.0,fsd50k:120330
/Users/rajsingh/Library/CloudStorage/GoogleDrive-singhraj04.jan@gmail.com/My Drive/SAHARA/Datasets/FSD50K/FSD50K.dev_audio/120331.wav,knocking,fsd50k,0.0,fsd50k:120331
/Users/rajsingh/Library/CloudStorage/GoogleDrive-singhraj04.jan@gmail.com/My Drive/SAHARA/Datasets/FSD50K/FSD50K.dev_audio/367129.wav,knocking,fsd50k,0.0,fsd50k:367129
/Users/rajsingh/Library/CloudStorage/GoogleDrive-singhraj04.jan@gmail.com/My Drive/SAHARA/Datasets/FSD50K/FSD50K.dev_audio/315935.wav,knocking,fsd50k,0.0,fsd50k:315935
/Users/rajsingh/Library/CloudStorage/GoogleDrive-singhraj04.jan@gmail.com/My Drive/SAHARA/Datasets/FSD50K/FSD50K.dev_audio/251424.wav,knocking,fsd50k,0.0,fsd50k:251424
/Users/rajsingh/Library/CloudStorage/GoogleDrive-singhraj04.jan@gmail.com/My Drive/SAHARA/Datasets/FSD50K/FSD50K.dev_audio/251426.wav,knocking,fsd50k,0.0,fsd50k:251426
/Users/rajsingh/Library/CloudStorage/GoogleDrive-singhraj04.jan@gmail.com/My Drive/SAHARA/Datasets/FSD50K/FSD50K.dev_audio/32297.wav,knocking,fsd50k,0.0,fsd50k:32297
/Users/rajsingh/Library/CloudStorage/GoogleDrive-singhraj04.jan@gmail.com/My Drive/SAHARA/Datasets/FSD50K/FSD50K.dev_audio/144942.wav,knocking,fsd50k,0.0,fsd50k:144942
/Users/rajsingh/Library/CloudStorage/GoogleDrive-singhraj04.jan@gmail.com/My Drive/SAHARA/Datasets/FSD50K/FSD50K.dev_audio/151088.wav,knocking,fsd50k,0.0,fsd50k:151088
/Users/rajsingh/Library/CloudStorage/GoogleDrive-singhraj04.jan@gmail.com/My Drive/SAHARA/Datasets/FSD50K/FSD50K.dev_audio/144950.wav,knocking,fsd50k,0.0,fsd50k:144950
/Users/rajsingh/Library/CloudStorage/GoogleDrive-singhraj04.jan@gmail.com/My Drive/SAHARA/Datasets/FSD50K/FSD50K.dev_audio/144948.wav,knocking,fsd50k,0.0,fsd50k:144948
/Users/rajsingh/Library/CloudStorage/GoogleDrive-singhraj04.jan@gmail.com/My Drive/SAHARA/Datasets/FSD50K/FSD50K.dev_audio/104000.wav,knocking,fsd50k,0.0,fsd50k:104000
/Users/rajsingh/Library/CloudStorage/GoogleDrive-singhraj04.jan@gmail.com/My Drive/SAHARA/Datasets/FSD50K/FSD50K.dev_audio/104001.wav,knocking,fsd50k,0.0,fsd50k:104001
/Users/rajsingh/Library/CloudStorage/GoogleDrive-singhraj04.jan@gmail.com/My Drive/SAHARA/Datasets/FSD50K/FSD50K.dev_audio/94789.wav,knocking,fsd50k,0.0,fsd50k:94789
/Users/rajsingh/Library/CloudStorage/GoogleDrive-singhraj04.jan@gmail.com/My Drive/SAHARA/Datasets/FSD50K/FSD50K.dev_audio/170574.wav,knocking,fsd50k,0.0,fsd50k:170574
/Users/rajsingh/Library/CloudStorage/GoogleDrive-singhraj04.jan@gmail.com/My Drive/SAHARA/Datasets/FSD50K/FSD50K.dev_audio/325213.wav,knocking,fsd50k,0.0,fsd50k:325213
/Users/rajsingh/Library/CloudStorage/GoogleDrive-singhraj04.jan@gmail.com/My Drive/SAHARA/Datasets/FSD50K/FSD50K.dev_audio/31371.wav,knocking,fsd50k,0.0,fsd50k:31371
/Users/rajsingh/Library/CloudStorage/GoogleDrive-singhraj04.jan@gmail.com/My Drive/SAHARA/Datasets/FSD50K/FSD50K.dev_audio/267931.wav,knocking,fsd50k,0.0,fsd50k:267931
/Users/rajsingh/Library/CloudStorage/GoogleDrive-singhraj04.jan@gmail.com/My Drive/SAHARA/Datasets/FSD50K/FSD50K.dev_audio/377500.wav,knocking,fsd50k,0.0,fsd50k:377500
/Users/rajsingh/Library/CloudStorage/GoogleDrive-singhraj04.jan@gmail.com/My Drive/SAHARA/Datasets/FSD50K/FSD50K.dev_audio/204491.wav,knocking,fsd50k,0.0,fsd50k:204491
/Users/rajsingh/Library/CloudStorage/GoogleDrive-singhraj04.jan@gmail.com/My Drive/SAHARA/Datasets/FSD50K/FSD50K.dev_audio/164567.wav,knocking,fsd50k,0.0,fsd50k:164567
/Users/rajsingh/Library/CloudStorage/GoogleDrive-singhraj04.jan@gmail.com/My Drive/SAHARA/Datasets/FSD50K/FSD50K.dev_audio/133851.wav,knocking,fsd50k,0.0,fsd50k:133851
/Users/rajsingh/Library/CloudStorage/GoogleDrive-singhraj04.jan@gmail.com/My Drive/SAHARA/Datasets/FSD50K/FSD50K.dev_audio/412381.wav,knocking,fsd50k,0.0,fsd50k:412381
/Users/rajsingh/Library/CloudStorage/GoogleDrive-singhraj04.jan@gmail.com/My Drive/SAHARA/Datasets/FSD50K/FSD50K.dev_audio/265968.wav,knocking,fsd50k,0.0,fsd50k:265968
/Users/rajsingh/Library/CloudStorage/GoogleDrive-singhraj04.jan@gmail.com/My Drive/SAHARA/Datasets/FSD50K/FSD50K.dev_audio/222991.wav,knocking,fsd50k,0.0,fsd50k:222991
/Users/rajsingh/Library/CloudStorage/GoogleDrive-singhraj04.jan@gmail.com/My Drive/SAHARA/Datasets/FSD50K/FSD50K.dev_audio/223017.wav,knocking,fsd50k,0.0,fsd50k:223017
/Users/rajsingh/Library/CloudStorage/GoogleDrive-singhraj04.jan@gmail.com/My Drive/SAHARA/Datasets/FSD50K/FSD50K.dev_audio/265003.wav,knocking,fsd50k,0.0,fsd50k:265003
/Users/rajsingh/Library/CloudStorage/GoogleDrive-singhraj04.jan@gmail.com/My Drive/SAHARA/Datasets/FSD50K/FSD50K.dev_audio/268126.wav,knocking,fsd50k,0.0,fsd50k:268126
/Users/rajsingh/Library/CloudStorage/GoogleDrive-singhraj04.jan@gmail.com/My Drive/SAHARA/Datasets/FSD50K/FSD50K.dev_audio/218980.wav,knocking,fsd50k,0.0,fsd50k:218980
/Users/rajsingh/Library/CloudStorage/GoogleDrive-singhraj04.jan@gmail.com/My Drive/SAHARA/Datasets/FSD50K/FSD50K.dev_audio/218984.wav,knocking,fsd50k,0.0,fsd50k:218984
/Users/rajsingh/Library/CloudStorage/GoogleDrive-singhraj04.jan@gmail.com/My Drive/SAHARA/Datasets/FSD50K/FSD50K.dev_audio/218989.wav,knocking,fsd50k,0.0,fsd50k:218989
/Users/rajsingh/Library/CloudStorage/GoogleDrive-singhraj04.jan@gmail.com/My Drive/SAHARA/Datasets/FSD50K/FSD50K.dev_audio/188276.wav,knocking,fsd50k,0.0,fsd50k:188276
/Users/rajsingh/Library/CloudStorage/GoogleDrive-singhraj04.jan@gmail.com/My Drive/SAHARA/Datasets/FSD50K/FSD50K.dev_audio/378742.wav,knocking,fsd50k,0.0,fsd50k:378742
/Users/rajsingh/Library/CloudStorage/GoogleDrive-singhraj04.jan@gmail.com/My Drive/SAHARA/Datasets/FSD50K/FSD50K.dev_audio/137083.wav,knocking,fsd50k,0.0,fsd50k:137083
/Users/rajsingh/Library/CloudStorage/GoogleDrive-singhraj04.jan@gmail.com/My Drive/SAHARA/Datasets/FSD50K/FSD50K.dev_audio/82817.wav,knocking,fsd50k,0.0,fsd50k:82817
/Users/rajsingh/Library/CloudStorage/GoogleDrive-singhraj04.jan@gmail.com/My Drive/SAHARA/Datasets/FSD50K/FSD50K.dev_audio/85919.wav,knocking,fsd50k,0.0,fsd50k:85919
/Users/rajsingh/Library/CloudStorage/GoogleDrive-singhraj04.jan@gmail.com/My Drive/SAHARA/Datasets/FSD50K/FSD50K.dev_audio/180147.wav,knocking,fsd50k,0.0,fsd50k:180147
/Users/rajsingh/Library/CloudStorage/GoogleDrive-singhraj04.jan@gmail.com/My Drive/SAHARA/Datasets/FSD50K/FSD50K.dev_audio/241644.wav,knocking,fsd50k,0.0,fsd50k:241644
/Users/rajsingh/Library/CloudStorage/GoogleDrive-singhraj04.jan@gmail.com/My Drive/SAHARA/Datasets/FSD50K/FSD50K.dev_audio/81001.wav,knocking,fsd50k,0.0,fsd50k:81001
/Users/rajsingh/Library/CloudStorage/GoogleDrive-singhraj04.jan@gmail.com/My Drive/SAHARA/Datasets/FSD50K/FSD50K.dev_audio/396280.wav,knocking,fsd50k,0.0,fsd50k:396280
/Users/rajsingh/Library/CloudStorage/GoogleDrive-singhraj04.jan@gmail.com/My Drive/SAHARA/Datasets/FSD50K/FSD50K.dev_audio/242184.wav,knocking,fsd50k,0.0,fsd50k:242184
/Users/rajsingh/Library/CloudStorage/GoogleDrive-singhraj04.jan@gmail.com/My Drive/SAHARA/Datasets/FSD50K/FSD50K.dev_audio/250539.wav,knocking,fsd50k,0.0,fsd50k:250539
/Users/rajsingh/Library/CloudStorage/GoogleDrive-singhraj04.jan@gmail.com/My Drive/SAHARA/Datasets/FSD50K/FSD50K.dev_audio/428164.wav,knocking,fsd50k,0.0,fsd50k:428164
/Users/rajsingh/Library/CloudStorage/GoogleDrive-singhraj04.jan@gmail.com/My Drive/SAHARA/Datasets/FSD50K/FSD50K.dev_audio/175417.wav,knocking,fsd50k,0.0,fsd50k:175417
/Users/rajsingh/Library/CloudStorage/GoogleDrive-singhraj04.jan@gmail.com/My Drive/SAHARA/Datasets/FSD50K/FSD50K.dev_audio/266600.wav,knocking,fsd50k,0.0,fsd50k:266600
/Users/rajsingh/Library/CloudStorage/GoogleDrive-singhraj04.jan@gmail.com/My Drive/SAHARA/Datasets/FSD50K/FSD50K.dev_audio/34859.wav,knocking,fsd50k,0.0,fsd50k:34859
/Users/rajsingh/Library/CloudStorage/GoogleDrive-singhraj04.jan@gmail.com/My Drive/SAHARA/Datasets/FSD50K/FSD50K.dev_audio/366329.wav,knocking,fsd50k,0.0,fsd50k:366329
/Users/rajsingh/Library/CloudStorage/GoogleDrive-singhraj04.jan@gmail.com/My Drive/SAHARA/Datasets/FSD50K/FSD50K.dev_audio/74754.wav,glass_break,fsd50k,0.0,fsd50k:74754
/Users/rajsingh/Library/CloudStorage/GoogleDrive-singhraj04.jan@gmail.com/My Drive/SAHARA/Datasets/FSD50K/FSD50K.dev_audio/407434.wav,glass_break,fsd50k,0.0,fsd50k:407434
/Users/rajsingh/Library/CloudStorage/GoogleDrive-singhraj04.jan@gmail.com/My Drive/SAHARA/Datasets/FSD50K/FSD50K.dev_audio/339017.wav,glass_break,fsd50k,0.0,fsd50k:339017
/Users/rajsingh/Library/CloudStorage/GoogleDrive-singhraj04.jan@gmail.com/My Drive/SAHARA/Datasets/FSD50K/FSD50K.dev_audio/326990.wav,glass_break,fsd50k,0.0,fsd50k:326990
/Users/rajsingh/Library/CloudStorage/GoogleDrive-singhraj04.jan@gmail.com/My Drive/SAHARA/Datasets/FSD50K/FSD50K.dev_audio/379408.wav,glass_break,fsd50k,0.0,fsd50k:379408
/Users/rajsingh/Library/CloudStorage/GoogleDrive-singhraj04.jan@gmail.com/My Drive/SAHARA/Datasets/FSD50K/FSD50K.dev_audio/182510.wav,glass_break,fsd50k,0.0,fsd50k:182510
/Users/rajsingh/Library/CloudStorage/GoogleDrive-singhraj04.jan@gmail.com/My Drive/SAHARA/Datasets/FSD50K/FSD50K.dev_audio/427389.wav,glass_break,fsd50k,0.0,fsd50k:427389
/Users/rajsingh/Library/CloudStorage/GoogleDrive-singhraj04.jan@gmail.com/My Drive/SAHARA/Datasets/FSD50K/FSD50K.dev_audio/60467.wav,glass_break,fsd50k,0.0,fsd50k:60467
/Users/rajsingh/Library/CloudStorage/GoogleDrive-singhraj04.jan@gmail.com/My Drive/SAHARA/Datasets/FSD50K/FSD50K.dev_audio/60470.wav,glass_break,fsd50k,0.0,fsd50k:60470
/Users/rajsingh/Library/CloudStorage/GoogleDrive-singhraj04.jan@gmail.com/My Drive/SAHARA/Datasets/FSD50K/FSD50K.dev_audio/60471.wav,glass_break,fsd50k,0.0,fsd50k:60471
/Users/rajsingh/Library/CloudStorage/GoogleDrive-singhraj04.jan@gmail.com/My Drive/SAHARA/Datasets/FSD50K/FSD50K.dev_audio/60472.wav,glass_break,fsd50k,0.0,fsd50k:60472
/Users/rajsingh/Library/CloudStorage/GoogleDrive-singhraj04.jan@gmail.com/My Drive/SAHARA/Datasets/FSD50K/FSD50K.dev_audio/60473.wav,glass_break,fsd50k,0.0,fsd50k:60473
/Users/rajsingh/Library/CloudStorage/GoogleDrive-singhraj04.jan@gmail.com/My Drive/SAHARA/Datasets/FSD50K/FSD50K.dev_audio/60477.wav,glass_break,fsd50k,0.0,fsd50k:60477
/Users/rajsingh/Library/CloudStorage/GoogleDrive-singhraj04.jan@gmail.com/My Drive/SAHARA/Datasets/FSD50K/FSD50K.dev_audio/60476.wav,glass_break,fsd50k,0.0,fsd50k:60476
/Users/rajsingh/Library/CloudStorage/GoogleDrive-singhraj04.jan@gmail.com/My Drive/SAHARA/Datasets/FSD50K/FSD50K.dev_audio/60474.wav,glass_break,fsd50k,0.0,fsd50k:60474
/Users/rajsingh/Library/CloudStorage/GoogleDrive-singhraj04.jan@gmail.com/My Drive/SAHARA/Datasets/FSD50K/FSD50K.dev_audio/60469.wav,glass_break,fsd50k,0.0,fsd50k:60469
/Users/rajsingh/Library/CloudStorage/GoogleDrive-singhraj04.jan@gmail.com/My Drive/SAHARA/Datasets/FSD50K/FSD50K.dev_audio/240785.wav,glass_break,fsd50k,0.0,fsd50k:240785
/Users/rajsingh/Library/CloudStorage/GoogleDrive-singhraj04.jan@gmail.com/My Drive/SAHARA/Datasets/FSD50K/FSD50K.dev_audio/214187.wav,glass_break,fsd50k,0.0,fsd50k:214187
/Users/rajsingh/Library/CloudStorage/GoogleDrive-singhraj04.jan@gmail.com/My Drive/SAHARA/Datasets/FSD50K/FSD50K.dev_audio/214188.wav,glass_break,fsd50k,0.0,fsd50k:214188
/Users/rajsingh/Library/CloudStorage/GoogleDrive-singhraj04.jan@gmail.com/My Drive/SAHARA/Datasets/FSD50K/FSD50K.dev_audio/214189.wav,glass_break,fsd50k,0.0,fsd50k:214189
/Users/rajsingh/Library/CloudStorage/GoogleDrive-singhraj04.jan@gmail.com/My Drive/SAHARA/Datasets/FSD50K/FSD50K.dev_audio/214190.wav,glass_break,fsd50k,0.0,fsd50k:214190
/Users/rajsingh/Library/CloudStorage/GoogleDrive-singhraj04.jan@gmail.com/My Drive/SAHARA/Datasets/FSD50K/FSD50K.dev_audio/214191.wav,glass_break,fsd50k,0.0,fsd50k:214191
/Users/rajsingh/Library/CloudStorage/GoogleDrive-singhraj04.jan@gmail.com/My Drive/SAHARA/Datasets/FSD50K/FSD50K.dev_audio/214192.wav,glass_break,fsd50k,0.0,fsd50k:214192
/Users/rajsingh/Library/CloudStorage/GoogleDrive-singhraj04.jan@gmail.com/My Drive/SAHARA/Datasets/FSD50K/FSD50K.dev_audio/214193.wav,glass_break,fsd50k,0.0,fsd50k:214193
/Users/rajsingh/Library/CloudStorage/GoogleDrive-singhraj04.jan@gmail.com/My Drive/SAHARA/Datasets/FSD50K/FSD50K.dev_audio/389432.wav,glass_break,fsd50k,0.0,fsd50k:389432
/Users/rajsingh/Library/CloudStorage/GoogleDrive-singhraj04.jan@gmail.com/My Drive/SAHARA/Datasets/FSD50K/FSD50K.dev_audio/94681.wav,glass_break,fsd50k,0.0,fsd50k:94681
/Users/rajsingh/Library/CloudStorage/GoogleDrive-singhraj04.jan@gmail.com/My Drive/SAHARA/Datasets/FSD50K/FSD50K.dev_audio/94686.wav,glass_break,fsd50k,0.0,fsd50k:94686
/Users/rajsingh/Library/CloudStorage/GoogleDrive-singhraj04.jan@gmail.com/My Drive/SAHARA/Datasets/FSD50K/FSD50K.dev_audio/414217.wav,glass_break,fsd50k,0.0,fsd50k:414217
/Users/rajsingh/Library/CloudStorage/GoogleDrive-singhraj04.jan@gmail.com/My Drive/SAHARA/Datasets/FSD50K/FSD50K.dev_audio/414218.wav,glass_break,fsd50k,0.0,fsd50k:414218
/Users/rajsingh/Library/CloudStorage/GoogleDrive-singhraj04.jan@gmail.com/My Drive/SAHARA/Datasets/FSD50K/FSD50K.dev_audio/414219.wav,glass_break,fsd50k,0.0,fsd50k:414219
/Users/rajsingh/Library/CloudStorage/GoogleDrive-singhraj04.jan@gmail.com/My Drive/SAHARA/Datasets/FSD50K/FSD50K.dev_audio/414220.wav,glass_break,fsd50k,0.0,fsd50k:414220
/Users/rajsingh/Library/CloudStorage/GoogleDrive-singhraj04.jan@gmail.com/My Drive/SAHARA/Datasets/FSD50K/FSD50K.dev_audio/414221.wav,glass_break,fsd50k,0.0,fsd50k:414221
/Users/rajsingh/Library/CloudStorage/GoogleDrive-singhraj04.jan@gmail.com/My Drive/SAHARA/Datasets/FSD50K/FSD50K.dev_audio/414222.wav,glass_break,fsd50k,0.0,fsd50k:414222
/Users/rajsingh/Library/CloudStorage/GoogleDrive-singhraj04.jan@gmail.com/My Drive/SAHARA/Datasets/FSD50K/FSD50K.dev_audio/414223.wav,glass_break,fsd50k,0.0,fsd50k:414223
/Users/rajsingh/Library/CloudStorage/GoogleDrive-singhraj04.jan@gmail.com/My Drive/SAHARA/Datasets/FSD50K/FSD50K.dev_audio/414225.wav,glass_break,fsd50k,0.0,fsd50k:414225
/Users/rajsingh/Library/CloudStorage/GoogleDrive-singhraj04.jan@gmail.com/My Drive/SAHARA/Datasets/FSD50K/FSD50K.dev_audio/88661.wav,glass_break,fsd50k,0.0,fsd50k:88661
/Users/rajsingh/Library/CloudStorage/GoogleDrive-singhraj04.jan@gmail.com/My Drive/SAHARA/Datasets/FSD50K/FSD50K.dev_audio/325253.wav,glass_break,fsd50k,0.0,fsd50k:325253
/Users/rajsingh/Library/CloudStorage/GoogleDrive-singhraj04.jan@gmail.com/My Drive/SAHARA/Datasets/FSD50K/FSD50K.dev_audio/325254.wav,glass_break,fsd50k,0.0,fsd50k:325254
/Users/rajsingh/Library/CloudStorage/GoogleDrive-singhraj04.jan@gmail.com/My Drive/SAHARA/Datasets/FSD50K/FSD50K.dev_audio/322404.wav,glass_break,fsd50k,0.0,fsd50k:322404
/Users/rajsingh/Library/CloudStorage/GoogleDrive-singhraj04.jan@gmail.com/My Drive/SAHARA/Datasets/FSD50K/FSD50K.dev_audio/322406.wav,glass_break,fsd50k,0.0,fsd50k:322406
/Users/rajsingh/Library/CloudStorage/GoogleDrive-singhraj04.jan@gmail.com/My Drive/SAHARA/Datasets/FSD50K/FSD50K.dev_audio/322407.wav,glass_break,fsd50k,0.0,fsd50k:322407
/Users/rajsingh/Library/CloudStorage/GoogleDrive-singhraj04.jan@gmail.com/My Drive/SAHARA/Datasets/FSD50K/FSD50K.dev_audio/255208.wav,glass_break,fsd50k,0.0,fsd50k:255208
/Users/rajsingh/Library/CloudStorage/GoogleDrive-singhraj04.jan@gmail.com/My Drive/SAHARA/Datasets/FSD50K/FSD50K.dev_audio/365519.wav,glass_break,fsd50k,0.0,fsd50k:365519
/Users/rajsingh/Library/CloudStorage/GoogleDrive-singhraj04.jan@gmail.com/My Drive/SAHARA/Datasets/FSD50K/FSD50K.dev_audio/233381.wav,glass_break,fsd50k,0.0,fsd50k:233381
/Users/rajsingh/Library/CloudStorage/GoogleDrive-singhraj04.jan@gmail.com/My Drive/SAHARA/Datasets/FSD50K/FSD50K.dev_audio/2139.wav,glass_break,fsd50k,0.0,fsd50k:2139
/Users/rajsingh/Library/CloudStorage/GoogleDrive-singhraj04.jan@gmail.com/My Drive/SAHARA/Datasets/FSD50K/FSD50K.dev_audio/233586.wav,glass_break,fsd50k,0.0,fsd50k:233586
/Users/rajsingh/Library/CloudStorage/GoogleDrive-singhraj04.jan@gmail.com/My Drive/SAHARA/Datasets/FSD50K/FSD50K.dev_audio/131879.wav,glass_break,fsd50k,0.0,fsd50k:131879
/Users/rajsingh/Library/CloudStorage/GoogleDrive-singhraj04.jan@gmail.com/My Drive/SAHARA/Datasets/FSD50K/FSD50K.dev_audio/394795.wav,glass_break,fsd50k,0.0,fsd50k:394795
/Users/rajsingh/Library/CloudStorage/GoogleDrive-singhraj04.jan@gmail.com/My Drive/SAHARA/Datasets/FSD50K/FSD50K.dev_audio/380669.wav,glass_break,fsd50k,0.0,fsd50k:380669
/Users/rajsingh/Library/CloudStorage/GoogleDrive-singhraj04.jan@gmail.com/My Drive/SAHARA/Datasets/FSD50K/FSD50K.dev_audio/94202.wav,glass_break,fsd50k,0.0,fsd50k:94202
/Users/rajsingh/Library/CloudStorage/GoogleDrive-singhraj04.jan@gmail.com/My Drive/SAHARA/Datasets/FSD50K/FSD50K.dev_audio/94203.wav,glass_break,fsd50k,0.0,fsd50k:94203
/Users/rajsingh/Library/CloudStorage/GoogleDrive-singhraj04.jan@gmail.com/My Drive/SAHARA/Datasets/FSD50K/FSD50K.dev_audio/329557.wav,glass_break,fsd50k,0.0,fsd50k:329557
/Users/rajsingh/Library/CloudStorage/GoogleDrive-singhraj04.jan@gmail.com/My Drive/SAHARA/Datasets/FSD50K/FSD50K.dev_audio/326669.wav,glass_break,fsd50k,0.0,fsd50k:326669
/Users/rajsingh/Library/CloudStorage/GoogleDrive-singhraj04.jan@gmail.com/My Drive/SAHARA/Datasets/FSD50K/FSD50K.dev_audio/381957.wav,siren,fsd50k,0.0,fsd50k:381957
/Users/rajsingh/Library/CloudStorage/GoogleDrive-singhraj04.jan@gmail.com/My Drive/SAHARA/Datasets/FSD50K/FSD50K.dev_audio/381957.wav,appliance_beep,fsd50k,0.0,fsd50k:381957
/Users/rajsingh/Library/CloudStorage/GoogleDrive-singhraj04.jan@gmail.com/My Drive/SAHARA/Datasets/FSD50K/FSD50K.dev_audio/46092.wav,siren,fsd50k,0.0,fsd50k:46092
/Users/rajsingh/Library/CloudStorage/GoogleDrive-singhraj04.jan@gmail.com/My Drive/SAHARA/Datasets/FSD50K/FSD50K.dev_audio/46092.wav,appliance_beep,fsd50k,0.0,fsd50k:46092
/Users/rajsingh/Library/CloudStorage/GoogleDrive-singhraj04.jan@gmail.com/My Drive/SAHARA/Datasets/FSD50K/FSD50K.dev_audio/372251.wav,siren,fsd50k,0.0,fsd50k:372251
/Users/rajsingh/Library/CloudStorage/GoogleDrive-singhraj04.jan@gmail.com/My Drive/SAHARA/Datasets/FSD50K/FSD50K.dev_audio/372251.wav,appliance_beep,fsd50k,0.0,fsd50k:372251
/Users/rajsingh/Library/CloudStorage/GoogleDrive-singhraj04.jan@gmail.com/My Drive/SAHARA/Datasets/FSD50K/FSD50K.dev_audio/332918.wav,siren,fsd50k,0.0,fsd50k:332918
/Users/rajsingh/Library/CloudStorage/GoogleDrive-singhraj04.jan@gmail.com/My Drive/SAHARA/Datasets/FSD50K/FSD50K.dev_audio/332918.wav,appliance_beep,fsd50k,0.0,fsd50k:332918
/Users/rajsingh/Library/CloudStorage/GoogleDrive-singhraj04.jan@gmail.com/My Drive/SAHARA/Datasets/FSD50K/FSD50K.dev_audio/258169.wav,siren,fsd50k,0.0,fsd50k:258169
/Users/rajsingh/Library/CloudStorage/GoogleDrive-singhraj04.jan@gmail.com/My Drive/SAHARA/Datasets/FSD50K/FSD50K.dev_audio/258169.wav,appliance_beep,fsd50k,0.0,fsd50k:258169
/Users/rajsingh/Library/CloudStorage/GoogleDrive-singhraj04.jan@gmail.com/My Drive/SAHARA/Datasets/FSD50K/FSD50K.dev_audio/262278.wav,siren,fsd50k,0.0,fsd50k:262278
/Users/rajsingh/Library/CloudStorage/GoogleDrive-singhraj04.jan@gmail.com/My Drive/SAHARA/Datasets/FSD50K/FSD50K.dev_audio/262278.wav,appliance_beep,fsd50k,0.0,fsd50k:262278
/Users/rajsingh/Library/CloudStorage/GoogleDrive-singhraj04.jan@gmail.com/My Drive/SAHARA/Datasets/FSD50K/FSD50K.dev_audio/382620.wav,siren,fsd50k,0.0,fsd50k:382620
/Users/rajsingh/Library/CloudStorage/GoogleDrive-singhraj04.jan@gmail.com/My Drive/SAHARA/Datasets/FSD50K/FSD50K.dev_audio/382620.wav,appliance_beep,fsd50k,0.0,fsd50k:382620
/Users/rajsingh/Library/CloudStorage/GoogleDrive-singhraj04.jan@gmail.com/My Drive/SAHARA/Datasets/FSD50K/FSD50K.dev_audio/353956.wav,siren,fsd50k,0.0,fsd50k:353956
/Users/rajsingh/Library/CloudStorage/GoogleDrive-singhraj04.jan@gmail.com/My Drive/SAHARA/Datasets/FSD50K/FSD50K.dev_audio/353956.wav,appliance_beep,fsd50k,0.0,fsd50k:353956
/Users/rajsingh/Library/CloudStorage/GoogleDrive-singhraj04.jan@gmail.com/My Drive/SAHARA/Datasets/FSD50K/FSD50K.dev_audio/202418.wav,siren,fsd50k,0.0,fsd50k:202418
/Users/rajsingh/Library/CloudStorage/GoogleDrive-singhraj04.jan@gmail.com/My Drive/SAHARA/Datasets/FSD50K/FSD50K.dev_audio/202418.wav,appliance_beep,fsd50k,0.0,fsd50k:202418
/Users/rajsingh/Library/CloudStorage/GoogleDrive-singhraj04.jan@gmail.com/My Drive/SAHARA/Datasets/FSD50K/FSD50K.dev_audio/324275.wav,siren,fsd50k,0.0,fsd50k:324275
/Users/rajsingh/Library/CloudStorage/GoogleDrive-singhraj04.jan@gmail.com/My Drive/SAHARA/Datasets/FSD50K/FSD50K.dev_audio/324275.wav,appliance_beep,fsd50k,0.0,fsd50k:324275
/Users/rajsingh/Library/CloudStorage/GoogleDrive-singhraj04.jan@gmail.com/My Drive/SAHARA/Datasets/FSD50K/FSD50K.dev_audio/410825.wav,siren,fsd50k,0.0,fsd50k:410825
/Users/rajsingh/Library/CloudStorage/GoogleDrive-singhraj04.jan@gmail.com/My Drive/SAHARA/Datasets/FSD50K/FSD50K.dev_audio/410825.wav,appliance_beep,fsd50k,0.0,fsd50k:410825
/Users/rajsingh/Library/CloudStorage/GoogleDrive-singhraj04.jan@gmail.com/My Drive/SAHARA/Datasets/FSD50K/FSD50K.dev_audio/201945.wav,siren,fsd50k,0.0,fsd50k:201945
/Users/rajsingh/Library/CloudStorage/GoogleDrive-singhraj04.jan@gmail.com/My Drive/SAHARA/Datasets/FSD50K/FSD50K.dev_audio/201945.wav,appliance_beep,fsd50k,0.0,fsd50k:201945
/Users/rajsingh/Library/CloudStorage/GoogleDrive-singhraj04.jan@gmail.com/My Drive/SAHARA/Datasets/FSD50K/FSD50K.dev_audio/208652.wav,siren,fsd50k,0.0,fsd50k:208652
/Users/rajsingh/Library/CloudStorage/GoogleDrive-singhraj04.jan@gmail.com/My Drive/SAHARA/Datasets/FSD50K/FSD50K.dev_audio/208652.wav,appliance_beep,fsd50k,0.0,fsd50k:208652
/Users/rajsingh/Library/CloudStorage/GoogleDrive-singhraj04.jan@gmail.com/My Drive/SAHARA/Datasets/FSD50K/FSD50K.dev_audio/67358.wav,siren,fsd50k,0.0,fsd50k:67358
/Users/rajsingh/Library/CloudStorage/GoogleDrive-singhraj04.jan@gmail.com/My Drive/SAHARA/Datasets/FSD50K/FSD50K.dev_audio/67358.wav,appliance_beep,fsd50k,0.0,fsd50k:67358
/Users/rajsingh/Library/CloudStorage/GoogleDrive-singhraj04.jan@gmail.com/My Drive/SAHARA/Datasets/FSD50K/FSD50K.dev_audio/67359.wav,siren,fsd50k,0.0,fsd50k:67359
/Users/rajsingh/Library/CloudStorage/GoogleDrive-singhraj04.jan@gmail.com/My Drive/SAHARA/Datasets/FSD50K/FSD50K.dev_audio/67359.wav,appliance_beep,fsd50k,0.0,fsd50k:67359
/Users/rajsingh/Library/CloudStorage/GoogleDrive-singhraj04.jan@gmail.com/My Drive/SAHARA/Datasets/FSD50K/FSD50K.dev_audio/377125.wav,siren,fsd50k,0.0,fsd50k:377125
/Users/rajsingh/Library/CloudStorage/GoogleDrive-singhraj04.jan@gmail.com/My Drive/SAHARA/Datasets/FSD50K/FSD50K.dev_audio/377125.wav,appliance_beep,fsd50k,0.0,fsd50k:377125
/Users/rajsingh/Library/CloudStorage/GoogleDrive-singhraj04.jan@gmail.com/My Drive/SAHARA/Datasets/FSD50K/FSD50K.dev_audio/377126.wav,siren,fsd50k,0.0,fsd50k:377126
/Users/rajsingh/Library/CloudStorage/GoogleDrive-singhraj04.jan@gmail.com/My Drive/SAHARA/Datasets/FSD50K/FSD50K.dev_audio/377126.wav,appliance_beep,fsd50k,0.0,fsd50k:377126
/Users/rajsingh/Library/CloudStorage/GoogleDrive-singhraj04.jan@gmail.com/My Drive/SAHARA/Datasets/FSD50K/FSD50K.dev_audio/273750.wav,siren,fsd50k,0.0,fsd50k:273750
/Users/rajsingh/Library/CloudStorage/GoogleDrive-singhraj04.jan@gmail.com/My Drive/SAHARA/Datasets/FSD50K/FSD50K.dev_audio/273750.wav,appliance_beep,fsd50k,0.0,fsd50k:273750
/Users/rajsingh/Library/CloudStorage/GoogleDrive-singhraj04.jan@gmail.com/My Drive/SAHARA/Datasets/FSD50K/FSD50K.dev_audio/87393.wav,siren,fsd50k,0.0,fsd50k:87393
/Users/rajsingh/Library/CloudStorage/GoogleDrive-singhraj04.jan@gmail.com/My Drive/SAHARA/Datasets/FSD50K/FSD50K.dev_audio/87393.wav,appliance_beep,fsd50k,0.0,fsd50k:87393
/Users/rajsingh/Library/CloudStorage/GoogleDrive-singhraj04.jan@gmail.com/My Drive/SAHARA/Datasets/FSD50K/FSD50K.dev_audio/201611.wav,siren,fsd50k,0.0,fsd50k:201611
/Users/rajsingh/Library/CloudStorage/GoogleDrive-singhraj04.jan@gmail.com/My Drive/SAHARA/Datasets/FSD50K/FSD50K.dev_audio/201611.wav,appliance_beep,fsd50k,0.0,fsd50k:201611
/Users/rajsingh/Library/CloudStorage/GoogleDrive-singhraj04.jan@gmail.com/My Drive/SAHARA/Datasets/FSD50K/FSD50K.dev_audio/34733.wav,siren,fsd50k,0.0,fsd50k:34733
/Users/rajsingh/Library/CloudStorage/GoogleDrive-singhraj04.jan@gmail.com/My Drive/SAHARA/Datasets/FSD50K/FSD50K.dev_audio/34733.wav,appliance_beep,fsd50k,0.0,fsd50k:34733
/Users/rajsingh/Library/CloudStorage/GoogleDrive-singhraj04.jan@gmail.com/My Drive/SAHARA/Datasets/FSD50K/FSD50K.dev_audio/326074.wav,siren,fsd50k,0.0,fsd50k:326074
/Users/rajsingh/Library/CloudStorage/GoogleDrive-singhraj04.jan@gmail.com/My Drive/SAHARA/Datasets/FSD50K/FSD50K.dev_audio/326074.wav,appliance_beep,fsd50k,0.0,fsd50k:326074
/Users/rajsingh/Library/CloudStorage/GoogleDrive-singhraj04.jan@gmail.com/My Drive/SAHARA/Datasets/FSD50K/FSD50K.dev_audio/93639.wav,siren,fsd50k,0.0,fsd50k:93639
/Users/rajsingh/Library/CloudStorage/GoogleDrive-singhraj04.jan@gmail.com/My Drive/SAHARA/Datasets/FSD50K/FSD50K.dev_audio/93639.wav,appliance_beep,fsd50k,0.0,fsd50k:93639
/Users/rajsingh/Library/CloudStorage/GoogleDrive-singhraj04.jan@gmail.com/My Drive/SAHARA/Datasets/FSD50K/FSD50K.dev_audio/261593.wav,siren,fsd50k,0.0,fsd50k:261593
/Users/rajsingh/Library/CloudStorage/GoogleDrive-singhraj04.jan@gmail.com/My Drive/SAHARA/Datasets/FSD50K/FSD50K.dev_audio/261593.wav,appliance_beep,fsd50k,0.0,fsd50k:261593
/Users/rajsingh/Library/CloudStorage/GoogleDrive-singhraj04.jan@gmail.com/My Drive/SAHARA/Datasets/FSD50K/FSD50K.dev_audio/324579.wav,siren,fsd50k,0.0,fsd50k:324579
/Users/rajsingh/Library/CloudStorage/GoogleDrive-singhraj04.jan@gmail.com/My Drive/SAHARA/Datasets/FSD50K/FSD50K.dev_audio/324579.wav,appliance_beep,fsd50k,0.0,fsd50k:324579
/Users/rajsingh/Library/CloudStorage/GoogleDrive-singhraj04.jan@gmail.com/My Drive/SAHARA/Datasets/FSD50K/FSD50K.dev_audio/336894.wav,siren,fsd50k,0.0,fsd50k:336894
/Users/rajsingh/Library/CloudStorage/GoogleDrive-singhraj04.jan@gmail.com/My Drive/SAHARA/Datasets/FSD50K/FSD50K.dev_audio/336894.wav,appliance_beep,fsd50k,0.0,fsd50k:336894
/Users/rajsingh/Library/CloudStorage/GoogleDrive-singhraj04.jan@gmail.com/My Drive/SAHARA/Datasets/FSD50K/FSD50K.dev_audio/365734.wav,glass_break,fsd50k,0.0,fsd50k:365734
/Users/rajsingh/Library/CloudStorage/GoogleDrive-singhraj04.jan@gmail.com/My Drive/SAHARA/Datasets/FSD50K/FSD50K.dev_audio/419471.wav,glass_break,fsd50k,0.0,fsd50k:419471
/Users/rajsingh/Library/CloudStorage/GoogleDrive-singhraj04.jan@gmail.com/My Drive/SAHARA/Datasets/FSD50K/FSD50K.dev_audio/243607.wav,appliance_beep,fsd50k,0.0,fsd50k:243607
/Users/rajsingh/Library/CloudStorage/GoogleDrive-singhraj04.jan@gmail.com/My Drive/SAHARA/Datasets/FSD50K/FSD50K.dev_audio/243607.wav,doorbell,fsd50k,0.0,fsd50k:243607
/Users/rajsingh/Library/CloudStorage/GoogleDrive-singhraj04.jan@gmail.com/My Drive/SAHARA/Datasets/FSD50K/FSD50K.dev_audio/250096.wav,appliance_beep,fsd50k,0.0,fsd50k:250096
/Users/rajsingh/Library/CloudStorage/GoogleDrive-singhraj04.jan@gmail.com/My Drive/SAHARA/Datasets/FSD50K/FSD50K.dev_audio/274759.wav,appliance_beep,fsd50k,0.0,fsd50k:274759
/Users/rajsingh/Library/CloudStorage/GoogleDrive-singhraj04.jan@gmail.com/My Drive/SAHARA/Datasets/FSD50K/FSD50K.dev_audio/155769.wav,appliance_beep,fsd50k,0.0,fsd50k:155769
/Users/rajsingh/Library/CloudStorage/GoogleDrive-singhraj04.jan@gmail.com/My Drive/SAHARA/Datasets/FSD50K/FSD50K.dev_audio/155769.wav,doorbell,fsd50k,0.0,fsd50k:155769
/Users/rajsingh/Library/CloudStorage/GoogleDrive-singhraj04.jan@gmail.com/My Drive/SAHARA/Datasets/FSD50K/FSD50K.dev_audio/155770.wav,appliance_beep,fsd50k,0.0,fsd50k:155770
/Users/rajsingh/Library/CloudStorage/GoogleDrive-singhraj04.jan@gmail.com/My Drive/SAHARA/Datasets/FSD50K/FSD50K.dev_audio/155770.wav,doorbell,fsd50k,0.0,fsd50k:155770
/Users/rajsingh/Library/CloudStorage/GoogleDrive-singhraj04.jan@gmail.com/My Drive/SAHARA/Datasets/FSD50K/FSD50K.dev_audio/155776.wav,appliance_beep,fsd50k,0.0,fsd50k:155776
/Users/rajsingh/Library/CloudStorage/GoogleDrive-singhraj04.jan@gmail.com/My Drive/SAHARA/Datasets/FSD50K/FSD50K.dev_audio/155776.wav,doorbell,fsd50k,0.0,fsd50k:155776
/Users/rajsingh/Library/CloudStorage/GoogleDrive-singhraj04.jan@gmail.com/My Drive/SAHARA/Datasets/FSD50K/FSD50K.dev_audio/100634.wav,appliance_beep,fsd50k,0.0,fsd50k:100634
/Users/rajsingh/Library/CloudStorage/GoogleDrive-singhraj04.jan@gmail.com/My Drive/SAHARA/Datasets/FSD50K/FSD50K.dev_audio/100634.wav,doorbell,fsd50k,0.0,fsd50k:100634
/Users/rajsingh/Library/CloudStorage/GoogleDrive-singhraj04.jan@gmail.com/My Drive/SAHARA/Datasets/FSD50K/FSD50K.dev_audio/187306.wav,appliance_beep,fsd50k,0.0,fsd50k:187306
/Users/rajsingh/Library/CloudStorage/GoogleDrive-singhraj04.jan@gmail.com/My Drive/SAHARA/Datasets/FSD50K/FSD50K.dev_audio/187306.wav,doorbell,fsd50k,0.0,fsd50k:187306
/Users/rajsingh/Library/CloudStorage/GoogleDrive-singhraj04.jan@gmail.com/My Drive/SAHARA/Datasets/FSD50K/FSD50K.dev_audio/187314.wav,appliance_beep,fsd50k,0.0,fsd50k:187314
/Users/rajsingh/Library/CloudStorage/GoogleDrive-singhraj04.jan@gmail.com/My Drive/SAHARA/Datasets/FSD50K/FSD50K.dev_audio/187314.wav,doorbell,fsd50k,0.0,fsd50k:187314
/Users/rajsingh/Library/CloudStorage/GoogleDrive-singhraj04.jan@gmail.com/My Drive/SAHARA/Datasets/FSD50K/FSD50K.dev_audio/104670.wav,glass_break,fsd50k,0.0,fsd50k:104670
/Users/rajsingh/Library/CloudStorage/GoogleDrive-singhraj04.jan@gmail.com/My Drive/SAHARA/Datasets/FSD50K/FSD50K.dev_audio/95741.wav,glass_break,fsd50k,0.0,fsd50k:95741
/Users/rajsingh/Library/CloudStorage/GoogleDrive-singhraj04.jan@gmail.com/My Drive/SAHARA/Datasets/FSD50K/FSD50K.dev_audio/176227.wav,glass_break,fsd50k,0.0,fsd50k:176227
/Users/rajsingh/Library/CloudStorage/GoogleDrive-singhraj04.jan@gmail.com/My Drive/SAHARA/Datasets/FSD50K/FSD50K.dev_audio/365193.wav,glass_break,fsd50k,0.0,fsd50k:365193
/Users/rajsingh/Library/CloudStorage/GoogleDrive-singhraj04.jan@gmail.com/My Drive/SAHARA/Datasets/FSD50K/FSD50K.dev_audio/365194.wav,glass_break,fsd50k,0.0,fsd50k:365194
/Users/rajsingh/Library/CloudStorage/GoogleDrive-singhraj04.jan@gmail.com/My Drive/SAHARA/Datasets/FSD50K/FSD50K.dev_audio/57884.wav,appliance_beep,fsd50k,0.0,fsd50k:57884
/Users/rajsingh/Library/CloudStorage/GoogleDrive-singhraj04.jan@gmail.com/My Drive/SAHARA/Datasets/FSD50K/FSD50K.dev_audio/168709.wav,appliance_beep,fsd50k,0.0,fsd50k:168709
/Users/rajsingh/Library/CloudStorage/GoogleDrive-singhraj04.jan@gmail.com/My Drive/SAHARA/Datasets/FSD50K/FSD50K.dev_audio/364805.wav,appliance_beep,fsd50k,0.0,fsd50k:364805
/Users/rajsingh/Library/CloudStorage/GoogleDrive-singhraj04.jan@gmail.com/My Drive/SAHARA/Datasets/FSD50K/FSD50K.dev_audio/364806.wav,appliance_beep,fsd50k,0.0,fsd50k:364806
/Users/rajsingh/Library/CloudStorage/GoogleDrive-singhraj04.jan@gmail.com/My Drive/SAHARA/Datasets/FSD50K/FSD50K.dev_audio/158500.wav,appliance_beep,fsd50k,0.0,fsd50k:158500
/Users/rajsingh/Library/CloudStorage/GoogleDrive-singhraj04.jan@gmail.com/My Drive/SAHARA/Datasets/FSD50K/FSD50K.dev_audio/158501.wav,appliance_beep,fsd50k,0.0,fsd50k:158501
/Users/rajsingh/Library/CloudStorage/GoogleDrive-singhraj04.jan@gmail.com/My Drive/SAHARA/Datasets/FSD50K/FSD50K.dev_audio/158502.wav,appliance_beep,fsd50k,0.0,fsd50k:158502
/Users/rajsingh/Library/CloudStorage/GoogleDrive-singhraj04.jan@gmail.com/My Drive/SAHARA/Datasets/FSD50K/FSD50K.dev_audio/158503.wav,appliance_beep,fsd50k,0.0,fsd50k:158503
/Users/rajsingh/Library/CloudStorage/GoogleDrive-singhraj04.jan@gmail.com/My Drive/SAHARA/Datasets/FSD50K/FSD50K.dev_audio/158504.wav,appliance_beep,fsd50k,0.0,fsd50k:158504
/Users/rajsingh/Library/CloudStorage/GoogleDrive-singhraj04.jan@gmail.com/My Drive/SAHARA/Datasets/FSD50K/FSD50K.dev_audio/158505.wav,appliance_beep,fsd50k,0.0,fsd50k:158505
/Users/rajsingh/Library/CloudStorage/GoogleDrive-singhraj04.jan@gmail.com/My Drive/SAHARA/Datasets/FSD50K/FSD50K.dev_audio/158507.wav,appliance_beep,fsd50k,0.0,fsd50k:158507
/Users/rajsingh/Library/CloudStorage/GoogleDrive-singhraj04.jan@gmail.com/My Drive/SAHARA/Datasets/FSD50K/FSD50K.dev_audio/158509.wav,appliance_beep,fsd50k,0.0,fsd50k:158509
/Users/rajsingh/Library/CloudStorage/GoogleDrive-singhraj04.jan@gmail.com/My Drive/SAHARA/Datasets/FSD50K/FSD50K.dev_audio/323122.wav,appliance_beep,fsd50k,0.0,fsd50k:323122
/Users/rajsingh/Library/CloudStorage/GoogleDrive-singhraj04.jan@gmail.com/My Drive/SAHARA/Datasets/FSD50K/FSD50K.dev_audio/323123.wav,appliance_beep,fsd50k,0.0,fsd50k:323123
/Users/rajsingh/Library/CloudStorage/GoogleDrive-singhraj04.jan@gmail.com/My Drive/SAHARA/Datasets/FSD50K/FSD50K.dev_audio/323125.wav,appliance_beep,fsd50k,0.0,fsd50k:323125
/Users/rajsingh/Library/CloudStorage/GoogleDrive-singhraj04.jan@gmail.com/My Drive/SAHARA/Datasets/FSD50K/FSD50K.dev_audio/323126.wav,appliance_beep,fsd50k,0.0,fsd50k:323126
/Users/rajsingh/Library/CloudStorage/GoogleDrive-singhraj04.jan@gmail.com/My Drive/SAHARA/Datasets/FSD50K/FSD50K.dev_audio/323127.wav,appliance_beep,fsd50k,0.0,fsd50k:323127
/Users/rajsingh/Library/CloudStorage/GoogleDrive-singhraj04.jan@gmail.com/My Drive/SAHARA/Datasets/FSD50K/FSD50K.dev_audio/323128.wav,appliance_beep,fsd50k,0.0,fsd50k:323128
/Users/rajsingh/Library/CloudStorage/GoogleDrive-singhraj04.jan@gmail.com/My Drive/SAHARA/Datasets/FSD50K/FSD50K.dev_audio/323129.wav,appliance_beep,fsd50k,0.0,fsd50k:323129
/Users/rajsingh/Library/CloudStorage/GoogleDrive-singhraj04.jan@gmail.com/My Drive/SAHARA/Datasets/FSD50K/FSD50K.dev_audio/323130.wav,appliance_beep,fsd50k,0.0,fsd50k:323130
/Users/rajsingh/Library/CloudStorage/GoogleDrive-singhraj04.jan@gmail.com/My Drive/SAHARA/Datasets/FSD50K/FSD50K.dev_audio/323131.wav,appliance_beep,fsd50k,0.0,fsd50k:323131
/Users/rajsingh/Library/CloudStorage/GoogleDrive-singhraj04.jan@gmail.com/My Drive/SAHARA/Datasets/FSD50K/FSD50K.dev_audio/323132.wav,appliance_beep,fsd50k,0.0,fsd50k:323132
/Users/rajsingh/Library/CloudStorage/GoogleDrive-singhraj04.jan@gmail.com/My Drive/SAHARA/Datasets/FSD50K/FSD50K.dev_audio/158517.wav,appliance_beep,fsd50k,0.0,fsd50k:158517
/Users/rajsingh/Library/CloudStorage/GoogleDrive-singhraj04.jan@gmail.com/My Drive/SAHARA/Datasets/FSD50K/FSD50K.dev_audio/158519.wav,appliance_beep,fsd50k,0.0,fsd50k:158519
/Users/rajsingh/Library/CloudStorage/GoogleDrive-singhraj04.jan@gmail.com/My Drive/SAHARA/Datasets/FSD50K/FSD50K.dev_audio/383593.wav,appliance_beep,fsd50k,0.0,fsd50k:383593
/Users/rajsingh/Library/CloudStorage/GoogleDrive-singhraj04.jan@gmail.com/My Drive/SAHARA/Datasets/FSD50K/FSD50K.dev_audio/383594.wav,appliance_beep,fsd50k,0.0,fsd50k:383594
/Users/rajsingh/Library/CloudStorage/GoogleDrive-singhraj04.jan@gmail.com/My Drive/SAHARA/Datasets/FSD50K/FSD50K.dev_audio/383596.wav,appliance_beep,fsd50k,0.0,fsd50k:383596
/Users/rajsingh/Library/CloudStorage/GoogleDrive-singhraj04.jan@gmail.com/My Drive/SAHARA/Datasets/FSD50K/FSD50K.dev_audio/383597.wav,appliance_beep,fsd50k,0.0,fsd50k:383597
/Users/rajsingh/Library/CloudStorage/GoogleDrive-singhraj04.jan@gmail.com/My Drive/SAHARA/Datasets/FSD50K/FSD50K.dev_audio/383598.wav,appliance_beep,fsd50k,0.0,fsd50k:383598
/Users/rajsingh/Library/CloudStorage/GoogleDrive-singhraj04.jan@gmail.com/My Drive/SAHARA/Datasets/FSD50K/FSD50K.dev_audio/383599.wav,appliance_beep,fsd50k,0.0,fsd50k:383599
/Users/rajsingh/Library/CloudStorage/GoogleDrive-singhraj04.jan@gmail.com/My Drive/SAHARA/Datasets/FSD50K/FSD50K.dev_audio/383600.wav,appliance_beep,fsd50k,0.0,fsd50k:383600
/Users/rajsingh/Library/CloudStorage/GoogleDrive-singhraj04.jan@gmail.com/My Drive/SAHARA/Datasets/FSD50K/FSD50K.dev_audio/383601.wav,appliance_beep,fsd50k,0.0,fsd50k:383601
/Users/rajsingh/Library/CloudStorage/GoogleDrive-singhraj04.jan@gmail.com/My Drive/SAHARA/Datasets/FSD50K/FSD50K.dev_audio/383602.wav,appliance_beep,fsd50k,0.0,fsd50k:383602
/Users/rajsingh/Library/CloudStorage/GoogleDrive-singhraj04.jan@gmail.com/My Drive/SAHARA/Datasets/FSD50K/FSD50K.dev_audio/193395.wav,appliance_beep,fsd50k,0.0,fsd50k:193395
/Users/rajsingh/Library/CloudStorage/GoogleDrive-singhraj04.jan@gmail.com/My Drive/SAHARA/Datasets/FSD50K/FSD50K.dev_audio/328823.wav,appliance_beep,fsd50k,0.0,fsd50k:328823
/Users/rajsingh/Library/CloudStorage/GoogleDrive-singhraj04.jan@gmail.com/My Drive/SAHARA/Datasets/FSD50K/FSD50K.dev_audio/78968.wav,appliance_beep,fsd50k,0.0,fsd50k:78968
/Users/rajsingh/Library/CloudStorage/GoogleDrive-singhraj04.jan@gmail.com/My Drive/SAHARA/Datasets/FSD50K/FSD50K.dev_audio/328825.wav,appliance_beep,fsd50k,0.0,fsd50k:328825
/Users/rajsingh/Library/CloudStorage/GoogleDrive-singhraj04.jan@gmail.com/My Drive/SAHARA/Datasets/FSD50K/FSD50K.dev_audio/328826.wav,appliance_beep,fsd50k,0.0,fsd50k:328826
/Users/rajsingh/Library/CloudStorage/GoogleDrive-singhraj04.jan@gmail.com/My Drive/SAHARA/Datasets/FSD50K/FSD50K.dev_audio/328824.wav,appliance_beep,fsd50k,0.0,fsd50k:328824
/Users/rajsingh/Library/CloudStorage/GoogleDrive-singhraj04.jan@gmail.com/My Drive/SAHARA/Datasets/FSD50K/FSD50K.dev_audio/78969.wav,appliance_beep,fsd50k,0.0,fsd50k:78969
/Users/rajsingh/Library/CloudStorage/GoogleDrive-singhraj04.jan@gmail.com/My Drive/SAHARA/Datasets/FSD50K/FSD50K.dev_audio/328827.wav,appliance_beep,fsd50k,0.0,fsd50k:328827
/Users/rajsingh/Library/CloudStorage/GoogleDrive-singhraj04.jan@gmail.com/My Drive/SAHARA/Datasets/FSD50K/FSD50K.dev_audio/267900.wav,appliance_beep,fsd50k,0.0,fsd50k:267900
/Users/rajsingh/Library/CloudStorage/GoogleDrive-singhraj04.jan@gmail.com/My Drive/SAHARA/Datasets/FSD50K/FSD50K.dev_audio/267901.wav,appliance_beep,fsd50k,0.0,fsd50k:267901
/Users/rajsingh/Library/CloudStorage/GoogleDrive-singhraj04.jan@gmail.com/My Drive/SAHARA/Datasets/FSD50K/FSD50K.dev_audio/383623.wav,appliance_beep,fsd50k,0.0,fsd50k:383623
/Users/rajsingh/Library/CloudStorage/GoogleDrive-singhraj04.jan@gmail.com/My Drive/SAHARA/Datasets/FSD50K/FSD50K.dev_audio/383624.wav,appliance_beep,fsd50k,0.0,fsd50k:383624
/Users/rajsingh/Library/CloudStorage/GoogleDrive-singhraj04.jan@gmail.com/My Drive/SAHARA/Datasets/FSD50K/FSD50K.dev_audio/78985.wav,appliance_beep,fsd50k,0.0,fsd50k:78985
/Users/rajsingh/Library/CloudStorage/GoogleDrive-singhraj04.jan@gmail.com/My Drive/SAHARA/Datasets/FSD50K/FSD50K.dev_audio/383626.wav,appliance_beep,fsd50k,0.0,fsd50k:383626
/Users/rajsingh/Library/CloudStorage/GoogleDrive-singhraj04.jan@gmail.com/My Drive/SAHARA/Datasets/FSD50K/FSD50K.dev_audio/383627.wav,appliance_beep,fsd50k,0.0,fsd50k:383627
/Users/rajsingh/Library/CloudStorage/GoogleDrive-singhraj04.jan@gmail.com/My Drive/SAHARA/Datasets/FSD50K/FSD50K.dev_audio/383628.wav,appliance_beep,fsd50k,0.0,fsd50k:383628
/Users/rajsingh/Library/CloudStorage/GoogleDrive-singhraj04.jan@gmail.com/My Drive/SAHARA/Datasets/FSD50K/FSD50K.dev_audio/383630.wav,appliance_beep,fsd50k,0.0,fsd50k:383630
/Users/rajsingh/Library/CloudStorage/GoogleDrive-singhraj04.jan@gmail.com/My Drive/SAHARA/Datasets/FSD50K/FSD50K.dev_audio/383631.wav,appliance_beep,fsd50k,0.0,fsd50k:383631
/Users/rajsingh/Library/CloudStorage/GoogleDrive-singhraj04.jan@gmail.com/My Drive/SAHARA/Datasets/FSD50K/FSD50K.dev_audio/383625.wav,appliance_beep,fsd50k,0.0,fsd50k:383625
/Users/rajsingh/Library/CloudStorage/GoogleDrive-singhraj04.jan@gmail.com/My Drive/SAHARA/Datasets/FSD50K/FSD50K.dev_audio/265644.wav,appliance_beep,fsd50k,0.0,fsd50k:265644
/Users/rajsingh/Library/CloudStorage/GoogleDrive-singhraj04.jan@gmail.com/My Drive/SAHARA/Datasets/FSD50K/FSD50K.dev_audio/326353.wav,appliance_beep,fsd50k,0.0,fsd50k:326353
/Users/rajsingh/Library/CloudStorage/GoogleDrive-singhraj04.jan@gmail.com/My Drive/SAHARA/Datasets/FSD50K/FSD50K.dev_audio/156121.wav,appliance_beep,fsd50k,0.0,fsd50k:156121
/Users/rajsingh/Library/CloudStorage/GoogleDrive-singhraj04.jan@gmail.com/My Drive/SAHARA/Datasets/FSD50K/FSD50K.dev_audio/156122.wav,appliance_beep,fsd50k,0.0,fsd50k:156122
/Users/rajsingh/Library/CloudStorage/GoogleDrive-singhraj04.jan@gmail.com/My Drive/SAHARA/Datasets/FSD50K/FSD50K.dev_audio/156123.wav,appliance_beep,fsd50k,0.0,fsd50k:156123
/Users/rajsingh/Library/CloudStorage/GoogleDrive-singhraj04.jan@gmail.com/My Drive/SAHARA/Datasets/FSD50K/FSD50K.dev_audio/156124.wav,appliance_beep,fsd50k,0.0,fsd50k:156124
/Users/rajsingh/Library/CloudStorage/GoogleDrive-singhraj04.jan@gmail.com/My Drive/SAHARA/Datasets/FSD50K/FSD50K.dev_audio/156125.wav,appliance_beep,fsd50k,0.0,fsd50k:156125
/Users/rajsingh/Library/CloudStorage/GoogleDrive-singhraj04.jan@gmail.com/My Drive/SAHARA/Datasets/FSD50K/FSD50K.dev_audio/156126.wav,appliance_beep,fsd50k,0.0,fsd50k:156126
/Users/rajsingh/Library/CloudStorage/GoogleDrive-singhraj04.jan@gmail.com/My Drive/SAHARA/Datasets/FSD50K/FSD50K.dev_audio/318193.wav,appliance_beep,fsd50k,0.0,fsd50k:318193
/Users/rajsingh/Library/CloudStorage/GoogleDrive-singhraj04.jan@gmail.com/My Drive/SAHARA/Datasets/FSD50K/FSD50K.dev_audio/262648.wav,appliance_beep,fsd50k,0.0,fsd50k:262648
/Users/rajsingh/Library/CloudStorage/GoogleDrive-singhraj04.jan@gmail.com/My Drive/SAHARA/Datasets/FSD50K/FSD50K.dev_audio/404098.wav,appliance_beep,fsd50k,0.0,fsd50k:404098
/Users/rajsingh/Library/CloudStorage/GoogleDrive-singhraj04.jan@gmail.com/My Drive/SAHARA/Datasets/FSD50K/FSD50K.dev_audio/404099.wav,appliance_beep,fsd50k,0.0,fsd50k:404099
/Users/rajsingh/Library/CloudStorage/GoogleDrive-singhraj04.jan@gmail.com/My Drive/SAHARA/Datasets/FSD50K/FSD50K.dev_audio/404100.wav,appliance_beep,fsd50k,0.0,fsd50k:404100
/Users/rajsingh/Library/CloudStorage/GoogleDrive-singhraj04.jan@gmail.com/My Drive/SAHARA/Datasets/FSD50K/FSD50K.dev_audio/173000.wav,appliance_beep,fsd50k,0.0,fsd50k:173000
/Users/rajsingh/Library/CloudStorage/GoogleDrive-singhraj04.jan@gmail.com/My Drive/SAHARA/Datasets/FSD50K/FSD50K.dev_audio/173001.wav,appliance_beep,fsd50k,0.0,fsd50k:173001
/Users/rajsingh/Library/CloudStorage/GoogleDrive-singhraj04.jan@gmail.com/My Drive/SAHARA/Datasets/FSD50K/FSD50K.dev_audio/360842.wav,appliance_beep,fsd50k,0.0,fsd50k:360842
/Users/rajsingh/Library/CloudStorage/GoogleDrive-singhraj04.jan@gmail.com/My Drive/SAHARA/Datasets/FSD50K/FSD50K.dev_audio/253982.wav,appliance_beep,fsd50k,0.0,fsd50k:253982
/Users/rajsingh/Library/CloudStorage/GoogleDrive-singhraj04.jan@gmail.com/My Drive/SAHARA/Datasets/FSD50K/FSD50K.dev_audio/253982.wav,doorbell,fsd50k,0.0,fsd50k:253982
/Users/rajsingh/Library/CloudStorage/GoogleDrive-singhraj04.jan@gmail.com/My Drive/SAHARA/Datasets/FSD50K/FSD50K.dev_audio/267322.wav,appliance_beep,fsd50k,0.0,fsd50k:267322
/Users/rajsingh/Library/CloudStorage/GoogleDrive-singhraj04.jan@gmail.com/My Drive/SAHARA/Datasets/FSD50K/FSD50K.dev_audio/334492.wav,appliance_beep,fsd50k,0.0,fsd50k:334492
/Users/rajsingh/Library/CloudStorage/GoogleDrive-singhraj04.jan@gmail.com/My Drive/SAHARA/Datasets/FSD50K/FSD50K.dev_audio/177877.wav,appliance_beep,fsd50k,0.0,fsd50k:177877
/Users/rajsingh/Library/CloudStorage/GoogleDrive-singhraj04.jan@gmail.com/My Drive/SAHARA/Datasets/FSD50K/FSD50K.dev_audio/144224.wav,appliance_beep,fsd50k,0.0,fsd50k:144224
/Users/rajsingh/Library/CloudStorage/GoogleDrive-singhraj04.jan@gmail.com/My Drive/SAHARA/Datasets/FSD50K/FSD50K.dev_audio/144226.wav,appliance_beep,fsd50k,0.0,fsd50k:144226
/Users/rajsingh/Library/CloudStorage/GoogleDrive-singhraj04.jan@gmail.com/My Drive/SAHARA/Datasets/FSD50K/FSD50K.dev_audio/264153.wav,appliance_beep,fsd50k,0.0,fsd50k:264153
/Users/rajsingh/Library/CloudStorage/GoogleDrive-singhraj04.jan@gmail.com/My Drive/SAHARA/Datasets/FSD50K/FSD50K.dev_audio/125967.wav,appliance_beep,fsd50k,0.0,fsd50k:125967
/Users/rajsingh/Library/CloudStorage/GoogleDrive-singhraj04.jan@gmail.com/My Drive/SAHARA/Datasets/FSD50K/FSD50K.dev_audio/125967.wav,doorbell,fsd50k,0.0,fsd50k:125967
/Users/rajsingh/Library/CloudStorage/GoogleDrive-singhraj04.jan@gmail.com/My Drive/SAHARA/Datasets/FSD50K/FSD50K.dev_audio/347677.wav,appliance_beep,fsd50k,0.0,fsd50k:347677
/Users/rajsingh/Library/CloudStorage/GoogleDrive-singhraj04.jan@gmail.com/My Drive/SAHARA/Datasets/FSD50K/FSD50K.dev_audio/347677.wav,doorbell,fsd50k,0.0,fsd50k:347677
/Users/rajsingh/Library/CloudStorage/GoogleDrive-singhraj04.jan@gmail.com/My Drive/SAHARA/Datasets/FSD50K/FSD50K.dev_audio/29726.wav,appliance_beep,fsd50k,0.0,fsd50k:29726
/Users/rajsingh/Library/CloudStorage/GoogleDrive-singhraj04.jan@gmail.com/My Drive/SAHARA/Datasets/FSD50K/FSD50K.dev_audio/29726.wav,doorbell,fsd50k,0.0,fsd50k:29726
/Users/rajsingh/Library/CloudStorage/GoogleDrive-singhraj04.jan@gmail.com/My Drive/SAHARA/Datasets/FSD50K/FSD50K.dev_audio/426019.wav,appliance_beep,fsd50k,0.0,fsd50k:426019
/Users/rajsingh/Library/CloudStorage/GoogleDrive-singhraj04.jan@gmail.com/My Drive/SAHARA/Datasets/FSD50K/FSD50K.dev_audio/426019.wav,doorbell,fsd50k,0.0,fsd50k:426019
/Users/rajsingh/Library/CloudStorage/GoogleDrive-singhraj04.jan@gmail.com/My Drive/SAHARA/Datasets/FSD50K/FSD50K.dev_audio/418867.wav,appliance_beep,fsd50k,0.0,fsd50k:418867
/Users/rajsingh/Library/CloudStorage/GoogleDrive-singhraj04.jan@gmail.com/My Drive/SAHARA/Datasets/FSD50K/FSD50K.dev_audio/418867.wav,doorbell,fsd50k,0.0,fsd50k:418867
/Users/rajsingh/Library/CloudStorage/GoogleDrive-singhraj04.jan@gmail.com/My Drive/SAHARA/Datasets/FSD50K/FSD50K.dev_audio/332858.wav,appliance_beep,fsd50k,0.0,fsd50k:332858
/Users/rajsingh/Library/CloudStorage/GoogleDrive-singhraj04.jan@gmail.com/My Drive/SAHARA/Datasets/FSD50K/FSD50K.dev_audio/332858.wav,doorbell,fsd50k,0.0,fsd50k:332858
/Users/rajsingh/Library/CloudStorage/GoogleDrive-singhraj04.jan@gmail.com/My Drive/SAHARA/Datasets/FSD50K/FSD50K.dev_audio/69182.wav,appliance_beep,fsd50k,0.0,fsd50k:69182
/Users/rajsingh/Library/CloudStorage/GoogleDrive-singhraj04.jan@gmail.com/My Drive/SAHARA/Datasets/FSD50K/FSD50K.dev_audio/69182.wav,doorbell,fsd50k,0.0,fsd50k:69182
/Users/rajsingh/Library/CloudStorage/GoogleDrive-singhraj04.jan@gmail.com/My Drive/SAHARA/Datasets/FSD50K/FSD50K.dev_audio/69185.wav,appliance_beep,fsd50k,0.0,fsd50k:69185
/Users/rajsingh/Library/CloudStorage/GoogleDrive-singhraj04.jan@gmail.com/My Drive/SAHARA/Datasets/FSD50K/FSD50K.dev_audio/69185.wav,doorbell,fsd50k,0.0,fsd50k:69185
/Users/rajsingh/Library/CloudStorage/GoogleDrive-singhraj04.jan@gmail.com/My Drive/SAHARA/Datasets/FSD50K/FSD50K.dev_audio/417858.wav,appliance_beep,fsd50k,0.0,fsd50k:417858
/Users/rajsingh/Library/CloudStorage/GoogleDrive-singhraj04.jan@gmail.com/My Drive/SAHARA/Datasets/FSD50K/FSD50K.dev_audio/417858.wav,doorbell,fsd50k,0.0,fsd50k:417858
/Users/rajsingh/Library/CloudStorage/GoogleDrive-singhraj04.jan@gmail.com/My Drive/SAHARA/Datasets/FSD50K/FSD50K.dev_audio/319041.wav,appliance_beep,fsd50k,0.0,fsd50k:319041
/Users/rajsingh/Library/CloudStorage/GoogleDrive-singhraj04.jan@gmail.com/My Drive/SAHARA/Datasets/FSD50K/FSD50K.dev_audio/319041.wav,doorbell,fsd50k,0.0,fsd50k:319041
/Users/rajsingh/Library/CloudStorage/GoogleDrive-singhraj04.jan@gmail.com/My Drive/SAHARA/Datasets/FSD50K/FSD50K.dev_audio/77892.wav,appliance_beep,fsd50k,0.0,fsd50k:77892
/Users/rajsingh/Library/CloudStorage/GoogleDrive-singhraj04.jan@gmail.com/My Drive/SAHARA/Datasets/FSD50K/FSD50K.dev_audio/77892.wav,doorbell,fsd50k,0.0,fsd50k:77892
/Users/rajsingh/Library/CloudStorage/GoogleDrive-singhraj04.jan@gmail.com/My Drive/SAHARA/Datasets/FSD50K/FSD50K.dev_audio/371782.wav,appliance_beep,fsd50k,0.0,fsd50k:371782
/Users/rajsingh/Library/CloudStorage/GoogleDrive-singhraj04.jan@gmail.com/My Drive/SAHARA/Datasets/FSD50K/FSD50K.dev_audio/371782.wav,doorbell,fsd50k,0.0,fsd50k:371782
/Users/rajsingh/Library/CloudStorage/GoogleDrive-singhraj04.jan@gmail.com/My Drive/SAHARA/Datasets/FSD50K/FSD50K.dev_audio/347216.wav,appliance_beep,fsd50k,0.0,fsd50k:347216
/Users/rajsingh/Library/CloudStorage/GoogleDrive-singhraj04.jan@gmail.com/My Drive/SAHARA/Datasets/FSD50K/FSD50K.dev_audio/347216.wav,doorbell,fsd50k,0.0,fsd50k:347216
/Users/rajsingh/Library/CloudStorage/GoogleDrive-singhraj04.jan@gmail.com/My Drive/SAHARA/Datasets/FSD50K/FSD50K.dev_audio/347217.wav,appliance_beep,fsd50k,0.0,fsd50k:347217
/Users/rajsingh/Library/CloudStorage/GoogleDrive-singhraj04.jan@gmail.com/My Drive/SAHARA/Datasets/FSD50K/FSD50K.dev_audio/347217.wav,doorbell,fsd50k,0.0,fsd50k:347217
/Users/rajsingh/Library/CloudStorage/GoogleDrive-singhraj04.jan@gmail.com/My Drive/SAHARA/Datasets/FSD50K/FSD50K.dev_audio/110165.wav,appliance_beep,fsd50k,0.0,fsd50k:110165
/Users/rajsingh/Library/CloudStorage/GoogleDrive-singhraj04.jan@gmail.com/My Drive/SAHARA/Datasets/FSD50K/FSD50K.dev_audio/110165.wav,doorbell,fsd50k,0.0,fsd50k:110165
/Users/rajsingh/Library/CloudStorage/GoogleDrive-singhraj04.jan@gmail.com/My Drive/SAHARA/Datasets/FSD50K/FSD50K.dev_audio/407637.wav,appliance_beep,fsd50k,0.0,fsd50k:407637
/Users/rajsingh/Library/CloudStorage/GoogleDrive-singhraj04.jan@gmail.com/My Drive/SAHARA/Datasets/FSD50K/FSD50K.dev_audio/407637.wav,doorbell,fsd50k,0.0,fsd50k:407637
/Users/rajsingh/Library/CloudStorage/GoogleDrive-singhraj04.jan@gmail.com/My Drive/SAHARA/Datasets/FSD50K/FSD50K.dev_audio/275564.wav,appliance_beep,fsd50k,0.0,fsd50k:275564
/Users/rajsingh/Library/CloudStorage/GoogleDrive-singhraj04.jan@gmail.com/My Drive/SAHARA/Datasets/FSD50K/FSD50K.dev_audio/275564.wav,doorbell,fsd50k,0.0,fsd50k:275564
/Users/rajsingh/Library/CloudStorage/GoogleDrive-singhraj04.jan@gmail.com/My Drive/SAHARA/Datasets/FSD50K/FSD50K.dev_audio/275565.wav,appliance_beep,fsd50k,0.0,fsd50k:275565
/Users/rajsingh/Library/CloudStorage/GoogleDrive-singhraj04.jan@gmail.com/My Drive/SAHARA/Datasets/FSD50K/FSD50K.dev_audio/275565.wav,doorbell,fsd50k,0.0,fsd50k:275565
/Users/rajsingh/Library/CloudStorage/GoogleDrive-singhraj04.jan@gmail.com/My Drive/SAHARA/Datasets/FSD50K/FSD50K.dev_audio/275566.wav,appliance_beep,fsd50k,0.0,fsd50k:275566
/Users/rajsingh/Library/CloudStorage/GoogleDrive-singhraj04.jan@gmail.com/My Drive/SAHARA/Datasets/FSD50K/FSD50K.dev_audio/275566.wav,doorbell,fsd50k,0.0,fsd50k:275566
/Users/rajsingh/Library/CloudStorage/GoogleDrive-singhraj04.jan@gmail.com/My Drive/SAHARA/Datasets/FSD50K/FSD50K.dev_audio/87151.wav,appliance_beep,fsd50k,0.0,fsd50k:87151
/Users/rajsingh/Library/CloudStorage/GoogleDrive-singhraj04.jan@gmail.com/My Drive/SAHARA/Datasets/FSD50K/FSD50K.dev_audio/87151.wav,doorbell,fsd50k,0.0,fsd50k:87151
/Users/rajsingh/Library/CloudStorage/GoogleDrive-singhraj04.jan@gmail.com/My Drive/SAHARA/Datasets/FSD50K/FSD50K.dev_audio/275567.wav,appliance_beep,fsd50k,0.0,fsd50k:275567
/Users/rajsingh/Library/CloudStorage/GoogleDrive-singhraj04.jan@gmail.com/My Drive/SAHARA/Datasets/FSD50K/FSD50K.dev_audio/275567.wav,doorbell,fsd50k,0.0,fsd50k:275567
/Users/rajsingh/Library/CloudStorage/GoogleDrive-singhraj04.jan@gmail.com/My Drive/SAHARA/Datasets/FSD50K/FSD50K.dev_audio/275569.wav,appliance_beep,fsd50k,0.0,fsd50k:275569
/Users/rajsingh/Library/CloudStorage/GoogleDrive-singhraj04.jan@gmail.com/My Drive/SAHARA/Datasets/FSD50K/FSD50K.dev_audio/275569.wav,doorbell,fsd50k,0.0,fsd50k:275569
/Users/rajsingh/Library/CloudStorage/GoogleDrive-singhraj04.jan@gmail.com/My Drive/SAHARA/Datasets/FSD50K/FSD50K.dev_audio/275568.wav,appliance_beep,fsd50k,0.0,fsd50k:275568
/Users/rajsingh/Library/CloudStorage/GoogleDrive-singhraj04.jan@gmail.com/My Drive/SAHARA/Datasets/FSD50K/FSD50K.dev_audio/275568.wav,doorbell,fsd50k,0.0,fsd50k:275568
/Users/rajsingh/Library/CloudStorage/GoogleDrive-singhraj04.jan@gmail.com/My Drive/SAHARA/Datasets/FSD50K/FSD50K.dev_audio/275570.wav,appliance_beep,fsd50k,0.0,fsd50k:275570
/Users/rajsingh/Library/CloudStorage/GoogleDrive-singhraj04.jan@gmail.com/My Drive/SAHARA/Datasets/FSD50K/FSD50K.dev_audio/275570.wav,doorbell,fsd50k,0.0,fsd50k:275570
/Users/rajsingh/Library/CloudStorage/GoogleDrive-singhraj04.jan@gmail.com/My Drive/SAHARA/Datasets/FSD50K/FSD50K.dev_audio/275571.wav,appliance_beep,fsd50k,0.0,fsd50k:275571
/Users/rajsingh/Library/CloudStorage/GoogleDrive-singhraj04.jan@gmail.com/My Drive/SAHARA/Datasets/FSD50K/FSD50K.dev_audio/275571.wav,doorbell,fsd50k,0.0,fsd50k:275571
/Users/rajsingh/Library/CloudStorage/GoogleDrive-singhraj04.jan@gmail.com/My Drive/SAHARA/Datasets/FSD50K/FSD50K.dev_audio/275068.wav,appliance_beep,fsd50k,0.0,fsd50k:275068
/Users/rajsingh/Library/CloudStorage/GoogleDrive-singhraj04.jan@gmail.com/My Drive/SAHARA/Datasets/FSD50K/FSD50K.dev_audio/275068.wav,doorbell,fsd50k,0.0,fsd50k:275068
/Users/rajsingh/Library/CloudStorage/GoogleDrive-singhraj04.jan@gmail.com/My Drive/SAHARA/Datasets/FSD50K/FSD50K.dev_audio/275069.wav,appliance_beep,fsd50k,0.0,fsd50k:275069
/Users/rajsingh/Library/CloudStorage/GoogleDrive-singhraj04.jan@gmail.com/My Drive/SAHARA/Datasets/FSD50K/FSD50K.dev_audio/275069.wav,doorbell,fsd50k,0.0,fsd50k:275069
/Users/rajsingh/Library/CloudStorage/GoogleDrive-singhraj04.jan@gmail.com/My Drive/SAHARA/Datasets/FSD50K/FSD50K.dev_audio/76925.wav,appliance_beep,fsd50k,0.0,fsd50k:76925
/Users/rajsingh/Library/CloudStorage/GoogleDrive-singhraj04.jan@gmail.com/My Drive/SAHARA/Datasets/FSD50K/FSD50K.dev_audio/76925.wav,doorbell,fsd50k,0.0,fsd50k:76925
/Users/rajsingh/Library/CloudStorage/GoogleDrive-singhraj04.jan@gmail.com/My Drive/SAHARA/Datasets/FSD50K/FSD50K.dev_audio/205949.wav,appliance_beep,fsd50k,0.0,fsd50k:205949
/Users/rajsingh/Library/CloudStorage/GoogleDrive-singhraj04.jan@gmail.com/My Drive/SAHARA/Datasets/FSD50K/FSD50K.dev_audio/205949.wav,doorbell,fsd50k,0.0,fsd50k:205949
/Users/rajsingh/Library/CloudStorage/GoogleDrive-singhraj04.jan@gmail.com/My Drive/SAHARA/Datasets/FSD50K/FSD50K.dev_audio/275072.wav,appliance_beep,fsd50k,0.0,fsd50k:275072
/Users/rajsingh/Library/CloudStorage/GoogleDrive-singhraj04.jan@gmail.com/My Drive/SAHARA/Datasets/FSD50K/FSD50K.dev_audio/275072.wav,doorbell,fsd50k,0.0,fsd50k:275072
/Users/rajsingh/Library/CloudStorage/GoogleDrive-singhraj04.jan@gmail.com/My Drive/SAHARA/Datasets/FSD50K/FSD50K.dev_audio/275070.wav,appliance_beep,fsd50k,0.0,fsd50k:275070
/Users/rajsingh/Library/CloudStorage/GoogleDrive-singhraj04.jan@gmail.com/My Drive/SAHARA/Datasets/FSD50K/FSD50K.dev_audio/275070.wav,doorbell,fsd50k,0.0,fsd50k:275070
/Users/rajsingh/Library/CloudStorage/GoogleDrive-singhraj04.jan@gmail.com/My Drive/SAHARA/Datasets/FSD50K/FSD50K.dev_audio/275071.wav,appliance_beep,fsd50k,0.0,fsd50k:275071
/Users/rajsingh/Library/CloudStorage/GoogleDrive-singhraj04.jan@gmail.com/My Drive/SAHARA/Datasets/FSD50K/FSD50K.dev_audio/275071.wav,doorbell,fsd50k,0.0,fsd50k:275071
/Users/rajsingh/Library/CloudStorage/GoogleDrive-singhraj04.jan@gmail.com/My Drive/SAHARA/Datasets/FSD50K/FSD50K.dev_audio/41629.wav,appliance_beep,fsd50k,0.0,fsd50k:41629
/Users/rajsingh/Library/CloudStorage/GoogleDrive-singhraj04.jan@gmail.com/My Drive/SAHARA/Datasets/FSD50K/FSD50K.dev_audio/41629.wav,doorbell,fsd50k,0.0,fsd50k:41629
/Users/rajsingh/Library/CloudStorage/GoogleDrive-singhraj04.jan@gmail.com/My Drive/SAHARA/Datasets/FSD50K/FSD50K.dev_audio/212127.wav,appliance_beep,fsd50k,0.0,fsd50k:212127
/Users/rajsingh/Library/CloudStorage/GoogleDrive-singhraj04.jan@gmail.com/My Drive/SAHARA/Datasets/FSD50K/FSD50K.dev_audio/212127.wav,doorbell,fsd50k,0.0,fsd50k:212127
/Users/rajsingh/Library/CloudStorage/GoogleDrive-singhraj04.jan@gmail.com/My Drive/SAHARA/Datasets/FSD50K/FSD50K.dev_audio/212128.wav,appliance_beep,fsd50k,0.0,fsd50k:212128
/Users/rajsingh/Library/CloudStorage/GoogleDrive-singhraj04.jan@gmail.com/My Drive/SAHARA/Datasets/FSD50K/FSD50K.dev_audio/212128.wav,doorbell,fsd50k,0.0,fsd50k:212128
/Users/rajsingh/Library/CloudStorage/GoogleDrive-singhraj04.jan@gmail.com/My Drive/SAHARA/Datasets/FSD50K/FSD50K.dev_audio/212129.wav,appliance_beep,fsd50k,0.0,fsd50k:212129
/Users/rajsingh/Library/CloudStorage/GoogleDrive-singhraj04.jan@gmail.com/My Drive/SAHARA/Datasets/FSD50K/FSD50K.dev_audio/212129.wav,doorbell,fsd50k,0.0,fsd50k:212129
/Users/rajsingh/Library/CloudStorage/GoogleDrive-singhraj04.jan@gmail.com/My Drive/SAHARA/Datasets/FSD50K/FSD50K.dev_audio/203943.wav,appliance_beep,fsd50k,0.0,fsd50k:203943
/Users/rajsingh/Library/CloudStorage/GoogleDrive-singhraj04.jan@gmail.com/My Drive/SAHARA/Datasets/FSD50K/FSD50K.dev_audio/203943.wav,doorbell,fsd50k,0.0,fsd50k:203943
/Users/rajsingh/Library/CloudStorage/GoogleDrive-singhraj04.jan@gmail.com/My Drive/SAHARA/Datasets/FSD50K/FSD50K.dev_audio/203944.wav,appliance_beep,fsd50k,0.0,fsd50k:203944
/Users/rajsingh/Library/CloudStorage/GoogleDrive-singhraj04.jan@gmail.com/My Drive/SAHARA/Datasets/FSD50K/FSD50K.dev_audio/203944.wav,doorbell,fsd50k,0.0,fsd50k:203944
/Users/rajsingh/Library/CloudStorage/GoogleDrive-singhraj04.jan@gmail.com/My Drive/SAHARA/Datasets/FSD50K/FSD50K.dev_audio/203946.wav,appliance_beep,fsd50k,0.0,fsd50k:203946
/Users/rajsingh/Library/CloudStorage/GoogleDrive-singhraj04.jan@gmail.com/My Drive/SAHARA/Datasets/FSD50K/FSD50K.dev_audio/203946.wav,doorbell,fsd50k,0.0,fsd50k:203946
/Users/rajsingh/Library/CloudStorage/GoogleDrive-singhraj04.jan@gmail.com/My Drive/SAHARA/Datasets/FSD50K/FSD50K.dev_audio/203948.wav,appliance_beep,fsd50k,0.0,fsd50k:203948
/Users/rajsingh/Library/CloudStorage/GoogleDrive-singhraj04.jan@gmail.com/My Drive/SAHARA/Datasets/FSD50K/FSD50K.dev_audio/203948.wav,doorbell,fsd50k,0.0,fsd50k:203948
/Users/rajsingh/Library/CloudStorage/GoogleDrive-singhraj04.jan@gmail.com/My Drive/SAHARA/Datasets/FSD50K/FSD50K.dev_audio/81072.wav,appliance_beep,fsd50k,0.0,fsd50k:81072
/Users/rajsingh/Library/CloudStorage/GoogleDrive-singhraj04.jan@gmail.com/My Drive/SAHARA/Datasets/FSD50K/FSD50K.dev_audio/81072.wav,doorbell,fsd50k,0.0,fsd50k:81072
/Users/rajsingh/Library/CloudStorage/GoogleDrive-singhraj04.jan@gmail.com/My Drive/SAHARA/Datasets/FSD50K/FSD50K.dev_audio/88243.wav,appliance_beep,fsd50k,0.0,fsd50k:88243
/Users/rajsingh/Library/CloudStorage/GoogleDrive-singhraj04.jan@gmail.com/My Drive/SAHARA/Datasets/FSD50K/FSD50K.dev_audio/88243.wav,doorbell,fsd50k,0.0,fsd50k:88243
/Users/rajsingh/Library/CloudStorage/GoogleDrive-singhraj04.jan@gmail.com/My Drive/SAHARA/Datasets/FSD50K/FSD50K.dev_audio/218317.wav,appliance_beep,fsd50k,0.0,fsd50k:218317
/Users/rajsingh/Library/CloudStorage/GoogleDrive-singhraj04.jan@gmail.com/My Drive/SAHARA/Datasets/FSD50K/FSD50K.dev_audio/218317.wav,doorbell,fsd50k,0.0,fsd50k:218317
/Users/rajsingh/Library/CloudStorage/GoogleDrive-singhraj04.jan@gmail.com/My Drive/SAHARA/Datasets/FSD50K/FSD50K.dev_audio/177875.wav,appliance_beep,fsd50k,0.0,fsd50k:177875
/Users/rajsingh/Library/CloudStorage/GoogleDrive-singhraj04.jan@gmail.com/My Drive/SAHARA/Datasets/FSD50K/FSD50K.dev_audio/177875.wav,doorbell,fsd50k,0.0,fsd50k:177875
/Users/rajsingh/Library/CloudStorage/GoogleDrive-singhraj04.jan@gmail.com/My Drive/SAHARA/Datasets/FSD50K/FSD50K.dev_audio/370919.wav,appliance_beep,fsd50k,0.0,fsd50k:370919
/Users/rajsingh/Library/CloudStorage/GoogleDrive-singhraj04.jan@gmail.com/My Drive/SAHARA/Datasets/FSD50K/FSD50K.dev_audio/370919.wav,doorbell,fsd50k,0.0,fsd50k:370919
/Users/rajsingh/Library/CloudStorage/GoogleDrive-singhraj04.jan@gmail.com/My Drive/SAHARA/Datasets/FSD50K/FSD50K.dev_audio/171755.wav,appliance_beep,fsd50k,0.0,fsd50k:171755
/Users/rajsingh/Library/CloudStorage/GoogleDrive-singhraj04.jan@gmail.com/My Drive/SAHARA/Datasets/FSD50K/FSD50K.dev_audio/171755.wav,doorbell,fsd50k,0.0,fsd50k:171755
/Users/rajsingh/Library/CloudStorage/GoogleDrive-singhraj04.jan@gmail.com/My Drive/SAHARA/Datasets/FSD50K/FSD50K.dev_audio/422668.wav,appliance_beep,fsd50k,0.0,fsd50k:422668
/Users/rajsingh/Library/CloudStorage/GoogleDrive-singhraj04.jan@gmail.com/My Drive/SAHARA/Datasets/FSD50K/FSD50K.dev_audio/422668.wav,doorbell,fsd50k,0.0,fsd50k:422668
/Users/rajsingh/Library/CloudStorage/GoogleDrive-singhraj04.jan@gmail.com/My Drive/SAHARA/Datasets/FSD50K/FSD50K.dev_audio/196368.wav,appliance_beep,fsd50k,0.0,fsd50k:196368
/Users/rajsingh/Library/CloudStorage/GoogleDrive-singhraj04.jan@gmail.com/My Drive/SAHARA/Datasets/FSD50K/FSD50K.dev_audio/196368.wav,doorbell,fsd50k,0.0,fsd50k:196368
/Users/rajsingh/Library/CloudStorage/GoogleDrive-singhraj04.jan@gmail.com/My Drive/SAHARA/Datasets/FSD50K/FSD50K.dev_audio/196370.wav,appliance_beep,fsd50k,0.0,fsd50k:196370
/Users/rajsingh/Library/CloudStorage/GoogleDrive-singhraj04.jan@gmail.com/My Drive/SAHARA/Datasets/FSD50K/FSD50K.dev_audio/196370.wav,doorbell,fsd50k,0.0,fsd50k:196370
/Users/rajsingh/Library/CloudStorage/GoogleDrive-singhraj04.jan@gmail.com/My Drive/SAHARA/Datasets/FSD50K/FSD50K.dev_audio/196371.wav,appliance_beep,fsd50k,0.0,fsd50k:196371
/Users/rajsingh/Library/CloudStorage/GoogleDrive-singhraj04.jan@gmail.com/My Drive/SAHARA/Datasets/FSD50K/FSD50K.dev_audio/196371.wav,doorbell,fsd50k,0.0,fsd50k:196371
/Users/rajsingh/Library/CloudStorage/GoogleDrive-singhraj04.jan@gmail.com/My Drive/SAHARA/Datasets/FSD50K/FSD50K.dev_audio/196372.wav,appliance_beep,fsd50k,0.0,fsd50k:196372
/Users/rajsingh/Library/CloudStorage/GoogleDrive-singhraj04.jan@gmail.com/My Drive/SAHARA/Datasets/FSD50K/FSD50K.dev_audio/196372.wav,doorbell,fsd50k,0.0,fsd50k:196372
/Users/rajsingh/Library/CloudStorage/GoogleDrive-singhraj04.jan@gmail.com/My Drive/SAHARA/Datasets/FSD50K/FSD50K.dev_audio/196373.wav,appliance_beep,fsd50k,0.0,fsd50k:196373
/Users/rajsingh/Library/CloudStorage/GoogleDrive-singhraj04.jan@gmail.com/My Drive/SAHARA/Datasets/FSD50K/FSD50K.dev_audio/196373.wav,doorbell,fsd50k,0.0,fsd50k:196373
/Users/rajsingh/Library/CloudStorage/GoogleDrive-singhraj04.jan@gmail.com/My Drive/SAHARA/Datasets/FSD50K/FSD50K.dev_audio/196374.wav,appliance_beep,fsd50k,0.0,fsd50k:196374
/Users/rajsingh/Library/CloudStorage/GoogleDrive-singhraj04.jan@gmail.com/My Drive/SAHARA/Datasets/FSD50K/FSD50K.dev_audio/196374.wav,doorbell,fsd50k,0.0,fsd50k:196374
/Users/rajsingh/Library/CloudStorage/GoogleDrive-singhraj04.jan@gmail.com/My Drive/SAHARA/Datasets/FSD50K/FSD50K.dev_audio/196375.wav,appliance_beep,fsd50k,0.0,fsd50k:196375
/Users/rajsingh/Library/CloudStorage/GoogleDrive-singhraj04.jan@gmail.com/My Drive/SAHARA/Datasets/FSD50K/FSD50K.dev_audio/196375.wav,doorbell,fsd50k,0.0,fsd50k:196375
/Users/rajsingh/Library/CloudStorage/GoogleDrive-singhraj04.jan@gmail.com/My Drive/SAHARA/Datasets/FSD50K/FSD50K.dev_audio/196376.wav,appliance_beep,fsd50k,0.0,fsd50k:196376
/Users/rajsingh/Library/CloudStorage/GoogleDrive-singhraj04.jan@gmail.com/My Drive/SAHARA/Datasets/FSD50K/FSD50K.dev_audio/196376.wav,doorbell,fsd50k,0.0,fsd50k:196376
/Users/rajsingh/Library/CloudStorage/GoogleDrive-singhraj04.jan@gmail.com/My Drive/SAHARA/Datasets/FSD50K/FSD50K.dev_audio/196377.wav,appliance_beep,fsd50k,0.0,fsd50k:196377
/Users/rajsingh/Library/CloudStorage/GoogleDrive-singhraj04.jan@gmail.com/My Drive/SAHARA/Datasets/FSD50K/FSD50K.dev_audio/196377.wav,doorbell,fsd50k,0.0,fsd50k:196377
/Users/rajsingh/Library/CloudStorage/GoogleDrive-singhraj04.jan@gmail.com/My Drive/SAHARA/Datasets/FSD50K/FSD50K.dev_audio/418074.wav,appliance_beep,fsd50k,0.0,fsd50k:418074
/Users/rajsingh/Library/CloudStorage/GoogleDrive-singhraj04.jan@gmail.com/My Drive/SAHARA/Datasets/FSD50K/FSD50K.dev_audio/418074.wav,doorbell,fsd50k,0.0,fsd50k:418074
/Users/rajsingh/Library/CloudStorage/GoogleDrive-singhraj04.jan@gmail.com/My Drive/SAHARA/Datasets/FSD50K/FSD50K.dev_audio/268074.wav,appliance_beep,fsd50k,0.0,fsd50k:268074
/Users/rajsingh/Library/CloudStorage/GoogleDrive-singhraj04.jan@gmail.com/My Drive/SAHARA/Datasets/FSD50K/FSD50K.dev_audio/268074.wav,doorbell,fsd50k,0.0,fsd50k:268074
/Users/rajsingh/Library/CloudStorage/GoogleDrive-singhraj04.jan@gmail.com/My Drive/SAHARA/Datasets/FSD50K/FSD50K.dev_audio/268076.wav,appliance_beep,fsd50k,0.0,fsd50k:268076
/Users/rajsingh/Library/CloudStorage/GoogleDrive-singhraj04.jan@gmail.com/My Drive/SAHARA/Datasets/FSD50K/FSD50K.dev_audio/268076.wav,doorbell,fsd50k,0.0,fsd50k:268076
/Users/rajsingh/Library/CloudStorage/GoogleDrive-singhraj04.jan@gmail.com/My Drive/SAHARA/Datasets/FSD50K/FSD50K.dev_audio/331569.wav,appliance_beep,fsd50k,0.0,fsd50k:331569
/Users/rajsingh/Library/CloudStorage/GoogleDrive-singhraj04.jan@gmail.com/My Drive/SAHARA/Datasets/FSD50K/FSD50K.dev_audio/331569.wav,doorbell,fsd50k,0.0,fsd50k:331569
/Users/rajsingh/Library/CloudStorage/GoogleDrive-singhraj04.jan@gmail.com/My Drive/SAHARA/Datasets/FSD50K/FSD50K.dev_audio/106803.wav,appliance_beep,fsd50k,0.0,fsd50k:106803
/Users/rajsingh/Library/CloudStorage/GoogleDrive-singhraj04.jan@gmail.com/My Drive/SAHARA/Datasets/FSD50K/FSD50K.dev_audio/106803.wav,doorbell,fsd50k,0.0,fsd50k:106803
/Users/rajsingh/Library/CloudStorage/GoogleDrive-singhraj04.jan@gmail.com/My Drive/SAHARA/Datasets/FSD50K/FSD50K.dev_audio/273719.wav,appliance_beep,fsd50k,0.0,fsd50k:273719
/Users/rajsingh/Library/CloudStorage/GoogleDrive-singhraj04.jan@gmail.com/My Drive/SAHARA/Datasets/FSD50K/FSD50K.dev_audio/273719.wav,doorbell,fsd50k,0.0,fsd50k:273719
/Users/rajsingh/Library/CloudStorage/GoogleDrive-singhraj04.jan@gmail.com/My Drive/SAHARA/Datasets/FSD50K/FSD50K.dev_audio/20285.wav,appliance_beep,fsd50k,0.0,fsd50k:20285
/Users/rajsingh/Library/CloudStorage/GoogleDrive-singhraj04.jan@gmail.com/My Drive/SAHARA/Datasets/FSD50K/FSD50K.dev_audio/20285.wav,doorbell,fsd50k,0.0,fsd50k:20285
/Users/rajsingh/Library/CloudStorage/GoogleDrive-singhraj04.jan@gmail.com/My Drive/SAHARA/Datasets/FSD50K/FSD50K.dev_audio/242494.wav,appliance_beep,fsd50k,0.0,fsd50k:242494
/Users/rajsingh/Library/CloudStorage/GoogleDrive-singhraj04.jan@gmail.com/My Drive/SAHARA/Datasets/FSD50K/FSD50K.dev_audio/242494.wav,doorbell,fsd50k,0.0,fsd50k:242494
/Users/rajsingh/Library/CloudStorage/GoogleDrive-singhraj04.jan@gmail.com/My Drive/SAHARA/Datasets/FSD50K/FSD50K.dev_audio/79180.wav,appliance_beep,fsd50k,0.0,fsd50k:79180
/Users/rajsingh/Library/CloudStorage/GoogleDrive-singhraj04.jan@gmail.com/My Drive/SAHARA/Datasets/FSD50K/FSD50K.dev_audio/79180.wav,doorbell,fsd50k,0.0,fsd50k:79180
/Users/rajsingh/Library/CloudStorage/GoogleDrive-singhraj04.jan@gmail.com/My Drive/SAHARA/Datasets/FSD50K/FSD50K.dev_audio/151893.wav,appliance_beep,fsd50k,0.0,fsd50k:151893
/Users/rajsingh/Library/CloudStorage/GoogleDrive-singhraj04.jan@gmail.com/My Drive/SAHARA/Datasets/FSD50K/FSD50K.dev_audio/151893.wav,doorbell,fsd50k,0.0,fsd50k:151893
/Users/rajsingh/Library/CloudStorage/GoogleDrive-singhraj04.jan@gmail.com/My Drive/SAHARA/Datasets/FSD50K/FSD50K.dev_audio/399205.wav,appliance_beep,fsd50k,0.0,fsd50k:399205
/Users/rajsingh/Library/CloudStorage/GoogleDrive-singhraj04.jan@gmail.com/My Drive/SAHARA/Datasets/FSD50K/FSD50K.dev_audio/399205.wav,doorbell,fsd50k,0.0,fsd50k:399205
/Users/rajsingh/Library/CloudStorage/GoogleDrive-singhraj04.jan@gmail.com/My Drive/SAHARA/Datasets/FSD50K/FSD50K.dev_audio/335224.wav,appliance_beep,fsd50k,0.0,fsd50k:335224
/Users/rajsingh/Library/CloudStorage/GoogleDrive-singhraj04.jan@gmail.com/My Drive/SAHARA/Datasets/FSD50K/FSD50K.dev_audio/335224.wav,doorbell,fsd50k,0.0,fsd50k:335224
/Users/rajsingh/Library/CloudStorage/GoogleDrive-singhraj04.jan@gmail.com/My Drive/SAHARA/Datasets/FSD50K/FSD50K.dev_audio/411515.wav,appliance_beep,fsd50k,0.0,fsd50k:411515
/Users/rajsingh/Library/CloudStorage/GoogleDrive-singhraj04.jan@gmail.com/My Drive/SAHARA/Datasets/FSD50K/FSD50K.dev_audio/411515.wav,doorbell,fsd50k,0.0,fsd50k:411515
/Users/rajsingh/Library/CloudStorage/GoogleDrive-singhraj04.jan@gmail.com/My Drive/SAHARA/Datasets/FSD50K/FSD50K.dev_audio/411517.wav,appliance_beep,fsd50k,0.0,fsd50k:411517
/Users/rajsingh/Library/CloudStorage/GoogleDrive-singhraj04.jan@gmail.com/My Drive/SAHARA/Datasets/FSD50K/FSD50K.dev_audio/411517.wav,doorbell,fsd50k,0.0,fsd50k:411517
/Users/rajsingh/Library/CloudStorage/GoogleDrive-singhraj04.jan@gmail.com/My Drive/SAHARA/Datasets/FSD50K/FSD50K.dev_audio/411519.wav,appliance_beep,fsd50k,0.0,fsd50k:411519
/Users/rajsingh/Library/CloudStorage/GoogleDrive-singhraj04.jan@gmail.com/My Drive/SAHARA/Datasets/FSD50K/FSD50K.dev_audio/411519.wav,doorbell,fsd50k,0.0,fsd50k:411519
/Users/rajsingh/Library/CloudStorage/GoogleDrive-singhraj04.jan@gmail.com/My Drive/SAHARA/Datasets/FSD50K/FSD50K.dev_audio/411521.wav,appliance_beep,fsd50k,0.0,fsd50k:411521
/Users/rajsingh/Library/CloudStorage/GoogleDrive-singhraj04.jan@gmail.com/My Drive/SAHARA/Datasets/FSD50K/FSD50K.dev_audio/411521.wav,doorbell,fsd50k,0.0,fsd50k:411521
/Users/rajsingh/Library/CloudStorage/GoogleDrive-singhraj04.jan@gmail.com/My Drive/SAHARA/Datasets/FSD50K/FSD50K.dev_audio/163730.wav,appliance_beep,fsd50k,0.0,fsd50k:163730
/Users/rajsingh/Library/CloudStorage/GoogleDrive-singhraj04.jan@gmail.com/My Drive/SAHARA/Datasets/FSD50K/FSD50K.dev_audio/163730.wav,doorbell,fsd50k,0.0,fsd50k:163730
/Users/rajsingh/Library/CloudStorage/GoogleDrive-singhraj04.jan@gmail.com/My Drive/SAHARA/Datasets/FSD50K/FSD50K.dev_audio/31133.wav,appliance_beep,fsd50k,0.0,fsd50k:31133
/Users/rajsingh/Library/CloudStorage/GoogleDrive-singhraj04.jan@gmail.com/My Drive/SAHARA/Datasets/FSD50K/FSD50K.dev_audio/31133.wav,doorbell,fsd50k,0.0,fsd50k:31133
/Users/rajsingh/Library/CloudStorage/GoogleDrive-singhraj04.jan@gmail.com/My Drive/SAHARA/Datasets/FSD50K/FSD50K.dev_audio/223671.wav,appliance_beep,fsd50k,0.0,fsd50k:223671
/Users/rajsingh/Library/CloudStorage/GoogleDrive-singhraj04.jan@gmail.com/My Drive/SAHARA/Datasets/FSD50K/FSD50K.dev_audio/223671.wav,doorbell,fsd50k,0.0,fsd50k:223671
/Users/rajsingh/Library/CloudStorage/GoogleDrive-singhraj04.jan@gmail.com/My Drive/SAHARA/Datasets/FSD50K/FSD50K.dev_audio/223673.wav,appliance_beep,fsd50k,0.0,fsd50k:223673
/Users/rajsingh/Library/CloudStorage/GoogleDrive-singhraj04.jan@gmail.com/My Drive/SAHARA/Datasets/FSD50K/FSD50K.dev_audio/223673.wav,doorbell,fsd50k,0.0,fsd50k:223673
/Users/rajsingh/Library/CloudStorage/GoogleDrive-singhraj04.jan@gmail.com/My Drive/SAHARA/Datasets/FSD50K/FSD50K.dev_audio/415164.wav,appliance_beep,fsd50k,0.0,fsd50k:415164
/Users/rajsingh/Library/CloudStorage/GoogleDrive-singhraj04.jan@gmail.com/My Drive/SAHARA/Datasets/FSD50K/FSD50K.dev_audio/415164.wav,doorbell,fsd50k,0.0,fsd50k:415164
/Users/rajsingh/Library/CloudStorage/GoogleDrive-singhraj04.jan@gmail.com/My Drive/SAHARA/Datasets/FSD50K/FSD50K.dev_audio/93646.wav,appliance_beep,fsd50k,0.0,fsd50k:93646
/Users/rajsingh/Library/CloudStorage/GoogleDrive-singhraj04.jan@gmail.com/My Drive/SAHARA/Datasets/FSD50K/FSD50K.dev_audio/93646.wav,doorbell,fsd50k,0.0,fsd50k:93646
/Users/rajsingh/Library/CloudStorage/GoogleDrive-singhraj04.jan@gmail.com/My Drive/SAHARA/Datasets/FSD50K/FSD50K.dev_audio/249303.wav,appliance_beep,fsd50k,0.0,fsd50k:249303
/Users/rajsingh/Library/CloudStorage/GoogleDrive-singhraj04.jan@gmail.com/My Drive/SAHARA/Datasets/FSD50K/FSD50K.dev_audio/249303.wav,doorbell,fsd50k,0.0,fsd50k:249303
/Users/rajsingh/Library/CloudStorage/GoogleDrive-singhraj04.jan@gmail.com/My Drive/SAHARA/Datasets/FSD50K/FSD50K.dev_audio/123350.wav,appliance_beep,fsd50k,0.0,fsd50k:123350
/Users/rajsingh/Library/CloudStorage/GoogleDrive-singhraj04.jan@gmail.com/My Drive/SAHARA/Datasets/FSD50K/FSD50K.dev_audio/123350.wav,doorbell,fsd50k,0.0,fsd50k:123350
/Users/rajsingh/Library/CloudStorage/GoogleDrive-singhraj04.jan@gmail.com/My Drive/SAHARA/Datasets/FSD50K/FSD50K.dev_audio/21985.wav,appliance_beep,fsd50k,0.0,fsd50k:21985
/Users/rajsingh/Library/CloudStorage/GoogleDrive-singhraj04.jan@gmail.com/My Drive/SAHARA/Datasets/FSD50K/FSD50K.dev_audio/21985.wav,doorbell,fsd50k,0.0,fsd50k:21985
/Users/rajsingh/Library/CloudStorage/GoogleDrive-singhraj04.jan@gmail.com/My Drive/SAHARA/Datasets/FSD50K/FSD50K.dev_audio/383976.wav,appliance_beep,fsd50k,0.0,fsd50k:383976
/Users/rajsingh/Library/CloudStorage/GoogleDrive-singhraj04.jan@gmail.com/My Drive/SAHARA/Datasets/FSD50K/FSD50K.dev_audio/383976.wav,doorbell,fsd50k,0.0,fsd50k:383976
/Users/rajsingh/Library/CloudStorage/GoogleDrive-singhraj04.jan@gmail.com/My Drive/SAHARA/Datasets/FSD50K/FSD50K.dev_audio/403439.wav,appliance_beep,fsd50k,0.0,fsd50k:403439
/Users/rajsingh/Library/CloudStorage/GoogleDrive-singhraj04.jan@gmail.com/My Drive/SAHARA/Datasets/FSD50K/FSD50K.dev_audio/403439.wav,doorbell,fsd50k,0.0,fsd50k:403439
/Users/rajsingh/Library/CloudStorage/GoogleDrive-singhraj04.jan@gmail.com/My Drive/SAHARA/Datasets/FSD50K/FSD50K.dev_audio/274436.wav,appliance_beep,fsd50k,0.0,fsd50k:274436
/Users/rajsingh/Library/CloudStorage/GoogleDrive-singhraj04.jan@gmail.com/My Drive/SAHARA/Datasets/FSD50K/FSD50K.dev_audio/69652.wav,appliance_beep,fsd50k,0.0,fsd50k:69652
/Users/rajsingh/Library/CloudStorage/GoogleDrive-singhraj04.jan@gmail.com/My Drive/SAHARA/Datasets/FSD50K/FSD50K.dev_audio/360473.wav,appliance_beep,fsd50k,0.0,fsd50k:360473
/Users/rajsingh/Library/CloudStorage/GoogleDrive-singhraj04.jan@gmail.com/My Drive/SAHARA/Datasets/FSD50K/FSD50K.dev_audio/36896.wav,appliance_beep,fsd50k,0.0,fsd50k:36896
/Users/rajsingh/Library/CloudStorage/GoogleDrive-singhraj04.jan@gmail.com/My Drive/SAHARA/Datasets/FSD50K/FSD50K.dev_audio/360480.wav,appliance_beep,fsd50k,0.0,fsd50k:360480
/Users/rajsingh/Library/CloudStorage/GoogleDrive-singhraj04.jan@gmail.com/My Drive/SAHARA/Datasets/FSD50K/FSD50K.dev_audio/391215.wav,appliance_beep,fsd50k,0.0,fsd50k:391215
/Users/rajsingh/Library/CloudStorage/GoogleDrive-singhraj04.jan@gmail.com/My Drive/SAHARA/Datasets/FSD50K/FSD50K.dev_audio/88112.wav,appliance_beep,fsd50k,0.0,fsd50k:88112
/Users/rajsingh/Library/CloudStorage/GoogleDrive-singhraj04.jan@gmail.com/My Drive/SAHARA/Datasets/FSD50K/FSD50K.dev_audio/55356.wav,appliance_beep,fsd50k,0.0,fsd50k:55356
/Users/rajsingh/Library/CloudStorage/GoogleDrive-singhraj04.jan@gmail.com/My Drive/SAHARA/Datasets/FSD50K/FSD50K.dev_audio/55357.wav,appliance_beep,fsd50k,0.0,fsd50k:55357
/Users/rajsingh/Library/CloudStorage/GoogleDrive-singhraj04.jan@gmail.com/My Drive/SAHARA/Datasets/FSD50K/FSD50K.dev_audio/90189.wav,appliance_beep,fsd50k,0.0,fsd50k:90189
/Users/rajsingh/Library/CloudStorage/GoogleDrive-singhraj04.jan@gmail.com/My Drive/SAHARA/Datasets/FSD50K/FSD50K.dev_audio/90190.wav,appliance_beep,fsd50k,0.0,fsd50k:90190
/Users/rajsingh/Library/CloudStorage/GoogleDrive-singhraj04.jan@gmail.com/My Drive/SAHARA/Datasets/FSD50K/FSD50K.dev_audio/90191.wav,appliance_beep,fsd50k,0.0,fsd50k:90191
/Users/rajsingh/Library/CloudStorage/GoogleDrive-singhraj04.jan@gmail.com/My Drive/SAHARA/Datasets/FSD50K/FSD50K.dev_audio/90192.wav,appliance_beep,fsd50k,0.0,fsd50k:90192
/Users/rajsingh/Library/CloudStorage/GoogleDrive-singhraj04.jan@gmail.com/My Drive/SAHARA/Datasets/FSD50K/FSD50K.dev_audio/90193.wav,appliance_beep,fsd50k,0.0,fsd50k:90193
/Users/rajsingh/Library/CloudStorage/GoogleDrive-singhraj04.jan@gmail.com/My Drive/SAHARA/Datasets/FSD50K/FSD50K.dev_audio/360528.wav,appliance_beep,fsd50k,0.0,fsd50k:360528
/Users/rajsingh/Library/CloudStorage/GoogleDrive-singhraj04.jan@gmail.com/My Drive/SAHARA/Datasets/FSD50K/FSD50K.dev_audio/22622.wav,appliance_beep,fsd50k,0.0,fsd50k:22622
/Users/rajsingh/Library/CloudStorage/GoogleDrive-singhraj04.jan@gmail.com/My Drive/SAHARA/Datasets/FSD50K/FSD50K.dev_audio/45155.wav,appliance_beep,fsd50k,0.0,fsd50k:45155
/Users/rajsingh/Library/CloudStorage/GoogleDrive-singhraj04.jan@gmail.com/My Drive/SAHARA/Datasets/FSD50K/FSD50K.dev_audio/122989.wav,appliance_beep,fsd50k,0.0,fsd50k:122989
/Users/rajsingh/Library/CloudStorage/GoogleDrive-singhraj04.jan@gmail.com/My Drive/SAHARA/Datasets/FSD50K/FSD50K.dev_audio/122990.wav,appliance_beep,fsd50k,0.0,fsd50k:122990
/Users/rajsingh/Library/CloudStorage/GoogleDrive-singhraj04.jan@gmail.com/My Drive/SAHARA/Datasets/FSD50K/FSD50K.dev_audio/344178.wav,appliance_beep,fsd50k,0.0,fsd50k:344178
/Users/rajsingh/Library/CloudStorage/GoogleDrive-singhraj04.jan@gmail.com/My Drive/SAHARA/Datasets/FSD50K/FSD50K.dev_audio/256127.wav,appliance_beep,fsd50k,0.0,fsd50k:256127
/Users/rajsingh/Library/CloudStorage/GoogleDrive-singhraj04.jan@gmail.com/My Drive/SAHARA/Datasets/FSD50K/FSD50K.dev_audio/258176.wav,appliance_beep,fsd50k,0.0,fsd50k:258176
/Users/rajsingh/Library/CloudStorage/GoogleDrive-singhraj04.jan@gmail.com/My Drive/SAHARA/Datasets/FSD50K/FSD50K.dev_audio/258177.wav,appliance_beep,fsd50k,0.0,fsd50k:258177
/Users/rajsingh/Library/CloudStorage/GoogleDrive-singhraj04.jan@gmail.com/My Drive/SAHARA/Datasets/FSD50K/FSD50K.dev_audio/258178.wav,appliance_beep,fsd50k,0.0,fsd50k:258178
/Users/rajsingh/Library/CloudStorage/GoogleDrive-singhraj04.jan@gmail.com/My Drive/SAHARA/Datasets/FSD50K/FSD50K.dev_audio/258175.wav,appliance_beep,fsd50k,0.0,fsd50k:258175
/Users/rajsingh/Library/CloudStorage/GoogleDrive-singhraj04.jan@gmail.com/My Drive/SAHARA/Datasets/FSD50K/FSD50K.dev_audio/256159.wav,appliance_beep,fsd50k,0.0,fsd50k:256159
/Users/rajsingh/Library/CloudStorage/GoogleDrive-singhraj04.jan@gmail.com/My Drive/SAHARA/Datasets/FSD50K/FSD50K.dev_audio/256160.wav,appliance_beep,fsd50k,0.0,fsd50k:256160
/Users/rajsingh/Library/CloudStorage/GoogleDrive-singhraj04.jan@gmail.com/My Drive/SAHARA/Datasets/FSD50K/FSD50K.dev_audio/24735.wav,appliance_beep,fsd50k,0.0,fsd50k:24735
/Users/rajsingh/Library/CloudStorage/GoogleDrive-singhraj04.jan@gmail.com/My Drive/SAHARA/Datasets/FSD50K/FSD50K.dev_audio/24736.wav,appliance_beep,fsd50k,0.0,fsd50k:24736
/Users/rajsingh/Library/CloudStorage/GoogleDrive-singhraj04.jan@gmail.com/My Drive/SAHARA/Datasets/FSD50K/FSD50K.dev_audio/428206.wav,appliance_beep,fsd50k,0.0,fsd50k:428206
/Users/rajsingh/Library/CloudStorage/GoogleDrive-singhraj04.jan@gmail.com/My Drive/SAHARA/Datasets/FSD50K/FSD50K.dev_audio/178355.wav,appliance_beep,fsd50k,0.0,fsd50k:178355
/Users/rajsingh/Library/CloudStorage/GoogleDrive-singhraj04.jan@gmail.com/My Drive/SAHARA/Datasets/FSD50K/FSD50K.dev_audio/168117.wav,appliance_beep,fsd50k,0.0,fsd50k:168117
/Users/rajsingh/Library/CloudStorage/GoogleDrive-singhraj04.jan@gmail.com/My Drive/SAHARA/Datasets/FSD50K/FSD50K.dev_audio/432313.wav,appliance_beep,fsd50k,0.0,fsd50k:432313
/Users/rajsingh/Library/CloudStorage/GoogleDrive-singhraj04.jan@gmail.com/My Drive/SAHARA/Datasets/FSD50K/FSD50K.dev_audio/250047.wav,appliance_beep,fsd50k,0.0,fsd50k:250047
/Users/rajsingh/Library/CloudStorage/GoogleDrive-singhraj04.jan@gmail.com/My Drive/SAHARA/Datasets/FSD50K/FSD50K.dev_audio/250048.wav,appliance_beep,fsd50k,0.0,fsd50k:250048
/Users/rajsingh/Library/CloudStorage/GoogleDrive-singhraj04.jan@gmail.com/My Drive/SAHARA/Datasets/FSD50K/FSD50K.dev_audio/250049.wav,appliance_beep,fsd50k,0.0,fsd50k:250049
/Users/rajsingh/Library/CloudStorage/GoogleDrive-singhraj04.jan@gmail.com/My Drive/SAHARA/Datasets/FSD50K/FSD50K.dev_audio/250050.wav,appliance_beep,fsd50k,0.0,fsd50k:250050
/Users/rajsingh/Library/CloudStorage/GoogleDrive-singhraj04.jan@gmail.com/My Drive/SAHARA/Datasets/FSD50K/FSD50K.dev_audio/250051.wav,appliance_beep,fsd50k,0.0,fsd50k:250051
/Users/rajsingh/Library/CloudStorage/GoogleDrive-singhraj04.jan@gmail.com/My Drive/SAHARA/Datasets/FSD50K/FSD50K.dev_audio/250052.wav,appliance_beep,fsd50k,0.0,fsd50k:250052
/Users/rajsingh/Library/CloudStorage/GoogleDrive-singhraj04.jan@gmail.com/My Drive/SAHARA/Datasets/FSD50K/FSD50K.dev_audio/256210.wav,appliance_beep,fsd50k,0.0,fsd50k:256210
/Users/rajsingh/Library/CloudStorage/GoogleDrive-singhraj04.jan@gmail.com/My Drive/SAHARA/Datasets/FSD50K/FSD50K.dev_audio/256211.wav,appliance_beep,fsd50k,0.0,fsd50k:256211
/Users/rajsingh/Library/CloudStorage/GoogleDrive-singhraj04.jan@gmail.com/My Drive/SAHARA/Datasets/FSD50K/FSD50K.dev_audio/26834.wav,appliance_beep,fsd50k,0.0,fsd50k:26834
/Users/rajsingh/Library/CloudStorage/GoogleDrive-singhraj04.jan@gmail.com/My Drive/SAHARA/Datasets/FSD50K/FSD50K.dev_audio/102623.wav,appliance_beep,fsd50k,0.0,fsd50k:102623
/Users/rajsingh/Library/CloudStorage/GoogleDrive-singhraj04.jan@gmail.com/My Drive/SAHARA/Datasets/FSD50K/FSD50K.dev_audio/162022.wav,appliance_beep,fsd50k,0.0,fsd50k:162022
/Users/rajsingh/Library/CloudStorage/GoogleDrive-singhraj04.jan@gmail.com/My Drive/SAHARA/Datasets/FSD50K/FSD50K.dev_audio/254186.wav,appliance_beep,fsd50k,0.0,fsd50k:254186
/Users/rajsingh/Library/CloudStorage/GoogleDrive-singhraj04.jan@gmail.com/My Drive/SAHARA/Datasets/FSD50K/FSD50K.dev_audio/106744.wav,appliance_beep,fsd50k,0.0,fsd50k:106744
/Users/rajsingh/Library/CloudStorage/GoogleDrive-singhraj04.jan@gmail.com/My Drive/SAHARA/Datasets/FSD50K/FSD50K.dev_audio/178435.wav,appliance_beep,fsd50k,0.0,fsd50k:178435
/Users/rajsingh/Library/CloudStorage/GoogleDrive-singhraj04.jan@gmail.com/My Drive/SAHARA/Datasets/FSD50K/FSD50K.dev_audio/178437.wav,appliance_beep,fsd50k,0.0,fsd50k:178437
/Users/rajsingh/Library/CloudStorage/GoogleDrive-singhraj04.jan@gmail.com/My Drive/SAHARA/Datasets/FSD50K/FSD50K.dev_audio/178439.wav,appliance_beep,fsd50k,0.0,fsd50k:178439
/Users/rajsingh/Library/CloudStorage/GoogleDrive-singhraj04.jan@gmail.com/My Drive/SAHARA/Datasets/FSD50K/FSD50K.dev_audio/178440.wav,appliance_beep,fsd50k,0.0,fsd50k:178440
/Users/rajsingh/Library/CloudStorage/GoogleDrive-singhraj04.jan@gmail.com/My Drive/SAHARA/Datasets/FSD50K/FSD50K.dev_audio/178441.wav,appliance_beep,fsd50k,0.0,fsd50k:178441
/Users/rajsingh/Library/CloudStorage/GoogleDrive-singhraj04.jan@gmail.com/My Drive/SAHARA/Datasets/FSD50K/FSD50K.dev_audio/366862.wav,appliance_beep,fsd50k,0.0,fsd50k:366862
/Users/rajsingh/Library/CloudStorage/GoogleDrive-singhraj04.jan@gmail.com/My Drive/SAHARA/Datasets/FSD50K/FSD50K.dev_audio/223505.wav,appliance_beep,fsd50k,0.0,fsd50k:223505
/Users/rajsingh/Library/CloudStorage/GoogleDrive-singhraj04.jan@gmail.com/My Drive/SAHARA/Datasets/FSD50K/FSD50K.dev_audio/223506.wav,appliance_beep,fsd50k,0.0,fsd50k:223506
/Users/rajsingh/Library/CloudStorage/GoogleDrive-singhraj04.jan@gmail.com/My Drive/SAHARA/Datasets/FSD50K/FSD50K.dev_audio/188693.wav,appliance_beep,fsd50k,0.0,fsd50k:188693
/Users/rajsingh/Library/CloudStorage/GoogleDrive-singhraj04.jan@gmail.com/My Drive/SAHARA/Datasets/FSD50K/FSD50K.dev_audio/188694.wav,appliance_beep,fsd50k,0.0,fsd50k:188694
/Users/rajsingh/Library/CloudStorage/GoogleDrive-singhraj04.jan@gmail.com/My Drive/SAHARA/Datasets/FSD50K/FSD50K.dev_audio/188695.wav,appliance_beep,fsd50k,0.0,fsd50k:188695
/Users/rajsingh/Library/CloudStorage/GoogleDrive-singhraj04.jan@gmail.com/My Drive/SAHARA/Datasets/FSD50K/FSD50K.dev_audio/332073.wav,appliance_beep,fsd50k,0.0,fsd50k:332073
/Users/rajsingh/Library/CloudStorage/GoogleDrive-singhraj04.jan@gmail.com/My Drive/SAHARA/Datasets/FSD50K/FSD50K.dev_audio/414008.wav,appliance_beep,fsd50k,0.0,fsd50k:414008
/Users/rajsingh/Library/CloudStorage/GoogleDrive-singhraj04.jan@gmail.com/My Drive/SAHARA/Datasets/FSD50K/FSD50K.dev_audio/223562.wav,appliance_beep,fsd50k,0.0,fsd50k:223562
/Users/rajsingh/Library/CloudStorage/GoogleDrive-singhraj04.jan@gmail.com/My Drive/SAHARA/Datasets/FSD50K/FSD50K.dev_audio/241998.wav,appliance_beep,fsd50k,0.0,fsd50k:241998
/Users/rajsingh/Library/CloudStorage/GoogleDrive-singhraj04.jan@gmail.com/My Drive/SAHARA/Datasets/FSD50K/FSD50K.dev_audio/242000.wav,appliance_beep,fsd50k,0.0,fsd50k:242000
/Users/rajsingh/Library/CloudStorage/GoogleDrive-singhraj04.jan@gmail.com/My Drive/SAHARA/Datasets/FSD50K/FSD50K.dev_audio/26974.wav,appliance_beep,fsd50k,0.0,fsd50k:26974
/Users/rajsingh/Library/CloudStorage/GoogleDrive-singhraj04.jan@gmail.com/My Drive/SAHARA/Datasets/FSD50K/FSD50K.dev_audio/188770.wav,appliance_beep,fsd50k,0.0,fsd50k:188770
/Users/rajsingh/Library/CloudStorage/GoogleDrive-singhraj04.jan@gmail.com/My Drive/SAHARA/Datasets/FSD50K/FSD50K.dev_audio/344424.wav,appliance_beep,fsd50k,0.0,fsd50k:344424
/Users/rajsingh/Library/CloudStorage/GoogleDrive-singhraj04.jan@gmail.com/My Drive/SAHARA/Datasets/FSD50K/FSD50K.dev_audio/178537.wav,appliance_beep,fsd50k,0.0,fsd50k:178537
/Users/rajsingh/Library/CloudStorage/GoogleDrive-singhraj04.jan@gmail.com/My Drive/SAHARA/Datasets/FSD50K/FSD50K.dev_audio/96637.wav,appliance_beep,fsd50k,0.0,fsd50k:96637
/Users/rajsingh/Library/CloudStorage/GoogleDrive-singhraj04.jan@gmail.com/My Drive/SAHARA/Datasets/FSD50K/FSD50K.dev_audio/317851.wav,appliance_beep,fsd50k,0.0,fsd50k:317851
/Users/rajsingh/Library/CloudStorage/GoogleDrive-singhraj04.jan@gmail.com/My Drive/SAHARA/Datasets/FSD50K/FSD50K.dev_audio/188828.wav,appliance_beep,fsd50k,0.0,fsd50k:188828
/Users/rajsingh/Library/CloudStorage/GoogleDrive-singhraj04.jan@gmail.com/My Drive/SAHARA/Datasets/FSD50K/FSD50K.dev_audio/59805.wav,appliance_beep,fsd50k,0.0,fsd50k:59805
/Users/rajsingh/Library/CloudStorage/GoogleDrive-singhraj04.jan@gmail.com/My Drive/SAHARA/Datasets/FSD50K/FSD50K.dev_audio/59806.wav,appliance_beep,fsd50k,0.0,fsd50k:59806
/Users/rajsingh/Library/CloudStorage/GoogleDrive-singhraj04.jan@gmail.com/My Drive/SAHARA/Datasets/FSD50K/FSD50K.dev_audio/59807.wav,appliance_beep,fsd50k,0.0,fsd50k:59807
/Users/rajsingh/Library/CloudStorage/GoogleDrive-singhraj04.jan@gmail.com/My Drive/SAHARA/Datasets/FSD50K/FSD50K.dev_audio/135584.wav,appliance_beep,fsd50k,0.0,fsd50k:135584
/Users/rajsingh/Library/CloudStorage/GoogleDrive-singhraj04.jan@gmail.com/My Drive/SAHARA/Datasets/FSD50K/FSD50K.dev_audio/364974.wav,appliance_beep,fsd50k,0.0,fsd50k:364974
/Users/rajsingh/Library/CloudStorage/GoogleDrive-singhraj04.jan@gmail.com/My Drive/SAHARA/Datasets/FSD50K/FSD50K.dev_audio/217527.wav,appliance_beep,fsd50k,0.0,fsd50k:217527
/Users/rajsingh/Library/CloudStorage/GoogleDrive-singhraj04.jan@gmail.com/My Drive/SAHARA/Datasets/FSD50K/FSD50K.dev_audio/426425.wav,appliance_beep,fsd50k,0.0,fsd50k:426425
/Users/rajsingh/Library/CloudStorage/GoogleDrive-singhraj04.jan@gmail.com/My Drive/SAHARA/Datasets/FSD50K/FSD50K.dev_audio/98746.wav,appliance_beep,fsd50k,0.0,fsd50k:98746
/Users/rajsingh/Library/CloudStorage/GoogleDrive-singhraj04.jan@gmail.com/My Drive/SAHARA/Datasets/FSD50K/FSD50K.dev_audio/80341.wav,appliance_beep,fsd50k,0.0,fsd50k:80341
/Users/rajsingh/Library/CloudStorage/GoogleDrive-singhraj04.jan@gmail.com/My Drive/SAHARA/Datasets/FSD50K/FSD50K.dev_audio/152025.wav,appliance_beep,fsd50k,0.0,fsd50k:152025
/Users/rajsingh/Library/CloudStorage/GoogleDrive-singhraj04.jan@gmail.com/My Drive/SAHARA/Datasets/FSD50K/FSD50K.dev_audio/80345.wav,appliance_beep,fsd50k,0.0,fsd50k:80345
/Users/rajsingh/Library/CloudStorage/GoogleDrive-singhraj04.jan@gmail.com/My Drive/SAHARA/Datasets/FSD50K/FSD50K.dev_audio/80355.wav,appliance_beep,fsd50k,0.0,fsd50k:80355
/Users/rajsingh/Library/CloudStorage/GoogleDrive-singhraj04.jan@gmail.com/My Drive/SAHARA/Datasets/FSD50K/FSD50K.dev_audio/389604.wav,appliance_beep,fsd50k,0.0,fsd50k:389604
/Users/rajsingh/Library/CloudStorage/GoogleDrive-singhraj04.jan@gmail.com/My Drive/SAHARA/Datasets/FSD50K/FSD50K.dev_audio/125420.wav,appliance_beep,fsd50k,0.0,fsd50k:125420
/Users/rajsingh/Library/CloudStorage/GoogleDrive-singhraj04.jan@gmail.com/My Drive/SAHARA/Datasets/FSD50K/FSD50K.dev_audio/367087.wav,appliance_beep,fsd50k,0.0,fsd50k:367087
/Users/rajsingh/Library/CloudStorage/GoogleDrive-singhraj04.jan@gmail.com/My Drive/SAHARA/Datasets/FSD50K/FSD50K.dev_audio/207352.wav,appliance_beep,fsd50k,0.0,fsd50k:207352
/Users/rajsingh/Library/CloudStorage/GoogleDrive-singhraj04.jan@gmail.com/My Drive/SAHARA/Datasets/FSD50K/FSD50K.dev_audio/211451.wav,appliance_beep,fsd50k,0.0,fsd50k:211451
/Users/rajsingh/Library/CloudStorage/GoogleDrive-singhraj04.jan@gmail.com/My Drive/SAHARA/Datasets/FSD50K/FSD50K.dev_audio/328188.wav,appliance_beep,fsd50k,0.0,fsd50k:328188
/Users/rajsingh/Library/CloudStorage/GoogleDrive-singhraj04.jan@gmail.com/My Drive/SAHARA/Datasets/FSD50K/FSD50K.dev_audio/188930.wav,appliance_beep,fsd50k,0.0,fsd50k:188930
/Users/rajsingh/Library/CloudStorage/GoogleDrive-singhraj04.jan@gmail.com/My Drive/SAHARA/Datasets/FSD50K/FSD50K.dev_audio/188931.wav,appliance_beep,fsd50k,0.0,fsd50k:188931
/Users/rajsingh/Library/CloudStorage/GoogleDrive-singhraj04.jan@gmail.com/My Drive/SAHARA/Datasets/FSD50K/FSD50K.dev_audio/268805.wav,appliance_beep,fsd50k,0.0,fsd50k:268805
/Users/rajsingh/Library/CloudStorage/GoogleDrive-singhraj04.jan@gmail.com/My Drive/SAHARA/Datasets/FSD50K/FSD50K.dev_audio/135691.wav,appliance_beep,fsd50k,0.0,fsd50k:135691
/Users/rajsingh/Library/CloudStorage/GoogleDrive-singhraj04.jan@gmail.com/My Drive/SAHARA/Datasets/FSD50K/FSD50K.dev_audio/315919.wav,appliance_beep,fsd50k,0.0,fsd50k:315919
/Users/rajsingh/Library/CloudStorage/GoogleDrive-singhraj04.jan@gmail.com/My Drive/SAHARA/Datasets/FSD50K/FSD50K.dev_audio/137774.wav,appliance_beep,fsd50k,0.0,fsd50k:137774
/Users/rajsingh/Library/CloudStorage/GoogleDrive-singhraj04.jan@gmail.com/My Drive/SAHARA/Datasets/FSD50K/FSD50K.dev_audio/432689.wav,appliance_beep,fsd50k,0.0,fsd50k:432689
/Users/rajsingh/Library/CloudStorage/GoogleDrive-singhraj04.jan@gmail.com/My Drive/SAHARA/Datasets/FSD50K/FSD50K.dev_audio/426548.wav,appliance_beep,fsd50k,0.0,fsd50k:426548
/Users/rajsingh/Library/CloudStorage/GoogleDrive-singhraj04.jan@gmail.com/My Drive/SAHARA/Datasets/FSD50K/FSD50K.dev_audio/426549.wav,appliance_beep,fsd50k,0.0,fsd50k:426549
/Users/rajsingh/Library/CloudStorage/GoogleDrive-singhraj04.jan@gmail.com/My Drive/SAHARA/Datasets/FSD50K/FSD50K.dev_audio/164404.wav,appliance_beep,fsd50k,0.0,fsd50k:164404
/Users/rajsingh/Library/CloudStorage/GoogleDrive-singhraj04.jan@gmail.com/My Drive/SAHARA/Datasets/FSD50K/FSD50K.dev_audio/31299.wav,appliance_beep,fsd50k,0.0,fsd50k:31299
/Users/rajsingh/Library/CloudStorage/GoogleDrive-singhraj04.jan@gmail.com/My Drive/SAHARA/Datasets/FSD50K/FSD50K.dev_audio/182857.wav,appliance_beep,fsd50k,0.0,fsd50k:182857
/Users/rajsingh/Library/CloudStorage/GoogleDrive-singhraj04.jan@gmail.com/My Drive/SAHARA/Datasets/FSD50K/FSD50K.dev_audio/170573.wav,appliance_beep,fsd50k,0.0,fsd50k:170573
/Users/rajsingh/Library/CloudStorage/GoogleDrive-singhraj04.jan@gmail.com/My Drive/SAHARA/Datasets/FSD50K/FSD50K.dev_audio/346711.wav,appliance_beep,fsd50k,0.0,fsd50k:346711
/Users/rajsingh/Library/CloudStorage/GoogleDrive-singhraj04.jan@gmail.com/My Drive/SAHARA/Datasets/FSD50K/FSD50K.dev_audio/316001.wav,appliance_beep,fsd50k,0.0,fsd50k:316001
/Users/rajsingh/Library/CloudStorage/GoogleDrive-singhraj04.jan@gmail.com/My Drive/SAHARA/Datasets/FSD50K/FSD50K.dev_audio/326252.wav,appliance_beep,fsd50k,0.0,fsd50k:326252
/Users/rajsingh/Library/CloudStorage/GoogleDrive-singhraj04.jan@gmail.com/My Drive/SAHARA/Datasets/FSD50K/FSD50K.dev_audio/275053.wav,appliance_beep,fsd50k,0.0,fsd50k:275053
/Users/rajsingh/Library/CloudStorage/GoogleDrive-singhraj04.jan@gmail.com/My Drive/SAHARA/Datasets/FSD50K/FSD50K.dev_audio/268916.wav,appliance_beep,fsd50k,0.0,fsd50k:268916
/Users/rajsingh/Library/CloudStorage/GoogleDrive-singhraj04.jan@gmail.com/My Drive/SAHARA/Datasets/FSD50K/FSD50K.dev_audio/268917.wav,appliance_beep,fsd50k,0.0,fsd50k:268917
/Users/rajsingh/Library/CloudStorage/GoogleDrive-singhraj04.jan@gmail.com/My Drive/SAHARA/Datasets/FSD50K/FSD50K.dev_audio/426615.wav,appliance_beep,fsd50k,0.0,fsd50k:426615
/Users/rajsingh/Library/CloudStorage/GoogleDrive-singhraj04.jan@gmail.com/My Drive/SAHARA/Datasets/FSD50K/FSD50K.dev_audio/41596.wav,appliance_beep,fsd50k,0.0,fsd50k:41596
/Users/rajsingh/Library/CloudStorage/GoogleDrive-singhraj04.jan@gmail.com/My Drive/SAHARA/Datasets/FSD50K/FSD50K.dev_audio/178817.wav,appliance_beep,fsd50k,0.0,fsd50k:178817
/Users/rajsingh/Library/CloudStorage/GoogleDrive-singhraj04.jan@gmail.com/My Drive/SAHARA/Datasets/FSD50K/FSD50K.dev_audio/178819.wav,appliance_beep,fsd50k,0.0,fsd50k:178819
/Users/rajsingh/Library/CloudStorage/GoogleDrive-singhraj04.jan@gmail.com/My Drive/SAHARA/Datasets/FSD50K/FSD50K.dev_audio/178820.wav,appliance_beep,fsd50k,0.0,fsd50k:178820
/Users/rajsingh/Library/CloudStorage/GoogleDrive-singhraj04.jan@gmail.com/My Drive/SAHARA/Datasets/FSD50K/FSD50K.dev_audio/178821.wav,appliance_beep,fsd50k,0.0,fsd50k:178821
/Users/rajsingh/Library/CloudStorage/GoogleDrive-singhraj04.jan@gmail.com/My Drive/SAHARA/Datasets/FSD50K/FSD50K.dev_audio/98950.wav,appliance_beep,fsd50k,0.0,fsd50k:98950
/Users/rajsingh/Library/CloudStorage/GoogleDrive-singhraj04.jan@gmail.com/My Drive/SAHARA/Datasets/FSD50K/FSD50K.dev_audio/178823.wav,appliance_beep,fsd50k,0.0,fsd50k:178823
/Users/rajsingh/Library/CloudStorage/GoogleDrive-singhraj04.jan@gmail.com/My Drive/SAHARA/Datasets/FSD50K/FSD50K.dev_audio/266891.wav,appliance_beep,fsd50k,0.0,fsd50k:266891
/Users/rajsingh/Library/CloudStorage/GoogleDrive-singhraj04.jan@gmail.com/My Drive/SAHARA/Datasets/FSD50K/FSD50K.dev_audio/45720.wav,appliance_beep,fsd50k,0.0,fsd50k:45720
/Users/rajsingh/Library/CloudStorage/GoogleDrive-singhraj04.jan@gmail.com/My Drive/SAHARA/Datasets/FSD50K/FSD50K.dev_audio/45721.wav,appliance_beep,fsd50k,0.0,fsd50k:45721
/Users/rajsingh/Library/CloudStorage/GoogleDrive-singhraj04.jan@gmail.com/My Drive/SAHARA/Datasets/FSD50K/FSD50K.dev_audio/66210.wav,appliance_beep,fsd50k,0.0,fsd50k:66210
/Users/rajsingh/Library/CloudStorage/GoogleDrive-singhraj04.jan@gmail.com/My Drive/SAHARA/Datasets/FSD50K/FSD50K.dev_audio/371369.wav,appliance_beep,fsd50k,0.0,fsd50k:371369
/Users/rajsingh/Library/CloudStorage/GoogleDrive-singhraj04.jan@gmail.com/My Drive/SAHARA/Datasets/FSD50K/FSD50K.dev_audio/133813.wav,appliance_beep,fsd50k,0.0,fsd50k:133813
/Users/rajsingh/Library/CloudStorage/GoogleDrive-singhraj04.jan@gmail.com/My Drive/SAHARA/Datasets/FSD50K/FSD50K.dev_audio/352958.wav,appliance_beep,fsd50k,0.0,fsd50k:352958
/Users/rajsingh/Library/CloudStorage/GoogleDrive-singhraj04.jan@gmail.com/My Drive/SAHARA/Datasets/FSD50K/FSD50K.dev_audio/361153.wav,appliance_beep,fsd50k,0.0,fsd50k:361153
/Users/rajsingh/Library/CloudStorage/GoogleDrive-singhraj04.jan@gmail.com/My Drive/SAHARA/Datasets/FSD50K/FSD50K.dev_audio/361154.wav,appliance_beep,fsd50k,0.0,fsd50k:361154
/Users/rajsingh/Library/CloudStorage/GoogleDrive-singhraj04.jan@gmail.com/My Drive/SAHARA/Datasets/FSD50K/FSD50K.dev_audio/62164.wav,appliance_beep,fsd50k,0.0,fsd50k:62164
/Users/rajsingh/Library/CloudStorage/GoogleDrive-singhraj04.jan@gmail.com/My Drive/SAHARA/Datasets/FSD50K/FSD50K.dev_audio/144084.wav,appliance_beep,fsd50k,0.0,fsd50k:144084
/Users/rajsingh/Library/CloudStorage/GoogleDrive-singhraj04.jan@gmail.com/My Drive/SAHARA/Datasets/FSD50K/FSD50K.dev_audio/94933.wav,appliance_beep,fsd50k,0.0,fsd50k:94933
/Users/rajsingh/Library/CloudStorage/GoogleDrive-singhraj04.jan@gmail.com/My Drive/SAHARA/Datasets/FSD50K/FSD50K.dev_audio/62167.wav,appliance_beep,fsd50k,0.0,fsd50k:62167
/Users/rajsingh/Library/CloudStorage/GoogleDrive-singhraj04.jan@gmail.com/My Drive/SAHARA/Datasets/FSD50K/FSD50K.dev_audio/176859.wav,appliance_beep,fsd50k,0.0,fsd50k:176859
/Users/rajsingh/Library/CloudStorage/GoogleDrive-singhraj04.jan@gmail.com/My Drive/SAHARA/Datasets/FSD50K/FSD50K.dev_audio/158427.wav,appliance_beep,fsd50k,0.0,fsd50k:158427
/Users/rajsingh/Library/CloudStorage/GoogleDrive-singhraj04.jan@gmail.com/My Drive/SAHARA/Datasets/FSD50K/FSD50K.dev_audio/78565.wav,appliance_beep,fsd50k,0.0,fsd50k:78565
/Users/rajsingh/Library/CloudStorage/GoogleDrive-singhraj04.jan@gmail.com/My Drive/SAHARA/Datasets/FSD50K/FSD50K.dev_audio/66288.wav,appliance_beep,fsd50k,0.0,fsd50k:66288
/Users/rajsingh/Library/CloudStorage/GoogleDrive-singhraj04.jan@gmail.com/My Drive/SAHARA/Datasets/FSD50K/FSD50K.dev_audio/82673.wav,appliance_beep,fsd50k,0.0,fsd50k:82673
/Users/rajsingh/Library/CloudStorage/GoogleDrive-singhraj04.jan@gmail.com/My Drive/SAHARA/Datasets/FSD50K/FSD50K.dev_audio/66289.wav,appliance_beep,fsd50k,0.0,fsd50k:66289
/Users/rajsingh/Library/CloudStorage/GoogleDrive-singhraj04.jan@gmail.com/My Drive/SAHARA/Datasets/FSD50K/FSD50K.dev_audio/66290.wav,appliance_beep,fsd50k,0.0,fsd50k:66290
/Users/rajsingh/Library/CloudStorage/GoogleDrive-singhraj04.jan@gmail.com/My Drive/SAHARA/Datasets/FSD50K/FSD50K.dev_audio/66291.wav,appliance_beep,fsd50k,0.0,fsd50k:66291
/Users/rajsingh/Library/CloudStorage/GoogleDrive-singhraj04.jan@gmail.com/My Drive/SAHARA/Datasets/FSD50K/FSD50K.dev_audio/66292.wav,appliance_beep,fsd50k,0.0,fsd50k:66292
/Users/rajsingh/Library/CloudStorage/GoogleDrive-singhraj04.jan@gmail.com/My Drive/SAHARA/Datasets/FSD50K/FSD50K.dev_audio/66293.wav,appliance_beep,fsd50k,0.0,fsd50k:66293
/Users/rajsingh/Library/CloudStorage/GoogleDrive-singhraj04.jan@gmail.com/My Drive/SAHARA/Datasets/FSD50K/FSD50K.dev_audio/66294.wav,appliance_beep,fsd50k,0.0,fsd50k:66294
/Users/rajsingh/Library/CloudStorage/GoogleDrive-singhraj04.jan@gmail.com/My Drive/SAHARA/Datasets/FSD50K/FSD50K.dev_audio/66295.wav,appliance_beep,fsd50k,0.0,fsd50k:66295
/Users/rajsingh/Library/CloudStorage/GoogleDrive-singhraj04.jan@gmail.com/My Drive/SAHARA/Datasets/FSD50K/FSD50K.dev_audio/422649.wav,appliance_beep,fsd50k,0.0,fsd50k:422649
/Users/rajsingh/Library/CloudStorage/GoogleDrive-singhraj04.jan@gmail.com/My Drive/SAHARA/Datasets/FSD50K/FSD50K.dev_audio/66296.wav,appliance_beep,fsd50k,0.0,fsd50k:66296
/Users/rajsingh/Library/CloudStorage/GoogleDrive-singhraj04.jan@gmail.com/My Drive/SAHARA/Datasets/FSD50K/FSD50K.dev_audio/422651.wav,appliance_beep,fsd50k,0.0,fsd50k:422651
/Users/rajsingh/Library/CloudStorage/GoogleDrive-singhraj04.jan@gmail.com/My Drive/SAHARA/Datasets/FSD50K/FSD50K.dev_audio/66297.wav,appliance_beep,fsd50k,0.0,fsd50k:66297
/Users/rajsingh/Library/CloudStorage/GoogleDrive-singhraj04.jan@gmail.com/My Drive/SAHARA/Datasets/FSD50K/FSD50K.dev_audio/66298.wav,appliance_beep,fsd50k,0.0,fsd50k:66298
/Users/rajsingh/Library/CloudStorage/GoogleDrive-singhraj04.jan@gmail.com/My Drive/SAHARA/Datasets/FSD50K/FSD50K.dev_audio/66300.wav,appliance_beep,fsd50k,0.0,fsd50k:66300
/Users/rajsingh/Library/CloudStorage/GoogleDrive-singhraj04.jan@gmail.com/My Drive/SAHARA/Datasets/FSD50K/FSD50K.dev_audio/262911.wav,appliance_beep,fsd50k,0.0,fsd50k:262911
/Users/rajsingh/Library/CloudStorage/GoogleDrive-singhraj04.jan@gmail.com/My Drive/SAHARA/Datasets/FSD50K/FSD50K.dev_audio/66303.wav,appliance_beep,fsd50k,0.0,fsd50k:66303
/Users/rajsingh/Library/CloudStorage/GoogleDrive-singhraj04.jan@gmail.com/My Drive/SAHARA/Datasets/FSD50K/FSD50K.dev_audio/66301.wav,appliance_beep,fsd50k,0.0,fsd50k:66301
/Users/rajsingh/Library/CloudStorage/GoogleDrive-singhraj04.jan@gmail.com/My Drive/SAHARA/Datasets/FSD50K/FSD50K.dev_audio/66302.wav,appliance_beep,fsd50k,0.0,fsd50k:66302
/Users/rajsingh/Library/CloudStorage/GoogleDrive-singhraj04.jan@gmail.com/My Drive/SAHARA/Datasets/FSD50K/FSD50K.dev_audio/66299.wav,appliance_beep,fsd50k,0.0,fsd50k:66299
/Users/rajsingh/Library/CloudStorage/GoogleDrive-singhraj04.jan@gmail.com/My Drive/SAHARA/Datasets/FSD50K/FSD50K.dev_audio/414471.wav,appliance_beep,fsd50k,0.0,fsd50k:414471
/Users/rajsingh/Library/CloudStorage/GoogleDrive-singhraj04.jan@gmail.com/My Drive/SAHARA/Datasets/FSD50K/FSD50K.dev_audio/414472.wav,appliance_beep,fsd50k,0.0,fsd50k:414472
/Users/rajsingh/Library/CloudStorage/GoogleDrive-singhraj04.jan@gmail.com/My Drive/SAHARA/Datasets/FSD50K/FSD50K.dev_audio/215818.wav,appliance_beep,fsd50k,0.0,fsd50k:215818
/Users/rajsingh/Library/CloudStorage/GoogleDrive-singhraj04.jan@gmail.com/My Drive/SAHARA/Datasets/FSD50K/FSD50K.dev_audio/215819.wav,appliance_beep,fsd50k,0.0,fsd50k:215819
/Users/rajsingh/Library/CloudStorage/GoogleDrive-singhraj04.jan@gmail.com/My Drive/SAHARA/Datasets/FSD50K/FSD50K.dev_audio/215820.wav,appliance_beep,fsd50k,0.0,fsd50k:215820
/Users/rajsingh/Library/CloudStorage/GoogleDrive-singhraj04.jan@gmail.com/My Drive/SAHARA/Datasets/FSD50K/FSD50K.dev_audio/215821.wav,appliance_beep,fsd50k,0.0,fsd50k:215821
/Users/rajsingh/Library/CloudStorage/GoogleDrive-singhraj04.jan@gmail.com/My Drive/SAHARA/Datasets/FSD50K/FSD50K.dev_audio/215822.wav,appliance_beep,fsd50k,0.0,fsd50k:215822
/Users/rajsingh/Library/CloudStorage/GoogleDrive-singhraj04.jan@gmail.com/My Drive/SAHARA/Datasets/FSD50K/FSD50K.dev_audio/68381.wav,appliance_beep,fsd50k,0.0,fsd50k:68381
/Users/rajsingh/Library/CloudStorage/GoogleDrive-singhraj04.jan@gmail.com/My Drive/SAHARA/Datasets/FSD50K/FSD50K.dev_audio/271152.wav,appliance_beep,fsd50k,0.0,fsd50k:271152
/Users/rajsingh/Library/CloudStorage/GoogleDrive-singhraj04.jan@gmail.com/My Drive/SAHARA/Datasets/FSD50K/FSD50K.dev_audio/138042.wav,appliance_beep,fsd50k,0.0,fsd50k:138042
/Users/rajsingh/Library/CloudStorage/GoogleDrive-singhraj04.jan@gmail.com/My Drive/SAHARA/Datasets/FSD50K/FSD50K.dev_audio/273213.wav,appliance_beep,fsd50k,0.0,fsd50k:273213
/Users/rajsingh/Library/CloudStorage/GoogleDrive-singhraj04.jan@gmail.com/My Drive/SAHARA/Datasets/FSD50K/FSD50K.dev_audio/179012.wav,appliance_beep,fsd50k,0.0,fsd50k:179012
/Users/rajsingh/Library/CloudStorage/GoogleDrive-singhraj04.jan@gmail.com/My Drive/SAHARA/Datasets/FSD50K/FSD50K.dev_audio/242502.wav,appliance_beep,fsd50k,0.0,fsd50k:242502
/Users/rajsingh/Library/CloudStorage/GoogleDrive-singhraj04.jan@gmail.com/My Drive/SAHARA/Datasets/FSD50K/FSD50K.dev_audio/164690.wav,appliance_beep,fsd50k,0.0,fsd50k:164690
/Users/rajsingh/Library/CloudStorage/GoogleDrive-singhraj04.jan@gmail.com/My Drive/SAHARA/Datasets/FSD50K/FSD50K.dev_audio/197472.wav,appliance_beep,fsd50k,0.0,fsd50k:197472
/Users/rajsingh/Library/CloudStorage/GoogleDrive-singhraj04.jan@gmail.com/My Drive/SAHARA/Datasets/FSD50K/FSD50K.dev_audio/144236.wav,appliance_beep,fsd50k,0.0,fsd50k:144236
/Users/rajsingh/Library/CloudStorage/GoogleDrive-singhraj04.jan@gmail.com/My Drive/SAHARA/Datasets/FSD50K/FSD50K.dev_audio/265080.wav,appliance_beep,fsd50k,0.0,fsd50k:265080
/Users/rajsingh/Library/CloudStorage/GoogleDrive-singhraj04.jan@gmail.com/My Drive/SAHARA/Datasets/FSD50K/FSD50K.dev_audio/265083.wav,appliance_beep,fsd50k,0.0,fsd50k:265083
/Users/rajsingh/Library/CloudStorage/GoogleDrive-singhraj04.jan@gmail.com/My Drive/SAHARA/Datasets/FSD50K/FSD50K.dev_audio/265085.wav,appliance_beep,fsd50k,0.0,fsd50k:265085
/Users/rajsingh/Library/CloudStorage/GoogleDrive-singhraj04.jan@gmail.com/My Drive/SAHARA/Datasets/FSD50K/FSD50K.dev_audio/265088.wav,appliance_beep,fsd50k,0.0,fsd50k:265088
/Users/rajsingh/Library/CloudStorage/GoogleDrive-singhraj04.jan@gmail.com/My Drive/SAHARA/Datasets/FSD50K/FSD50K.dev_audio/156546.wav,appliance_beep,fsd50k,0.0,fsd50k:156546
/Users/rajsingh/Library/CloudStorage/GoogleDrive-singhraj04.jan@gmail.com/My Drive/SAHARA/Datasets/FSD50K/FSD50K.dev_audio/25480.wav,appliance_beep,fsd50k,0.0,fsd50k:25480
/Users/rajsingh/Library/CloudStorage/GoogleDrive-singhraj04.jan@gmail.com/My Drive/SAHARA/Datasets/FSD50K/FSD50K.dev_audio/95112.wav,appliance_beep,fsd50k,0.0,fsd50k:95112
/Users/rajsingh/Library/CloudStorage/GoogleDrive-singhraj04.jan@gmail.com/My Drive/SAHARA/Datasets/FSD50K/FSD50K.dev_audio/95114.wav,appliance_beep,fsd50k,0.0,fsd50k:95114
/Users/rajsingh/Library/CloudStorage/GoogleDrive-singhraj04.jan@gmail.com/My Drive/SAHARA/Datasets/FSD50K/FSD50K.dev_audio/7056.wav,appliance_beep,fsd50k,0.0,fsd50k:7056
/Users/rajsingh/Library/CloudStorage/GoogleDrive-singhraj04.jan@gmail.com/My Drive/SAHARA/Datasets/FSD50K/FSD50K.dev_audio/121750.wav,appliance_beep,fsd50k,0.0,fsd50k:121750
/Users/rajsingh/Library/CloudStorage/GoogleDrive-singhraj04.jan@gmail.com/My Drive/SAHARA/Datasets/FSD50K/FSD50K.dev_audio/121754.wav,appliance_beep,fsd50k,0.0,fsd50k:121754
/Users/rajsingh/Library/CloudStorage/GoogleDrive-singhraj04.jan@gmail.com/My Drive/SAHARA/Datasets/FSD50K/FSD50K.dev_audio/349084.wav,appliance_beep,fsd50k,0.0,fsd50k:349084
/Users/rajsingh/Library/CloudStorage/GoogleDrive-singhraj04.jan@gmail.com/My Drive/SAHARA/Datasets/FSD50K/FSD50K.dev_audio/121756.wav,appliance_beep,fsd50k,0.0,fsd50k:121756
/Users/rajsingh/Library/CloudStorage/GoogleDrive-singhraj04.jan@gmail.com/My Drive/SAHARA/Datasets/FSD50K/FSD50K.dev_audio/121758.wav,appliance_beep,fsd50k,0.0,fsd50k:121758
/Users/rajsingh/Library/CloudStorage/GoogleDrive-singhraj04.jan@gmail.com/My Drive/SAHARA/Datasets/FSD50K/FSD50K.dev_audio/121759.wav,appliance_beep,fsd50k,0.0,fsd50k:121759
/Users/rajsingh/Library/CloudStorage/GoogleDrive-singhraj04.jan@gmail.com/My Drive/SAHARA/Datasets/FSD50K/FSD50K.dev_audio/158621.wav,appliance_beep,fsd50k,0.0,fsd50k:158621
/Users/rajsingh/Library/CloudStorage/GoogleDrive-singhraj04.jan@gmail.com/My Drive/SAHARA/Datasets/FSD50K/FSD50K.dev_audio/175039.wav,appliance_beep,fsd50k,0.0,fsd50k:175039
/Users/rajsingh/Library/CloudStorage/GoogleDrive-singhraj04.jan@gmail.com/My Drive/SAHARA/Datasets/FSD50K/FSD50K.dev_audio/267199.wav,appliance_beep,fsd50k,0.0,fsd50k:267199
/Users/rajsingh/Library/CloudStorage/GoogleDrive-singhraj04.jan@gmail.com/My Drive/SAHARA/Datasets/FSD50K/FSD50K.dev_audio/273345.wav,appliance_beep,fsd50k,0.0,fsd50k:273345
/Users/rajsingh/Library/CloudStorage/GoogleDrive-singhraj04.jan@gmail.com/My Drive/SAHARA/Datasets/FSD50K/FSD50K.dev_audio/273344.wav,appliance_beep,fsd50k,0.0,fsd50k:273344
/Users/rajsingh/Library/CloudStorage/GoogleDrive-singhraj04.jan@gmail.com/My Drive/SAHARA/Datasets/FSD50K/FSD50K.dev_audio/273348.wav,appliance_beep,fsd50k,0.0,fsd50k:273348
/Users/rajsingh/Library/CloudStorage/GoogleDrive-singhraj04.jan@gmail.com/My Drive/SAHARA/Datasets/FSD50K/FSD50K.dev_audio/273349.wav,appliance_beep,fsd50k,0.0,fsd50k:273349
/Users/rajsingh/Library/CloudStorage/GoogleDrive-singhraj04.jan@gmail.com/My Drive/SAHARA/Datasets/FSD50K/FSD50K.dev_audio/103391.wav,appliance_beep,fsd50k,0.0,fsd50k:103391
/Users/rajsingh/Library/CloudStorage/GoogleDrive-singhraj04.jan@gmail.com/My Drive/SAHARA/Datasets/FSD50K/FSD50K.dev_audio/365539.wav,appliance_beep,fsd50k,0.0,fsd50k:365539
/Users/rajsingh/Library/CloudStorage/GoogleDrive-singhraj04.jan@gmail.com/My Drive/SAHARA/Datasets/FSD50K/FSD50K.dev_audio/166888.wav,appliance_beep,fsd50k,0.0,fsd50k:166888
/Users/rajsingh/Library/CloudStorage/GoogleDrive-singhraj04.jan@gmail.com/My Drive/SAHARA/Datasets/FSD50K/FSD50K.dev_audio/164843.wav,appliance_beep,fsd50k,0.0,fsd50k:164843
/Users/rajsingh/Library/CloudStorage/GoogleDrive-singhraj04.jan@gmail.com/My Drive/SAHARA/Datasets/FSD50K/FSD50K.dev_audio/29679.wav,appliance_beep,fsd50k,0.0,fsd50k:29679
/Users/rajsingh/Library/CloudStorage/GoogleDrive-singhraj04.jan@gmail.com/My Drive/SAHARA/Datasets/FSD50K/FSD50K.dev_audio/390136.wav,appliance_beep,fsd50k,0.0,fsd50k:390136
/Users/rajsingh/Library/CloudStorage/GoogleDrive-singhraj04.jan@gmail.com/My Drive/SAHARA/Datasets/FSD50K/FSD50K.dev_audio/17405.wav,appliance_beep,fsd50k,0.0,fsd50k:17405
/Users/rajsingh/Library/CloudStorage/GoogleDrive-singhraj04.jan@gmail.com/My Drive/SAHARA/Datasets/FSD50K/FSD50K.dev_audio/384004.wav,appliance_beep,fsd50k,0.0,fsd50k:384004
/Users/rajsingh/Library/CloudStorage/GoogleDrive-singhraj04.jan@gmail.com/My Drive/SAHARA/Datasets/FSD50K/FSD50K.dev_audio/214020.wav,appliance_beep,fsd50k,0.0,fsd50k:214020
/Users/rajsingh/Library/CloudStorage/GoogleDrive-singhraj04.jan@gmail.com/My Drive/SAHARA/Datasets/FSD50K/FSD50K.dev_audio/130054.wav,appliance_beep,fsd50k,0.0,fsd50k:130054
/Users/rajsingh/Library/CloudStorage/GoogleDrive-singhraj04.jan@gmail.com/My Drive/SAHARA/Datasets/FSD50K/FSD50K.dev_audio/160775.wav,appliance_beep,fsd50k,0.0,fsd50k:160775
/Users/rajsingh/Library/CloudStorage/GoogleDrive-singhraj04.jan@gmail.com/My Drive/SAHARA/Datasets/FSD50K/FSD50K.dev_audio/384009.wav,appliance_beep,fsd50k,0.0,fsd50k:384009
/Users/rajsingh/Library/CloudStorage/GoogleDrive-singhraj04.jan@gmail.com/My Drive/SAHARA/Datasets/FSD50K/FSD50K.dev_audio/212006.wav,appliance_beep,fsd50k,0.0,fsd50k:212006
/Users/rajsingh/Library/CloudStorage/GoogleDrive-singhraj04.jan@gmail.com/My Drive/SAHARA/Datasets/FSD50K/FSD50K.dev_audio/271399.wav,appliance_beep,fsd50k,0.0,fsd50k:271399
/Users/rajsingh/Library/CloudStorage/GoogleDrive-singhraj04.jan@gmail.com/My Drive/SAHARA/Datasets/FSD50K/FSD50K.dev_audio/60463.wav,appliance_beep,fsd50k,0.0,fsd50k:60463
/Users/rajsingh/Library/CloudStorage/GoogleDrive-singhraj04.jan@gmail.com/My Drive/SAHARA/Datasets/FSD50K/FSD50K.dev_audio/31799.wav,appliance_beep,fsd50k,0.0,fsd50k:31799
/Users/rajsingh/Library/CloudStorage/GoogleDrive-singhraj04.jan@gmail.com/My Drive/SAHARA/Datasets/FSD50K/FSD50K.dev_audio/369720.wav,appliance_beep,fsd50k,0.0,fsd50k:369720
/Users/rajsingh/Library/CloudStorage/GoogleDrive-singhraj04.jan@gmail.com/My Drive/SAHARA/Datasets/FSD50K/FSD50K.dev_audio/177209.wav,appliance_beep,fsd50k,0.0,fsd50k:177209
/Users/rajsingh/Library/CloudStorage/GoogleDrive-singhraj04.jan@gmail.com/My Drive/SAHARA/Datasets/FSD50K/FSD50K.dev_audio/31802.wav,appliance_beep,fsd50k,0.0,fsd50k:31802
/Users/rajsingh/Library/CloudStorage/GoogleDrive-singhraj04.jan@gmail.com/My Drive/SAHARA/Datasets/FSD50K/FSD50K.dev_audio/269379.wav,appliance_beep,fsd50k,0.0,fsd50k:269379
/Users/rajsingh/Library/CloudStorage/GoogleDrive-singhraj04.jan@gmail.com/My Drive/SAHARA/Datasets/FSD50K/FSD50K.dev_audio/269380.wav,appliance_beep,fsd50k,0.0,fsd50k:269380
/Users/rajsingh/Library/CloudStorage/GoogleDrive-singhraj04.jan@gmail.com/My Drive/SAHARA/Datasets/FSD50K/FSD50K.dev_audio/326730.wav,appliance_beep,fsd50k,0.0,fsd50k:326730
/Users/rajsingh/Library/CloudStorage/GoogleDrive-singhraj04.jan@gmail.com/My Drive/SAHARA/Datasets/FSD50K/FSD50K.dev_audio/324693.wav,appliance_beep,fsd50k,0.0,fsd50k:324693
/Users/rajsingh/Library/CloudStorage/GoogleDrive-singhraj04.jan@gmail.com/My Drive/SAHARA/Datasets/FSD50K/FSD50K.dev_audio/117848.wav,appliance_beep,fsd50k,0.0,fsd50k:117848
/Users/rajsingh/Library/CloudStorage/GoogleDrive-singhraj04.jan@gmail.com/My Drive/SAHARA/Datasets/FSD50K/FSD50K.dev_audio/347234.wav,appliance_beep,fsd50k,0.0,fsd50k:347234
/Users/rajsingh/Library/CloudStorage/GoogleDrive-singhraj04.jan@gmail.com/My Drive/SAHARA/Datasets/FSD50K/FSD50K.dev_audio/334947.wav,appliance_beep,fsd50k,0.0,fsd50k:334947
/Users/rajsingh/Library/CloudStorage/GoogleDrive-singhraj04.jan@gmail.com/My Drive/SAHARA/Datasets/FSD50K/FSD50K.dev_audio/334948.wav,appliance_beep,fsd50k,0.0,fsd50k:334948
/Users/rajsingh/Library/CloudStorage/GoogleDrive-singhraj04.jan@gmail.com/My Drive/SAHARA/Datasets/FSD50K/FSD50K.dev_audio/179301.wav,appliance_beep,fsd50k,0.0,fsd50k:179301
/Users/rajsingh/Library/CloudStorage/GoogleDrive-singhraj04.jan@gmail.com/My Drive/SAHARA/Datasets/FSD50K/FSD50K.dev_audio/171113.wav,appliance_beep,fsd50k,0.0,fsd50k:171113
/Users/rajsingh/Library/CloudStorage/GoogleDrive-singhraj04.jan@gmail.com/My Drive/SAHARA/Datasets/FSD50K/FSD50K.dev_audio/351343.wav,appliance_beep,fsd50k,0.0,fsd50k:351343
/Users/rajsingh/Library/CloudStorage/GoogleDrive-singhraj04.jan@gmail.com/My Drive/SAHARA/Datasets/FSD50K/FSD50K.dev_audio/15482.wav,appliance_beep,fsd50k,0.0,fsd50k:15482
/Users/rajsingh/Library/CloudStorage/GoogleDrive-singhraj04.jan@gmail.com/My Drive/SAHARA/Datasets/FSD50K/FSD50K.dev_audio/76927.wav,appliance_beep,fsd50k,0.0,fsd50k:76927
/Users/rajsingh/Library/CloudStorage/GoogleDrive-singhraj04.jan@gmail.com/My Drive/SAHARA/Datasets/FSD50K/FSD50K.dev_audio/410756.wav,appliance_beep,fsd50k,0.0,fsd50k:410756
/Users/rajsingh/Library/CloudStorage/GoogleDrive-singhraj04.jan@gmail.com/My Drive/SAHARA/Datasets/FSD50K/FSD50K.dev_audio/70789.wav,appliance_beep,fsd50k,0.0,fsd50k:70789
/Users/rajsingh/Library/CloudStorage/GoogleDrive-singhraj04.jan@gmail.com/My Drive/SAHARA/Datasets/FSD50K/FSD50K.dev_audio/189579.wav,appliance_beep,fsd50k,0.0,fsd50k:189579
/Users/rajsingh/Library/CloudStorage/GoogleDrive-singhraj04.jan@gmail.com/My Drive/SAHARA/Datasets/FSD50K/FSD50K.dev_audio/201877.wav,appliance_beep,fsd50k,0.0,fsd50k:201877
/Users/rajsingh/Library/CloudStorage/GoogleDrive-singhraj04.jan@gmail.com/My Drive/SAHARA/Datasets/FSD50K/FSD50K.dev_audio/201878.wav,appliance_beep,fsd50k,0.0,fsd50k:201878
/Users/rajsingh/Library/CloudStorage/GoogleDrive-singhraj04.jan@gmail.com/My Drive/SAHARA/Datasets/FSD50K/FSD50K.dev_audio/117922.wav,appliance_beep,fsd50k,0.0,fsd50k:117922
/Users/rajsingh/Library/CloudStorage/GoogleDrive-singhraj04.jan@gmail.com/My Drive/SAHARA/Datasets/FSD50K/FSD50K.dev_audio/369839.wav,appliance_beep,fsd50k,0.0,fsd50k:369839
/Users/rajsingh/Library/CloudStorage/GoogleDrive-singhraj04.jan@gmail.com/My Drive/SAHARA/Datasets/FSD50K/FSD50K.dev_audio/9392.wav,appliance_beep,fsd50k,0.0,fsd50k:9392
/Users/rajsingh/Library/CloudStorage/GoogleDrive-singhraj04.jan@gmail.com/My Drive/SAHARA/Datasets/FSD50K/FSD50K.dev_audio/9393.wav,appliance_beep,fsd50k,0.0,fsd50k:9393
/Users/rajsingh/Library/CloudStorage/GoogleDrive-singhraj04.jan@gmail.com/My Drive/SAHARA/Datasets/FSD50K/FSD50K.dev_audio/369840.wav,appliance_beep,fsd50k,0.0,fsd50k:369840
/Users/rajsingh/Library/CloudStorage/GoogleDrive-singhraj04.jan@gmail.com/My Drive/SAHARA/Datasets/FSD50K/FSD50K.dev_audio/369841.wav,appliance_beep,fsd50k,0.0,fsd50k:369841
/Users/rajsingh/Library/CloudStorage/GoogleDrive-singhraj04.jan@gmail.com/My Drive/SAHARA/Datasets/FSD50K/FSD50K.dev_audio/369842.wav,appliance_beep,fsd50k,0.0,fsd50k:369842
/Users/rajsingh/Library/CloudStorage/GoogleDrive-singhraj04.jan@gmail.com/My Drive/SAHARA/Datasets/FSD50K/FSD50K.dev_audio/21680.wav,appliance_beep,fsd50k,0.0,fsd50k:21680
/Users/rajsingh/Library/CloudStorage/GoogleDrive-singhraj04.jan@gmail.com/My Drive/SAHARA/Datasets/FSD50K/FSD50K.dev_audio/369844.wav,appliance_beep,fsd50k,0.0,fsd50k:369844
/Users/rajsingh/Library/CloudStorage/GoogleDrive-singhraj04.jan@gmail.com/My Drive/SAHARA/Datasets/FSD50K/FSD50K.dev_audio/404678.wav,appliance_beep,fsd50k,0.0,fsd50k:404678
/Users/rajsingh/Library/CloudStorage/GoogleDrive-singhraj04.jan@gmail.com/My Drive/SAHARA/Datasets/FSD50K/FSD50K.dev_audio/165063.wav,appliance_beep,fsd50k,0.0,fsd50k:165063
/Users/rajsingh/Library/CloudStorage/GoogleDrive-singhraj04.jan@gmail.com/My Drive/SAHARA/Datasets/FSD50K/FSD50K.dev_audio/85205.wav,appliance_beep,fsd50k,0.0,fsd50k:85205
/Users/rajsingh/Library/CloudStorage/GoogleDrive-singhraj04.jan@gmail.com/My Drive/SAHARA/Datasets/FSD50K/FSD50K.dev_audio/25821.wav,appliance_beep,fsd50k,0.0,fsd50k:25821
/Users/rajsingh/Library/CloudStorage/GoogleDrive-singhraj04.jan@gmail.com/My Drive/SAHARA/Datasets/FSD50K/FSD50K.dev_audio/77031.wav,appliance_beep,fsd50k,0.0,fsd50k:77031
/Users/rajsingh/Library/CloudStorage/GoogleDrive-singhraj04.jan@gmail.com/My Drive/SAHARA/Datasets/FSD50K/FSD50K.dev_audio/363771.wav,appliance_beep,fsd50k,0.0,fsd50k:363771
/Users/rajsingh/Library/CloudStorage/GoogleDrive-singhraj04.jan@gmail.com/My Drive/SAHARA/Datasets/FSD50K/FSD50K.dev_audio/29950.wav,appliance_beep,fsd50k,0.0,fsd50k:29950
/Users/rajsingh/Library/CloudStorage/GoogleDrive-singhraj04.jan@gmail.com/My Drive/SAHARA/Datasets/FSD50K/FSD50K.dev_audio/29951.wav,appliance_beep,fsd50k,0.0,fsd50k:29951
/Users/rajsingh/Library/CloudStorage/GoogleDrive-singhraj04.jan@gmail.com/My Drive/SAHARA/Datasets/FSD50K/FSD50K.dev_audio/201984.wav,appliance_beep,fsd50k,0.0,fsd50k:201984
/Users/rajsingh/Library/CloudStorage/GoogleDrive-singhraj04.jan@gmail.com/My Drive/SAHARA/Datasets/FSD50K/FSD50K.dev_audio/236799.wav,appliance_beep,fsd50k,0.0,fsd50k:236799
/Users/rajsingh/Library/CloudStorage/GoogleDrive-singhraj04.jan@gmail.com/My Drive/SAHARA/Datasets/FSD50K/FSD50K.dev_audio/29962.wav,appliance_beep,fsd50k,0.0,fsd50k:29962
/Users/rajsingh/Library/CloudStorage/GoogleDrive-singhraj04.jan@gmail.com/My Drive/SAHARA/Datasets/FSD50K/FSD50K.dev_audio/349483.wav,appliance_beep,fsd50k,0.0,fsd50k:349483
/Users/rajsingh/Library/CloudStorage/GoogleDrive-singhraj04.jan@gmail.com/My Drive/SAHARA/Datasets/FSD50K/FSD50K.dev_audio/79147.wav,appliance_beep,fsd50k,0.0,fsd50k:79147
/Users/rajsingh/Library/CloudStorage/GoogleDrive-singhraj04.jan@gmail.com/My Drive/SAHARA/Datasets/FSD50K/FSD50K.dev_audio/390448.wav,appliance_beep,fsd50k,0.0,fsd50k:390448
/Users/rajsingh/Library/CloudStorage/GoogleDrive-singhraj04.jan@gmail.com/My Drive/SAHARA/Datasets/FSD50K/FSD50K.dev_audio/73011.wav,appliance_beep,fsd50k,0.0,fsd50k:73011
/Users/rajsingh/Library/CloudStorage/GoogleDrive-singhraj04.jan@gmail.com/My Drive/SAHARA/Datasets/FSD50K/FSD50K.dev_audio/351540.wav,appliance_beep,fsd50k,0.0,fsd50k:351540
/Users/rajsingh/Library/CloudStorage/GoogleDrive-singhraj04.jan@gmail.com/My Drive/SAHARA/Datasets/FSD50K/FSD50K.dev_audio/351541.wav,appliance_beep,fsd50k,0.0,fsd50k:351541
/Users/rajsingh/Library/CloudStorage/GoogleDrive-singhraj04.jan@gmail.com/My Drive/SAHARA/Datasets/FSD50K/FSD50K.dev_audio/351542.wav,appliance_beep,fsd50k,0.0,fsd50k:351542
/Users/rajsingh/Library/CloudStorage/GoogleDrive-singhraj04.jan@gmail.com/My Drive/SAHARA/Datasets/FSD50K/FSD50K.dev_audio/351543.wav,appliance_beep,fsd50k,0.0,fsd50k:351543
/Users/rajsingh/Library/CloudStorage/GoogleDrive-singhraj04.jan@gmail.com/My Drive/SAHARA/Datasets/FSD50K/FSD50K.dev_audio/351545.wav,appliance_beep,fsd50k,0.0,fsd50k:351545
/Users/rajsingh/Library/CloudStorage/GoogleDrive-singhraj04.jan@gmail.com/My Drive/SAHARA/Datasets/FSD50K/FSD50K.dev_audio/351547.wav,appliance_beep,fsd50k,0.0,fsd50k:351547
/Users/rajsingh/Library/CloudStorage/GoogleDrive-singhraj04.jan@gmail.com/My Drive/SAHARA/Datasets/FSD50K/FSD50K.dev_audio/351548.wav,appliance_beep,fsd50k,0.0,fsd50k:351548
/Users/rajsingh/Library/CloudStorage/GoogleDrive-singhraj04.jan@gmail.com/My Drive/SAHARA/Datasets/FSD50K/FSD50K.dev_audio/345421.wav,appliance_beep,fsd50k,0.0,fsd50k:345421
/Users/rajsingh/Library/CloudStorage/GoogleDrive-singhraj04.jan@gmail.com/My Drive/SAHARA/Datasets/FSD50K/FSD50K.dev_audio/38229.wav,appliance_beep,fsd50k,0.0,fsd50k:38229
/Users/rajsingh/Library/CloudStorage/GoogleDrive-singhraj04.jan@gmail.com/My Drive/SAHARA/Datasets/FSD50K/FSD50K.dev_audio/85344.wav,appliance_beep,fsd50k,0.0,fsd50k:85344
/Users/rajsingh/Library/CloudStorage/GoogleDrive-singhraj04.jan@gmail.com/My Drive/SAHARA/Datasets/FSD50K/FSD50K.dev_audio/249191.wav,appliance_beep,fsd50k,0.0,fsd50k:249191
/Users/rajsingh/Library/CloudStorage/GoogleDrive-singhraj04.jan@gmail.com/My Drive/SAHARA/Datasets/FSD50K/FSD50K.dev_audio/155009.wav,appliance_beep,fsd50k,0.0,fsd50k:155009
/Users/rajsingh/Library/CloudStorage/GoogleDrive-singhraj04.jan@gmail.com/My Drive/SAHARA/Datasets/FSD50K/FSD50K.dev_audio/30085.wav,appliance_beep,fsd50k,0.0,fsd50k:30085
/Users/rajsingh/Library/CloudStorage/GoogleDrive-singhraj04.jan@gmail.com/My Drive/SAHARA/Datasets/FSD50K/FSD50K.dev_audio/19880.wav,appliance_beep,fsd50k,0.0,fsd50k:19880
/Users/rajsingh/Library/CloudStorage/GoogleDrive-singhraj04.jan@gmail.com/My Drive/SAHARA/Datasets/FSD50K/FSD50K.dev_audio/87466.wav,appliance_beep,fsd50k,0.0,fsd50k:87466
/Users/rajsingh/Library/CloudStorage/GoogleDrive-singhraj04.jan@gmail.com/My Drive/SAHARA/Datasets/FSD50K/FSD50K.dev_audio/339370.wav,appliance_beep,fsd50k,0.0,fsd50k:339370
/Users/rajsingh/Library/CloudStorage/GoogleDrive-singhraj04.jan@gmail.com/My Drive/SAHARA/Datasets/FSD50K/FSD50K.dev_audio/60844.wav,appliance_beep,fsd50k,0.0,fsd50k:60844
/Users/rajsingh/Library/CloudStorage/GoogleDrive-singhraj04.jan@gmail.com/My Drive/SAHARA/Datasets/FSD50K/FSD50K.dev_audio/32217.wav,appliance_beep,fsd50k,0.0,fsd50k:32217
/Users/rajsingh/Library/CloudStorage/GoogleDrive-singhraj04.jan@gmail.com/My Drive/SAHARA/Datasets/FSD50K/FSD50K.dev_audio/32218.wav,appliance_beep,fsd50k,0.0,fsd50k:32218
/Users/rajsingh/Library/CloudStorage/GoogleDrive-singhraj04.jan@gmail.com/My Drive/SAHARA/Datasets/FSD50K/FSD50K.dev_audio/32219.wav,appliance_beep,fsd50k,0.0,fsd50k:32219
/Users/rajsingh/Library/CloudStorage/GoogleDrive-singhraj04.jan@gmail.com/My Drive/SAHARA/Datasets/FSD50K/FSD50K.dev_audio/36316.wav,appliance_beep,fsd50k,0.0,fsd50k:36316
/Users/rajsingh/Library/CloudStorage/GoogleDrive-singhraj04.jan@gmail.com/My Drive/SAHARA/Datasets/FSD50K/FSD50K.dev_audio/36317.wav,appliance_beep,fsd50k,0.0,fsd50k:36317
/Users/rajsingh/Library/CloudStorage/GoogleDrive-singhraj04.jan@gmail.com/My Drive/SAHARA/Datasets/FSD50K/FSD50K.dev_audio/351721.wav,appliance_beep,fsd50k,0.0,fsd50k:351721
/Users/rajsingh/Library/CloudStorage/GoogleDrive-singhraj04.jan@gmail.com/My Drive/SAHARA/Datasets/FSD50K/FSD50K.dev_audio/89593.wav,appliance_beep,fsd50k,0.0,fsd50k:89593
/Users/rajsingh/Library/CloudStorage/GoogleDrive-singhraj04.jan@gmail.com/My Drive/SAHARA/Datasets/FSD50K/FSD50K.dev_audio/97786.wav,appliance_beep,fsd50k,0.0,fsd50k:97786
/Users/rajsingh/Library/CloudStorage/GoogleDrive-singhraj04.jan@gmail.com/My Drive/SAHARA/Datasets/FSD50K/FSD50K.dev_audio/97789.wav,appliance_beep,fsd50k,0.0,fsd50k:97789
/Users/rajsingh/Library/CloudStorage/GoogleDrive-singhraj04.jan@gmail.com/My Drive/SAHARA/Datasets/FSD50K/FSD50K.dev_audio/175620.wav,appliance_beep,fsd50k,0.0,fsd50k:175620
/Users/rajsingh/Library/CloudStorage/GoogleDrive-singhraj04.jan@gmail.com/My Drive/SAHARA/Datasets/FSD50K/FSD50K.dev_audio/175621.wav,appliance_beep,fsd50k,0.0,fsd50k:175621
/Users/rajsingh/Library/CloudStorage/GoogleDrive-singhraj04.jan@gmail.com/My Drive/SAHARA/Datasets/FSD50K/FSD50K.dev_audio/50700.wav,appliance_beep,fsd50k,0.0,fsd50k:50700
/Users/rajsingh/Library/CloudStorage/GoogleDrive-singhraj04.jan@gmail.com/My Drive/SAHARA/Datasets/FSD50K/FSD50K.dev_audio/87574.wav,appliance_beep,fsd50k,0.0,fsd50k:87574
/Users/rajsingh/Library/CloudStorage/GoogleDrive-singhraj04.jan@gmail.com/My Drive/SAHARA/Datasets/FSD50K/FSD50K.dev_audio/265755.wav,appliance_beep,fsd50k,0.0,fsd50k:265755
/Users/rajsingh/Library/CloudStorage/GoogleDrive-singhraj04.jan@gmail.com/My Drive/SAHARA/Datasets/FSD50K/FSD50K.dev_audio/185887.wav,appliance_beep,fsd50k,0.0,fsd50k:185887
/Users/rajsingh/Library/CloudStorage/GoogleDrive-singhraj04.jan@gmail.com/My Drive/SAHARA/Datasets/FSD50K/FSD50K.dev_audio/93733.wav,appliance_beep,fsd50k,0.0,fsd50k:93733
/Users/rajsingh/Library/CloudStorage/GoogleDrive-singhraj04.jan@gmail.com/My Drive/SAHARA/Datasets/FSD50K/FSD50K.dev_audio/126504.wav,appliance_beep,fsd50k,0.0,fsd50k:126504
/Users/rajsingh/Library/CloudStorage/GoogleDrive-singhraj04.jan@gmail.com/My Drive/SAHARA/Datasets/FSD50K/FSD50K.dev_audio/130604.wav,appliance_beep,fsd50k,0.0,fsd50k:130604
/Users/rajsingh/Library/CloudStorage/GoogleDrive-singhraj04.jan@gmail.com/My Drive/SAHARA/Datasets/FSD50K/FSD50K.dev_audio/212531.wav,appliance_beep,fsd50k,0.0,fsd50k:212531
/Users/rajsingh/Library/CloudStorage/GoogleDrive-singhraj04.jan@gmail.com/My Drive/SAHARA/Datasets/FSD50K/FSD50K.dev_audio/87604.wav,appliance_beep,fsd50k,0.0,fsd50k:87604
/Users/rajsingh/Library/CloudStorage/GoogleDrive-singhraj04.jan@gmail.com/My Drive/SAHARA/Datasets/FSD50K/FSD50K.dev_audio/212533.wav,appliance_beep,fsd50k,0.0,fsd50k:212533
/Users/rajsingh/Library/CloudStorage/GoogleDrive-singhraj04.jan@gmail.com/My Drive/SAHARA/Datasets/FSD50K/FSD50K.dev_audio/212534.wav,appliance_beep,fsd50k,0.0,fsd50k:212534
/Users/rajsingh/Library/CloudStorage/GoogleDrive-singhraj04.jan@gmail.com/My Drive/SAHARA/Datasets/FSD50K/FSD50K.dev_audio/212535.wav,appliance_beep,fsd50k,0.0,fsd50k:212535
/Users/rajsingh/Library/CloudStorage/GoogleDrive-singhraj04.jan@gmail.com/My Drive/SAHARA/Datasets/FSD50K/FSD50K.dev_audio/212532.wav,appliance_beep,fsd50k,0.0,fsd50k:212532
/Users/rajsingh/Library/CloudStorage/GoogleDrive-singhraj04.jan@gmail.com/My Drive/SAHARA/Datasets/FSD50K/FSD50K.dev_audio/431669.wav,appliance_beep,fsd50k,0.0,fsd50k:431669
/Users/rajsingh/Library/CloudStorage/GoogleDrive-singhraj04.jan@gmail.com/My Drive/SAHARA/Datasets/FSD50K/FSD50K.dev_audio/93755.wav,appliance_beep,fsd50k,0.0,fsd50k:93755
/Users/rajsingh/Library/CloudStorage/GoogleDrive-singhraj04.jan@gmail.com/My Drive/SAHARA/Datasets/FSD50K/FSD50K.dev_audio/319036.wav,appliance_beep,fsd50k,0.0,fsd50k:319036
/Users/rajsingh/Library/CloudStorage/GoogleDrive-singhraj04.jan@gmail.com/My Drive/SAHARA/Datasets/FSD50K/FSD50K.dev_audio/339518.wav,appliance_beep,fsd50k,0.0,fsd50k:339518
/Users/rajsingh/Library/CloudStorage/GoogleDrive-singhraj04.jan@gmail.com/My Drive/SAHARA/Datasets/FSD50K/FSD50K.dev_audio/245311.wav,appliance_beep,fsd50k,0.0,fsd50k:245311
/Users/rajsingh/Library/CloudStorage/GoogleDrive-singhraj04.jan@gmail.com/My Drive/SAHARA/Datasets/FSD50K/FSD50K.dev_audio/319040.wav,appliance_beep,fsd50k,0.0,fsd50k:319040
/Users/rajsingh/Library/CloudStorage/GoogleDrive-singhraj04.jan@gmail.com/My Drive/SAHARA/Datasets/FSD50K/FSD50K.dev_audio/245313.wav,appliance_beep,fsd50k,0.0,fsd50k:245313
/Users/rajsingh/Library/CloudStorage/GoogleDrive-singhraj04.jan@gmail.com/My Drive/SAHARA/Datasets/FSD50K/FSD50K.dev_audio/71234.wav,appliance_beep,fsd50k,0.0,fsd50k:71234
/Users/rajsingh/Library/CloudStorage/GoogleDrive-singhraj04.jan@gmail.com/My Drive/SAHARA/Datasets/FSD50K/FSD50K.dev_audio/429635.wav,appliance_beep,fsd50k,0.0,fsd50k:429635
/Users/rajsingh/Library/CloudStorage/GoogleDrive-singhraj04.jan@gmail.com/My Drive/SAHARA/Datasets/FSD50K/FSD50K.dev_audio/161347.wav,appliance_beep,fsd50k,0.0,fsd50k:161347
/Users/rajsingh/Library/CloudStorage/GoogleDrive-singhraj04.jan@gmail.com/My Drive/SAHARA/Datasets/FSD50K/FSD50K.dev_audio/153159.wav,appliance_beep,fsd50k,0.0,fsd50k:153159
/Users/rajsingh/Library/CloudStorage/GoogleDrive-singhraj04.jan@gmail.com/My Drive/SAHARA/Datasets/FSD50K/FSD50K.dev_audio/3659.wav,appliance_beep,fsd50k,0.0,fsd50k:3659
/Users/rajsingh/Library/CloudStorage/GoogleDrive-singhraj04.jan@gmail.com/My Drive/SAHARA/Datasets/FSD50K/FSD50K.dev_audio/3660.wav,appliance_beep,fsd50k,0.0,fsd50k:3660
/Users/rajsingh/Library/CloudStorage/GoogleDrive-singhraj04.jan@gmail.com/My Drive/SAHARA/Datasets/FSD50K/FSD50K.dev_audio/34381.wav,appliance_beep,fsd50k,0.0,fsd50k:34381
/Users/rajsingh/Library/CloudStorage/GoogleDrive-singhraj04.jan@gmail.com/My Drive/SAHARA/Datasets/FSD50K/FSD50K.dev_audio/77392.wav,appliance_beep,fsd50k,0.0,fsd50k:77392
/Users/rajsingh/Library/CloudStorage/GoogleDrive-singhraj04.jan@gmail.com/My Drive/SAHARA/Datasets/FSD50K/FSD50K.dev_audio/79440.wav,appliance_beep,fsd50k,0.0,fsd50k:79440
/Users/rajsingh/Library/CloudStorage/GoogleDrive-singhraj04.jan@gmail.com/My Drive/SAHARA/Datasets/FSD50K/FSD50K.dev_audio/28242.wav,appliance_beep,fsd50k,0.0,fsd50k:28242
/Users/rajsingh/Library/CloudStorage/GoogleDrive-singhraj04.jan@gmail.com/My Drive/SAHARA/Datasets/FSD50K/FSD50K.dev_audio/71255.wav,appliance_beep,fsd50k,0.0,fsd50k:71255
/Users/rajsingh/Library/CloudStorage/GoogleDrive-singhraj04.jan@gmail.com/My Drive/SAHARA/Datasets/FSD50K/FSD50K.dev_audio/345699.wav,appliance_beep,fsd50k,0.0,fsd50k:345699
/Users/rajsingh/Library/CloudStorage/GoogleDrive-singhraj04.jan@gmail.com/My Drive/SAHARA/Datasets/FSD50K/FSD50K.dev_audio/20069.wav,appliance_beep,fsd50k,0.0,fsd50k:20069
/Users/rajsingh/Library/CloudStorage/GoogleDrive-singhraj04.jan@gmail.com/My Drive/SAHARA/Datasets/FSD50K/FSD50K.dev_audio/345702.wav,appliance_beep,fsd50k,0.0,fsd50k:345702
/Users/rajsingh/Library/CloudStorage/GoogleDrive-singhraj04.jan@gmail.com/My Drive/SAHARA/Datasets/FSD50K/FSD50K.dev_audio/151147.wav,appliance_beep,fsd50k,0.0,fsd50k:151147
/Users/rajsingh/Library/CloudStorage/GoogleDrive-singhraj04.jan@gmail.com/My Drive/SAHARA/Datasets/FSD50K/FSD50K.dev_audio/323186.wav,appliance_beep,fsd50k,0.0,fsd50k:323186
/Users/rajsingh/Library/CloudStorage/GoogleDrive-singhraj04.jan@gmail.com/My Drive/SAHARA/Datasets/FSD50K/FSD50K.dev_audio/157299.wav,appliance_beep,fsd50k,0.0,fsd50k:157299
/Users/rajsingh/Library/CloudStorage/GoogleDrive-singhraj04.jan@gmail.com/My Drive/SAHARA/Datasets/FSD50K/FSD50K.dev_audio/118391.wav,appliance_beep,fsd50k,0.0,fsd50k:118391
/Users/rajsingh/Library/CloudStorage/GoogleDrive-singhraj04.jan@gmail.com/My Drive/SAHARA/Datasets/FSD50K/FSD50K.dev_audio/20101.wav,appliance_beep,fsd50k,0.0,fsd50k:20101
/Users/rajsingh/Library/CloudStorage/GoogleDrive-singhraj04.jan@gmail.com/My Drive/SAHARA/Datasets/FSD50K/FSD50K.dev_audio/63124.wav,appliance_beep,fsd50k,0.0,fsd50k:63124
/Users/rajsingh/Library/CloudStorage/GoogleDrive-singhraj04.jan@gmail.com/My Drive/SAHARA/Datasets/FSD50K/FSD50K.dev_audio/251540.wav,appliance_beep,fsd50k,0.0,fsd50k:251540
/Users/rajsingh/Library/CloudStorage/GoogleDrive-singhraj04.jan@gmail.com/My Drive/SAHARA/Datasets/FSD50K/FSD50K.dev_audio/56986.wav,appliance_beep,fsd50k,0.0,fsd50k:56986
/Users/rajsingh/Library/CloudStorage/GoogleDrive-singhraj04.jan@gmail.com/My Drive/SAHARA/Datasets/FSD50K/FSD50K.dev_audio/56987.wav,appliance_beep,fsd50k,0.0,fsd50k:56987
/Users/rajsingh/Library/CloudStorage/GoogleDrive-singhraj04.jan@gmail.com/My Drive/SAHARA/Datasets/FSD50K/FSD50K.dev_audio/153252.wav,appliance_beep,fsd50k,0.0,fsd50k:153252
/Users/rajsingh/Library/CloudStorage/GoogleDrive-singhraj04.jan@gmail.com/My Drive/SAHARA/Datasets/FSD50K/FSD50K.dev_audio/249509.wav,appliance_beep,fsd50k,0.0,fsd50k:249509
/Users/rajsingh/Library/CloudStorage/GoogleDrive-singhraj04.jan@gmail.com/My Drive/SAHARA/Datasets/FSD50K/FSD50K.dev_audio/249510.wav,appliance_beep,fsd50k,0.0,fsd50k:249510
/Users/rajsingh/Library/CloudStorage/GoogleDrive-singhraj04.jan@gmail.com/My Drive/SAHARA/Datasets/FSD50K/FSD50K.dev_audio/153255.wav,appliance_beep,fsd50k,0.0,fsd50k:153255
/Users/rajsingh/Library/CloudStorage/GoogleDrive-singhraj04.jan@gmail.com/My Drive/SAHARA/Datasets/FSD50K/FSD50K.dev_audio/249511.wav,appliance_beep,fsd50k,0.0,fsd50k:249511
/Users/rajsingh/Library/CloudStorage/GoogleDrive-singhraj04.jan@gmail.com/My Drive/SAHARA/Datasets/FSD50K/FSD50K.dev_audio/249513.wav,appliance_beep,fsd50k,0.0,fsd50k:249513
/Users/rajsingh/Library/CloudStorage/GoogleDrive-singhraj04.jan@gmail.com/My Drive/SAHARA/Datasets/FSD50K/FSD50K.dev_audio/186022.wav,appliance_beep,fsd50k,0.0,fsd50k:186022
/Users/rajsingh/Library/CloudStorage/GoogleDrive-singhraj04.jan@gmail.com/My Drive/SAHARA/Datasets/FSD50K/FSD50K.dev_audio/249515.wav,appliance_beep,fsd50k,0.0,fsd50k:249515
/Users/rajsingh/Library/CloudStorage/GoogleDrive-singhraj04.jan@gmail.com/My Drive/SAHARA/Datasets/FSD50K/FSD50K.dev_audio/186040.wav,appliance_beep,fsd50k,0.0,fsd50k:186040
/Users/rajsingh/Library/CloudStorage/GoogleDrive-singhraj04.jan@gmail.com/My Drive/SAHARA/Datasets/FSD50K/FSD50K.dev_audio/251583.wav,appliance_beep,fsd50k,0.0,fsd50k:251583
/Users/rajsingh/Library/CloudStorage/GoogleDrive-singhraj04.jan@gmail.com/My Drive/SAHARA/Datasets/FSD50K/FSD50K.dev_audio/267967.wav,appliance_beep,fsd50k,0.0,fsd50k:267967
/Users/rajsingh/Library/CloudStorage/GoogleDrive-singhraj04.jan@gmail.com/My Drive/SAHARA/Datasets/FSD50K/FSD50K.dev_audio/267969.wav,appliance_beep,fsd50k,0.0,fsd50k:267969
/Users/rajsingh/Library/CloudStorage/GoogleDrive-singhraj04.jan@gmail.com/My Drive/SAHARA/Datasets/FSD50K/FSD50K.dev_audio/77508.wav,appliance_beep,fsd50k,0.0,fsd50k:77508
/Users/rajsingh/Library/CloudStorage/GoogleDrive-singhraj04.jan@gmail.com/My Drive/SAHARA/Datasets/FSD50K/FSD50K.dev_audio/134862.wav,appliance_beep,fsd50k,0.0,fsd50k:134862
/Users/rajsingh/Library/CloudStorage/GoogleDrive-singhraj04.jan@gmail.com/My Drive/SAHARA/Datasets/FSD50K/FSD50K.dev_audio/24271.wav,appliance_beep,fsd50k,0.0,fsd50k:24271
/Users/rajsingh/Library/CloudStorage/GoogleDrive-singhraj04.jan@gmail.com/My Drive/SAHARA/Datasets/FSD50K/FSD50K.dev_audio/134863.wav,appliance_beep,fsd50k,0.0,fsd50k:134863
/Users/rajsingh/Library/CloudStorage/GoogleDrive-singhraj04.jan@gmail.com/My Drive/SAHARA/Datasets/FSD50K/FSD50K.dev_audio/79568.wav,appliance_beep,fsd50k,0.0,fsd50k:79568
/Users/rajsingh/Library/CloudStorage/GoogleDrive-singhraj04.jan@gmail.com/My Drive/SAHARA/Datasets/FSD50K/FSD50K.dev_audio/421596.wav,appliance_beep,fsd50k,0.0,fsd50k:421596
/Users/rajsingh/Library/CloudStorage/GoogleDrive-singhraj04.jan@gmail.com/My Drive/SAHARA/Datasets/FSD50K/FSD50K.dev_audio/26348.wav,appliance_beep,fsd50k,0.0,fsd50k:26348
/Users/rajsingh/Library/CloudStorage/GoogleDrive-singhraj04.jan@gmail.com/My Drive/SAHARA/Datasets/FSD50K/FSD50K.dev_audio/337655.wav,appliance_beep,fsd50k,0.0,fsd50k:337655
/Users/rajsingh/Library/CloudStorage/GoogleDrive-singhraj04.jan@gmail.com/My Drive/SAHARA/Datasets/FSD50K/FSD50K.dev_audio/337656.wav,appliance_beep,fsd50k,0.0,fsd50k:337656
/Users/rajsingh/Library/CloudStorage/GoogleDrive-singhraj04.jan@gmail.com/My Drive/SAHARA/Datasets/FSD50K/FSD50K.dev_audio/337657.wav,appliance_beep,fsd50k,0.0,fsd50k:337657
/Users/rajsingh/Library/CloudStorage/GoogleDrive-singhraj04.jan@gmail.com/My Drive/SAHARA/Datasets/FSD50K/FSD50K.dev_audio/337658.wav,appliance_beep,fsd50k,0.0,fsd50k:337658
/Users/rajsingh/Library/CloudStorage/GoogleDrive-singhraj04.jan@gmail.com/My Drive/SAHARA/Datasets/FSD50K/FSD50K.dev_audio/83704.wav,appliance_beep,fsd50k,0.0,fsd50k:83704
/Users/rajsingh/Library/CloudStorage/GoogleDrive-singhraj04.jan@gmail.com/My Drive/SAHARA/Datasets/FSD50K/FSD50K.dev_audio/151292.wav,appliance_beep,fsd50k,0.0,fsd50k:151292
/Users/rajsingh/Library/CloudStorage/GoogleDrive-singhraj04.jan@gmail.com/My Drive/SAHARA/Datasets/FSD50K/FSD50K.dev_audio/26373.wav,appliance_beep,fsd50k,0.0,fsd50k:26373
/Users/rajsingh/Library/CloudStorage/GoogleDrive-singhraj04.jan@gmail.com/My Drive/SAHARA/Datasets/FSD50K/FSD50K.dev_audio/257806.wav,appliance_beep,fsd50k,0.0,fsd50k:257806
/Users/rajsingh/Library/CloudStorage/GoogleDrive-singhraj04.jan@gmail.com/My Drive/SAHARA/Datasets/FSD50K/FSD50K.dev_audio/253713.wav,appliance_beep,fsd50k,0.0,fsd50k:253713
/Users/rajsingh/Library/CloudStorage/GoogleDrive-singhraj04.jan@gmail.com/My Drive/SAHARA/Datasets/FSD50K/FSD50K.dev_audio/79633.wav,appliance_beep,fsd50k,0.0,fsd50k:79633
/Users/rajsingh/Library/CloudStorage/GoogleDrive-singhraj04.jan@gmail.com/My Drive/SAHARA/Datasets/FSD50K/FSD50K.dev_audio/79638.wav,appliance_beep,fsd50k,0.0,fsd50k:79638
/Users/rajsingh/Library/CloudStorage/GoogleDrive-singhraj04.jan@gmail.com/My Drive/SAHARA/Datasets/FSD50K/FSD50K.dev_audio/79639.wav,appliance_beep,fsd50k,0.0,fsd50k:79639
/Users/rajsingh/Library/CloudStorage/GoogleDrive-singhraj04.jan@gmail.com/My Drive/SAHARA/Datasets/FSD50K/FSD50K.dev_audio/79650.wav,appliance_beep,fsd50k,0.0,fsd50k:79650
/Users/rajsingh/Library/CloudStorage/GoogleDrive-singhraj04.jan@gmail.com/My Drive/SAHARA/Datasets/FSD50K/FSD50K.dev_audio/139055.wav,appliance_beep,fsd50k,0.0,fsd50k:139055
/Users/rajsingh/Library/CloudStorage/GoogleDrive-singhraj04.jan@gmail.com/My Drive/SAHARA/Datasets/FSD50K/FSD50K.dev_audio/208699.wav,appliance_beep,fsd50k,0.0,fsd50k:208699
/Users/rajsingh/Library/CloudStorage/GoogleDrive-singhraj04.jan@gmail.com/My Drive/SAHARA/Datasets/FSD50K/FSD50K.dev_audio/208700.wav,appliance_beep,fsd50k,0.0,fsd50k:208700
/Users/rajsingh/Library/CloudStorage/GoogleDrive-singhraj04.jan@gmail.com/My Drive/SAHARA/Datasets/FSD50K/FSD50K.dev_audio/20284.wav,appliance_beep,fsd50k,0.0,fsd50k:20284
/Users/rajsingh/Library/CloudStorage/GoogleDrive-singhraj04.jan@gmail.com/My Drive/SAHARA/Datasets/FSD50K/FSD50K.dev_audio/112455.wav,appliance_beep,fsd50k,0.0,fsd50k:112455
/Users/rajsingh/Library/CloudStorage/GoogleDrive-singhraj04.jan@gmail.com/My Drive/SAHARA/Datasets/FSD50K/FSD50K.dev_audio/274252.wav,appliance_beep,fsd50k,0.0,fsd50k:274252
/Users/rajsingh/Library/CloudStorage/GoogleDrive-singhraj04.jan@gmail.com/My Drive/SAHARA/Datasets/FSD50K/FSD50K.dev_audio/259926.wav,appliance_beep,fsd50k,0.0,fsd50k:259926
/Users/rajsingh/Library/CloudStorage/GoogleDrive-singhraj04.jan@gmail.com/My Drive/SAHARA/Datasets/FSD50K/FSD50K.dev_audio/259927.wav,appliance_beep,fsd50k,0.0,fsd50k:259927
/Users/rajsingh/Library/CloudStorage/GoogleDrive-singhraj04.jan@gmail.com/My Drive/SAHARA/Datasets/FSD50K/FSD50K.dev_audio/415576.wav,appliance_beep,fsd50k,0.0,fsd50k:415576
/Users/rajsingh/Library/CloudStorage/GoogleDrive-singhraj04.jan@gmail.com/My Drive/SAHARA/Datasets/FSD50K/FSD50K.dev_audio/415577.wav,appliance_beep,fsd50k,0.0,fsd50k:415577
/Users/rajsingh/Library/CloudStorage/GoogleDrive-singhraj04.jan@gmail.com/My Drive/SAHARA/Datasets/FSD50K/FSD50K.dev_audio/397158.wav,appliance_beep,fsd50k,0.0,fsd50k:397158
/Users/rajsingh/Library/CloudStorage/GoogleDrive-singhraj04.jan@gmail.com/My Drive/SAHARA/Datasets/FSD50K/FSD50K.dev_audio/397159.wav,appliance_beep,fsd50k,0.0,fsd50k:397159
/Users/rajsingh/Library/CloudStorage/GoogleDrive-singhraj04.jan@gmail.com/My Drive/SAHARA/Datasets/FSD50K/FSD50K.dev_audio/397161.wav,appliance_beep,fsd50k,0.0,fsd50k:397161
/Users/rajsingh/Library/CloudStorage/GoogleDrive-singhraj04.jan@gmail.com/My Drive/SAHARA/Datasets/FSD50K/FSD50K.dev_audio/397162.wav,appliance_beep,fsd50k,0.0,fsd50k:397162
/Users/rajsingh/Library/CloudStorage/GoogleDrive-singhraj04.jan@gmail.com/My Drive/SAHARA/Datasets/FSD50K/FSD50K.dev_audio/274288.wav,appliance_beep,fsd50k,0.0,fsd50k:274288
/Users/rajsingh/Library/CloudStorage/GoogleDrive-singhraj04.jan@gmail.com/My Drive/SAHARA/Datasets/FSD50K/FSD50K.dev_audio/274289.wav,appliance_beep,fsd50k,0.0,fsd50k:274289
/Users/rajsingh/Library/CloudStorage/GoogleDrive-singhraj04.jan@gmail.com/My Drive/SAHARA/Datasets/FSD50K/FSD50K.dev_audio/122740.wav,appliance_beep,fsd50k,0.0,fsd50k:122740
/Users/rajsingh/Library/CloudStorage/GoogleDrive-singhraj04.jan@gmail.com/My Drive/SAHARA/Datasets/FSD50K/FSD50K.dev_audio/186244.wav,appliance_beep,fsd50k,0.0,fsd50k:186244
/Users/rajsingh/Library/CloudStorage/GoogleDrive-singhraj04.jan@gmail.com/My Drive/SAHARA/Datasets/FSD50K/FSD50K.dev_audio/3977.wav,appliance_beep,fsd50k,0.0,fsd50k:3977
/Users/rajsingh/Library/CloudStorage/GoogleDrive-singhraj04.jan@gmail.com/My Drive/SAHARA/Datasets/FSD50K/FSD50K.dev_audio/22410.wav,appliance_beep,fsd50k,0.0,fsd50k:22410
/Users/rajsingh/Library/CloudStorage/GoogleDrive-singhraj04.jan@gmail.com/My Drive/SAHARA/Datasets/FSD50K/FSD50K.dev_audio/22411.wav,appliance_beep,fsd50k,0.0,fsd50k:22411
/Users/rajsingh/Library/CloudStorage/GoogleDrive-singhraj04.jan@gmail.com/My Drive/SAHARA/Datasets/FSD50K/FSD50K.dev_audio/157590.wav,appliance_beep,fsd50k,0.0,fsd50k:157590
/Users/rajsingh/Library/CloudStorage/GoogleDrive-singhraj04.jan@gmail.com/My Drive/SAHARA/Datasets/FSD50K/FSD50K.dev_audio/157591.wav,appliance_beep,fsd50k,0.0,fsd50k:157591
/Users/rajsingh/Library/CloudStorage/GoogleDrive-singhraj04.jan@gmail.com/My Drive/SAHARA/Datasets/FSD50K/FSD50K.dev_audio/157592.wav,appliance_beep,fsd50k,0.0,fsd50k:157592
/Users/rajsingh/Library/CloudStorage/GoogleDrive-singhraj04.jan@gmail.com/My Drive/SAHARA/Datasets/FSD50K/FSD50K.dev_audio/157593.wav,appliance_beep,fsd50k,0.0,fsd50k:157593
/Users/rajsingh/Library/CloudStorage/GoogleDrive-singhraj04.jan@gmail.com/My Drive/SAHARA/Datasets/FSD50K/FSD50K.dev_audio/259992.wav,appliance_beep,fsd50k,0.0,fsd50k:259992
/Users/rajsingh/Library/CloudStorage/GoogleDrive-singhraj04.jan@gmail.com/My Drive/SAHARA/Datasets/FSD50K/FSD50K.dev_audio/77723.wav,appliance_beep,fsd50k,0.0,fsd50k:77723
/Users/rajsingh/Library/CloudStorage/GoogleDrive-singhraj04.jan@gmail.com/My Drive/SAHARA/Datasets/FSD50K/FSD50K.dev_audio/257949.wav,appliance_beep,fsd50k,0.0,fsd50k:257949
/Users/rajsingh/Library/CloudStorage/GoogleDrive-singhraj04.jan@gmail.com/My Drive/SAHARA/Datasets/FSD50K/FSD50K.dev_audio/257950.wav,appliance_beep,fsd50k,0.0,fsd50k:257950
/Users/rajsingh/Library/CloudStorage/GoogleDrive-singhraj04.jan@gmail.com/My Drive/SAHARA/Datasets/FSD50K/FSD50K.dev_audio/92066.wav,appliance_beep,fsd50k,0.0,fsd50k:92066
/Users/rajsingh/Library/CloudStorage/GoogleDrive-singhraj04.jan@gmail.com/My Drive/SAHARA/Datasets/FSD50K/FSD50K.dev_audio/147386.wav,appliance_beep,fsd50k,0.0,fsd50k:147386
/Users/rajsingh/Library/CloudStorage/GoogleDrive-singhraj04.jan@gmail.com/My Drive/SAHARA/Datasets/FSD50K/FSD50K.dev_audio/411581.wav,appliance_beep,fsd50k,0.0,fsd50k:411581
/Users/rajsingh/Library/CloudStorage/GoogleDrive-singhraj04.jan@gmail.com/My Drive/SAHARA/Datasets/FSD50K/FSD50K.dev_audio/178112.wav,appliance_beep,fsd50k,0.0,fsd50k:178112
/Users/rajsingh/Library/CloudStorage/GoogleDrive-singhraj04.jan@gmail.com/My Drive/SAHARA/Datasets/FSD50K/FSD50K.dev_audio/24520.wav,appliance_beep,fsd50k,0.0,fsd50k:24520
/Users/rajsingh/Library/CloudStorage/GoogleDrive-singhraj04.jan@gmail.com/My Drive/SAHARA/Datasets/FSD50K/FSD50K.dev_audio/434124.wav,appliance_beep,fsd50k,0.0,fsd50k:434124
/Users/rajsingh/Library/CloudStorage/GoogleDrive-singhraj04.jan@gmail.com/My Drive/SAHARA/Datasets/FSD50K/FSD50K.dev_audio/223182.wav,appliance_beep,fsd50k,0.0,fsd50k:223182
/Users/rajsingh/Library/CloudStorage/GoogleDrive-singhraj04.jan@gmail.com/My Drive/SAHARA/Datasets/FSD50K/FSD50K.dev_audio/223183.wav,appliance_beep,fsd50k,0.0,fsd50k:223183
/Users/rajsingh/Library/CloudStorage/GoogleDrive-singhraj04.jan@gmail.com/My Drive/SAHARA/Datasets/FSD50K/FSD50K.dev_audio/69585.wav,appliance_beep,fsd50k,0.0,fsd50k:69585
/Users/rajsingh/Library/CloudStorage/GoogleDrive-singhraj04.jan@gmail.com/My Drive/SAHARA/Datasets/FSD50K/FSD50K.dev_audio/88021.wav,appliance_beep,fsd50k,0.0,fsd50k:88021
/Users/rajsingh/Library/CloudStorage/GoogleDrive-singhraj04.jan@gmail.com/My Drive/SAHARA/Datasets/FSD50K/FSD50K.dev_audio/98269.wav,appliance_beep,fsd50k,0.0,fsd50k:98269
/Users/rajsingh/Library/CloudStorage/GoogleDrive-singhraj04.jan@gmail.com/My Drive/SAHARA/Datasets/FSD50K/FSD50K.dev_audio/94175.wav,appliance_beep,fsd50k,0.0,fsd50k:94175
/Users/rajsingh/Library/CloudStorage/GoogleDrive-singhraj04.jan@gmail.com/My Drive/SAHARA/Datasets/FSD50K/FSD50K.dev_audio/274400.wav,appliance_beep,fsd50k,0.0,fsd50k:274400
/Users/rajsingh/Library/CloudStorage/GoogleDrive-singhraj04.jan@gmail.com/My Drive/SAHARA/Datasets/FSD50K/FSD50K.dev_audio/51169.wav,appliance_beep,fsd50k,0.0,fsd50k:51169
/Users/rajsingh/Library/CloudStorage/GoogleDrive-singhraj04.jan@gmail.com/My Drive/SAHARA/Datasets/FSD50K/FSD50K.dev_audio/407521.wav,appliance_beep,fsd50k,0.0,fsd50k:407521
/Users/rajsingh/Library/CloudStorage/GoogleDrive-singhraj04.jan@gmail.com/My Drive/SAHARA/Datasets/FSD50K/FSD50K.dev_audio/352230.wav,appliance_beep,fsd50k,0.0,fsd50k:352230
/Users/rajsingh/Library/CloudStorage/GoogleDrive-singhraj04.jan@gmail.com/My Drive/SAHARA/Datasets/FSD50K/FSD50K.dev_audio/391143.wav,appliance_beep,fsd50k,0.0,fsd50k:391143
/Users/rajsingh/Library/CloudStorage/GoogleDrive-singhraj04.jan@gmail.com/My Drive/SAHARA/Datasets/FSD50K/FSD50K.dev_audio/169958.wav,appliance_beep,fsd50k,0.0,fsd50k:169958
/Users/rajsingh/Library/CloudStorage/GoogleDrive-singhraj04.jan@gmail.com/My Drive/SAHARA/Datasets/FSD50K/FSD50K.dev_audio/253928.wav,appliance_beep,fsd50k,0.0,fsd50k:253928
/Users/rajsingh/Library/CloudStorage/GoogleDrive-singhraj04.jan@gmail.com/My Drive/SAHARA/Datasets/FSD50K/FSD50K.dev_audio/352234.wav,appliance_beep,fsd50k,0.0,fsd50k:352234
/Users/rajsingh/Library/CloudStorage/GoogleDrive-singhraj04.jan@gmail.com/My Drive/SAHARA/Datasets/FSD50K/FSD50K.dev_audio/352235.wav,appliance_beep,fsd50k,0.0,fsd50k:352235
/Users/rajsingh/Library/CloudStorage/GoogleDrive-singhraj04.jan@gmail.com/My Drive/SAHARA/Datasets/FSD50K/FSD50K.dev_audio/110570.wav,appliance_beep,fsd50k,0.0,fsd50k:110570
/Users/rajsingh/Library/CloudStorage/GoogleDrive-singhraj04.jan@gmail.com/My Drive/SAHARA/Datasets/FSD50K/FSD50K.dev_audio/65514.wav,appliance_beep,fsd50k,0.0,fsd50k:65514
/Users/rajsingh/Library/CloudStorage/GoogleDrive-singhraj04.jan@gmail.com/My Drive/SAHARA/Datasets/FSD50K/FSD50K.dev_audio/251894.wav,appliance_beep,fsd50k,0.0,fsd50k:251894
/Users/rajsingh/Library/CloudStorage/GoogleDrive-singhraj04.jan@gmail.com/My Drive/SAHARA/Datasets/FSD50K/FSD50K.dev_audio/142903.wav,appliance_beep,fsd50k,0.0,fsd50k:142903
/Users/rajsingh/Library/CloudStorage/GoogleDrive-singhraj04.jan@gmail.com/My Drive/SAHARA/Datasets/FSD50K/FSD50K.dev_audio/95739.wav,appliance_beep,fsd50k,0.0,fsd50k:95739
/Users/rajsingh/Library/CloudStorage/GoogleDrive-singhraj04.jan@gmail.com/My Drive/SAHARA/Datasets/FSD50K/FSD50K.dev_audio/175416.wav,appliance_beep,fsd50k,0.0,fsd50k:175416
/Users/rajsingh/Library/CloudStorage/GoogleDrive-singhraj04.jan@gmail.com/My Drive/SAHARA/Datasets/FSD50K/FSD50K.dev_audio/176555.wav,appliance_beep,fsd50k,0.0,fsd50k:176555
/Users/rajsingh/Library/CloudStorage/GoogleDrive-singhraj04.jan@gmail.com/My Drive/SAHARA/Datasets/FSD50K/FSD50K.dev_audio/75828.wav,appliance_beep,fsd50k,0.0,fsd50k:75828
/Users/rajsingh/Library/CloudStorage/GoogleDrive-singhraj04.jan@gmail.com/My Drive/SAHARA/Datasets/FSD50K/FSD50K.dev_audio/202128.wav,appliance_beep,fsd50k,0.0,fsd50k:202128
/Users/rajsingh/Library/CloudStorage/GoogleDrive-singhraj04.jan@gmail.com/My Drive/SAHARA/Datasets/FSD50K/FSD50K.dev_audio/391976.wav,appliance_beep,fsd50k,0.0,fsd50k:391976
/Users/rajsingh/Library/CloudStorage/GoogleDrive-singhraj04.jan@gmail.com/My Drive/SAHARA/Datasets/FSD50K/FSD50K.dev_audio/391978.wav,appliance_beep,fsd50k,0.0,fsd50k:391978
/Users/rajsingh/Library/CloudStorage/GoogleDrive-singhraj04.jan@gmail.com/My Drive/SAHARA/Datasets/FSD50K/FSD50K.dev_audio/391980.wav,appliance_beep,fsd50k,0.0,fsd50k:391980
/Users/rajsingh/Library/CloudStorage/GoogleDrive-singhraj04.jan@gmail.com/My Drive/SAHARA/Datasets/FSD50K/FSD50K.dev_audio/38031.wav,appliance_beep,fsd50k,0.0,fsd50k:38031
/Users/rajsingh/Library/CloudStorage/GoogleDrive-singhraj04.jan@gmail.com/My Drive/SAHARA/Datasets/FSD50K/FSD50K.dev_audio/176066.wav,appliance_beep,fsd50k,0.0,fsd50k:176066
/Users/rajsingh/Library/CloudStorage/GoogleDrive-singhraj04.jan@gmail.com/My Drive/SAHARA/Datasets/FSD50K/FSD50K.dev_audio/186380.wav,appliance_beep,fsd50k,0.0,fsd50k:186380
/Users/rajsingh/Library/CloudStorage/GoogleDrive-singhraj04.jan@gmail.com/My Drive/SAHARA/Datasets/FSD50K/FSD50K.dev_audio/111124.wav,appliance_beep,fsd50k,0.0,fsd50k:111124
/Users/rajsingh/Library/CloudStorage/GoogleDrive-singhraj04.jan@gmail.com/My Drive/SAHARA/Datasets/FSD50K/FSD50K.dev_audio/233493.wav,appliance_beep,fsd50k,0.0,fsd50k:233493
/Users/rajsingh/Library/CloudStorage/GoogleDrive-singhraj04.jan@gmail.com/My Drive/SAHARA/Datasets/FSD50K/FSD50K.dev_audio/111125.wav,appliance_beep,fsd50k,0.0,fsd50k:111125
/Users/rajsingh/Library/CloudStorage/GoogleDrive-singhraj04.jan@gmail.com/My Drive/SAHARA/Datasets/FSD50K/FSD50K.dev_audio/185883.wav,appliance_beep,fsd50k,0.0,fsd50k:185883
/Users/rajsingh/Library/CloudStorage/GoogleDrive-singhraj04.jan@gmail.com/My Drive/SAHARA/Datasets/FSD50K/FSD50K.dev_audio/389664.wav,appliance_beep,fsd50k,0.0,fsd50k:389664
/Users/rajsingh/Library/CloudStorage/GoogleDrive-singhraj04.jan@gmail.com/My Drive/SAHARA/Datasets/FSD50K/FSD50K.dev_audio/15395.wav,appliance_beep,fsd50k,0.0,fsd50k:15395
/Users/rajsingh/Library/CloudStorage/GoogleDrive-singhraj04.jan@gmail.com/My Drive/SAHARA/Datasets/FSD50K/FSD50K.dev_audio/347686.wav,appliance_beep,fsd50k,0.0,fsd50k:347686
/Users/rajsingh/Library/CloudStorage/GoogleDrive-singhraj04.jan@gmail.com/My Drive/SAHARA/Datasets/FSD50K/FSD50K.dev_audio/94262.wav,appliance_beep,fsd50k,0.0,fsd50k:94262
/Users/rajsingh/Library/CloudStorage/GoogleDrive-singhraj04.jan@gmail.com/My Drive/SAHARA/Datasets/FSD50K/FSD50K.dev_audio/94263.wav,appliance_beep,fsd50k,0.0,fsd50k:94263
/Users/rajsingh/Library/CloudStorage/GoogleDrive-singhraj04.jan@gmail.com/My Drive/SAHARA/Datasets/FSD50K/FSD50K.dev_audio/267320.wav,appliance_beep,fsd50k,0.0,fsd50k:267320
/Users/rajsingh/Library/CloudStorage/GoogleDrive-singhraj04.jan@gmail.com/My Drive/SAHARA/Datasets/FSD50K/FSD50K.dev_audio/267321.wav,appliance_beep,fsd50k,0.0,fsd50k:267321
/Users/rajsingh/Library/CloudStorage/GoogleDrive-singhraj04.jan@gmail.com/My Drive/SAHARA/Datasets/FSD50K/FSD50K.dev_audio/94264.wav,appliance_beep,fsd50k,0.0,fsd50k:94264
/Users/rajsingh/Library/CloudStorage/GoogleDrive-singhraj04.jan@gmail.com/My Drive/SAHARA/Datasets/FSD50K/FSD50K.dev_audio/370235.wav,appliance_beep,fsd50k,0.0,fsd50k:370235
/Users/rajsingh/Library/CloudStorage/GoogleDrive-singhraj04.jan@gmail.com/My Drive/SAHARA/Datasets/FSD50K/FSD50K.dev_audio/94265.wav,appliance_beep,fsd50k,0.0,fsd50k:94265
/Users/rajsingh/Library/CloudStorage/GoogleDrive-singhraj04.jan@gmail.com/My Drive/SAHARA/Datasets/FSD50K/FSD50K.dev_audio/50749.wav,appliance_beep,fsd50k,0.0,fsd50k:50749
/Users/rajsingh/Library/CloudStorage/GoogleDrive-singhraj04.jan@gmail.com/My Drive/SAHARA/Datasets/FSD50K/FSD50K.dev_audio/189501.wav,appliance_beep,fsd50k,0.0,fsd50k:189501
/Users/rajsingh/Library/CloudStorage/GoogleDrive-singhraj04.jan@gmail.com/My Drive/SAHARA/Datasets/FSD50K/FSD50K.dev_audio/34879.wav,appliance_beep,fsd50k,0.0,fsd50k:34879
/Users/rajsingh/Library/CloudStorage/GoogleDrive-singhraj04.jan@gmail.com/My Drive/SAHARA/Datasets/FSD50K/FSD50K.dev_audio/344637.wav,appliance_beep,fsd50k,0.0,fsd50k:344637
/Users/rajsingh/Library/CloudStorage/GoogleDrive-singhraj04.jan@gmail.com/My Drive/SAHARA/Datasets/FSD50K/FSD50K.dev_audio/344635.wav,appliance_beep,fsd50k,0.0,fsd50k:344635
/Users/rajsingh/Library/CloudStorage/GoogleDrive-singhraj04.jan@gmail.com/My Drive/SAHARA/Datasets/FSD50K/FSD50K.dev_audio/189500.wav,appliance_beep,fsd50k,0.0,fsd50k:189500
/Users/rajsingh/Library/CloudStorage/GoogleDrive-singhraj04.jan@gmail.com/My Drive/SAHARA/Datasets/FSD50K/FSD50K.dev_audio/171086.wav,appliance_beep,fsd50k,0.0,fsd50k:171086
/Users/rajsingh/Library/CloudStorage/GoogleDrive-singhraj04.jan@gmail.com/My Drive/SAHARA/Datasets/FSD50K/FSD50K.dev_audio/232530.wav,appliance_beep,fsd50k,0.0,fsd50k:232530
/Users/rajsingh/Library/CloudStorage/GoogleDrive-singhraj04.jan@gmail.com/My Drive/SAHARA/Datasets/FSD50K/FSD50K.dev_audio/71786.wav,appliance_beep,fsd50k,0.0,fsd50k:71786
/Users/rajsingh/Library/CloudStorage/GoogleDrive-singhraj04.jan@gmail.com/My Drive/SAHARA/Datasets/FSD50K/FSD50K.dev_audio/70763.wav,appliance_beep,fsd50k,0.0,fsd50k:70763
/Users/rajsingh/Library/CloudStorage/GoogleDrive-singhraj04.jan@gmail.com/My Drive/SAHARA/Datasets/FSD50K/FSD50K.dev_audio/190577.wav,appliance_beep,fsd50k,0.0,fsd50k:190577
/Users/rajsingh/Library/CloudStorage/GoogleDrive-singhraj04.jan@gmail.com/My Drive/SAHARA/Datasets/FSD50K/FSD50K.dev_audio/232565.wav,appliance_beep,fsd50k,0.0,fsd50k:232565
/Users/rajsingh/Library/CloudStorage/GoogleDrive-singhraj04.jan@gmail.com/My Drive/SAHARA/Datasets/FSD50K/FSD50K.dev_audio/190583.wav,appliance_beep,fsd50k,0.0,fsd50k:190583
/Users/rajsingh/Library/CloudStorage/GoogleDrive-singhraj04.jan@gmail.com/My Drive/SAHARA/Datasets/FSD50K/FSD50K.dev_audio/169592.wav,appliance_beep,fsd50k,0.0,fsd50k:169592
/Users/rajsingh/Library/CloudStorage/GoogleDrive-singhraj04.jan@gmail.com/My Drive/SAHARA/Datasets/FSD50K/FSD50K.dev_audio/86137.wav,appliance_beep,fsd50k,0.0,fsd50k:86137
/Users/rajsingh/Library/CloudStorage/GoogleDrive-singhraj04.jan@gmail.com/My Drive/SAHARA/Datasets/FSD50K/FSD50K.dev_audio/232566.wav,appliance_beep,fsd50k,0.0,fsd50k:232566
/Users/rajsingh/Library/CloudStorage/GoogleDrive-singhraj04.jan@gmail.com/My Drive/SAHARA/Datasets/FSD50K/FSD50K.dev_audio/64126.wav,appliance_beep,fsd50k,0.0,fsd50k:64126
/Users/rajsingh/Library/CloudStorage/GoogleDrive-singhraj04.jan@gmail.com/My Drive/SAHARA/Datasets/FSD50K/FSD50K.dev_audio/410762.wav,appliance_beep,fsd50k,0.0,fsd50k:410762
/Users/rajsingh/Library/CloudStorage/GoogleDrive-singhraj04.jan@gmail.com/My Drive/SAHARA/Datasets/FSD50K/FSD50K.dev_audio/212622.wav,appliance_beep,fsd50k,0.0,fsd50k:212622
/Users/rajsingh/Library/CloudStorage/GoogleDrive-singhraj04.jan@gmail.com/My Drive/SAHARA/Datasets/FSD50K/FSD50K.dev_audio/268966.wav,appliance_beep,fsd50k,0.0,fsd50k:268966
/Users/rajsingh/Library/CloudStorage/GoogleDrive-singhraj04.jan@gmail.com/My Drive/SAHARA/Datasets/FSD50K/FSD50K.dev_audio/86186.wav,appliance_beep,fsd50k,0.0,fsd50k:86186
/Users/rajsingh/Library/CloudStorage/GoogleDrive-singhraj04.jan@gmail.com/My Drive/SAHARA/Datasets/FSD50K/FSD50K.dev_audio/377514.wav,appliance_beep,fsd50k,0.0,fsd50k:377514
/Users/rajsingh/Library/CloudStorage/GoogleDrive-singhraj04.jan@gmail.com/My Drive/SAHARA/Datasets/FSD50K/FSD50K.dev_audio/334514.wav,appliance_beep,fsd50k,0.0,fsd50k:334514
/Users/rajsingh/Library/CloudStorage/GoogleDrive-singhraj04.jan@gmail.com/My Drive/SAHARA/Datasets/FSD50K/FSD50K.dev_audio/267961.wav,appliance_beep,fsd50k,0.0,fsd50k:267961
/Users/rajsingh/Library/CloudStorage/GoogleDrive-singhraj04.jan@gmail.com/My Drive/SAHARA/Datasets/FSD50K/FSD50K.dev_audio/153274.wav,appliance_beep,fsd50k,0.0,fsd50k:153274
/Users/rajsingh/Library/CloudStorage/GoogleDrive-singhraj04.jan@gmail.com/My Drive/SAHARA/Datasets/FSD50K/FSD50K.dev_audio/408767.wav,appliance_beep,fsd50k,0.0,fsd50k:408767
/Users/rajsingh/Library/CloudStorage/GoogleDrive-singhraj04.jan@gmail.com/My Drive/SAHARA/Datasets/FSD50K/FSD50K.dev_audio/153283.wav,appliance_beep,fsd50k,0.0,fsd50k:153283
/Users/rajsingh/Library/CloudStorage/GoogleDrive-singhraj04.jan@gmail.com/My Drive/SAHARA/Datasets/FSD50K/FSD50K.dev_audio/128724.wav,appliance_beep,fsd50k,0.0,fsd50k:128724
/Users/rajsingh/Library/CloudStorage/GoogleDrive-singhraj04.jan@gmail.com/My Drive/SAHARA/Datasets/FSD50K/FSD50K.dev_audio/177879.wav,appliance_beep,fsd50k,0.0,fsd50k:177879
/Users/rajsingh/Library/CloudStorage/GoogleDrive-singhraj04.jan@gmail.com/My Drive/SAHARA/Datasets/FSD50K/FSD50K.dev_audio/177880.wav,appliance_beep,fsd50k,0.0,fsd50k:177880
/Users/rajsingh/Library/CloudStorage/GoogleDrive-singhraj04.jan@gmail.com/My Drive/SAHARA/Datasets/FSD50K/FSD50K.dev_audio/333026.wav,appliance_beep,fsd50k,0.0,fsd50k:333026
/Users/rajsingh/Library/CloudStorage/GoogleDrive-singhraj04.jan@gmail.com/My Drive/SAHARA/Datasets/FSD50K/FSD50K.dev_audio/27367.wav,appliance_beep,fsd50k,0.0,fsd50k:27367
/Users/rajsingh/Library/CloudStorage/GoogleDrive-singhraj04.jan@gmail.com/My Drive/SAHARA/Datasets/FSD50K/FSD50K.dev_audio/268525.wav,appliance_beep,fsd50k,0.0,fsd50k:268525
/Users/rajsingh/Library/CloudStorage/GoogleDrive-singhraj04.jan@gmail.com/My Drive/SAHARA/Datasets/FSD50K/FSD50K.dev_audio/171252.wav,appliance_beep,fsd50k,0.0,fsd50k:171252
/Users/rajsingh/Library/CloudStorage/GoogleDrive-singhraj04.jan@gmail.com/My Drive/SAHARA/Datasets/FSD50K/FSD50K.dev_audio/83703.wav,appliance_beep,fsd50k,0.0,fsd50k:83703
/Users/rajsingh/Library/CloudStorage/GoogleDrive-singhraj04.jan@gmail.com/My Drive/SAHARA/Datasets/FSD50K/FSD50K.dev_audio/48401.wav,appliance_beep,fsd50k,0.0,fsd50k:48401
/Users/rajsingh/Library/CloudStorage/GoogleDrive-singhraj04.jan@gmail.com/My Drive/SAHARA/Datasets/FSD50K/FSD50K.dev_audio/397603.wav,appliance_beep,fsd50k,0.0,fsd50k:397603
/Users/rajsingh/Library/CloudStorage/GoogleDrive-singhraj04.jan@gmail.com/My Drive/SAHARA/Datasets/FSD50K/FSD50K.dev_audio/175395.wav,appliance_beep,fsd50k,0.0,fsd50k:175395
/Users/rajsingh/Library/CloudStorage/GoogleDrive-singhraj04.jan@gmail.com/My Drive/SAHARA/Datasets/FSD50K/FSD50K.dev_audio/175401.wav,appliance_beep,fsd50k,0.0,fsd50k:175401
/Users/rajsingh/Library/CloudStorage/GoogleDrive-singhraj04.jan@gmail.com/My Drive/SAHARA/Datasets/FSD50K/FSD50K.dev_audio/175400.wav,appliance_beep,fsd50k,0.0,fsd50k:175400
/Users/rajsingh/Library/CloudStorage/GoogleDrive-singhraj04.jan@gmail.com/My Drive/SAHARA/Datasets/FSD50K/FSD50K.dev_audio/175402.wav,appliance_beep,fsd50k,0.0,fsd50k:175402
/Users/rajsingh/Library/CloudStorage/GoogleDrive-singhraj04.jan@gmail.com/My Drive/SAHARA/Datasets/FSD50K/FSD50K.dev_audio/400686.wav,appliance_beep,fsd50k,0.0,fsd50k:400686
/Users/rajsingh/Library/CloudStorage/GoogleDrive-singhraj04.jan@gmail.com/My Drive/SAHARA/Datasets/FSD50K/FSD50K.dev_audio/400687.wav,appliance_beep,fsd50k,0.0,fsd50k:400687
/Users/rajsingh/Library/CloudStorage/GoogleDrive-singhraj04.jan@gmail.com/My Drive/SAHARA/Datasets/FSD50K/FSD50K.dev_audio/408369.wav,appliance_beep,fsd50k,0.0,fsd50k:408369
/Users/rajsingh/Library/CloudStorage/GoogleDrive-singhraj04.jan@gmail.com/My Drive/SAHARA/Datasets/FSD50K/FSD50K.dev_audio/389426.wav,appliance_beep,fsd50k,0.0,fsd50k:389426
/Users/rajsingh/Library/CloudStorage/GoogleDrive-singhraj04.jan@gmail.com/My Drive/SAHARA/Datasets/FSD50K/FSD50K.dev_audio/389427.wav,appliance_beep,fsd50k,0.0,fsd50k:389427
/Users/rajsingh/Library/CloudStorage/GoogleDrive-singhraj04.jan@gmail.com/My Drive/SAHARA/Datasets/FSD50K/FSD50K.dev_audio/372542.wav,appliance_beep,fsd50k,0.0,fsd50k:372542
/Users/rajsingh/Library/CloudStorage/GoogleDrive-singhraj04.jan@gmail.com/My Drive/SAHARA/Datasets/FSD50K/FSD50K.dev_audio/11586.wav,appliance_beep,fsd50k,0.0,fsd50k:11586
/Users/rajsingh/Library/CloudStorage/GoogleDrive-singhraj04.jan@gmail.com/My Drive/SAHARA/Datasets/FSD50K/FSD50K.dev_audio/11587.wav,appliance_beep,fsd50k,0.0,fsd50k:11587
/Users/rajsingh/Library/CloudStorage/GoogleDrive-singhraj04.jan@gmail.com/My Drive/SAHARA/Datasets/FSD50K/FSD50K.dev_audio/11588.wav,appliance_beep,fsd50k,0.0,fsd50k:11588
/Users/rajsingh/Library/CloudStorage/GoogleDrive-singhraj04.jan@gmail.com/My Drive/SAHARA/Datasets/FSD50K/FSD50K.dev_audio/238408.wav,appliance_beep,fsd50k,0.0,fsd50k:238408
/Users/rajsingh/Library/CloudStorage/GoogleDrive-singhraj04.jan@gmail.com/My Drive/SAHARA/Datasets/FSD50K/FSD50K.dev_audio/238411.wav,appliance_beep,fsd50k,0.0,fsd50k:238411
/Users/rajsingh/Library/CloudStorage/GoogleDrive-singhraj04.jan@gmail.com/My Drive/SAHARA/Datasets/FSD50K/FSD50K.dev_audio/237389.wav,appliance_beep,fsd50k,0.0,fsd50k:237389
/Users/rajsingh/Library/CloudStorage/GoogleDrive-singhraj04.jan@gmail.com/My Drive/SAHARA/Datasets/FSD50K/FSD50K.dev_audio/233302.wav,appliance_beep,fsd50k,0.0,fsd50k:233302
/Users/rajsingh/Library/CloudStorage/GoogleDrive-singhraj04.jan@gmail.com/My Drive/SAHARA/Datasets/FSD50K/FSD50K.dev_audio/254814.wav,appliance_beep,fsd50k,0.0,fsd50k:254814
/Users/rajsingh/Library/CloudStorage/GoogleDrive-singhraj04.jan@gmail.com/My Drive/SAHARA/Datasets/FSD50K/FSD50K.dev_audio/144225.wav,appliance_beep,fsd50k,0.0,fsd50k:144225
/Users/rajsingh/Library/CloudStorage/GoogleDrive-singhraj04.jan@gmail.com/My Drive/SAHARA/Datasets/FSD50K/FSD50K.dev_audio/144227.wav,appliance_beep,fsd50k,0.0,fsd50k:144227
/Users/rajsingh/Library/CloudStorage/GoogleDrive-singhraj04.jan@gmail.com/My Drive/SAHARA/Datasets/FSD50K/FSD50K.dev_audio/144228.wav,appliance_beep,fsd50k,0.0,fsd50k:144228
/Users/rajsingh/Library/CloudStorage/GoogleDrive-singhraj04.jan@gmail.com/My Drive/SAHARA/Datasets/FSD50K/FSD50K.dev_audio/144231.wav,appliance_beep,fsd50k,0.0,fsd50k:144231
/Users/rajsingh/Library/CloudStorage/GoogleDrive-singhraj04.jan@gmail.com/My Drive/SAHARA/Datasets/FSD50K/FSD50K.dev_audio/144232.wav,appliance_beep,fsd50k,0.0,fsd50k:144232
/Users/rajsingh/Library/CloudStorage/GoogleDrive-singhraj04.jan@gmail.com/My Drive/SAHARA/Datasets/FSD50K/FSD50K.dev_audio/144233.wav,appliance_beep,fsd50k,0.0,fsd50k:144233
/Users/rajsingh/Library/CloudStorage/GoogleDrive-singhraj04.jan@gmail.com/My Drive/SAHARA/Datasets/FSD50K/FSD50K.dev_audio/144234.wav,appliance_beep,fsd50k,0.0,fsd50k:144234
/Users/rajsingh/Library/CloudStorage/GoogleDrive-singhraj04.jan@gmail.com/My Drive/SAHARA/Datasets/FSD50K/FSD50K.dev_audio/324464.wav,appliance_beep,fsd50k,0.0,fsd50k:324464
/Users/rajsingh/Library/CloudStorage/GoogleDrive-singhraj04.jan@gmail.com/My Drive/SAHARA/Datasets/FSD50K/FSD50K.dev_audio/219506.wav,appliance_beep,fsd50k,0.0,fsd50k:219506
/Users/rajsingh/Library/CloudStorage/GoogleDrive-singhraj04.jan@gmail.com/My Drive/SAHARA/Datasets/FSD50K/FSD50K.dev_audio/353650.wav,appliance_beep,fsd50k,0.0,fsd50k:353650
/Users/rajsingh/Library/CloudStorage/GoogleDrive-singhraj04.jan@gmail.com/My Drive/SAHARA/Datasets/FSD50K/FSD50K.dev_audio/232834.wav,appliance_beep,fsd50k,0.0,fsd50k:232834
/Users/rajsingh/Library/CloudStorage/GoogleDrive-singhraj04.jan@gmail.com/My Drive/SAHARA/Datasets/FSD50K/FSD50K.dev_audio/232837.wav,appliance_beep,fsd50k,0.0,fsd50k:232837
/Users/rajsingh/Library/CloudStorage/GoogleDrive-singhraj04.jan@gmail.com/My Drive/SAHARA/Datasets/FSD50K/FSD50K.dev_audio/232840.wav,appliance_beep,fsd50k,0.0,fsd50k:232840
/Users/rajsingh/Library/CloudStorage/GoogleDrive-singhraj04.jan@gmail.com/My Drive/SAHARA/Datasets/FSD50K/FSD50K.dev_audio/426377.wav,appliance_beep,fsd50k,0.0,fsd50k:426377
/Users/rajsingh/Library/CloudStorage/GoogleDrive-singhraj04.jan@gmail.com/My Drive/SAHARA/Datasets/FSD50K/FSD50K.dev_audio/345485.wav,appliance_beep,fsd50k,0.0,fsd50k:345485
/Users/rajsingh/Library/CloudStorage/GoogleDrive-singhraj04.jan@gmail.com/My Drive/SAHARA/Datasets/FSD50K/FSD50K.dev_audio/345486.wav,appliance_beep,fsd50k,0.0,fsd50k:345486
/Users/rajsingh/Library/CloudStorage/GoogleDrive-singhraj04.jan@gmail.com/My Drive/SAHARA/Datasets/FSD50K/FSD50K.dev_audio/345489.wav,appliance_beep,fsd50k,0.0,fsd50k:345489
/Users/rajsingh/Library/CloudStorage/GoogleDrive-singhraj04.jan@gmail.com/My Drive/SAHARA/Datasets/FSD50K/FSD50K.dev_audio/95122.wav,appliance_beep,fsd50k,0.0,fsd50k:95122
/Users/rajsingh/Library/CloudStorage/GoogleDrive-singhraj04.jan@gmail.com/My Drive/SAHARA/Datasets/FSD50K/FSD50K.dev_audio/152978.wav,appliance_beep,fsd50k,0.0,fsd50k:152978
/Users/rajsingh/Library/CloudStorage/GoogleDrive-singhraj04.jan@gmail.com/My Drive/SAHARA/Datasets/FSD50K/FSD50K.dev_audio/215956.wav,appliance_beep,fsd50k,0.0,fsd50k:215956
/Users/rajsingh/Library/CloudStorage/GoogleDrive-singhraj04.jan@gmail.com/My Drive/SAHARA/Datasets/FSD50K/FSD50K.dev_audio/418196.wav,appliance_beep,fsd50k,0.0,fsd50k:418196
/Users/rajsingh/Library/CloudStorage/GoogleDrive-singhraj04.jan@gmail.com/My Drive/SAHARA/Datasets/FSD50K/FSD50K.dev_audio/253336.wav,appliance_beep,fsd50k,0.0,fsd50k:253336
/Users/rajsingh/Library/CloudStorage/GoogleDrive-singhraj04.jan@gmail.com/My Drive/SAHARA/Datasets/FSD50K/FSD50K.dev_audio/422814.wav,appliance_beep,fsd50k,0.0,fsd50k:422814
/Users/rajsingh/Library/CloudStorage/GoogleDrive-singhraj04.jan@gmail.com/My Drive/SAHARA/Datasets/FSD50K/FSD50K.dev_audio/422815.wav,appliance_beep,fsd50k,0.0,fsd50k:422815
/Users/rajsingh/Library/CloudStorage/GoogleDrive-singhraj04.jan@gmail.com/My Drive/SAHARA/Datasets/FSD50K/FSD50K.dev_audio/422816.wav,appliance_beep,fsd50k,0.0,fsd50k:422816
/Users/rajsingh/Library/CloudStorage/GoogleDrive-singhraj04.jan@gmail.com/My Drive/SAHARA/Datasets/FSD50K/FSD50K.dev_audio/85922.wav,appliance_beep,fsd50k,0.0,fsd50k:85922
/Users/rajsingh/Library/CloudStorage/GoogleDrive-singhraj04.jan@gmail.com/My Drive/SAHARA/Datasets/FSD50K/FSD50K.dev_audio/85923.wav,appliance_beep,fsd50k,0.0,fsd50k:85923
/Users/rajsingh/Library/CloudStorage/GoogleDrive-singhraj04.jan@gmail.com/My Drive/SAHARA/Datasets/FSD50K/FSD50K.dev_audio/85924.wav,appliance_beep,fsd50k,0.0,fsd50k:85924
/Users/rajsingh/Library/CloudStorage/GoogleDrive-singhraj04.jan@gmail.com/My Drive/SAHARA/Datasets/FSD50K/FSD50K.dev_audio/85925.wav,appliance_beep,fsd50k,0.0,fsd50k:85925
/Users/rajsingh/Library/CloudStorage/GoogleDrive-singhraj04.jan@gmail.com/My Drive/SAHARA/Datasets/FSD50K/FSD50K.dev_audio/85926.wav,appliance_beep,fsd50k,0.0,fsd50k:85926
/Users/rajsingh/Library/CloudStorage/GoogleDrive-singhraj04.jan@gmail.com/My Drive/SAHARA/Datasets/FSD50K/FSD50K.dev_audio/371619.wav,appliance_beep,fsd50k,0.0,fsd50k:371619
/Users/rajsingh/Library/CloudStorage/GoogleDrive-singhraj04.jan@gmail.com/My Drive/SAHARA/Datasets/FSD50K/FSD50K.dev_audio/422818.wav,appliance_beep,fsd50k,0.0,fsd50k:422818
/Users/rajsingh/Library/CloudStorage/GoogleDrive-singhraj04.jan@gmail.com/My Drive/SAHARA/Datasets/FSD50K/FSD50K.dev_audio/422819.wav,appliance_beep,fsd50k,0.0,fsd50k:422819
/Users/rajsingh/Library/CloudStorage/GoogleDrive-singhraj04.jan@gmail.com/My Drive/SAHARA/Datasets/FSD50K/FSD50K.dev_audio/371620.wav,appliance_beep,fsd50k,0.0,fsd50k:371620
/Users/rajsingh/Library/CloudStorage/GoogleDrive-singhraj04.jan@gmail.com/My Drive/SAHARA/Datasets/FSD50K/FSD50K.dev_audio/72623.wav,appliance_beep,fsd50k,0.0,fsd50k:72623
/Users/rajsingh/Library/CloudStorage/GoogleDrive-singhraj04.jan@gmail.com/My Drive/SAHARA/Datasets/FSD50K/FSD50K.dev_audio/156603.wav,appliance_beep,fsd50k,0.0,fsd50k:156603
/Users/rajsingh/Library/CloudStorage/GoogleDrive-singhraj04.jan@gmail.com/My Drive/SAHARA/Datasets/FSD50K/FSD50K.dev_audio/262601.wav,appliance_beep,fsd50k,0.0,fsd50k:262601
/Users/rajsingh/Library/CloudStorage/GoogleDrive-singhraj04.jan@gmail.com/My Drive/SAHARA/Datasets/FSD50K/FSD50K.dev_audio/156109.wav,appliance_beep,fsd50k,0.0,fsd50k:156109
/Users/rajsingh/Library/CloudStorage/GoogleDrive-singhraj04.jan@gmail.com/My Drive/SAHARA/Datasets/FSD50K/FSD50K.dev_audio/264144.wav,appliance_beep,fsd50k,0.0,fsd50k:264144
/Users/rajsingh/Library/CloudStorage/GoogleDrive-singhraj04.jan@gmail.com/My Drive/SAHARA/Datasets/FSD50K/FSD50K.dev_audio/264150.wav,appliance_beep,fsd50k,0.0,fsd50k:264150
/Users/rajsingh/Library/CloudStorage/GoogleDrive-singhraj04.jan@gmail.com/My Drive/SAHARA/Datasets/FSD50K/FSD50K.dev_audio/264151.wav,appliance_beep,fsd50k,0.0,fsd50k:264151
/Users/rajsingh/Library/CloudStorage/GoogleDrive-singhraj04.jan@gmail.com/My Drive/SAHARA/Datasets/FSD50K/FSD50K.dev_audio/232925.wav,appliance_beep,fsd50k,0.0,fsd50k:232925
/Users/rajsingh/Library/CloudStorage/GoogleDrive-singhraj04.jan@gmail.com/My Drive/SAHARA/Datasets/FSD50K/FSD50K.dev_audio/211934.wav,appliance_beep,fsd50k,0.0,fsd50k:211934
/Users/rajsingh/Library/CloudStorage/GoogleDrive-singhraj04.jan@gmail.com/My Drive/SAHARA/Datasets/FSD50K/FSD50K.dev_audio/211935.wav,appliance_beep,fsd50k,0.0,fsd50k:211935
/Users/rajsingh/Library/CloudStorage/GoogleDrive-singhraj04.jan@gmail.com/My Drive/SAHARA/Datasets/FSD50K/FSD50K.dev_audio/232929.wav,appliance_beep,fsd50k,0.0,fsd50k:232929
/Users/rajsingh/Library/CloudStorage/GoogleDrive-singhraj04.jan@gmail.com/My Drive/SAHARA/Datasets/FSD50K/FSD50K.dev_audio/264165.wav,appliance_beep,fsd50k,0.0,fsd50k:264165
/Users/rajsingh/Library/CloudStorage/GoogleDrive-singhraj04.jan@gmail.com/My Drive/SAHARA/Datasets/FSD50K/FSD50K.dev_audio/254955.wav,appliance_beep,fsd50k,0.0,fsd50k:254955
/Users/rajsingh/Library/CloudStorage/GoogleDrive-singhraj04.jan@gmail.com/My Drive/SAHARA/Datasets/FSD50K/FSD50K.dev_audio/136694.wav,appliance_beep,fsd50k,0.0,fsd50k:136694
/Users/rajsingh/Library/CloudStorage/GoogleDrive-singhraj04.jan@gmail.com/My Drive/SAHARA/Datasets/FSD50K/FSD50K.dev_audio/336891.wav,appliance_beep,fsd50k,0.0,fsd50k:336891
/Users/rajsingh/Library/CloudStorage/GoogleDrive-singhraj04.jan@gmail.com/My Drive/SAHARA/Datasets/FSD50K/FSD50K.dev_audio/262918.wav,appliance_beep,fsd50k,0.0,fsd50k:262918
/Users/rajsingh/Library/CloudStorage/GoogleDrive-singhraj04.jan@gmail.com/My Drive/SAHARA/Datasets/FSD50K/FSD50K.dev_audio/394381.wav,appliance_beep,fsd50k,0.0,fsd50k:394381
/Users/rajsingh/Library/CloudStorage/GoogleDrive-singhraj04.jan@gmail.com/My Drive/SAHARA/Datasets/FSD50K/FSD50K.dev_audio/326193.wav,appliance_beep,fsd50k,0.0,fsd50k:326193
/Users/rajsingh/Library/CloudStorage/GoogleDrive-singhraj04.jan@gmail.com/My Drive/SAHARA/Datasets/FSD50K/FSD50K.dev_audio/116346.wav,appliance_beep,fsd50k,0.0,fsd50k:116346
/Users/rajsingh/Library/CloudStorage/GoogleDrive-singhraj04.jan@gmail.com/My Drive/SAHARA/Datasets/FSD50K/FSD50K.dev_audio/425661.wav,appliance_beep,fsd50k,0.0,fsd50k:425661
/Users/rajsingh/Library/CloudStorage/GoogleDrive-singhraj04.jan@gmail.com/My Drive/SAHARA/Datasets/FSD50K/FSD50K.dev_audio/69245.wav,glass_break,fsd50k,0.0,fsd50k:69245
/Users/rajsingh/Library/CloudStorage/GoogleDrive-singhraj04.jan@gmail.com/My Drive/SAHARA/Datasets/FSD50K/FSD50K.dev_audio/74753.wav,glass_break,fsd50k,0.0,fsd50k:74753
/Users/rajsingh/Library/CloudStorage/GoogleDrive-singhraj04.jan@gmail.com/My Drive/SAHARA/Datasets/FSD50K/FSD50K.dev_audio/414224.wav,glass_break,fsd50k,0.0,fsd50k:414224
/Users/rajsingh/Library/CloudStorage/GoogleDrive-singhraj04.jan@gmail.com/My Drive/SAHARA/Datasets/FSD50K/FSD50K.dev_audio/76812.wav,glass_break,fsd50k,0.0,fsd50k:76812
/Users/rajsingh/Library/CloudStorage/GoogleDrive-singhraj04.jan@gmail.com/My Drive/SAHARA/Datasets/FSD50K/FSD50K.dev_audio/416285.wav,glass_break,fsd50k,0.0,fsd50k:416285
/Users/rajsingh/Library/CloudStorage/GoogleDrive-singhraj04.jan@gmail.com/My Drive/SAHARA/Datasets/FSD50K/FSD50K.dev_audio/416288.wav,glass_break,fsd50k,0.0,fsd50k:416288
/Users/rajsingh/Library/CloudStorage/GoogleDrive-singhraj04.jan@gmail.com/My Drive/SAHARA/Datasets/FSD50K/FSD50K.dev_audio/85549.wav,glass_break,fsd50k,0.0,fsd50k:85549
/Users/rajsingh/Library/CloudStorage/GoogleDrive-singhraj04.jan@gmail.com/My Drive/SAHARA/Datasets/FSD50K/FSD50K.dev_audio/60468.wav,glass_break,fsd50k,0.0,fsd50k:60468
/Users/rajsingh/Library/CloudStorage/GoogleDrive-singhraj04.jan@gmail.com/My Drive/SAHARA/Datasets/FSD50K/FSD50K.dev_audio/417339.wav,glass_break,fsd50k,0.0,fsd50k:417339
/Users/rajsingh/Library/CloudStorage/GoogleDrive-singhraj04.jan@gmail.com/My Drive/SAHARA/Datasets/FSD50K/FSD50K.dev_audio/126531.wav,glass_break,fsd50k,0.0,fsd50k:126531
/Users/rajsingh/Library/CloudStorage/GoogleDrive-singhraj04.jan@gmail.com/My Drive/SAHARA/Datasets/FSD50K/FSD50K.dev_audio/94788.wav,glass_break,fsd50k,0.0,fsd50k:94788
/Users/rajsingh/Library/CloudStorage/GoogleDrive-singhraj04.jan@gmail.com/My Drive/SAHARA/Datasets/FSD50K/FSD50K.dev_audio/94790.wav,glass_break,fsd50k,0.0,fsd50k:94790
/Users/rajsingh/Library/CloudStorage/GoogleDrive-singhraj04.jan@gmail.com/My Drive/SAHARA/Datasets/FSD50K/FSD50K.dev_audio/346696.wav,glass_break,fsd50k,0.0,fsd50k:346696
/Users/rajsingh/Library/CloudStorage/GoogleDrive-singhraj04.jan@gmail.com/My Drive/SAHARA/Datasets/FSD50K/FSD50K.dev_audio/346697.wav,glass_break,fsd50k,0.0,fsd50k:346697
/Users/rajsingh/Library/CloudStorage/GoogleDrive-singhraj04.jan@gmail.com/My Drive/SAHARA/Datasets/FSD50K/FSD50K.dev_audio/346698.wav,glass_break,fsd50k,0.0,fsd50k:346698
/Users/rajsingh/Library/CloudStorage/GoogleDrive-singhraj04.jan@gmail.com/My Drive/SAHARA/Datasets/FSD50K/FSD50K.dev_audio/346699.wav,glass_break,fsd50k,0.0,fsd50k:346699
/Users/rajsingh/Library/CloudStorage/GoogleDrive-singhraj04.jan@gmail.com/My Drive/SAHARA/Datasets/FSD50K/FSD50K.dev_audio/382028.wav,glass_break,fsd50k,0.0,fsd50k:382028
/Users/rajsingh/Library/CloudStorage/GoogleDrive-singhraj04.jan@gmail.com/My Drive/SAHARA/Datasets/FSD50K/FSD50K.dev_audio/346701.wav,glass_break,fsd50k,0.0,fsd50k:346701
/Users/rajsingh/Library/CloudStorage/GoogleDrive-singhraj04.jan@gmail.com/My Drive/SAHARA/Datasets/FSD50K/FSD50K.dev_audio/94792.wav,glass_break,fsd50k,0.0,fsd50k:94792
/Users/rajsingh/Library/CloudStorage/GoogleDrive-singhraj04.jan@gmail.com/My Drive/SAHARA/Datasets/FSD50K/FSD50K.dev_audio/259671.wav,glass_break,fsd50k,0.0,fsd50k:259671
/Users/rajsingh/Library/CloudStorage/GoogleDrive-singhraj04.jan@gmail.com/My Drive/SAHARA/Datasets/FSD50K/FSD50K.dev_audio/54362.wav,glass_break,fsd50k,0.0,fsd50k:54362
/Users/rajsingh/Library/CloudStorage/GoogleDrive-singhraj04.jan@gmail.com/My Drive/SAHARA/Datasets/FSD50K/FSD50K.dev_audio/272478.wav,glass_break,fsd50k,0.0,fsd50k:272478
/Users/rajsingh/Library/CloudStorage/GoogleDrive-singhraj04.jan@gmail.com/My Drive/SAHARA/Datasets/FSD50K/FSD50K.dev_audio/272480.wav,glass_break,fsd50k,0.0,fsd50k:272480
/Users/rajsingh/Library/CloudStorage/GoogleDrive-singhraj04.jan@gmail.com/My Drive/SAHARA/Datasets/FSD50K/FSD50K.dev_audio/176226.wav,glass_break,fsd50k,0.0,fsd50k:176226
/Users/rajsingh/Library/CloudStorage/GoogleDrive-singhraj04.jan@gmail.com/My Drive/SAHARA/Datasets/FSD50K/FSD50K.dev_audio/178282.wav,glass_break,fsd50k,0.0,fsd50k:178282
/Users/rajsingh/Library/CloudStorage/GoogleDrive-singhraj04.jan@gmail.com/My Drive/SAHARA/Datasets/FSD50K/FSD50K.dev_audio/69246.wav,glass_break,fsd50k,0.0,fsd50k:69246
/Users/rajsingh/Library/CloudStorage/GoogleDrive-singhraj04.jan@gmail.com/My Drive/SAHARA/Datasets/FSD50K/FSD50K.dev_audio/123008.wav,glass_break,fsd50k,0.0,fsd50k:123008
/Users/rajsingh/Library/CloudStorage/GoogleDrive-singhraj04.jan@gmail.com/My Drive/SAHARA/Datasets/FSD50K/FSD50K.dev_audio/325252.wav,glass_break,fsd50k,0.0,fsd50k:325252
/Users/rajsingh/Library/CloudStorage/GoogleDrive-singhraj04.jan@gmail.com/My Drive/SAHARA/Datasets/FSD50K/FSD50K.dev_audio/377989.wav,glass_break,fsd50k,0.0,fsd50k:377989
/Users/rajsingh/Library/CloudStorage/GoogleDrive-singhraj04.jan@gmail.com/My Drive/SAHARA/Datasets/FSD50K/FSD50K.dev_audio/325255.wav,glass_break,fsd50k,0.0,fsd50k:325255
/Users/rajsingh/Library/CloudStorage/GoogleDrive-singhraj04.jan@gmail.com/My Drive/SAHARA/Datasets/FSD50K/FSD50K.dev_audio/32905.wav,glass_break,fsd50k,0.0,fsd50k:32905
/Users/rajsingh/Library/CloudStorage/GoogleDrive-singhraj04.jan@gmail.com/My Drive/SAHARA/Datasets/FSD50K/FSD50K.dev_audio/336521.wav,glass_break,fsd50k,0.0,fsd50k:336521
/Users/rajsingh/Library/CloudStorage/GoogleDrive-singhraj04.jan@gmail.com/My Drive/SAHARA/Datasets/FSD50K/FSD50K.dev_audio/31373.wav,glass_break,fsd50k,0.0,fsd50k:31373
/Users/rajsingh/Library/CloudStorage/GoogleDrive-singhraj04.jan@gmail.com/My Drive/SAHARA/Datasets/FSD50K/FSD50K.dev_audio/31374.wav,glass_break,fsd50k,0.0,fsd50k:31374
/Users/rajsingh/Library/CloudStorage/GoogleDrive-singhraj04.jan@gmail.com/My Drive/SAHARA/Datasets/FSD50K/FSD50K.dev_audio/32918.wav,glass_break,fsd50k,0.0,fsd50k:32918
/Users/rajsingh/Library/CloudStorage/GoogleDrive-singhraj04.jan@gmail.com/My Drive/SAHARA/Datasets/FSD50K/FSD50K.dev_audio/214186.wav,glass_break,fsd50k,0.0,fsd50k:214186
/Users/rajsingh/Library/CloudStorage/GoogleDrive-singhraj04.jan@gmail.com/My Drive/SAHARA/Datasets/FSD50K/FSD50K.dev_audio/419503.wav,glass_break,fsd50k,0.0,fsd50k:419503
/Users/rajsingh/Library/CloudStorage/GoogleDrive-singhraj04.jan@gmail.com/My Drive/SAHARA/Datasets/FSD50K/FSD50K.dev_audio/339637.wav,glass_break,fsd50k,0.0,fsd50k:339637
/Users/rajsingh/Library/CloudStorage/GoogleDrive-singhraj04.jan@gmail.com/My Drive/SAHARA/Datasets/FSD50K/FSD50K.dev_audio/339638.wav,glass_break,fsd50k,0.0,fsd50k:339638
/Users/rajsingh/Library/CloudStorage/GoogleDrive-singhraj04.jan@gmail.com/My Drive/SAHARA/Datasets/FSD50K/FSD50K.dev_audio/339639.wav,glass_break,fsd50k,0.0,fsd50k:339639
/Users/rajsingh/Library/CloudStorage/GoogleDrive-singhraj04.jan@gmail.com/My Drive/SAHARA/Datasets/FSD50K/FSD50K.dev_audio/339640.wav,glass_break,fsd50k,0.0,fsd50k:339640
/Users/rajsingh/Library/CloudStorage/GoogleDrive-singhraj04.jan@gmail.com/My Drive/SAHARA/Datasets/FSD50K/FSD50K.dev_audio/339641.wav,glass_break,fsd50k,0.0,fsd50k:339641
/Users/rajsingh/Library/CloudStorage/GoogleDrive-singhraj04.jan@gmail.com/My Drive/SAHARA/Datasets/FSD50K/FSD50K.dev_audio/339642.wav,glass_break,fsd50k,0.0,fsd50k:339642
/Users/rajsingh/Library/CloudStorage/GoogleDrive-singhraj04.jan@gmail.com/My Drive/SAHARA/Datasets/FSD50K/FSD50K.dev_audio/339643.wav,glass_break,fsd50k,0.0,fsd50k:339643
/Users/rajsingh/Library/CloudStorage/GoogleDrive-singhraj04.jan@gmail.com/My Drive/SAHARA/Datasets/FSD50K/FSD50K.dev_audio/339644.wav,glass_break,fsd50k,0.0,fsd50k:339644
/Users/rajsingh/Library/CloudStorage/GoogleDrive-singhraj04.jan@gmail.com/My Drive/SAHARA/Datasets/FSD50K/FSD50K.dev_audio/406717.wav,glass_break,fsd50k,0.0,fsd50k:406717
/Users/rajsingh/Library/CloudStorage/GoogleDrive-singhraj04.jan@gmail.com/My Drive/SAHARA/Datasets/FSD50K/FSD50K.dev_audio/406718.wav,glass_break,fsd50k,0.0,fsd50k:406718
/Users/rajsingh/Library/CloudStorage/GoogleDrive-singhraj04.jan@gmail.com/My Drive/SAHARA/Datasets/FSD50K/FSD50K.dev_audio/339645.wav,glass_break,fsd50k,0.0,fsd50k:339645
/Users/rajsingh/Library/CloudStorage/GoogleDrive-singhraj04.jan@gmail.com/My Drive/SAHARA/Datasets/FSD50K/FSD50K.dev_audio/339648.wav,glass_break,fsd50k,0.0,fsd50k:339648
/Users/rajsingh/Library/CloudStorage/GoogleDrive-singhraj04.jan@gmail.com/My Drive/SAHARA/Datasets/FSD50K/FSD50K.dev_audio/339649.wav,glass_break,fsd50k,0.0,fsd50k:339649
/Users/rajsingh/Library/CloudStorage/GoogleDrive-singhraj04.jan@gmail.com/My Drive/SAHARA/Datasets/FSD50K/FSD50K.dev_audio/339650.wav,glass_break,fsd50k,0.0,fsd50k:339650
/Users/rajsingh/Library/CloudStorage/GoogleDrive-singhraj04.jan@gmail.com/My Drive/SAHARA/Datasets/FSD50K/FSD50K.dev_audio/339646.wav,glass_break,fsd50k,0.0,fsd50k:339646
/Users/rajsingh/Library/CloudStorage/GoogleDrive-singhraj04.jan@gmail.com/My Drive/SAHARA/Datasets/FSD50K/FSD50K.dev_audio/339652.wav,glass_break,fsd50k,0.0,fsd50k:339652
/Users/rajsingh/Library/CloudStorage/GoogleDrive-singhraj04.jan@gmail.com/My Drive/SAHARA/Datasets/FSD50K/FSD50K.dev_audio/339653.wav,glass_break,fsd50k,0.0,fsd50k:339653
/Users/rajsingh/Library/CloudStorage/GoogleDrive-singhraj04.jan@gmail.com/My Drive/SAHARA/Datasets/FSD50K/FSD50K.dev_audio/339654.wav,glass_break,fsd50k,0.0,fsd50k:339654
/Users/rajsingh/Library/CloudStorage/GoogleDrive-singhraj04.jan@gmail.com/My Drive/SAHARA/Datasets/FSD50K/FSD50K.dev_audio/339655.wav,glass_break,fsd50k,0.0,fsd50k:339655
/Users/rajsingh/Library/CloudStorage/GoogleDrive-singhraj04.jan@gmail.com/My Drive/SAHARA/Datasets/FSD50K/FSD50K.dev_audio/339656.wav,glass_break,fsd50k,0.0,fsd50k:339656
/Users/rajsingh/Library/CloudStorage/GoogleDrive-singhraj04.jan@gmail.com/My Drive/SAHARA/Datasets/FSD50K/FSD50K.dev_audio/339657.wav,glass_break,fsd50k,0.0,fsd50k:339657
/Users/rajsingh/Library/CloudStorage/GoogleDrive-singhraj04.jan@gmail.com/My Drive/SAHARA/Datasets/FSD50K/FSD50K.dev_audio/94405.wav,glass_break,fsd50k,0.0,fsd50k:94405
/Users/rajsingh/Library/CloudStorage/GoogleDrive-singhraj04.jan@gmail.com/My Drive/SAHARA/Datasets/FSD50K/FSD50K.dev_audio/339651.wav,glass_break,fsd50k,0.0,fsd50k:339651
/Users/rajsingh/Library/CloudStorage/GoogleDrive-singhraj04.jan@gmail.com/My Drive/SAHARA/Datasets/FSD50K/FSD50K.dev_audio/211156.wav,glass_break,fsd50k,0.0,fsd50k:211156
/Users/rajsingh/Library/CloudStorage/GoogleDrive-singhraj04.jan@gmail.com/My Drive/SAHARA/Datasets/FSD50K/FSD50K.dev_audio/211157.wav,glass_break,fsd50k,0.0,fsd50k:211157
/Users/rajsingh/Library/CloudStorage/GoogleDrive-singhraj04.jan@gmail.com/My Drive/SAHARA/Datasets/FSD50K/FSD50K.dev_audio/211159.wav,glass_break,fsd50k,0.0,fsd50k:211159
/Users/rajsingh/Library/CloudStorage/GoogleDrive-singhraj04.jan@gmail.com/My Drive/SAHARA/Datasets/FSD50K/FSD50K.dev_audio/211160.wav,glass_break,fsd50k,0.0,fsd50k:211160
/Users/rajsingh/Library/CloudStorage/GoogleDrive-singhraj04.jan@gmail.com/My Drive/SAHARA/Datasets/FSD50K/FSD50K.dev_audio/316643.wav,glass_break,fsd50k,0.0,fsd50k:316643
/Users/rajsingh/Library/CloudStorage/GoogleDrive-singhraj04.jan@gmail.com/My Drive/SAHARA/Datasets/FSD50K/FSD50K.dev_audio/20196.wav,glass_break,fsd50k,0.0,fsd50k:20196
/Users/rajsingh/Library/CloudStorage/GoogleDrive-singhraj04.jan@gmail.com/My Drive/SAHARA/Datasets/FSD50K/FSD50K.dev_audio/20197.wav,glass_break,fsd50k,0.0,fsd50k:20197
/Users/rajsingh/Library/CloudStorage/GoogleDrive-singhraj04.jan@gmail.com/My Drive/SAHARA/Datasets/FSD50K/FSD50K.dev_audio/365799.wav,glass_break,fsd50k,0.0,fsd50k:365799
/Users/rajsingh/Library/CloudStorage/GoogleDrive-singhraj04.jan@gmail.com/My Drive/SAHARA/Datasets/FSD50K/FSD50K.dev_audio/212721.wav,glass_break,fsd50k,0.0,fsd50k:212721
/Users/rajsingh/Library/CloudStorage/GoogleDrive-singhraj04.jan@gmail.com/My Drive/SAHARA/Datasets/FSD50K/FSD50K.dev_audio/212722.wav,glass_break,fsd50k,0.0,fsd50k:212722
/Users/rajsingh/Library/CloudStorage/GoogleDrive-singhraj04.jan@gmail.com/My Drive/SAHARA/Datasets/FSD50K/FSD50K.dev_audio/233715.wav,glass_break,fsd50k,0.0,fsd50k:233715
/Users/rajsingh/Library/CloudStorage/GoogleDrive-singhraj04.jan@gmail.com/My Drive/SAHARA/Datasets/FSD50K/FSD50K.dev_audio/212723.wav,glass_break,fsd50k,0.0,fsd50k:212723
/Users/rajsingh/Library/CloudStorage/GoogleDrive-singhraj04.jan@gmail.com/My Drive/SAHARA/Datasets/FSD50K/FSD50K.dev_audio/118520.wav,glass_break,fsd50k,0.0,fsd50k:118520
/Users/rajsingh/Library/CloudStorage/GoogleDrive-singhraj04.jan@gmail.com/My Drive/SAHARA/Datasets/FSD50K/FSD50K.dev_audio/20731.wav,glass_break,fsd50k,0.0,fsd50k:20731
/Users/rajsingh/Library/CloudStorage/GoogleDrive-singhraj04.jan@gmail.com/My Drive/SAHARA/Datasets/FSD50K/FSD50K.dev_audio/204045.wav,glass_break,fsd50k,0.0,fsd50k:204045
/Users/rajsingh/Library/CloudStorage/GoogleDrive-singhraj04.jan@gmail.com/My Drive/SAHARA/Datasets/FSD50K/FSD50K.dev_audio/158991.wav,glass_break,fsd50k,0.0,fsd50k:158991
/Users/rajsingh/Library/CloudStorage/GoogleDrive-singhraj04.jan@gmail.com/My Drive/SAHARA/Datasets/FSD50K/FSD50K.dev_audio/204047.wav,glass_break,fsd50k,0.0,fsd50k:204047
/Users/rajsingh/Library/CloudStorage/GoogleDrive-singhraj04.jan@gmail.com/My Drive/SAHARA/Datasets/FSD50K/FSD50K.dev_audio/158993.wav,glass_break,fsd50k,0.0,fsd50k:158993
/Users/rajsingh/Library/CloudStorage/GoogleDrive-singhraj04.jan@gmail.com/My Drive/SAHARA/Datasets/FSD50K/FSD50K.dev_audio/208658.wav,glass_break,fsd50k,0.0,fsd50k:208658
/Users/rajsingh/Library/CloudStorage/GoogleDrive-singhraj04.jan@gmail.com/My Drive/SAHARA/Datasets/FSD50K/FSD50K.dev_audio/158995.wav,glass_break,fsd50k,0.0,fsd50k:158995
/Users/rajsingh/Library/CloudStorage/GoogleDrive-singhraj04.jan@gmail.com/My Drive/SAHARA/Datasets/FSD50K/FSD50K.dev_audio/174863.wav,glass_break,fsd50k,0.0,fsd50k:174863
/Users/rajsingh/Library/CloudStorage/GoogleDrive-singhraj04.jan@gmail.com/My Drive/SAHARA/Datasets/FSD50K/FSD50K.dev_audio/158997.wav,glass_break,fsd50k,0.0,fsd50k:158997
/Users/rajsingh/Library/CloudStorage/GoogleDrive-singhraj04.jan@gmail.com/My Drive/SAHARA/Datasets/FSD50K/FSD50K.dev_audio/174865.wav,glass_break,fsd50k,0.0,fsd50k:174865
/Users/rajsingh/Library/CloudStorage/GoogleDrive-singhraj04.jan@gmail.com/My Drive/SAHARA/Datasets/FSD50K/FSD50K.dev_audio/208664.wav,glass_break,fsd50k,0.0,fsd50k:208664
/Users/rajsingh/Library/CloudStorage/GoogleDrive-singhraj04.jan@gmail.com/My Drive/SAHARA/Datasets/FSD50K/FSD50K.dev_audio/159002.wav,glass_break,fsd50k,0.0,fsd50k:159002
/Users/rajsingh/Library/CloudStorage/GoogleDrive-singhraj04.jan@gmail.com/My Drive/SAHARA/Datasets/FSD50K/FSD50K.dev_audio/159003.wav,glass_break,fsd50k,0.0,fsd50k:159003
/Users/rajsingh/Library/CloudStorage/GoogleDrive-singhraj04.jan@gmail.com/My Drive/SAHARA/Datasets/FSD50K/FSD50K.dev_audio/159004.wav,glass_break,fsd50k,0.0,fsd50k:159004
/Users/rajsingh/Library/CloudStorage/GoogleDrive-singhraj04.jan@gmail.com/My Drive/SAHARA/Datasets/FSD50K/FSD50K.dev_audio/159005.wav,glass_break,fsd50k,0.0,fsd50k:159005
/Users/rajsingh/Library/CloudStorage/GoogleDrive-singhraj04.jan@gmail.com/My Drive/SAHARA/Datasets/FSD50K/FSD50K.dev_audio/348958.wav,glass_break,fsd50k,0.0,fsd50k:348958
/Users/rajsingh/Library/CloudStorage/GoogleDrive-singhraj04.jan@gmail.com/My Drive/SAHARA/Datasets/FSD50K/FSD50K.dev_audio/159007.wav,glass_break,fsd50k,0.0,fsd50k:159007
/Users/rajsingh/Library/CloudStorage/GoogleDrive-singhraj04.jan@gmail.com/My Drive/SAHARA/Datasets/FSD50K/FSD50K.dev_audio/159008.wav,glass_break,fsd50k,0.0,fsd50k:159008
/Users/rajsingh/Library/CloudStorage/GoogleDrive-singhraj04.jan@gmail.com/My Drive/SAHARA/Datasets/FSD50K/FSD50K.dev_audio/35631.wav,glass_break,fsd50k,0.0,fsd50k:35631
/Users/rajsingh/Library/CloudStorage/GoogleDrive-singhraj04.jan@gmail.com/My Drive/SAHARA/Datasets/FSD50K/FSD50K.dev_audio/339647.wav,glass_break,fsd50k,0.0,fsd50k:339647
/Users/rajsingh/Library/CloudStorage/GoogleDrive-singhraj04.jan@gmail.com/My Drive/SAHARA/Datasets/FSD50K/FSD50K.dev_audio/379187.wav,glass_break,fsd50k,0.0,fsd50k:379187
/Users/rajsingh/Library/CloudStorage/GoogleDrive-singhraj04.jan@gmail.com/My Drive/SAHARA/Datasets/FSD50K/FSD50K.dev_audio/379189.wav,glass_break,fsd50k,0.0,fsd50k:379189
/Users/rajsingh/Library/CloudStorage/GoogleDrive-singhraj04.jan@gmail.com/My Drive/SAHARA/Datasets/FSD50K/FSD50K.dev_audio/379192.wav,glass_break,fsd50k,0.0,fsd50k:379192
/Users/rajsingh/Library/CloudStorage/GoogleDrive-singhraj04.jan@gmail.com/My Drive/SAHARA/Datasets/FSD50K/FSD50K.dev_audio/379198.wav,glass_break,fsd50k,0.0,fsd50k:379198
/Users/rajsingh/Library/CloudStorage/GoogleDrive-singhraj04.jan@gmail.com/My Drive/SAHARA/Datasets/FSD50K/FSD50K.dev_audio/188224.wav,glass_break,fsd50k,0.0,fsd50k:188224
/Users/rajsingh/Library/CloudStorage/GoogleDrive-singhraj04.jan@gmail.com/My Drive/SAHARA/Datasets/FSD50K/FSD50K.dev_audio/352065.wav,glass_break,fsd50k,0.0,fsd50k:352065
/Users/rajsingh/Library/CloudStorage/GoogleDrive-singhraj04.jan@gmail.com/My Drive/SAHARA/Datasets/FSD50K/FSD50K.dev_audio/188226.wav,glass_break,fsd50k,0.0,fsd50k:188226
/Users/rajsingh/Library/CloudStorage/GoogleDrive-singhraj04.jan@gmail.com/My Drive/SAHARA/Datasets/FSD50K/FSD50K.dev_audio/352066.wav,glass_break,fsd50k,0.0,fsd50k:352066
/Users/rajsingh/Library/CloudStorage/GoogleDrive-singhraj04.jan@gmail.com/My Drive/SAHARA/Datasets/FSD50K/FSD50K.dev_audio/352068.wav,glass_break,fsd50k,0.0,fsd50k:352068
/Users/rajsingh/Library/CloudStorage/GoogleDrive-singhraj04.jan@gmail.com/My Drive/SAHARA/Datasets/FSD50K/FSD50K.dev_audio/250691.wav,glass_break,fsd50k,0.0,fsd50k:250691
/Users/rajsingh/Library/CloudStorage/GoogleDrive-singhraj04.jan@gmail.com/My Drive/SAHARA/Datasets/FSD50K/FSD50K.dev_audio/188225.wav,glass_break,fsd50k,0.0,fsd50k:188225
/Users/rajsingh/Library/CloudStorage/GoogleDrive-singhraj04.jan@gmail.com/My Drive/SAHARA/Datasets/FSD50K/FSD50K.dev_audio/250695.wav,glass_break,fsd50k,0.0,fsd50k:250695
/Users/rajsingh/Library/CloudStorage/GoogleDrive-singhraj04.jan@gmail.com/My Drive/SAHARA/Datasets/FSD50K/FSD50K.dev_audio/250696.wav,glass_break,fsd50k,0.0,fsd50k:250696
/Users/rajsingh/Library/CloudStorage/GoogleDrive-singhraj04.jan@gmail.com/My Drive/SAHARA/Datasets/FSD50K/FSD50K.dev_audio/352071.wav,glass_break,fsd50k,0.0,fsd50k:352071
/Users/rajsingh/Library/CloudStorage/GoogleDrive-singhraj04.jan@gmail.com/My Drive/SAHARA/Datasets/FSD50K/FSD50K.dev_audio/352069.wav,glass_break,fsd50k,0.0,fsd50k:352069
/Users/rajsingh/Library/CloudStorage/GoogleDrive-singhraj04.jan@gmail.com/My Drive/SAHARA/Datasets/FSD50K/FSD50K.dev_audio/250692.wav,glass_break,fsd50k,0.0,fsd50k:250692
/Users/rajsingh/Library/CloudStorage/GoogleDrive-singhraj04.jan@gmail.com/My Drive/SAHARA/Datasets/FSD50K/FSD50K.dev_audio/337233.wav,glass_break,fsd50k,0.0,fsd50k:337233
/Users/rajsingh/Library/CloudStorage/GoogleDrive-singhraj04.jan@gmail.com/My Drive/SAHARA/Datasets/FSD50K/FSD50K.dev_audio/406716.wav,glass_break,fsd50k,0.0,fsd50k:406716
/Users/rajsingh/Library/CloudStorage/GoogleDrive-singhraj04.jan@gmail.com/My Drive/SAHARA/Datasets/FSD50K/FSD50K.dev_audio/337235.wav,glass_break,fsd50k,0.0,fsd50k:337235
/Users/rajsingh/Library/CloudStorage/GoogleDrive-singhraj04.jan@gmail.com/My Drive/SAHARA/Datasets/FSD50K/FSD50K.dev_audio/337234.wav,glass_break,fsd50k,0.0,fsd50k:337234
/Users/rajsingh/Library/CloudStorage/GoogleDrive-singhraj04.jan@gmail.com/My Drive/SAHARA/Datasets/FSD50K/FSD50K.dev_audio/337236.wav,glass_break,fsd50k,0.0,fsd50k:337236
/Users/rajsingh/Library/CloudStorage/GoogleDrive-singhraj04.jan@gmail.com/My Drive/SAHARA/Datasets/FSD50K/FSD50K.dev_audio/119133.wav,glass_break,fsd50k,0.0,fsd50k:119133
/Users/rajsingh/Library/CloudStorage/GoogleDrive-singhraj04.jan@gmail.com/My Drive/SAHARA/Datasets/FSD50K/FSD50K.dev_audio/406719.wav,glass_break,fsd50k,0.0,fsd50k:406719
/Users/rajsingh/Library/CloudStorage/GoogleDrive-singhraj04.jan@gmail.com/My Drive/SAHARA/Datasets/FSD50K/FSD50K.dev_audio/322405.wav,glass_break,fsd50k,0.0,fsd50k:322405
/Users/rajsingh/Library/CloudStorage/GoogleDrive-singhraj04.jan@gmail.com/My Drive/SAHARA/Datasets/FSD50K/FSD50K.dev_audio/406720.wav,glass_break,fsd50k,0.0,fsd50k:406720
/Users/rajsingh/Library/CloudStorage/GoogleDrive-singhraj04.jan@gmail.com/My Drive/SAHARA/Datasets/FSD50K/FSD50K.dev_audio/141680.wav,glass_break,fsd50k,0.0,fsd50k:141680
/Users/rajsingh/Library/CloudStorage/GoogleDrive-singhraj04.jan@gmail.com/My Drive/SAHARA/Datasets/FSD50K/FSD50K.dev_audio/406722.wav,glass_break,fsd50k,0.0,fsd50k:406722
/Users/rajsingh/Library/CloudStorage/GoogleDrive-singhraj04.jan@gmail.com/My Drive/SAHARA/Datasets/FSD50K/FSD50K.dev_audio/108408.wav,glass_break,fsd50k,0.0,fsd50k:108408
/Users/rajsingh/Library/CloudStorage/GoogleDrive-singhraj04.jan@gmail.com/My Drive/SAHARA/Datasets/FSD50K/FSD50K.dev_audio/235903.wav,glass_break,fsd50k,0.0,fsd50k:235903
/Users/rajsingh/Library/CloudStorage/GoogleDrive-singhraj04.jan@gmail.com/My Drive/SAHARA/Datasets/FSD50K/FSD50K.dev_audio/253337.wav,glass_break,fsd50k,0.0,fsd50k:253337
/Users/rajsingh/Library/CloudStorage/GoogleDrive-singhraj04.jan@gmail.com/My Drive/SAHARA/Datasets/FSD50K/FSD50K.dev_audio/253338.wav,glass_break,fsd50k,0.0,fsd50k:253338
/Users/rajsingh/Library/CloudStorage/GoogleDrive-singhraj04.jan@gmail.com/My Drive/SAHARA/Datasets/FSD50K/FSD50K.dev_audio/378848.wav,glass_break,fsd50k,0.0,fsd50k:378848
/Users/rajsingh/Library/CloudStorage/GoogleDrive-singhraj04.jan@gmail.com/My Drive/SAHARA/Datasets/FSD50K/FSD50K.dev_audio/378275.wav,glass_break,fsd50k,0.0,fsd50k:378275
/Users/rajsingh/Library/CloudStorage/GoogleDrive-singhraj04.jan@gmail.com/My Drive/SAHARA/Datasets/FSD50K/FSD50K.dev_audio/203172.wav,glass_break,fsd50k,0.0,fsd50k:203172
/Users/rajsingh/Library/CloudStorage/GoogleDrive-singhraj04.jan@gmail.com/My Drive/SAHARA/Datasets/FSD50K/FSD50K.dev_audio/59317.wav,glass_break,fsd50k,0.0,fsd50k:59317
/Users/rajsingh/Library/CloudStorage/GoogleDrive-singhraj04.jan@gmail.com/My Drive/SAHARA/Datasets/FSD50K/FSD50K.dev_audio/59318.wav,glass_break,fsd50k,0.0,fsd50k:59318
/Users/rajsingh/Library/CloudStorage/GoogleDrive-singhraj04.jan@gmail.com/My Drive/SAHARA/Datasets/FSD50K/FSD50K.dev_audio/118199.wav,glass_break,fsd50k,0.0,fsd50k:118199
/Users/rajsingh/Library/CloudStorage/GoogleDrive-singhraj04.jan@gmail.com/My Drive/SAHARA/Datasets/FSD50K/FSD50K.dev_audio/15285.wav,glass_break,fsd50k,0.0,fsd50k:15285
/Users/rajsingh/Library/CloudStorage/GoogleDrive-singhraj04.jan@gmail.com/My Drive/SAHARA/Datasets/FSD50K/FSD50K.dev_audio/94680.wav,glass_break,fsd50k,0.0,fsd50k:94680
/Users/rajsingh/Library/CloudStorage/GoogleDrive-singhraj04.jan@gmail.com/My Drive/SAHARA/Datasets/FSD50K/FSD50K.dev_audio/378328.wav,glass_break,fsd50k,0.0,fsd50k:378328
/Users/rajsingh/Library/CloudStorage/GoogleDrive-singhraj04.jan@gmail.com/My Drive/SAHARA/Datasets/FSD50K/FSD50K.dev_audio/94682.wav,glass_break,fsd50k,0.0,fsd50k:94682
/Users/rajsingh/Library/CloudStorage/GoogleDrive-singhraj04.jan@gmail.com/My Drive/SAHARA/Datasets/FSD50K/FSD50K.dev_audio/94683.wav,glass_break,fsd50k,0.0,fsd50k:94683
/Users/rajsingh/Library/CloudStorage/GoogleDrive-singhraj04.jan@gmail.com/My Drive/SAHARA/Datasets/FSD50K/FSD50K.dev_audio/378332.wav,glass_break,fsd50k,0.0,fsd50k:378332
/Users/rajsingh/Library/CloudStorage/GoogleDrive-singhraj04.jan@gmail.com/My Drive/SAHARA/Datasets/FSD50K/FSD50K.dev_audio/94687.wav,glass_break,fsd50k,0.0,fsd50k:94687
/Users/rajsingh/Library/CloudStorage/GoogleDrive-singhraj04.jan@gmail.com/My Drive/SAHARA/Datasets/FSD50K/FSD50K.dev_audio/94684.wav,glass_break,fsd50k,0.0,fsd50k:94684
/Users/rajsingh/Library/CloudStorage/GoogleDrive-singhraj04.jan@gmail.com/My Drive/SAHARA/Datasets/FSD50K/FSD50K.dev_audio/92638.wav,glass_break,fsd50k,0.0,fsd50k:92638
/Users/rajsingh/Library/CloudStorage/GoogleDrive-singhraj04.jan@gmail.com/My Drive/SAHARA/Datasets/FSD50K/FSD50K.dev_audio/378847.wav,glass_break,fsd50k,0.0,fsd50k:378847
/Users/rajsingh/Library/CloudStorage/GoogleDrive-singhraj04.jan@gmail.com/My Drive/SAHARA/Datasets/FSD50K/FSD50K.dev_audio/378846.wav,glass_break,fsd50k,0.0,fsd50k:378846
/Users/rajsingh/Library/CloudStorage/GoogleDrive-singhraj04.jan@gmail.com/My Drive/SAHARA/Datasets/FSD50K/FSD50K.dev_audio/94689.wav,glass_break,fsd50k,0.0,fsd50k:94689
/Users/rajsingh/Library/CloudStorage/GoogleDrive-singhraj04.jan@gmail.com/My Drive/SAHARA/Datasets/FSD50K/FSD50K.dev_audio/378852.wav,glass_break,fsd50k,0.0,fsd50k:378852
/Users/rajsingh/Library/CloudStorage/GoogleDrive-singhraj04.jan@gmail.com/My Drive/SAHARA/Datasets/FSD50K/FSD50K.dev_audio/378853.wav,glass_break,fsd50k,0.0,fsd50k:378853
/Users/rajsingh/Library/CloudStorage/GoogleDrive-singhraj04.jan@gmail.com/My Drive/SAHARA/Datasets/FSD50K/FSD50K.dev_audio/94688.wav,glass_break,fsd50k,0.0,fsd50k:94688
/Users/rajsingh/Library/CloudStorage/GoogleDrive-singhraj04.jan@gmail.com/My Drive/SAHARA/Datasets/FSD50K/FSD50K.dev_audio/419303.wav,glass_break,fsd50k,0.0,fsd50k:419303
/Users/rajsingh/Library/CloudStorage/GoogleDrive-singhraj04.jan@gmail.com/My Drive/SAHARA/Datasets/FSD50K/FSD50K.dev_audio/360432.wav,glass_break,fsd50k,0.0,fsd50k:360432
/Users/rajsingh/Library/CloudStorage/GoogleDrive-singhraj04.jan@gmail.com/My Drive/SAHARA/Datasets/FSD50K/FSD50K.dev_audio/360433.wav,glass_break,fsd50k,0.0,fsd50k:360433
/Users/rajsingh/Library/CloudStorage/GoogleDrive-singhraj04.jan@gmail.com/My Drive/SAHARA/Datasets/FSD50K/FSD50K.dev_audio/378867.wav,glass_break,fsd50k,0.0,fsd50k:378867
/Users/rajsingh/Library/CloudStorage/GoogleDrive-singhraj04.jan@gmail.com/My Drive/SAHARA/Datasets/FSD50K/FSD50K.dev_audio/89588.wav,glass_break,fsd50k,0.0,fsd50k:89588
/Users/rajsingh/Library/CloudStorage/GoogleDrive-singhraj04.jan@gmail.com/My Drive/SAHARA/Datasets/FSD50K/FSD50K.dev_audio/378868.wav,glass_break,fsd50k,0.0,fsd50k:378868
/Users/rajsingh/Library/CloudStorage/GoogleDrive-singhraj04.jan@gmail.com/My Drive/SAHARA/Datasets/FSD50K/FSD50K.dev_audio/383926.wav,glass_break,fsd50k,0.0,fsd50k:383926
/Users/rajsingh/Library/CloudStorage/GoogleDrive-singhraj04.jan@gmail.com/My Drive/SAHARA/Datasets/FSD50K/FSD50K.dev_audio/341068.wav,glass_break,fsd50k,0.0,fsd50k:341068
/Users/rajsingh/Library/CloudStorage/GoogleDrive-singhraj04.jan@gmail.com/My Drive/SAHARA/Datasets/FSD50K/FSD50K.dev_audio/178178.wav,glass_break,fsd50k,0.0,fsd50k:178178
/Users/rajsingh/Library/CloudStorage/GoogleDrive-singhraj04.jan@gmail.com/My Drive/SAHARA/Datasets/FSD50K/FSD50K.dev_audio/355336.wav,glass_break,fsd50k,0.0,fsd50k:355336
/Users/rajsingh/Library/CloudStorage/GoogleDrive-singhraj04.jan@gmail.com/My Drive/SAHARA/Datasets/FSD50K/FSD50K.dev_audio/269483.wav,glass_break,fsd50k,0.0,fsd50k:269483
/Users/rajsingh/Library/CloudStorage/GoogleDrive-singhraj04.jan@gmail.com/My Drive/SAHARA/Datasets/FSD50K/FSD50K.dev_audio/67041.wav,glass_break,fsd50k,0.0,fsd50k:67041
/Users/rajsingh/Library/CloudStorage/GoogleDrive-singhraj04.jan@gmail.com/My Drive/SAHARA/Datasets/FSD50K/FSD50K.dev_audio/110459.wav,glass_break,fsd50k,0.0,fsd50k:110459
/Users/rajsingh/Library/CloudStorage/GoogleDrive-singhraj04.jan@gmail.com/My Drive/SAHARA/Datasets/FSD50K/FSD50K.dev_audio/113777.wav,glass_break,fsd50k,0.0,fsd50k:113777
/Users/rajsingh/Library/CloudStorage/GoogleDrive-singhraj04.jan@gmail.com/My Drive/SAHARA/Datasets/FSD50K/FSD50K.dev_audio/132634.wav,glass_break,fsd50k,0.0,fsd50k:132634
/Users/rajsingh/Library/CloudStorage/GoogleDrive-singhraj04.jan@gmail.com/My Drive/SAHARA/Datasets/FSD50K/FSD50K.dev_audio/404477.wav,glass_break,fsd50k,0.0,fsd50k:404477
/Users/rajsingh/Library/CloudStorage/GoogleDrive-singhraj04.jan@gmail.com/My Drive/SAHARA/Datasets/FSD50K/FSD50K.dev_audio/395492.wav,glass_break,fsd50k,0.0,fsd50k:395492
/Users/rajsingh/Library/CloudStorage/GoogleDrive-singhraj04.jan@gmail.com/My Drive/SAHARA/Datasets/FSD50K/FSD50K.dev_audio/263619.wav,glass_break,fsd50k,0.0,fsd50k:263619
/Users/rajsingh/Library/CloudStorage/GoogleDrive-singhraj04.jan@gmail.com/My Drive/SAHARA/Datasets/FSD50K/FSD50K.dev_audio/191489.wav,glass_break,fsd50k,0.0,fsd50k:191489
/Users/rajsingh/Library/CloudStorage/GoogleDrive-singhraj04.jan@gmail.com/My Drive/SAHARA/Datasets/FSD50K/FSD50K.dev_audio/186531.wav,glass_break,fsd50k,0.0,fsd50k:186531
/Users/rajsingh/Library/CloudStorage/GoogleDrive-singhraj04.jan@gmail.com/My Drive/SAHARA/Datasets/FSD50K/FSD50K.dev_audio/429234.wav,glass_break,fsd50k,0.0,fsd50k:429234
/Users/rajsingh/Library/CloudStorage/GoogleDrive-singhraj04.jan@gmail.com/My Drive/SAHARA/Datasets/FSD50K/FSD50K.dev_audio/368130.wav,glass_break,fsd50k,0.0,fsd50k:368130
/Users/rajsingh/Library/CloudStorage/GoogleDrive-singhraj04.jan@gmail.com/My Drive/SAHARA/Datasets/FSD50K/FSD50K.dev_audio/401620.wav,glass_break,fsd50k,0.0,fsd50k:401620
/Users/rajsingh/Library/CloudStorage/GoogleDrive-singhraj04.jan@gmail.com/My Drive/SAHARA/Datasets/FSD50K/FSD50K.dev_audio/104815.wav,glass_break,fsd50k,0.0,fsd50k:104815
/Users/rajsingh/Library/CloudStorage/GoogleDrive-singhraj04.jan@gmail.com/My Drive/SAHARA/Datasets/FSD50K/FSD50K.dev_audio/428165.wav,glass_break,fsd50k,0.0,fsd50k:428165
/Users/rajsingh/Library/CloudStorage/GoogleDrive-singhraj04.jan@gmail.com/My Drive/SAHARA/Datasets/FSD50K/FSD50K.dev_audio/22770.wav,glass_break,fsd50k,0.0,fsd50k:22770
/Users/rajsingh/Library/CloudStorage/GoogleDrive-singhraj04.jan@gmail.com/My Drive/SAHARA/Datasets/FSD50K/FSD50K.dev_audio/321283.wav,glass_break,fsd50k,0.0,fsd50k:321283
/Users/rajsingh/Library/CloudStorage/GoogleDrive-singhraj04.jan@gmail.com/My Drive/SAHARA/Datasets/FSD50K/FSD50K.dev_audio/321290.wav,glass_break,fsd50k,0.0,fsd50k:321290
/Users/rajsingh/Library/CloudStorage/GoogleDrive-singhraj04.jan@gmail.com/My Drive/SAHARA/Datasets/FSD50K/FSD50K.dev_audio/379407.wav,glass_break,fsd50k,0.0,fsd50k:379407
/Users/rajsingh/Library/CloudStorage/GoogleDrive-singhraj04.jan@gmail.com/My Drive/SAHARA/Datasets/FSD50K/FSD50K.dev_audio/408852.wav,glass_break,fsd50k,0.0,fsd50k:408852
/Users/rajsingh/Library/CloudStorage/GoogleDrive-singhraj04.jan@gmail.com/My Drive/SAHARA/Datasets/FSD50K/FSD50K.dev_audio/72203.wav,glass_break,fsd50k,0.0,fsd50k:72203
/Users/rajsingh/Library/CloudStorage/GoogleDrive-singhraj04.jan@gmail.com/My Drive/SAHARA/Datasets/FSD50K/FSD50K.eval_audio/327556.wav,glass_break,fsd50k,0.0,fsd50k:327556
/Users/rajsingh/Library/CloudStorage/GoogleDrive-singhraj04.jan@gmail.com/My Drive/SAHARA/Datasets/FSD50K/FSD50K.eval_audio/360681.wav,glass_break,fsd50k,0.0,fsd50k:360681
/Users/rajsingh/Library/CloudStorage/GoogleDrive-singhraj04.jan@gmail.com/My Drive/SAHARA/Datasets/FSD50K/FSD50K.eval_audio/325534.wav,glass_break,fsd50k,0.0,fsd50k:325534
/Users/rajsingh/Library/CloudStorage/GoogleDrive-singhraj04.jan@gmail.com/My Drive/SAHARA/Datasets/FSD50K/FSD50K.eval_audio/199922.wav,glass_break,fsd50k,0.0,fsd50k:199922
/Users/rajsingh/Library/CloudStorage/GoogleDrive-singhraj04.jan@gmail.com/My Drive/SAHARA/Datasets/FSD50K/FSD50K.eval_audio/25458.wav,glass_break,fsd50k,0.0,fsd50k:25458
/Users/rajsingh/Library/CloudStorage/GoogleDrive-singhraj04.jan@gmail.com/My Drive/SAHARA/Datasets/FSD50K/FSD50K.eval_audio/328146.wav,glass_break,fsd50k,0.0,fsd50k:328146
/Users/rajsingh/Library/CloudStorage/GoogleDrive-singhraj04.jan@gmail.com/My Drive/SAHARA/Datasets/FSD50K/FSD50K.eval_audio/402935.wav,glass_break,fsd50k,0.0,fsd50k:402935
/Users/rajsingh/Library/CloudStorage/GoogleDrive-singhraj04.jan@gmail.com/My Drive/SAHARA/Datasets/FSD50K/FSD50K.eval_audio/432641.wav,appliance_beep,fsd50k,0.0,fsd50k:432641
/Users/rajsingh/Library/CloudStorage/GoogleDrive-singhraj04.jan@gmail.com/My Drive/SAHARA/Datasets/FSD50K/FSD50K.eval_audio/28165.wav,appliance_beep,fsd50k,0.0,fsd50k:28165
/Users/rajsingh/Library/CloudStorage/GoogleDrive-singhraj04.jan@gmail.com/My Drive/SAHARA/Datasets/FSD50K/FSD50K.eval_audio/83465.wav,appliance_beep,fsd50k,0.0,fsd50k:83465
/Users/rajsingh/Library/CloudStorage/GoogleDrive-singhraj04.jan@gmail.com/My Drive/SAHARA/Datasets/FSD50K/FSD50K.eval_audio/118807.wav,appliance_beep,fsd50k,0.0,fsd50k:118807
/Users/rajsingh/Library/CloudStorage/GoogleDrive-singhraj04.jan@gmail.com/My Drive/SAHARA/Datasets/FSD50K/FSD50K.eval_audio/166441.wav,appliance_beep,fsd50k,0.0,fsd50k:166441
/Users/rajsingh/Library/CloudStorage/GoogleDrive-singhraj04.jan@gmail.com/My Drive/SAHARA/Datasets/FSD50K/FSD50K.eval_audio/196139.wav,appliance_beep,fsd50k,0.0,fsd50k:196139
/Users/rajsingh/Library/CloudStorage/GoogleDrive-singhraj04.jan@gmail.com/My Drive/SAHARA/Datasets/FSD50K/FSD50K.eval_audio/72240.wav,appliance_beep,fsd50k,0.0,fsd50k:72240
/Users/rajsingh/Library/CloudStorage/GoogleDrive-singhraj04.jan@gmail.com/My Drive/SAHARA/Datasets/FSD50K/FSD50K.eval_audio/34865.wav,appliance_beep,fsd50k,0.0,fsd50k:34865
/Users/rajsingh/Library/CloudStorage/GoogleDrive-singhraj04.jan@gmail.com/My Drive/SAHARA/Datasets/FSD50K/FSD50K.eval_audio/217138.wav,appliance_beep,fsd50k,0.0,fsd50k:217138
/Users/rajsingh/Library/CloudStorage/GoogleDrive-singhraj04.jan@gmail.com/My Drive/SAHARA/Datasets/FSD50K/FSD50K.eval_audio/209970.wav,appliance_beep,fsd50k,0.0,fsd50k:209970
/Users/rajsingh/Library/CloudStorage/GoogleDrive-singhraj04.jan@gmail.com/My Drive/SAHARA/Datasets/FSD50K/FSD50K.eval_audio/423990.wav,appliance_beep,fsd50k,0.0,fsd50k:423990
/Users/rajsingh/Library/CloudStorage/GoogleDrive-singhraj04.jan@gmail.com/My Drive/SAHARA/Datasets/FSD50K/FSD50K.eval_audio/392257.wav,appliance_beep,fsd50k,0.0,fsd50k:392257
/Users/rajsingh/Library/CloudStorage/GoogleDrive-singhraj04.jan@gmail.com/My Drive/SAHARA/Datasets/FSD50K/FSD50K.eval_audio/325701.wav,appliance_beep,fsd50k,0.0,fsd50k:325701
/Users/rajsingh/Library/CloudStorage/GoogleDrive-singhraj04.jan@gmail.com/My Drive/SAHARA/Datasets/FSD50K/FSD50K.eval_audio/350283.wav,appliance_beep,fsd50k,0.0,fsd50k:350283
/Users/rajsingh/Library/CloudStorage/GoogleDrive-singhraj04.jan@gmail.com/My Drive/SAHARA/Datasets/FSD50K/FSD50K.eval_audio/317533.wav,appliance_beep,fsd50k,0.0,fsd50k:317533
/Users/rajsingh/Library/CloudStorage/GoogleDrive-singhraj04.jan@gmail.com/My Drive/SAHARA/Datasets/FSD50K/FSD50K.eval_audio/382572.wav,appliance_beep,fsd50k,0.0,fsd50k:382572
/Users/rajsingh/Library/CloudStorage/GoogleDrive-singhraj04.jan@gmail.com/My Drive/SAHARA/Datasets/FSD50K/FSD50K.eval_audio/180339.wav,appliance_beep,fsd50k,0.0,fsd50k:180339
/Users/rajsingh/Library/CloudStorage/GoogleDrive-singhraj04.jan@gmail.com/My Drive/SAHARA/Datasets/FSD50K/FSD50K.eval_audio/342656.wav,appliance_beep,fsd50k,0.0,fsd50k:342656
/Users/rajsingh/Library/CloudStorage/GoogleDrive-singhraj04.jan@gmail.com/My Drive/SAHARA/Datasets/FSD50K/FSD50K.eval_audio/94868.wav,appliance_beep,fsd50k,0.0,fsd50k:94868
/Users/rajsingh/Library/CloudStorage/GoogleDrive-singhraj04.jan@gmail.com/My Drive/SAHARA/Datasets/FSD50K/FSD50K.eval_audio/424601.wav,appliance_beep,fsd50k,0.0,fsd50k:424601
/Users/rajsingh/Library/CloudStorage/GoogleDrive-singhraj04.jan@gmail.com/My Drive/SAHARA/Datasets/FSD50K/FSD50K.eval_audio/257202.wav,appliance_beep,fsd50k,0.0,fsd50k:257202
/Users/rajsingh/Library/CloudStorage/GoogleDrive-singhraj04.jan@gmail.com/My Drive/SAHARA/Datasets/FSD50K/FSD50K.eval_audio/190647.wav,appliance_beep,fsd50k,0.0,fsd50k:190647
/Users/rajsingh/Library/CloudStorage/GoogleDrive-singhraj04.jan@gmail.com/My Drive/SAHARA/Datasets/FSD50K/FSD50K.eval_audio/198844.wav,appliance_beep,fsd50k,0.0,fsd50k:198844
/Users/rajsingh/Library/CloudStorage/GoogleDrive-singhraj04.jan@gmail.com/My Drive/SAHARA/Datasets/FSD50K/FSD50K.eval_audio/59587.wav,appliance_beep,fsd50k,0.0,fsd50k:59587
/Users/rajsingh/Library/CloudStorage/GoogleDrive-singhraj04.jan@gmail.com/My Drive/SAHARA/Datasets/FSD50K/FSD50K.eval_audio/217806.wav,appliance_beep,fsd50k,0.0,fsd50k:217806
/Users/rajsingh/Library/CloudStorage/GoogleDrive-singhraj04.jan@gmail.com/My Drive/SAHARA/Datasets/FSD50K/FSD50K.eval_audio/327381.wav,appliance_beep,fsd50k,0.0,fsd50k:327381
/Users/rajsingh/Library/CloudStorage/GoogleDrive-singhraj04.jan@gmail.com/My Drive/SAHARA/Datasets/FSD50K/FSD50K.eval_audio/154840.wav,appliance_beep,fsd50k,0.0,fsd50k:154840
/Users/rajsingh/Library/CloudStorage/GoogleDrive-singhraj04.jan@gmail.com/My Drive/SAHARA/Datasets/FSD50K/FSD50K.eval_audio/349922.wav,appliance_beep,fsd50k,0.0,fsd50k:349922
/Users/rajsingh/Library/CloudStorage/GoogleDrive-singhraj04.jan@gmail.com/My Drive/SAHARA/Datasets/FSD50K/FSD50K.eval_audio/17124.wav,appliance_beep,fsd50k,0.0,fsd50k:17124
/Users/rajsingh/Library/CloudStorage/GoogleDrive-singhraj04.jan@gmail.com/My Drive/SAHARA/Datasets/FSD50K/FSD50K.eval_audio/91366.wav,appliance_beep,fsd50k,0.0,fsd50k:91366
/Users/rajsingh/Library/CloudStorage/GoogleDrive-singhraj04.jan@gmail.com/My Drive/SAHARA/Datasets/FSD50K/FSD50K.eval_audio/87275.wav,appliance_beep,fsd50k,0.0,fsd50k:87275
/Users/rajsingh/Library/CloudStorage/GoogleDrive-singhraj04.jan@gmail.com/My Drive/SAHARA/Datasets/FSD50K/FSD50K.eval_audio/191733.wav,appliance_beep,fsd50k,0.0,fsd50k:191733
/Users/rajsingh/Library/CloudStorage/GoogleDrive-singhraj04.jan@gmail.com/My Drive/SAHARA/Datasets/FSD50K/FSD50K.eval_audio/44791.wav,appliance_beep,fsd50k,0.0,fsd50k:44791
/Users/rajsingh/Library/CloudStorage/GoogleDrive-singhraj04.jan@gmail.com/My Drive/SAHARA/Datasets/FSD50K/FSD50K.eval_audio/338168.wav,appliance_beep,fsd50k,0.0,fsd50k:338168
/Users/rajsingh/Library/CloudStorage/GoogleDrive-singhraj04.jan@gmail.com/My Drive/SAHARA/Datasets/FSD50K/FSD50K.eval_audio/327417.wav,appliance_beep,fsd50k,0.0,fsd50k:327417
/Users/rajsingh/Library/CloudStorage/GoogleDrive-singhraj04.jan@gmail.com/My Drive/SAHARA/Datasets/FSD50K/FSD50K.eval_audio/371450.wav,appliance_beep,fsd50k,0.0,fsd50k:371450
/Users/rajsingh/Library/CloudStorage/GoogleDrive-singhraj04.jan@gmail.com/My Drive/SAHARA/Datasets/FSD50K/FSD50K.eval_audio/271110.wav,appliance_beep,fsd50k,0.0,fsd50k:271110
/Users/rajsingh/Library/CloudStorage/GoogleDrive-singhraj04.jan@gmail.com/My Drive/SAHARA/Datasets/FSD50K/FSD50K.eval_audio/144137.wav,appliance_beep,fsd50k,0.0,fsd50k:144137
/Users/rajsingh/Library/CloudStorage/GoogleDrive-singhraj04.jan@gmail.com/My Drive/SAHARA/Datasets/FSD50K/FSD50K.eval_audio/431396.wav,appliance_beep,fsd50k,0.0,fsd50k:431396
/Users/rajsingh/Library/CloudStorage/GoogleDrive-singhraj04.jan@gmail.com/My Drive/SAHARA/Datasets/FSD50K/FSD50K.eval_audio/100647.wav,appliance_beep,fsd50k,0.0,fsd50k:100647
/Users/rajsingh/Library/CloudStorage/GoogleDrive-singhraj04.jan@gmail.com/My Drive/SAHARA/Datasets/FSD50K/FSD50K.eval_audio/362799.wav,appliance_beep,fsd50k,0.0,fsd50k:362799
/Users/rajsingh/Library/CloudStorage/GoogleDrive-singhraj04.jan@gmail.com/My Drive/SAHARA/Datasets/FSD50K/FSD50K.eval_audio/118577.wav,appliance_beep,fsd50k,0.0,fsd50k:118577
/Users/rajsingh/Library/CloudStorage/GoogleDrive-singhraj04.jan@gmail.com/My Drive/SAHARA/Datasets/FSD50K/FSD50K.eval_audio/118577.wav,dog_bark,fsd50k,0.0,fsd50k:118577
/Users/rajsingh/Library/CloudStorage/GoogleDrive-singhraj04.jan@gmail.com/My Drive/SAHARA/Datasets/FSD50K/FSD50K.eval_audio/118070.wav,appliance_beep,fsd50k,0.0,fsd50k:118070
/Users/rajsingh/Library/CloudStorage/GoogleDrive-singhraj04.jan@gmail.com/My Drive/SAHARA/Datasets/FSD50K/FSD50K.eval_audio/347964.wav,appliance_beep,fsd50k,0.0,fsd50k:347964
/Users/rajsingh/Library/CloudStorage/GoogleDrive-singhraj04.jan@gmail.com/My Drive/SAHARA/Datasets/FSD50K/FSD50K.eval_audio/118078.wav,appliance_beep,fsd50k,0.0,fsd50k:118078
/Users/rajsingh/Library/CloudStorage/GoogleDrive-singhraj04.jan@gmail.com/My Drive/SAHARA/Datasets/FSD50K/FSD50K.eval_audio/54086.wav,appliance_beep,fsd50k,0.0,fsd50k:54086
/Users/rajsingh/Library/CloudStorage/GoogleDrive-singhraj04.jan@gmail.com/My Drive/SAHARA/Datasets/FSD50K/FSD50K.eval_audio/210254.wav,appliance_beep,fsd50k,0.0,fsd50k:210254
/Users/rajsingh/Library/CloudStorage/GoogleDrive-singhraj04.jan@gmail.com/My Drive/SAHARA/Datasets/FSD50K/FSD50K.eval_audio/58202.wav,appliance_beep,fsd50k,0.0,fsd50k:58202
/Users/rajsingh/Library/CloudStorage/GoogleDrive-singhraj04.jan@gmail.com/My Drive/SAHARA/Datasets/FSD50K/FSD50K.eval_audio/170848.wav,appliance_beep,fsd50k,0.0,fsd50k:170848
/Users/rajsingh/Library/CloudStorage/GoogleDrive-singhraj04.jan@gmail.com/My Drive/SAHARA/Datasets/FSD50K/FSD50K.eval_audio/235363.wav,appliance_beep,fsd50k,0.0,fsd50k:235363
/Users/rajsingh/Library/CloudStorage/GoogleDrive-singhraj04.jan@gmail.com/My Drive/SAHARA/Datasets/FSD50K/FSD50K.eval_audio/380772.wav,appliance_beep,fsd50k,0.0,fsd50k:380772
/Users/rajsingh/Library/CloudStorage/GoogleDrive-singhraj04.jan@gmail.com/My Drive/SAHARA/Datasets/FSD50K/FSD50K.eval_audio/115073.wav,appliance_beep,fsd50k,0.0,fsd50k:115073
/Users/rajsingh/Library/CloudStorage/GoogleDrive-singhraj04.jan@gmail.com/My Drive/SAHARA/Datasets/FSD50K/FSD50K.eval_audio/176003.wav,appliance_beep,fsd50k,0.0,fsd50k:176003
/Users/rajsingh/Library/CloudStorage/GoogleDrive-singhraj04.jan@gmail.com/My Drive/SAHARA/Datasets/FSD50K/FSD50K.eval_audio/394655.wav,appliance_beep,fsd50k,0.0,fsd50k:394655
/Users/rajsingh/Library/CloudStorage/GoogleDrive-singhraj04.jan@gmail.com/My Drive/SAHARA/Datasets/FSD50K/FSD50K.eval_audio/340898.wav,appliance_beep,fsd50k,0.0,fsd50k:340898
/Users/rajsingh/Library/CloudStorage/GoogleDrive-singhraj04.jan@gmail.com/My Drive/SAHARA/Datasets/FSD50K/FSD50K.eval_audio/340905.wav,appliance_beep,fsd50k,0.0,fsd50k:340905
/Users/rajsingh/Library/CloudStorage/GoogleDrive-singhraj04.jan@gmail.com/My Drive/SAHARA/Datasets/FSD50K/FSD50K.eval_audio/100265.wav,appliance_beep,fsd50k,0.0,fsd50k:100265
/Users/rajsingh/Library/CloudStorage/GoogleDrive-singhraj04.jan@gmail.com/My Drive/SAHARA/Datasets/FSD50K/FSD50K.eval_audio/54187.wav,appliance_beep,fsd50k,0.0,fsd50k:54187
/Users/rajsingh/Library/CloudStorage/GoogleDrive-singhraj04.jan@gmail.com/My Drive/SAHARA/Datasets/FSD50K/FSD50K.eval_audio/179113.wav,appliance_beep,fsd50k,0.0,fsd50k:179113
/Users/rajsingh/Library/CloudStorage/GoogleDrive-singhraj04.jan@gmail.com/My Drive/SAHARA/Datasets/FSD50K/FSD50K.eval_audio/235962.wav,appliance_beep,fsd50k,0.0,fsd50k:235962
/Users/rajsingh/Library/CloudStorage/GoogleDrive-singhraj04.jan@gmail.com/My Drive/SAHARA/Datasets/FSD50K/FSD50K.eval_audio/156091.wav,appliance_beep,fsd50k,0.0,fsd50k:156091
/Users/rajsingh/Library/CloudStorage/GoogleDrive-singhraj04.jan@gmail.com/My Drive/SAHARA/Datasets/FSD50K/FSD50K.eval_audio/136642.wav,appliance_beep,fsd50k,0.0,fsd50k:136642
/Users/rajsingh/Library/CloudStorage/GoogleDrive-singhraj04.jan@gmail.com/My Drive/SAHARA/Datasets/FSD50K/FSD50K.eval_audio/399828.wav,appliance_beep,fsd50k,0.0,fsd50k:399828
/Users/rajsingh/Library/CloudStorage/GoogleDrive-singhraj04.jan@gmail.com/My Drive/SAHARA/Datasets/FSD50K/FSD50K.eval_audio/393179.wav,appliance_beep,fsd50k,0.0,fsd50k:393179
/Users/rajsingh/Library/CloudStorage/GoogleDrive-singhraj04.jan@gmail.com/My Drive/SAHARA/Datasets/FSD50K/FSD50K.eval_audio/420830.wav,appliance_beep,fsd50k,0.0,fsd50k:420830
/Users/rajsingh/Library/CloudStorage/GoogleDrive-singhraj04.jan@gmail.com/My Drive/SAHARA/Datasets/FSD50K/FSD50K.eval_audio/153057.wav,appliance_beep,fsd50k,0.0,fsd50k:153057
/Users/rajsingh/Library/CloudStorage/GoogleDrive-singhraj04.jan@gmail.com/My Drive/SAHARA/Datasets/FSD50K/FSD50K.eval_audio/276965.wav,appliance_beep,fsd50k,0.0,fsd50k:276965
/Users/rajsingh/Library/CloudStorage/GoogleDrive-singhraj04.jan@gmail.com/My Drive/SAHARA/Datasets/FSD50K/FSD50K.eval_audio/235506.wav,appliance_beep,fsd50k,0.0,fsd50k:235506
/Users/rajsingh/Library/CloudStorage/GoogleDrive-singhraj04.jan@gmail.com/My Drive/SAHARA/Datasets/FSD50K/FSD50K.eval_audio/58368.wav,siren,fsd50k,0.0,fsd50k:58368
/Users/rajsingh/Library/CloudStorage/GoogleDrive-singhraj04.jan@gmail.com/My Drive/SAHARA/Datasets/FSD50K/FSD50K.eval_audio/58368.wav,appliance_beep,fsd50k,0.0,fsd50k:58368
/Users/rajsingh/Library/CloudStorage/GoogleDrive-singhraj04.jan@gmail.com/My Drive/SAHARA/Datasets/FSD50K/FSD50K.eval_audio/117120.wav,siren,fsd50k,0.0,fsd50k:117120
/Users/rajsingh/Library/CloudStorage/GoogleDrive-singhraj04.jan@gmail.com/My Drive/SAHARA/Datasets/FSD50K/FSD50K.eval_audio/117120.wav,appliance_beep,fsd50k,0.0,fsd50k:117120
/Users/rajsingh/Library/CloudStorage/GoogleDrive-singhraj04.jan@gmail.com/My Drive/SAHARA/Datasets/FSD50K/FSD50K.eval_audio/117121.wav,siren,fsd50k,0.0,fsd50k:117121
/Users/rajsingh/Library/CloudStorage/GoogleDrive-singhraj04.jan@gmail.com/My Drive/SAHARA/Datasets/FSD50K/FSD50K.eval_audio/117121.wav,appliance_beep,fsd50k,0.0,fsd50k:117121
/Users/rajsingh/Library/CloudStorage/GoogleDrive-singhraj04.jan@gmail.com/My Drive/SAHARA/Datasets/FSD50K/FSD50K.eval_audio/71299.wav,siren,fsd50k,0.0,fsd50k:71299
/Users/rajsingh/Library/CloudStorage/GoogleDrive-singhraj04.jan@gmail.com/My Drive/SAHARA/Datasets/FSD50K/FSD50K.eval_audio/71299.wav,appliance_beep,fsd50k,0.0,fsd50k:71299
/Users/rajsingh/Library/CloudStorage/GoogleDrive-singhraj04.jan@gmail.com/My Drive/SAHARA/Datasets/FSD50K/FSD50K.eval_audio/58371.wav,siren,fsd50k,0.0,fsd50k:58371
/Users/rajsingh/Library/CloudStorage/GoogleDrive-singhraj04.jan@gmail.com/My Drive/SAHARA/Datasets/FSD50K/FSD50K.eval_audio/58371.wav,appliance_beep,fsd50k,0.0,fsd50k:58371
/Users/rajsingh/Library/CloudStorage/GoogleDrive-singhraj04.jan@gmail.com/My Drive/SAHARA/Datasets/FSD50K/FSD50K.eval_audio/58369.wav,siren,fsd50k,0.0,fsd50k:58369
/Users/rajsingh/Library/CloudStorage/GoogleDrive-singhraj04.jan@gmail.com/My Drive/SAHARA/Datasets/FSD50K/FSD50K.eval_audio/58369.wav,appliance_beep,fsd50k,0.0,fsd50k:58369
/Users/rajsingh/Library/CloudStorage/GoogleDrive-singhraj04.jan@gmail.com/My Drive/SAHARA/Datasets/FSD50K/FSD50K.eval_audio/378257.wav,siren,fsd50k,0.0,fsd50k:378257
/Users/rajsingh/Library/CloudStorage/GoogleDrive-singhraj04.jan@gmail.com/My Drive/SAHARA/Datasets/FSD50K/FSD50K.eval_audio/378257.wav,appliance_beep,fsd50k,0.0,fsd50k:378257
/Users/rajsingh/Library/CloudStorage/GoogleDrive-singhraj04.jan@gmail.com/My Drive/SAHARA/Datasets/FSD50K/FSD50K.eval_audio/238228.wav,siren,fsd50k,0.0,fsd50k:238228
/Users/rajsingh/Library/CloudStorage/GoogleDrive-singhraj04.jan@gmail.com/My Drive/SAHARA/Datasets/FSD50K/FSD50K.eval_audio/238228.wav,appliance_beep,fsd50k,0.0,fsd50k:238228
/Users/rajsingh/Library/CloudStorage/GoogleDrive-singhraj04.jan@gmail.com/My Drive/SAHARA/Datasets/FSD50K/FSD50K.eval_audio/70936.wav,siren,fsd50k,0.0,fsd50k:70936
/Users/rajsingh/Library/CloudStorage/GoogleDrive-singhraj04.jan@gmail.com/My Drive/SAHARA/Datasets/FSD50K/FSD50K.eval_audio/70936.wav,appliance_beep,fsd50k,0.0,fsd50k:70936
/Users/rajsingh/Library/CloudStorage/GoogleDrive-singhraj04.jan@gmail.com/My Drive/SAHARA/Datasets/FSD50K/FSD50K.eval_audio/70938.wav,siren,fsd50k,0.0,fsd50k:70938
/Users/rajsingh/Library/CloudStorage/GoogleDrive-singhraj04.jan@gmail.com/My Drive/SAHARA/Datasets/FSD50K/FSD50K.eval_audio/70938.wav,appliance_beep,fsd50k,0.0,fsd50k:70938
/Users/rajsingh/Library/CloudStorage/GoogleDrive-singhraj04.jan@gmail.com/My Drive/SAHARA/Datasets/FSD50K/FSD50K.eval_audio/70939.wav,siren,fsd50k,0.0,fsd50k:70939
/Users/rajsingh/Library/CloudStorage/GoogleDrive-singhraj04.jan@gmail.com/My Drive/SAHARA/Datasets/FSD50K/FSD50K.eval_audio/70939.wav,appliance_beep,fsd50k,0.0,fsd50k:70939
/Users/rajsingh/Library/CloudStorage/GoogleDrive-singhraj04.jan@gmail.com/My Drive/SAHARA/Datasets/FSD50K/FSD50K.eval_audio/43806.wav,siren,fsd50k,0.0,fsd50k:43806
/Users/rajsingh/Library/CloudStorage/GoogleDrive-singhraj04.jan@gmail.com/My Drive/SAHARA/Datasets/FSD50K/FSD50K.eval_audio/43806.wav,appliance_beep,fsd50k,0.0,fsd50k:43806
/Users/rajsingh/Library/CloudStorage/GoogleDrive-singhraj04.jan@gmail.com/My Drive/SAHARA/Datasets/FSD50K/FSD50K.eval_audio/58014.wav,siren,fsd50k,0.0,fsd50k:58014
/Users/rajsingh/Library/CloudStorage/GoogleDrive-singhraj04.jan@gmail.com/My Drive/SAHARA/Datasets/FSD50K/FSD50K.eval_audio/58014.wav,appliance_beep,fsd50k,0.0,fsd50k:58014
/Users/rajsingh/Library/CloudStorage/GoogleDrive-singhraj04.jan@gmail.com/My Drive/SAHARA/Datasets/FSD50K/FSD50K.eval_audio/58015.wav,siren,fsd50k,0.0,fsd50k:58015
/Users/rajsingh/Library/CloudStorage/GoogleDrive-singhraj04.jan@gmail.com/My Drive/SAHARA/Datasets/FSD50K/FSD50K.eval_audio/58015.wav,appliance_beep,fsd50k,0.0,fsd50k:58015
/Users/rajsingh/Library/CloudStorage/GoogleDrive-singhraj04.jan@gmail.com/My Drive/SAHARA/Datasets/FSD50K/FSD50K.eval_audio/431651.wav,siren,fsd50k,0.0,fsd50k:431651
/Users/rajsingh/Library/CloudStorage/GoogleDrive-singhraj04.jan@gmail.com/My Drive/SAHARA/Datasets/FSD50K/FSD50K.eval_audio/431651.wav,appliance_beep,fsd50k,0.0,fsd50k:431651
/Users/rajsingh/Library/CloudStorage/GoogleDrive-singhraj04.jan@gmail.com/My Drive/SAHARA/Datasets/FSD50K/FSD50K.eval_audio/70052.wav,siren,fsd50k,0.0,fsd50k:70052
/Users/rajsingh/Library/CloudStorage/GoogleDrive-singhraj04.jan@gmail.com/My Drive/SAHARA/Datasets/FSD50K/FSD50K.eval_audio/70052.wav,appliance_beep,fsd50k,0.0,fsd50k:70052
/Users/rajsingh/Library/CloudStorage/GoogleDrive-singhraj04.jan@gmail.com/My Drive/SAHARA/Datasets/FSD50K/FSD50K.eval_audio/348325.wav,siren,fsd50k,0.0,fsd50k:348325
/Users/rajsingh/Library/CloudStorage/GoogleDrive-singhraj04.jan@gmail.com/My Drive/SAHARA/Datasets/FSD50K/FSD50K.eval_audio/348325.wav,appliance_beep,fsd50k,0.0,fsd50k:348325
/Users/rajsingh/Library/CloudStorage/GoogleDrive-singhraj04.jan@gmail.com/My Drive/SAHARA/Datasets/FSD50K/FSD50K.eval_audio/135718.wav,siren,fsd50k,0.0,fsd50k:135718
/Users/rajsingh/Library/CloudStorage/GoogleDrive-singhraj04.jan@gmail.com/My Drive/SAHARA/Datasets/FSD50K/FSD50K.eval_audio/135718.wav,appliance_beep,fsd50k,0.0,fsd50k:135718
/Users/rajsingh/Library/CloudStorage/GoogleDrive-singhraj04.jan@gmail.com/My Drive/SAHARA/Datasets/FSD50K/FSD50K.eval_audio/135717.wav,siren,fsd50k,0.0,fsd50k:135717
/Users/rajsingh/Library/CloudStorage/GoogleDrive-singhraj04.jan@gmail.com/My Drive/SAHARA/Datasets/FSD50K/FSD50K.eval_audio/135717.wav,appliance_beep,fsd50k,0.0,fsd50k:135717
/Users/rajsingh/Library/CloudStorage/GoogleDrive-singhraj04.jan@gmail.com/My Drive/SAHARA/Datasets/FSD50K/FSD50K.eval_audio/392881.wav,appliance_beep,fsd50k,0.0,fsd50k:392881
/Users/rajsingh/Library/CloudStorage/GoogleDrive-singhraj04.jan@gmail.com/My Drive/SAHARA/Datasets/FSD50K/FSD50K.eval_audio/392881.wav,siren,fsd50k,0.0,fsd50k:392881
/Users/rajsingh/Library/CloudStorage/GoogleDrive-singhraj04.jan@gmail.com/My Drive/SAHARA/Datasets/FSD50K/FSD50K.eval_audio/242101.wav,siren,fsd50k,0.0,fsd50k:242101
/Users/rajsingh/Library/CloudStorage/GoogleDrive-singhraj04.jan@gmail.com/My Drive/SAHARA/Datasets/FSD50K/FSD50K.eval_audio/242101.wav,appliance_beep,fsd50k,0.0,fsd50k:242101
/Users/rajsingh/Library/CloudStorage/GoogleDrive-singhraj04.jan@gmail.com/My Drive/SAHARA/Datasets/FSD50K/FSD50K.eval_audio/117181.wav,siren,fsd50k,0.0,fsd50k:117181
/Users/rajsingh/Library/CloudStorage/GoogleDrive-singhraj04.jan@gmail.com/My Drive/SAHARA/Datasets/FSD50K/FSD50K.eval_audio/117181.wav,appliance_beep,fsd50k,0.0,fsd50k:117181
/Users/rajsingh/Library/CloudStorage/GoogleDrive-singhraj04.jan@gmail.com/My Drive/SAHARA/Datasets/FSD50K/FSD50K.eval_audio/123085.wav,siren,fsd50k,0.0,fsd50k:123085
/Users/rajsingh/Library/CloudStorage/GoogleDrive-singhraj04.jan@gmail.com/My Drive/SAHARA/Datasets/FSD50K/FSD50K.eval_audio/123085.wav,appliance_beep,fsd50k,0.0,fsd50k:123085
/Users/rajsingh/Library/CloudStorage/GoogleDrive-singhraj04.jan@gmail.com/My Drive/SAHARA/Datasets/FSD50K/FSD50K.eval_audio/321753.wav,siren,fsd50k,0.0,fsd50k:321753
/Users/rajsingh/Library/CloudStorage/GoogleDrive-singhraj04.jan@gmail.com/My Drive/SAHARA/Datasets/FSD50K/FSD50K.eval_audio/321753.wav,appliance_beep,fsd50k,0.0,fsd50k:321753
/Users/rajsingh/Library/CloudStorage/GoogleDrive-singhraj04.jan@gmail.com/My Drive/SAHARA/Datasets/FSD50K/FSD50K.eval_audio/133473.wav,siren,fsd50k,0.0,fsd50k:133473
/Users/rajsingh/Library/CloudStorage/GoogleDrive-singhraj04.jan@gmail.com/My Drive/SAHARA/Datasets/FSD50K/FSD50K.eval_audio/133473.wav,appliance_beep,fsd50k,0.0,fsd50k:133473
/Users/rajsingh/Library/CloudStorage/GoogleDrive-singhraj04.jan@gmail.com/My Drive/SAHARA/Datasets/FSD50K/FSD50K.eval_audio/188004.wav,siren,fsd50k,0.0,fsd50k:188004
/Users/rajsingh/Library/CloudStorage/GoogleDrive-singhraj04.jan@gmail.com/My Drive/SAHARA/Datasets/FSD50K/FSD50K.eval_audio/188004.wav,appliance_beep,fsd50k,0.0,fsd50k:188004
/Users/rajsingh/Library/CloudStorage/GoogleDrive-singhraj04.jan@gmail.com/My Drive/SAHARA/Datasets/FSD50K/FSD50K.eval_audio/30823.wav,siren,fsd50k,0.0,fsd50k:30823
/Users/rajsingh/Library/CloudStorage/GoogleDrive-singhraj04.jan@gmail.com/My Drive/SAHARA/Datasets/FSD50K/FSD50K.eval_audio/30823.wav,appliance_beep,fsd50k,0.0,fsd50k:30823
/Users/rajsingh/Library/CloudStorage/GoogleDrive-singhraj04.jan@gmail.com/My Drive/SAHARA/Datasets/FSD50K/FSD50K.eval_audio/405358.wav,siren,fsd50k,0.0,fsd50k:405358
/Users/rajsingh/Library/CloudStorage/GoogleDrive-singhraj04.jan@gmail.com/My Drive/SAHARA/Datasets/FSD50K/FSD50K.eval_audio/405358.wav,appliance_beep,fsd50k,0.0,fsd50k:405358
/Users/rajsingh/Library/CloudStorage/GoogleDrive-singhraj04.jan@gmail.com/My Drive/SAHARA/Datasets/FSD50K/FSD50K.eval_audio/380664.wav,siren,fsd50k,0.0,fsd50k:380664
/Users/rajsingh/Library/CloudStorage/GoogleDrive-singhraj04.jan@gmail.com/My Drive/SAHARA/Datasets/FSD50K/FSD50K.eval_audio/380664.wav,appliance_beep,fsd50k,0.0,fsd50k:380664
/Users/rajsingh/Library/CloudStorage/GoogleDrive-singhraj04.jan@gmail.com/My Drive/SAHARA/Datasets/FSD50K/FSD50K.eval_audio/353105.wav,glass_break,fsd50k,0.0,fsd50k:353105
/Users/rajsingh/Library/CloudStorage/GoogleDrive-singhraj04.jan@gmail.com/My Drive/SAHARA/Datasets/FSD50K/FSD50K.eval_audio/144175.wav,glass_break,fsd50k,0.0,fsd50k:144175
/Users/rajsingh/Library/CloudStorage/GoogleDrive-singhraj04.jan@gmail.com/My Drive/SAHARA/Datasets/FSD50K/FSD50K.eval_audio/241880.wav,glass_break,fsd50k,0.0,fsd50k:241880
/Users/rajsingh/Library/CloudStorage/GoogleDrive-singhraj04.jan@gmail.com/My Drive/SAHARA/Datasets/FSD50K/FSD50K.eval_audio/244245.wav,glass_break,fsd50k,0.0,fsd50k:244245
/Users/rajsingh/Library/CloudStorage/GoogleDrive-singhraj04.jan@gmail.com/My Drive/SAHARA/Datasets/FSD50K/FSD50K.eval_audio/86047.wav,glass_break,fsd50k,0.0,fsd50k:86047
/Users/rajsingh/Library/CloudStorage/GoogleDrive-singhraj04.jan@gmail.com/My Drive/SAHARA/Datasets/FSD50K/FSD50K.eval_audio/344396.wav,glass_break,fsd50k,0.0,fsd50k:344396
/Users/rajsingh/Library/CloudStorage/GoogleDrive-singhraj04.jan@gmail.com/My Drive/SAHARA/Datasets/FSD50K/FSD50K.eval_audio/94641.wav,glass_break,fsd50k,0.0,fsd50k:94641
/Users/rajsingh/Library/CloudStorage/GoogleDrive-singhraj04.jan@gmail.com/My Drive/SAHARA/Datasets/FSD50K/FSD50K.eval_audio/186692.wav,glass_break,fsd50k,0.0,fsd50k:186692
/Users/rajsingh/Library/CloudStorage/GoogleDrive-singhraj04.jan@gmail.com/My Drive/SAHARA/Datasets/FSD50K/FSD50K.eval_audio/406849.wav,glass_break,fsd50k,0.0,fsd50k:406849
/Users/rajsingh/Library/CloudStorage/GoogleDrive-singhraj04.jan@gmail.com/My Drive/SAHARA/Datasets/FSD50K/FSD50K.eval_audio/339080.wav,glass_break,fsd50k,0.0,fsd50k:339080
/Users/rajsingh/Library/CloudStorage/GoogleDrive-singhraj04.jan@gmail.com/My Drive/SAHARA/Datasets/FSD50K/FSD50K.eval_audio/134747.wav,glass_break,fsd50k,0.0,fsd50k:134747
/Users/rajsingh/Library/CloudStorage/GoogleDrive-singhraj04.jan@gmail.com/My Drive/SAHARA/Datasets/FSD50K/FSD50K.eval_audio/408708.wav,glass_break,fsd50k,0.0,fsd50k:408708
/Users/rajsingh/Library/CloudStorage/GoogleDrive-singhraj04.jan@gmail.com/My Drive/SAHARA/Datasets/FSD50K/FSD50K.eval_audio/277530.wav,glass_break,fsd50k,0.0,fsd50k:277530
/Users/rajsingh/Library/CloudStorage/GoogleDrive-singhraj04.jan@gmail.com/My Drive/SAHARA/Datasets/FSD50K/FSD50K.eval_audio/365562.wav,glass_break,fsd50k,0.0,fsd50k:365562
/Users/rajsingh/Library/CloudStorage/GoogleDrive-singhraj04.jan@gmail.com/My Drive/SAHARA/Datasets/FSD50K/FSD50K.eval_audio/178398.wav,appliance_beep,fsd50k,0.0,fsd50k:178398
/Users/rajsingh/Library/CloudStorage/GoogleDrive-singhraj04.jan@gmail.com/My Drive/SAHARA/Datasets/FSD50K/FSD50K.eval_audio/178398.wav,glass_break,fsd50k,0.0,fsd50k:178398
/Users/rajsingh/Library/CloudStorage/GoogleDrive-singhraj04.jan@gmail.com/My Drive/SAHARA/Datasets/FSD50K/FSD50K.eval_audio/422263.wav,glass_break,fsd50k,0.0,fsd50k:422263
/Users/rajsingh/Library/CloudStorage/GoogleDrive-singhraj04.jan@gmail.com/My Drive/SAHARA/Datasets/FSD50K/FSD50K.eval_audio/17146.wav,glass_break,fsd50k,0.0,fsd50k:17146
/Users/rajsingh/Library/CloudStorage/GoogleDrive-singhraj04.jan@gmail.com/My Drive/SAHARA/Datasets/FSD50K/FSD50K.eval_audio/154466.wav,glass_break,fsd50k,0.0,fsd50k:154466
/Users/rajsingh/Library/CloudStorage/GoogleDrive-singhraj04.jan@gmail.com/My Drive/SAHARA/Datasets/FSD50K/FSD50K.eval_audio/198403.wav,glass_break,fsd50k,0.0,fsd50k:198403
/Users/rajsingh/Library/CloudStorage/GoogleDrive-singhraj04.jan@gmail.com/My Drive/SAHARA/Datasets/FSD50K/FSD50K.eval_audio/187463.wav,glass_break,fsd50k,0.0,fsd50k:187463
/Users/rajsingh/Library/CloudStorage/GoogleDrive-singhraj04.jan@gmail.com/My Drive/SAHARA/Datasets/FSD50K/FSD50K.eval_audio/339082.wav,glass_break,fsd50k,0.0,fsd50k:339082
/Users/rajsingh/Library/CloudStorage/GoogleDrive-singhraj04.jan@gmail.com/My Drive/SAHARA/Datasets/FSD50K/FSD50K.eval_audio/31462.wav,glass_break,fsd50k,0.0,fsd50k:31462
/Users/rajsingh/Library/CloudStorage/GoogleDrive-singhraj04.jan@gmail.com/My Drive/SAHARA/Datasets/FSD50K/FSD50K.eval_audio/41461.wav,glass_break,fsd50k,0.0,fsd50k:41461
/Users/rajsingh/Library/CloudStorage/GoogleDrive-singhraj04.jan@gmail.com/My Drive/SAHARA/Datasets/FSD50K/FSD50K.eval_audio/365964.wav,glass_break,fsd50k,0.0,fsd50k:365964
/Users/rajsingh/Library/CloudStorage/GoogleDrive-singhraj04.jan@gmail.com/My Drive/SAHARA/Datasets/FSD50K/FSD50K.eval_audio/414297.wav,glass_break,fsd50k,0.0,fsd50k:414297
/Users/rajsingh/Library/CloudStorage/GoogleDrive-singhraj04.jan@gmail.com/My Drive/SAHARA/Datasets/FSD50K/FSD50K.eval_audio/369293.wav,glass_break,fsd50k,0.0,fsd50k:369293
/Users/rajsingh/Library/CloudStorage/GoogleDrive-singhraj04.jan@gmail.com/My Drive/SAHARA/Datasets/FSD50K/FSD50K.eval_audio/403578.wav,glass_break,fsd50k,0.0,fsd50k:403578
/Users/rajsingh/Library/CloudStorage/GoogleDrive-singhraj04.jan@gmail.com/My Drive/SAHARA/Datasets/FSD50K/FSD50K.eval_audio/187468.wav,glass_break,fsd50k,0.0,fsd50k:187468
/Users/rajsingh/Library/CloudStorage/GoogleDrive-singhraj04.jan@gmail.com/My Drive/SAHARA/Datasets/FSD50K/FSD50K.eval_audio/124287.wav,glass_break,fsd50k,0.0,fsd50k:124287
/Users/rajsingh/Library/CloudStorage/GoogleDrive-singhraj04.jan@gmail.com/My Drive/SAHARA/Datasets/FSD50K/FSD50K.eval_audio/264842.wav,dog_bark,fsd50k,0.0,fsd50k:264842
/Users/rajsingh/Library/CloudStorage/GoogleDrive-singhraj04.jan@gmail.com/My Drive/SAHARA/Datasets/FSD50K/FSD50K.eval_audio/9922.wav,appliance_beep,fsd50k,0.0,fsd50k:9922
/Users/rajsingh/Library/CloudStorage/GoogleDrive-singhraj04.jan@gmail.com/My Drive/SAHARA/Datasets/FSD50K/FSD50K.eval_audio/9923.wav,appliance_beep,fsd50k,0.0,fsd50k:9923
/Users/rajsingh/Library/CloudStorage/GoogleDrive-singhraj04.jan@gmail.com/My Drive/SAHARA/Datasets/FSD50K/FSD50K.eval_audio/218843.wav,appliance_beep,fsd50k,0.0,fsd50k:218843
/Users/rajsingh/Library/CloudStorage/GoogleDrive-singhraj04.jan@gmail.com/My Drive/SAHARA/Datasets/FSD50K/FSD50K.eval_audio/170847.wav,appliance_beep,fsd50k,0.0,fsd50k:170847
/Users/rajsingh/Library/CloudStorage/GoogleDrive-singhraj04.jan@gmail.com/My Drive/SAHARA/Datasets/FSD50K/FSD50K.eval_audio/170464.wav,appliance_beep,fsd50k,0.0,fsd50k:170464
/Users/rajsingh/Library/CloudStorage/GoogleDrive-singhraj04.jan@gmail.com/My Drive/SAHARA/Datasets/FSD50K/FSD50K.eval_audio/62327.wav,dog_bark,fsd50k,0.0,fsd50k:62327
/Users/rajsingh/Library/CloudStorage/GoogleDrive-singhraj04.jan@gmail.com/My Drive/SAHARA/Datasets/FSD50K/FSD50K.eval_audio/180174.wav,appliance_beep,fsd50k,0.0,fsd50k:180174
/Users/rajsingh/Library/CloudStorage/GoogleDrive-singhraj04.jan@gmail.com/My Drive/SAHARA/Datasets/FSD50K/FSD50K.eval_audio/234247.wav,appliance_beep,fsd50k,0.0,fsd50k:234247
/Users/rajsingh/Library/CloudStorage/GoogleDrive-singhraj04.jan@gmail.com/My Drive/SAHARA/Datasets/FSD50K/FSD50K.eval_audio/386734.wav,appliance_beep,fsd50k,0.0,fsd50k:386734
/Users/rajsingh/Library/CloudStorage/GoogleDrive-singhraj04.jan@gmail.com/My Drive/SAHARA/Datasets/FSD50K/FSD50K.eval_audio/386733.wav,appliance_beep,fsd50k,0.0,fsd50k:386733
/Users/rajsingh/Library/CloudStorage/GoogleDrive-singhraj04.jan@gmail.com/My Drive/SAHARA/Datasets/FSD50K/FSD50K.eval_audio/81121.wav,glass_break,fsd50k,0.0,fsd50k:81121
/Users/rajsingh/Library/CloudStorage/GoogleDrive-singhraj04.jan@gmail.com/My Drive/SAHARA/Datasets/FSD50K/FSD50K.eval_audio/17486.wav,dog_bark,fsd50k,0.0,fsd50k:17486
/Users/rajsingh/Library/CloudStorage/GoogleDrive-singhraj04.jan@gmail.com/My Drive/SAHARA/Datasets/FSD50K/FSD50K.eval_audio/200809.wav,appliance_beep,fsd50k,0.0,fsd50k:200809
/Users/rajsingh/Library/CloudStorage/GoogleDrive-singhraj04.jan@gmail.com/My Drive/SAHARA/Datasets/FSD50K/FSD50K.eval_audio/94194.wav,appliance_beep,fsd50k,0.0,fsd50k:94194
/Users/rajsingh/Library/CloudStorage/GoogleDrive-singhraj04.jan@gmail.com/My Drive/SAHARA/Datasets/FSD50K/FSD50K.eval_audio/78958.wav,appliance_beep,fsd50k,0.0,fsd50k:78958
/Users/rajsingh/Library/CloudStorage/GoogleDrive-singhraj04.jan@gmail.com/My Drive/SAHARA/Datasets/FSD50K/FSD50K.eval_audio/101851.wav,appliance_beep,fsd50k,0.0,fsd50k:101851
/Users/rajsingh/Library/CloudStorage/GoogleDrive-singhraj04.jan@gmail.com/My Drive/SAHARA/Datasets/FSD50K/FSD50K.eval_audio/251496.wav,appliance_beep,fsd50k,0.0,fsd50k:251496
/Users/rajsingh/Library/CloudStorage/GoogleDrive-singhraj04.jan@gmail.com/My Drive/SAHARA/Datasets/FSD50K/FSD50K.eval_audio/52053.wav,appliance_beep,fsd50k,0.0,fsd50k:52053
/Users/rajsingh/Library/CloudStorage/GoogleDrive-singhraj04.jan@gmail.com/My Drive/SAHARA/Datasets/FSD50K/FSD50K.eval_audio/411451.wav,appliance_beep,fsd50k,0.0,fsd50k:411451
/Users/rajsingh/Library/CloudStorage/GoogleDrive-singhraj04.jan@gmail.com/My Drive/SAHARA/Datasets/FSD50K/FSD50K.eval_audio/115074.wav,appliance_beep,fsd50k,0.0,fsd50k:115074
/Users/rajsingh/Library/CloudStorage/GoogleDrive-singhraj04.jan@gmail.com/My Drive/SAHARA/Datasets/FSD50K/FSD50K.eval_audio/153170.wav,appliance_beep,fsd50k,0.0,fsd50k:153170
/Users/rajsingh/Library/CloudStorage/GoogleDrive-singhraj04.jan@gmail.com/My Drive/SAHARA/Datasets/FSD50K/FSD50K.eval_audio/98650.wav,glass_break,fsd50k,0.0,fsd50k:98650
/Users/rajsingh/Library/CloudStorage/GoogleDrive-singhraj04.jan@gmail.com/My Drive/SAHARA/Datasets/FSD50K/FSD50K.eval_audio/219355.wav,appliance_beep,fsd50k,0.0,fsd50k:219355
/Users/rajsingh/Library/CloudStorage/GoogleDrive-singhraj04.jan@gmail.com/My Drive/SAHARA/Datasets/FSD50K/FSD50K.eval_audio/17118.wav,glass_break,fsd50k,0.0,fsd50k:17118
/Users/rajsingh/Library/CloudStorage/GoogleDrive-singhraj04.jan@gmail.com/My Drive/SAHARA/Datasets/FSD50K/FSD50K.eval_audio/116390.wav,appliance_beep,fsd50k,0.0,fsd50k:116390
/Users/rajsingh/Library/CloudStorage/GoogleDrive-singhraj04.jan@gmail.com/My Drive/SAHARA/Datasets/FSD50K/FSD50K.eval_audio/411014.wav,appliance_beep,fsd50k,0.0,fsd50k:411014
/Users/rajsingh/Library/CloudStorage/GoogleDrive-singhraj04.jan@gmail.com/My Drive/SAHARA/Datasets/FSD50K/FSD50K.eval_audio/76220.wav,dog_bark,fsd50k,0.0,fsd50k:76220
/Users/rajsingh/Library/CloudStorage/GoogleDrive-singhraj04.jan@gmail.com/My Drive/SAHARA/Datasets/FSD50K/FSD50K.eval_audio/136522.wav,appliance_beep,fsd50k,0.0,fsd50k:136522
/Users/rajsingh/Library/CloudStorage/GoogleDrive-singhraj04.jan@gmail.com/My Drive/SAHARA/Datasets/FSD50K/FSD50K.eval_audio/96503.wav,appliance_beep,fsd50k,0.0,fsd50k:96503
/Users/rajsingh/Library/CloudStorage/GoogleDrive-singhraj04.jan@gmail.com/My Drive/SAHARA/Datasets/FSD50K/FSD50K.eval_audio/334987.wav,appliance_beep,fsd50k,0.0,fsd50k:334987
/Users/rajsingh/Library/CloudStorage/GoogleDrive-singhraj04.jan@gmail.com/My Drive/SAHARA/Datasets/FSD50K/FSD50K.eval_audio/60163.wav,appliance_beep,fsd50k,0.0,fsd50k:60163
/Users/rajsingh/Library/CloudStorage/GoogleDrive-singhraj04.jan@gmail.com/My Drive/SAHARA/Datasets/FSD50K/FSD50K.eval_audio/328087.wav,dog_bark,fsd50k,0.0,fsd50k:328087
/Users/rajsingh/Library/CloudStorage/GoogleDrive-singhraj04.jan@gmail.com/My Drive/SAHARA/Datasets/FSD50K/FSD50K.eval_audio/68272.wav,appliance_beep,fsd50k,0.0,fsd50k:68272
/Users/rajsingh/Library/CloudStorage/GoogleDrive-singhraj04.jan@gmail.com/My Drive/SAHARA/Datasets/FSD50K/FSD50K.eval_audio/62329.wav,appliance_beep,fsd50k,0.0,fsd50k:62329
/Users/rajsingh/Library/CloudStorage/GoogleDrive-singhraj04.jan@gmail.com/My Drive/SAHARA/Datasets/FSD50K/FSD50K.eval_audio/188009.wav,glass_break,fsd50k,0.0,fsd50k:188009
/Users/rajsingh/Library/CloudStorage/GoogleDrive-singhraj04.jan@gmail.com/My Drive/SAHARA/Datasets/FSD50K/FSD50K.eval_audio/173946.wav,glass_break,fsd50k,0.0,fsd50k:173946
/Users/rajsingh/Library/CloudStorage/GoogleDrive-singhraj04.jan@gmail.com/My Drive/SAHARA/Datasets/FSD50K/FSD50K.eval_audio/320167.wav,glass_break,fsd50k,0.0,fsd50k:320167
/Users/rajsingh/Library/CloudStorage/GoogleDrive-singhraj04.jan@gmail.com/My Drive/SAHARA/Datasets/FSD50K/FSD50K.eval_audio/238209.wav,appliance_beep,fsd50k,0.0,fsd50k:238209
/Users/rajsingh/Library/CloudStorage/GoogleDrive-singhraj04.jan@gmail.com/My Drive/SAHARA/Datasets/FSD50K/FSD50K.eval_audio/116163.wav,dog_bark,fsd50k,0.0,fsd50k:116163
/Users/rajsingh/Library/CloudStorage/GoogleDrive-singhraj04.jan@gmail.com/My Drive/SAHARA/Datasets/FSD50K/FSD50K.eval_audio/211191.wav,dog_bark,fsd50k,0.0,fsd50k:211191
/Users/rajsingh/Library/CloudStorage/GoogleDrive-singhraj04.jan@gmail.com/My Drive/SAHARA/Datasets/FSD50K/FSD50K.eval_audio/232176.wav,glass_break,fsd50k,0.0,fsd50k:232176
/Users/rajsingh/Library/CloudStorage/GoogleDrive-singhraj04.jan@gmail.com/My Drive/SAHARA/Datasets/FSD50K/FSD50K.eval_audio/198612.wav,appliance_beep,fsd50k,0.0,fsd50k:198612
/Users/rajsingh/Library/CloudStorage/GoogleDrive-singhraj04.jan@gmail.com/My Drive/SAHARA/Datasets/FSD50K/FSD50K.eval_audio/115088.wav,appliance_beep,fsd50k,0.0,fsd50k:115088
/Users/rajsingh/Library/CloudStorage/GoogleDrive-singhraj04.jan@gmail.com/My Drive/SAHARA/Datasets/FSD50K/FSD50K.eval_audio/79356.wav,appliance_beep,fsd50k,0.0,fsd50k:79356
/Users/rajsingh/Library/CloudStorage/GoogleDrive-singhraj04.jan@gmail.com/My Drive/SAHARA/Datasets/FSD50K/FSD50K.eval_audio/171464.wav,dog_bark,fsd50k,0.0,fsd50k:171464
/Users/rajsingh/Library/CloudStorage/GoogleDrive-singhraj04.jan@gmail.com/My Drive/SAHARA/Datasets/FSD50K/FSD50K.eval_audio/425662.wav,dog_bark,fsd50k,0.0,fsd50k:425662
/Users/rajsingh/Library/CloudStorage/GoogleDrive-singhraj04.jan@gmail.com/My Drive/SAHARA/Datasets/FSD50K/FSD50K.eval_audio/151150.wav,appliance_beep,fsd50k,0.0,fsd50k:151150
/Users/rajsingh/Library/CloudStorage/GoogleDrive-singhraj04.jan@gmail.com/My Drive/SAHARA/Datasets/FSD50K/FSD50K.eval_audio/424295.wav,appliance_beep,fsd50k,0.0,fsd50k:424295
/Users/rajsingh/Library/CloudStorage/GoogleDrive-singhraj04.jan@gmail.com/My Drive/SAHARA/Datasets/FSD50K/FSD50K.eval_audio/121346.wav,appliance_beep,fsd50k,0.0,fsd50k:121346
/Users/rajsingh/Library/CloudStorage/GoogleDrive-singhraj04.jan@gmail.com/My Drive/SAHARA/Datasets/FSD50K/FSD50K.eval_audio/131199.wav,dog_bark,fsd50k,0.0,fsd50k:131199
/Users/rajsingh/Library/CloudStorage/GoogleDrive-singhraj04.jan@gmail.com/My Drive/SAHARA/Datasets/FSD50K/FSD50K.eval_audio/408417.wav,appliance_beep,fsd50k,0.0,fsd50k:408417
/Users/rajsingh/Library/CloudStorage/GoogleDrive-singhraj04.jan@gmail.com/My Drive/SAHARA/Datasets/FSD50K/FSD50K.eval_audio/115537.wav,dog_bark,fsd50k,0.0,fsd50k:115537
/Users/rajsingh/Library/CloudStorage/GoogleDrive-singhraj04.jan@gmail.com/My Drive/SAHARA/Datasets/FSD50K/FSD50K.eval_audio/128013.wav,appliance_beep,fsd50k,0.0,fsd50k:128013
/Users/rajsingh/Library/CloudStorage/GoogleDrive-singhraj04.jan@gmail.com/My Drive/SAHARA/Datasets/FSD50K/FSD50K.eval_audio/101746.wav,appliance_beep,fsd50k,0.0,fsd50k:101746
/Users/rajsingh/Library/CloudStorage/GoogleDrive-singhraj04.jan@gmail.com/My Drive/SAHARA/Datasets/FSD50K/FSD50K.eval_audio/205887.wav,appliance_beep,fsd50k,0.0,fsd50k:205887
/Users/rajsingh/Library/CloudStorage/GoogleDrive-singhraj04.jan@gmail.com/My Drive/SAHARA/Datasets/FSD50K/FSD50K.eval_audio/417608.wav,appliance_beep,fsd50k,0.0,fsd50k:417608
/Users/rajsingh/Library/CloudStorage/GoogleDrive-singhraj04.jan@gmail.com/My Drive/SAHARA/Datasets/FSD50K/FSD50K.eval_audio/417608.wav,doorbell,fsd50k,0.0,fsd50k:417608
/Users/rajsingh/Library/CloudStorage/GoogleDrive-singhraj04.jan@gmail.com/My Drive/SAHARA/Datasets/FSD50K/FSD50K.eval_audio/59512.wav,siren,fsd50k,0.0,fsd50k:59512
/Users/rajsingh/Library/CloudStorage/GoogleDrive-singhraj04.jan@gmail.com/My Drive/SAHARA/Datasets/FSD50K/FSD50K.eval_audio/59512.wav,appliance_beep,fsd50k,0.0,fsd50k:59512
/Users/rajsingh/Library/CloudStorage/GoogleDrive-singhraj04.jan@gmail.com/My Drive/SAHARA/Datasets/FSD50K/FSD50K.eval_audio/104420.wav,appliance_beep,fsd50k,0.0,fsd50k:104420
/Users/rajsingh/Library/CloudStorage/GoogleDrive-singhraj04.jan@gmail.com/My Drive/SAHARA/Datasets/FSD50K/FSD50K.eval_audio/320234.wav,appliance_beep,fsd50k,0.0,fsd50k:320234
/Users/rajsingh/Library/CloudStorage/GoogleDrive-singhraj04.jan@gmail.com/My Drive/SAHARA/Datasets/FSD50K/FSD50K.eval_audio/336425.wav,glass_break,fsd50k,0.0,fsd50k:336425
/Users/rajsingh/Library/CloudStorage/GoogleDrive-singhraj04.jan@gmail.com/My Drive/SAHARA/Datasets/FSD50K/FSD50K.eval_audio/343756.wav,glass_break,fsd50k,0.0,fsd50k:343756
/Users/rajsingh/Library/CloudStorage/GoogleDrive-singhraj04.jan@gmail.com/My Drive/SAHARA/Datasets/FSD50K/FSD50K.eval_audio/98054.wav,glass_break,fsd50k,0.0,fsd50k:98054
/Users/rajsingh/Library/CloudStorage/GoogleDrive-singhraj04.jan@gmail.com/My Drive/SAHARA/Datasets/FSD50K/FSD50K.eval_audio/392319.wav,glass_break,fsd50k,0.0,fsd50k:392319
/Users/rajsingh/Library/CloudStorage/GoogleDrive-singhraj04.jan@gmail.com/My Drive/SAHARA/Datasets/FSD50K/FSD50K.eval_audio/315647.wav,glass_break,fsd50k,0.0,fsd50k:315647
/Users/rajsingh/Library/CloudStorage/GoogleDrive-singhraj04.jan@gmail.com/My Drive/SAHARA/Datasets/FSD50K/FSD50K.eval_audio/144115.wav,glass_break,fsd50k,0.0,fsd50k:144115
/Users/rajsingh/Library/CloudStorage/GoogleDrive-singhraj04.jan@gmail.com/My Drive/SAHARA/Datasets/FSD50K/FSD50K.eval_audio/356312.wav,glass_break,fsd50k,0.0,fsd50k:356312
/Users/rajsingh/Library/CloudStorage/GoogleDrive-singhraj04.jan@gmail.com/My Drive/SAHARA/Datasets/FSD50K/FSD50K.eval_audio/29712.wav,glass_break,fsd50k,0.0,fsd50k:29712
/Users/rajsingh/Library/CloudStorage/GoogleDrive-singhraj04.jan@gmail.com/My Drive/SAHARA/Datasets/FSD50K/FSD50K.eval_audio/330800.wav,glass_break,fsd50k,0.0,fsd50k:330800
/Users/rajsingh/Library/CloudStorage/GoogleDrive-singhraj04.jan@gmail.com/My Drive/SAHARA/Datasets/FSD50K/FSD50K.eval_audio/386906.wav,glass_break,fsd50k,0.0,fsd50k:386906
/Users/rajsingh/Library/CloudStorage/GoogleDrive-singhraj04.jan@gmail.com/My Drive/SAHARA/Datasets/FSD50K/FSD50K.eval_audio/378568.wav,glass_break,fsd50k,0.0,fsd50k:378568
/Users/rajsingh/Library/CloudStorage/GoogleDrive-singhraj04.jan@gmail.com/My Drive/SAHARA/Datasets/FSD50K/FSD50K.eval_audio/171998.wav,glass_break,fsd50k,0.0,fsd50k:171998
/Users/rajsingh/Library/CloudStorage/GoogleDrive-singhraj04.jan@gmail.com/My Drive/SAHARA/Datasets/FSD50K/FSD50K.eval_audio/78484.wav,glass_break,fsd50k,0.0,fsd50k:78484
/Users/rajsingh/Library/CloudStorage/GoogleDrive-singhraj04.jan@gmail.com/My Drive/SAHARA/Datasets/FSD50K/FSD50K.eval_audio/204185.wav,glass_break,fsd50k,0.0,fsd50k:204185
/Users/rajsingh/Library/CloudStorage/GoogleDrive-singhraj04.jan@gmail.com/My Drive/SAHARA/Datasets/FSD50K/FSD50K.eval_audio/116329.wav,glass_break,fsd50k,0.0,fsd50k:116329
/Users/rajsingh/Library/CloudStorage/GoogleDrive-singhraj04.jan@gmail.com/My Drive/SAHARA/Datasets/FSD50K/FSD50K.eval_audio/341070.wav,glass_break,fsd50k,0.0,fsd50k:341070
/Users/rajsingh/Library/CloudStorage/GoogleDrive-singhraj04.jan@gmail.com/My Drive/SAHARA/Datasets/FSD50K/FSD50K.eval_audio/172000.wav,glass_break,fsd50k,0.0,fsd50k:172000
/Users/rajsingh/Library/CloudStorage/GoogleDrive-singhraj04.jan@gmail.com/My Drive/SAHARA/Datasets/FSD50K/FSD50K.eval_audio/338691.wav,glass_break,fsd50k,0.0,fsd50k:338691
/Users/rajsingh/Library/CloudStorage/GoogleDrive-singhraj04.jan@gmail.com/My Drive/SAHARA/Datasets/FSD50K/FSD50K.eval_audio/257642.wav,glass_break,fsd50k,0.0,fsd50k:257642
/Users/rajsingh/Library/CloudStorage/GoogleDrive-singhraj04.jan@gmail.com/My Drive/SAHARA/Datasets/FSD50K/FSD50K.eval_audio/112213.wav,glass_break,fsd50k,0.0,fsd50k:112213
/Users/rajsingh/Library/CloudStorage/GoogleDrive-singhraj04.jan@gmail.com/My Drive/SAHARA/Datasets/FSD50K/FSD50K.eval_audio/376462.wav,glass_break,fsd50k,0.0,fsd50k:376462
/Users/rajsingh/Library/CloudStorage/GoogleDrive-singhraj04.jan@gmail.com/My Drive/SAHARA/Datasets/FSD50K/FSD50K.eval_audio/86324.wav,glass_break,fsd50k,0.0,fsd50k:86324
/Users/rajsingh/Library/CloudStorage/GoogleDrive-singhraj04.jan@gmail.com/My Drive/SAHARA/Datasets/FSD50K/FSD50K.eval_audio/366595.wav,glass_break,fsd50k,0.0,fsd50k:366595
/Users/rajsingh/Library/CloudStorage/GoogleDrive-singhraj04.jan@gmail.com/My Drive/SAHARA/Datasets/FSD50K/FSD50K.eval_audio/177959.wav,glass_break,fsd50k,0.0,fsd50k:177959
/Users/rajsingh/Library/CloudStorage/GoogleDrive-singhraj04.jan@gmail.com/My Drive/SAHARA/Datasets/FSD50K/FSD50K.eval_audio/978.wav,glass_break,fsd50k,0.0,fsd50k:978
/Users/rajsingh/Library/CloudStorage/GoogleDrive-singhraj04.jan@gmail.com/My Drive/SAHARA/Datasets/FSD50K/FSD50K.eval_audio/33629.wav,glass_break,fsd50k,0.0,fsd50k:33629
/Users/rajsingh/Library/CloudStorage/GoogleDrive-singhraj04.jan@gmail.com/My Drive/SAHARA/Datasets/FSD50K/FSD50K.eval_audio/59263.wav,glass_break,fsd50k,0.0,fsd50k:59263
/Users/rajsingh/Library/CloudStorage/GoogleDrive-singhraj04.jan@gmail.com/My Drive/SAHARA/Datasets/FSD50K/FSD50K.eval_audio/34201.wav,glass_break,fsd50k,0.0,fsd50k:34201
/Users/rajsingh/Library/CloudStorage/GoogleDrive-singhraj04.jan@gmail.com/My Drive/SAHARA/Datasets/FSD50K/FSD50K.eval_audio/396270.wav,glass_break,fsd50k,0.0,fsd50k:396270
/Users/rajsingh/Library/CloudStorage/GoogleDrive-singhraj04.jan@gmail.com/My Drive/SAHARA/Datasets/FSD50K/FSD50K.eval_audio/136629.wav,glass_break,fsd50k,0.0,fsd50k:136629
/Users/rajsingh/Library/CloudStorage/GoogleDrive-singhraj04.jan@gmail.com/My Drive/SAHARA/Datasets/FSD50K/FSD50K.eval_audio/77529.wav,glass_break,fsd50k,0.0,fsd50k:77529
/Users/rajsingh/Library/CloudStorage/GoogleDrive-singhraj04.jan@gmail.com/My Drive/SAHARA/Datasets/FSD50K/FSD50K.eval_audio/406112.wav,glass_break,fsd50k,0.0,fsd50k:406112
/Users/rajsingh/Library/CloudStorage/GoogleDrive-singhraj04.jan@gmail.com/My Drive/SAHARA/Datasets/FSD50K/FSD50K.eval_audio/267889.wav,glass_break,fsd50k,0.0,fsd50k:267889
/Users/rajsingh/Library/CloudStorage/GoogleDrive-singhraj04.jan@gmail.com/My Drive/SAHARA/Datasets/FSD50K/FSD50K.eval_audio/422633.wav,glass_break,fsd50k,0.0,fsd50k:422633
/Users/rajsingh/Library/CloudStorage/GoogleDrive-singhraj04.jan@gmail.com/My Drive/SAHARA/Datasets/FSD50K/FSD50K.eval_audio/414047.wav,glass_break,fsd50k,0.0,fsd50k:414047
/Users/rajsingh/Library/CloudStorage/GoogleDrive-singhraj04.jan@gmail.com/My Drive/SAHARA/Datasets/FSD50K/FSD50K.eval_audio/20133.wav,glass_break,fsd50k,0.0,fsd50k:20133
/Users/rajsingh/Library/CloudStorage/GoogleDrive-singhraj04.jan@gmail.com/My Drive/SAHARA/Datasets/FSD50K/FSD50K.eval_audio/155620.wav,glass_break,fsd50k,0.0,fsd50k:155620
/Users/rajsingh/Library/CloudStorage/GoogleDrive-singhraj04.jan@gmail.com/My Drive/SAHARA/Datasets/FSD50K/FSD50K.eval_audio/77534.wav,glass_break,fsd50k,0.0,fsd50k:77534
/Users/rajsingh/Library/CloudStorage/GoogleDrive-singhraj04.jan@gmail.com/My Drive/SAHARA/Datasets/FSD50K/FSD50K.eval_audio/347648.wav,glass_break,fsd50k,0.0,fsd50k:347648
/Users/rajsingh/Library/CloudStorage/GoogleDrive-singhraj04.jan@gmail.com/My Drive/SAHARA/Datasets/FSD50K/FSD50K.eval_audio/141563.wav,glass_break,fsd50k,0.0,fsd50k:141563
/Users/rajsingh/Library/CloudStorage/GoogleDrive-singhraj04.jan@gmail.com/My Drive/SAHARA/Datasets/FSD50K/FSD50K.eval_audio/171996.wav,glass_break,fsd50k,0.0,fsd50k:171996
/Users/rajsingh/Library/CloudStorage/GoogleDrive-singhraj04.jan@gmail.com/My Drive/SAHARA/Datasets/FSD50K/FSD50K.eval_audio/267573.wav,glass_break,fsd50k,0.0,fsd50k:267573
/Users/rajsingh/Library/CloudStorage/GoogleDrive-singhraj04.jan@gmail.com/My Drive/SAHARA/Datasets/FSD50K/FSD50K.eval_audio/388526.wav,glass_break,fsd50k,0.0,fsd50k:388526
/Users/rajsingh/Library/CloudStorage/GoogleDrive-singhraj04.jan@gmail.com/My Drive/SAHARA/Datasets/FSD50K/FSD50K.eval_audio/326565.wav,glass_break,fsd50k,0.0,fsd50k:326565
/Users/rajsingh/Library/CloudStorage/GoogleDrive-singhraj04.jan@gmail.com/My Drive/SAHARA/Datasets/FSD50K/FSD50K.eval_audio/208656.wav,glass_break,fsd50k,0.0,fsd50k:208656
/Users/rajsingh/Library/CloudStorage/GoogleDrive-singhraj04.jan@gmail.com/My Drive/SAHARA/Datasets/FSD50K/FSD50K.eval_audio/315648.wav,glass_break,fsd50k,0.0,fsd50k:315648
/Users/rajsingh/Library/CloudStorage/GoogleDrive-singhraj04.jan@gmail.com/My Drive/SAHARA/Datasets/FSD50K/FSD50K.eval_audio/342568.wav,glass_break,fsd50k,0.0,fsd50k:342568
/Users/rajsingh/Library/CloudStorage/GoogleDrive-singhraj04.jan@gmail.com/My Drive/SAHARA/Datasets/FSD50K/FSD50K.eval_audio/32880.wav,glass_break,fsd50k,0.0,fsd50k:32880
/Users/rajsingh/Library/CloudStorage/GoogleDrive-singhraj04.jan@gmail.com/My Drive/SAHARA/Datasets/FSD50K/FSD50K.eval_audio/338692.wav,glass_break,fsd50k,0.0,fsd50k:338692
/Users/rajsingh/Library/CloudStorage/GoogleDrive-singhraj04.jan@gmail.com/My Drive/SAHARA/Datasets/FSD50K/FSD50K.eval_audio/217172.wav,glass_break,fsd50k,0.0,fsd50k:217172
/Users/rajsingh/Library/CloudStorage/GoogleDrive-singhraj04.jan@gmail.com/My Drive/SAHARA/Datasets/FSD50K/FSD50K.eval_audio/186767.wav,glass_break,fsd50k,0.0,fsd50k:186767
/Users/rajsingh/Library/CloudStorage/GoogleDrive-singhraj04.jan@gmail.com/My Drive/SAHARA/Datasets/FSD50K/FSD50K.eval_audio/90386.wav,glass_break,fsd50k,0.0,fsd50k:90386
/Users/rajsingh/Library/CloudStorage/GoogleDrive-singhraj04.jan@gmail.com/My Drive/SAHARA/Datasets/FSD50K/FSD50K.eval_audio/182896.wav,glass_break,fsd50k,0.0,fsd50k:182896
/Users/rajsingh/Library/CloudStorage/GoogleDrive-singhraj04.jan@gmail.com/My Drive/SAHARA/Datasets/FSD50K/FSD50K.eval_audio/98055.wav,glass_break,fsd50k,0.0,fsd50k:98055
/Users/rajsingh/Library/CloudStorage/GoogleDrive-singhraj04.jan@gmail.com/My Drive/SAHARA/Datasets/FSD50K/FSD50K.eval_audio/98378.wav,glass_break,fsd50k,0.0,fsd50k:98378
/Users/rajsingh/Library/CloudStorage/GoogleDrive-singhraj04.jan@gmail.com/My Drive/SAHARA/Datasets/FSD50K/FSD50K.eval_audio/34202.wav,glass_break,fsd50k,0.0,fsd50k:34202
/Users/rajsingh/Library/CloudStorage/GoogleDrive-singhraj04.jan@gmail.com/My Drive/SAHARA/Datasets/FSD50K/FSD50K.eval_audio/77533.wav,glass_break,fsd50k,0.0,fsd50k:77533
/Users/rajsingh/Library/CloudStorage/GoogleDrive-singhraj04.jan@gmail.com/My Drive/SAHARA/Datasets/FSD50K/FSD50K.eval_audio/980.wav,glass_break,fsd50k,0.0,fsd50k:980
/Users/rajsingh/Library/CloudStorage/GoogleDrive-singhraj04.jan@gmail.com/My Drive/SAHARA/Datasets/FSD50K/FSD50K.eval_audio/77530.wav,glass_break,fsd50k,0.0,fsd50k:77530
/Users/rajsingh/Library/CloudStorage/GoogleDrive-singhraj04.jan@gmail.com/My Drive/SAHARA/Datasets/FSD50K/FSD50K.eval_audio/361341.wav,glass_break,fsd50k,0.0,fsd50k:361341
/Users/rajsingh/Library/CloudStorage/GoogleDrive-singhraj04.jan@gmail.com/My Drive/SAHARA/Datasets/FSD50K/FSD50K.eval_audio/106881.wav,glass_break,fsd50k,0.0,fsd50k:106881
/Users/rajsingh/Library/CloudStorage/GoogleDrive-singhraj04.jan@gmail.com/My Drive/SAHARA/Datasets/FSD50K/FSD50K.eval_audio/409297.wav,glass_break,fsd50k,0.0,fsd50k:409297
/Users/rajsingh/Library/CloudStorage/GoogleDrive-singhraj04.jan@gmail.com/My Drive/SAHARA/Datasets/FSD50K/FSD50K.eval_audio/385946.wav,appliance_beep,fsd50k,0.0,fsd50k:385946
/Users/rajsingh/Library/CloudStorage/GoogleDrive-singhraj04.jan@gmail.com/My Drive/SAHARA/Datasets/FSD50K/FSD50K.eval_audio/385946.wav,glass_break,fsd50k,0.0,fsd50k:385946
/Users/rajsingh/Library/CloudStorage/GoogleDrive-singhraj04.jan@gmail.com/My Drive/SAHARA/Datasets/FSD50K/FSD50K.eval_audio/404923.wav,glass_break,fsd50k,0.0,fsd50k:404923
/Users/rajsingh/Library/CloudStorage/GoogleDrive-singhraj04.jan@gmail.com/My Drive/SAHARA/Datasets/FSD50K/FSD50K.eval_audio/77531.wav,glass_break,fsd50k,0.0,fsd50k:77531
/Users/rajsingh/Library/CloudStorage/GoogleDrive-singhraj04.jan@gmail.com/My Drive/SAHARA/Datasets/FSD50K/FSD50K.eval_audio/37789.wav,glass_break,fsd50k,0.0,fsd50k:37789
/Users/rajsingh/Library/CloudStorage/GoogleDrive-singhraj04.jan@gmail.com/My Drive/SAHARA/Datasets/FSD50K/FSD50K.eval_audio/981.wav,glass_break,fsd50k,0.0,fsd50k:981
/Users/rajsingh/Library/CloudStorage/GoogleDrive-singhraj04.jan@gmail.com/My Drive/SAHARA/Datasets/FSD50K/FSD50K.eval_audio/209996.wav,glass_break,fsd50k,0.0,fsd50k:209996
/Users/rajsingh/Library/CloudStorage/GoogleDrive-singhraj04.jan@gmail.com/My Drive/SAHARA/Datasets/FSD50K/FSD50K.eval_audio/382732.wav,glass_break,fsd50k,0.0,fsd50k:382732
/Users/rajsingh/Library/CloudStorage/GoogleDrive-singhraj04.jan@gmail.com/My Drive/SAHARA/Datasets/FSD50K/FSD50K.eval_audio/366738.wav,glass_break,fsd50k,0.0,fsd50k:366738
/Users/rajsingh/Library/CloudStorage/GoogleDrive-singhraj04.jan@gmail.com/My Drive/SAHARA/Datasets/FSD50K/FSD50K.eval_audio/343391.wav,glass_break,fsd50k,0.0,fsd50k:343391
/Users/rajsingh/Library/CloudStorage/GoogleDrive-singhraj04.jan@gmail.com/My Drive/SAHARA/Datasets/FSD50K/FSD50K.eval_audio/977.wav,glass_break,fsd50k,0.0,fsd50k:977
/Users/rajsingh/Library/CloudStorage/GoogleDrive-singhraj04.jan@gmail.com/My Drive/SAHARA/Datasets/FSD50K/FSD50K.eval_audio/346173.wav,glass_break,fsd50k,0.0,fsd50k:346173
/Users/rajsingh/Library/CloudStorage/GoogleDrive-singhraj04.jan@gmail.com/My Drive/SAHARA/Datasets/FSD50K/FSD50K.eval_audio/352746.wav,glass_break,fsd50k,0.0,fsd50k:352746
/Users/rajsingh/Library/CloudStorage/GoogleDrive-singhraj04.jan@gmail.com/My Drive/SAHARA/Datasets/FSD50K/FSD50K.eval_audio/338694.wav,glass_break,fsd50k,0.0,fsd50k:338694
/Users/rajsingh/Library/CloudStorage/GoogleDrive-singhraj04.jan@gmail.com/My Drive/SAHARA/Datasets/FSD50K/FSD50K.eval_audio/367448.wav,glass_break,fsd50k,0.0,fsd50k:367448
/Users/rajsingh/Library/CloudStorage/GoogleDrive-singhraj04.jan@gmail.com/My Drive/SAHARA/Datasets/FSD50K/FSD50K.eval_audio/189575.wav,glass_break,fsd50k,0.0,fsd50k:189575
/Users/rajsingh/Library/CloudStorage/GoogleDrive-singhraj04.jan@gmail.com/My Drive/SAHARA/Datasets/FSD50K/FSD50K.eval_audio/77528.wav,glass_break,fsd50k,0.0,fsd50k:77528
/Users/rajsingh/Library/CloudStorage/GoogleDrive-singhraj04.jan@gmail.com/My Drive/SAHARA/Datasets/FSD50K/FSD50K.eval_audio/171994.wav,glass_break,fsd50k,0.0,fsd50k:171994
/Users/rajsingh/Library/CloudStorage/GoogleDrive-singhraj04.jan@gmail.com/My Drive/SAHARA/Datasets/FSD50K/FSD50K.eval_audio/427788.wav,glass_break,fsd50k,0.0,fsd50k:427788
/Users/rajsingh/Library/CloudStorage/GoogleDrive-singhraj04.jan@gmail.com/My Drive/SAHARA/Datasets/FSD50K/FSD50K.eval_audio/51734.wav,glass_break,fsd50k,0.0,fsd50k:51734
/Users/rajsingh/Library/CloudStorage/GoogleDrive-singhraj04.jan@gmail.com/My Drive/SAHARA/Datasets/FSD50K/FSD50K.eval_audio/422240.wav,glass_break,fsd50k,0.0,fsd50k:422240
/Users/rajsingh/Library/CloudStorage/GoogleDrive-singhraj04.jan@gmail.com/My Drive/SAHARA/Datasets/FSD50K/FSD50K.eval_audio/231297.wav,glass_break,fsd50k,0.0,fsd50k:231297
/Users/rajsingh/Library/CloudStorage/GoogleDrive-singhraj04.jan@gmail.com/My Drive/SAHARA/Datasets/FSD50K/FSD50K.eval_audio/369070.wav,glass_break,fsd50k,0.0,fsd50k:369070
/Users/rajsingh/Library/CloudStorage/GoogleDrive-singhraj04.jan@gmail.com/My Drive/SAHARA/Datasets/FSD50K/FSD50K.eval_audio/979.wav,glass_break,fsd50k,0.0,fsd50k:979
/Users/rajsingh/Library/CloudStorage/GoogleDrive-singhraj04.jan@gmail.com/My Drive/SAHARA/Datasets/FSD50K/FSD50K.eval_audio/391327.wav,glass_break,fsd50k,0.0,fsd50k:391327
/Users/rajsingh/Library/CloudStorage/GoogleDrive-singhraj04.jan@gmail.com/My Drive/SAHARA/Datasets/FSD50K/FSD50K.eval_audio/97669.wav,glass_break,fsd50k,0.0,fsd50k:97669
/Users/rajsingh/Library/CloudStorage/GoogleDrive-singhraj04.jan@gmail.com/My Drive/SAHARA/Datasets/FSD50K/FSD50K.eval_audio/197261.wav,glass_break,fsd50k,0.0,fsd50k:197261
/Users/rajsingh/Library/CloudStorage/GoogleDrive-singhraj04.jan@gmail.com/My Drive/SAHARA/Datasets/FSD50K/FSD50K.eval_audio/159462.wav,glass_break,fsd50k,0.0,fsd50k:159462
/Users/rajsingh/Library/CloudStorage/GoogleDrive-singhraj04.jan@gmail.com/My Drive/SAHARA/Datasets/FSD50K/FSD50K.eval_audio/141515.wav,glass_break,fsd50k,0.0,fsd50k:141515
/Users/rajsingh/Library/CloudStorage/GoogleDrive-singhraj04.jan@gmail.com/My Drive/SAHARA/Datasets/FSD50K/FSD50K.eval_audio/315646.wav,glass_break,fsd50k,0.0,fsd50k:315646
/Users/rajsingh/Library/CloudStorage/GoogleDrive-singhraj04.jan@gmail.com/My Drive/SAHARA/Datasets/FSD50K/FSD50K.eval_audio/407589.wav,glass_break,fsd50k,0.0,fsd50k:407589
/Users/rajsingh/Library/CloudStorage/GoogleDrive-singhraj04.jan@gmail.com/My Drive/SAHARA/Datasets/FSD50K/FSD50K.eval_audio/407431.wav,glass_break,fsd50k,0.0,fsd50k:407431
/Users/rajsingh/Library/CloudStorage/GoogleDrive-singhraj04.jan@gmail.com/My Drive/SAHARA/Datasets/FSD50K/FSD50K.eval_audio/99565.wav,appliance_beep,fsd50k,0.0,fsd50k:99565
/Users/rajsingh/Library/CloudStorage/GoogleDrive-singhraj04.jan@gmail.com/My Drive/SAHARA/Datasets/FSD50K/FSD50K.eval_audio/407349.wav,knocking,fsd50k,0.0,fsd50k:407349
/Users/rajsingh/Library/CloudStorage/GoogleDrive-singhraj04.jan@gmail.com/My Drive/SAHARA/Datasets/FSD50K/FSD50K.eval_audio/62335.wav,dog_bark,fsd50k,0.0,fsd50k:62335
/Users/rajsingh/Library/CloudStorage/GoogleDrive-singhraj04.jan@gmail.com/My Drive/SAHARA/Datasets/FSD50K/FSD50K.eval_audio/339988.wav,appliance_beep,fsd50k,0.0,fsd50k:339988
/Users/rajsingh/Library/CloudStorage/GoogleDrive-singhraj04.jan@gmail.com/My Drive/SAHARA/Datasets/FSD50K/FSD50K.eval_audio/31775.wav,appliance_beep,fsd50k,0.0,fsd50k:31775
/Users/rajsingh/Library/CloudStorage/GoogleDrive-singhraj04.jan@gmail.com/My Drive/SAHARA/Datasets/FSD50K/FSD50K.eval_audio/31775.wav,doorbell,fsd50k,0.0,fsd50k:31775
/Users/rajsingh/Library/CloudStorage/GoogleDrive-singhraj04.jan@gmail.com/My Drive/SAHARA/Datasets/FSD50K/FSD50K.eval_audio/32653.wav,appliance_beep,fsd50k,0.0,fsd50k:32653
/Users/rajsingh/Library/CloudStorage/GoogleDrive-singhraj04.jan@gmail.com/My Drive/SAHARA/Datasets/FSD50K/FSD50K.eval_audio/232784.wav,appliance_beep,fsd50k,0.0,fsd50k:232784
/Users/rajsingh/Library/CloudStorage/GoogleDrive-singhraj04.jan@gmail.com/My Drive/SAHARA/Datasets/FSD50K/FSD50K.eval_audio/85300.wav,appliance_beep,fsd50k,0.0,fsd50k:85300
/Users/rajsingh/Library/CloudStorage/GoogleDrive-singhraj04.jan@gmail.com/My Drive/SAHARA/Datasets/FSD50K/FSD50K.eval_audio/257430.wav,appliance_beep,fsd50k,0.0,fsd50k:257430
/Users/rajsingh/Library/CloudStorage/GoogleDrive-singhraj04.jan@gmail.com/My Drive/SAHARA/Datasets/FSD50K/FSD50K.eval_audio/110106.wav,appliance_beep,fsd50k,0.0,fsd50k:110106
/Users/rajsingh/Library/CloudStorage/GoogleDrive-singhraj04.jan@gmail.com/My Drive/SAHARA/Datasets/FSD50K/FSD50K.eval_audio/207135.wav,appliance_beep,fsd50k,0.0,fsd50k:207135
/Users/rajsingh/Library/CloudStorage/GoogleDrive-singhraj04.jan@gmail.com/My Drive/SAHARA/Datasets/FSD50K/FSD50K.eval_audio/222763.wav,glass_break,fsd50k,0.0,fsd50k:222763
/Users/rajsingh/Library/CloudStorage/GoogleDrive-singhraj04.jan@gmail.com/My Drive/SAHARA/Datasets/FSD50K/FSD50K.eval_audio/73373.wav,dog_bark,fsd50k,0.0,fsd50k:73373
/Users/rajsingh/Library/CloudStorage/GoogleDrive-singhraj04.jan@gmail.com/My Drive/SAHARA/Datasets/FSD50K/FSD50K.eval_audio/425904.wav,dog_bark,fsd50k,0.0,fsd50k:425904
/Users/rajsingh/Library/CloudStorage/GoogleDrive-singhraj04.jan@gmail.com/My Drive/SAHARA/Datasets/FSD50K/FSD50K.eval_audio/330956.wav,appliance_beep,fsd50k,0.0,fsd50k:330956
/Users/rajsingh/Library/CloudStorage/GoogleDrive-singhraj04.jan@gmail.com/My Drive/SAHARA/Datasets/FSD50K/FSD50K.eval_audio/115536.wav,dog_bark,fsd50k,0.0,fsd50k:115536
/Users/rajsingh/Library/CloudStorage/GoogleDrive-singhraj04.jan@gmail.com/My Drive/SAHARA/Datasets/FSD50K/FSD50K.eval_audio/315904.wav,appliance_beep,fsd50k,0.0,fsd50k:315904
/Users/rajsingh/Library/CloudStorage/GoogleDrive-singhraj04.jan@gmail.com/My Drive/SAHARA/Datasets/FSD50K/FSD50K.eval_audio/120832.wav,appliance_beep,fsd50k,0.0,fsd50k:120832
/Users/rajsingh/Library/CloudStorage/GoogleDrive-singhraj04.jan@gmail.com/My Drive/SAHARA/Datasets/FSD50K/FSD50K.eval_audio/180737.wav,appliance_beep,fsd50k,0.0,fsd50k:180737
/Users/rajsingh/Library/CloudStorage/GoogleDrive-singhraj04.jan@gmail.com/My Drive/SAHARA/Datasets/FSD50K/FSD50K.eval_audio/263680.wav,appliance_beep,fsd50k,0.0,fsd50k:263680
/Users/rajsingh/Library/CloudStorage/GoogleDrive-singhraj04.jan@gmail.com/My Drive/SAHARA/Datasets/FSD50K/FSD50K.eval_audio/137734.wav,appliance_beep,fsd50k,0.0,fsd50k:137734
/Users/rajsingh/Library/CloudStorage/GoogleDrive-singhraj04.jan@gmail.com/My Drive/SAHARA/Datasets/FSD50K/FSD50K.eval_audio/403981.wav,appliance_beep,fsd50k,0.0,fsd50k:403981
/Users/rajsingh/Library/CloudStorage/GoogleDrive-singhraj04.jan@gmail.com/My Drive/SAHARA/Datasets/FSD50K/FSD50K.eval_audio/403980.wav,appliance_beep,fsd50k,0.0,fsd50k:403980
/Users/rajsingh/Library/CloudStorage/GoogleDrive-singhraj04.jan@gmail.com/My Drive/SAHARA/Datasets/FSD50K/FSD50K.eval_audio/260627.wav,appliance_beep,fsd50k,0.0,fsd50k:260627
/Users/rajsingh/Library/CloudStorage/GoogleDrive-singhraj04.jan@gmail.com/My Drive/SAHARA/Datasets/FSD50K/FSD50K.eval_audio/86040.wav,appliance_beep,fsd50k,0.0,fsd50k:86040
/Users/rajsingh/Library/CloudStorage/GoogleDrive-singhraj04.jan@gmail.com/My Drive/SAHARA/Datasets/FSD50K/FSD50K.eval_audio/351257.wav,appliance_beep,fsd50k,0.0,fsd50k:351257
/Users/rajsingh/Library/CloudStorage/GoogleDrive-singhraj04.jan@gmail.com/My Drive/SAHARA/Datasets/FSD50K/FSD50K.eval_audio/233502.wav,appliance_beep,fsd50k,0.0,fsd50k:233502
/Users/rajsingh/Library/CloudStorage/GoogleDrive-singhraj04.jan@gmail.com/My Drive/SAHARA/Datasets/FSD50K/FSD50K.eval_audio/162851.wav,appliance_beep,fsd50k,0.0,fsd50k:162851
/Users/rajsingh/Library/CloudStorage/GoogleDrive-singhraj04.jan@gmail.com/My Drive/SAHARA/Datasets/FSD50K/FSD50K.eval_audio/76325.wav,appliance_beep,fsd50k,0.0,fsd50k:76325
/Users/rajsingh/Library/CloudStorage/GoogleDrive-singhraj04.jan@gmail.com/My Drive/SAHARA/Datasets/FSD50K/FSD50K.eval_audio/277032.wav,appliance_beep,fsd50k,0.0,fsd50k:277032
/Users/rajsingh/Library/CloudStorage/GoogleDrive-singhraj04.jan@gmail.com/My Drive/SAHARA/Datasets/FSD50K/FSD50K.eval_audio/277033.wav,appliance_beep,fsd50k,0.0,fsd50k:277033
/Users/rajsingh/Library/CloudStorage/GoogleDrive-singhraj04.jan@gmail.com/My Drive/SAHARA/Datasets/FSD50K/FSD50K.eval_audio/346108.wav,appliance_beep,fsd50k,0.0,fsd50k:346108
/Users/rajsingh/Library/CloudStorage/GoogleDrive-singhraj04.jan@gmail.com/My Drive/SAHARA/Datasets/FSD50K/FSD50K.eval_audio/209969.wav,appliance_beep,fsd50k,0.0,fsd50k:209969
/Users/rajsingh/Library/CloudStorage/GoogleDrive-singhraj04.jan@gmail.com/My Drive/SAHARA/Datasets/FSD50K/FSD50K.eval_audio/316977.wav,appliance_beep,fsd50k,0.0,fsd50k:316977
/Users/rajsingh/Library/CloudStorage/GoogleDrive-singhraj04.jan@gmail.com/My Drive/SAHARA/Datasets/FSD50K/FSD50K.eval_audio/376374.wav,appliance_beep,fsd50k,0.0,fsd50k:376374
/Users/rajsingh/Library/CloudStorage/GoogleDrive-singhraj04.jan@gmail.com/My Drive/SAHARA/Datasets/FSD50K/FSD50K.eval_audio/328758.wav,appliance_beep,fsd50k,0.0,fsd50k:328758
/Users/rajsingh/Library/CloudStorage/GoogleDrive-singhraj04.jan@gmail.com/My Drive/SAHARA/Datasets/FSD50K/FSD50K.eval_audio/209977.wav,appliance_beep,fsd50k,0.0,fsd50k:209977
/Users/rajsingh/Library/CloudStorage/GoogleDrive-singhraj04.jan@gmail.com/My Drive/SAHARA/Datasets/FSD50K/FSD50K.eval_audio/17468.wav,appliance_beep,fsd50k,0.0,fsd50k:17468
/Users/rajsingh/Library/CloudStorage/GoogleDrive-singhraj04.jan@gmail.com/My Drive/SAHARA/Datasets/FSD50K/FSD50K.eval_audio/405573.wav,appliance_beep,fsd50k,0.0,fsd50k:405573
/Users/rajsingh/Library/CloudStorage/GoogleDrive-singhraj04.jan@gmail.com/My Drive/SAHARA/Datasets/FSD50K/FSD50K.eval_audio/155717.wav,appliance_beep,fsd50k,0.0,fsd50k:155717
/Users/rajsingh/Library/CloudStorage/GoogleDrive-singhraj04.jan@gmail.com/My Drive/SAHARA/Datasets/FSD50K/FSD50K.eval_audio/64073.wav,appliance_beep,fsd50k,0.0,fsd50k:64073
/Users/rajsingh/Library/CloudStorage/GoogleDrive-singhraj04.jan@gmail.com/My Drive/SAHARA/Datasets/FSD50K/FSD50K.eval_audio/398415.wav,appliance_beep,fsd50k,0.0,fsd50k:398415
/Users/rajsingh/Library/CloudStorage/GoogleDrive-singhraj04.jan@gmail.com/My Drive/SAHARA/Datasets/FSD50K/FSD50K.eval_audio/405585.wav,siren,fsd50k,0.0,fsd50k:405585
/Users/rajsingh/Library/CloudStorage/GoogleDrive-singhraj04.jan@gmail.com/My Drive/SAHARA/Datasets/FSD50K/FSD50K.eval_audio/405585.wav,appliance_beep,fsd50k,0.0,fsd50k:405585
/Users/rajsingh/Library/CloudStorage/GoogleDrive-singhraj04.jan@gmail.com/My Drive/SAHARA/Datasets/FSD50K/FSD50K.eval_audio/210513.wav,appliance_beep,fsd50k,0.0,fsd50k:210513
/Users/rajsingh/Library/CloudStorage/GoogleDrive-singhraj04.jan@gmail.com/My Drive/SAHARA/Datasets/FSD50K/FSD50K.eval_audio/405590.wav,siren,fsd50k,0.0,fsd50k:405590
/Users/rajsingh/Library/CloudStorage/GoogleDrive-singhraj04.jan@gmail.com/My Drive/SAHARA/Datasets/FSD50K/FSD50K.eval_audio/405590.wav,appliance_beep,fsd50k,0.0,fsd50k:405590
/Users/rajsingh/Library/CloudStorage/GoogleDrive-singhraj04.jan@gmail.com/My Drive/SAHARA/Datasets/FSD50K/FSD50K.eval_audio/405592.wav,siren,fsd50k,0.0,fsd50k:405592
/Users/rajsingh/Library/CloudStorage/GoogleDrive-singhraj04.jan@gmail.com/My Drive/SAHARA/Datasets/FSD50K/FSD50K.eval_audio/405592.wav,appliance_beep,fsd50k,0.0,fsd50k:405592
/Users/rajsingh/Library/CloudStorage/GoogleDrive-singhraj04.jan@gmail.com/My Drive/SAHARA/Datasets/FSD50K/FSD50K.eval_audio/340061.wav,appliance_beep,fsd50k,0.0,fsd50k:340061
/Users/rajsingh/Library/CloudStorage/GoogleDrive-singhraj04.jan@gmail.com/My Drive/SAHARA/Datasets/FSD50K/FSD50K.eval_audio/376926.wav,appliance_beep,fsd50k,0.0,fsd50k:376926
/Users/rajsingh/Library/CloudStorage/GoogleDrive-singhraj04.jan@gmail.com/My Drive/SAHARA/Datasets/FSD50K/FSD50K.eval_audio/30303.wav,appliance_beep,fsd50k,0.0,fsd50k:30303
/Users/rajsingh/Library/CloudStorage/GoogleDrive-singhraj04.jan@gmail.com/My Drive/SAHARA/Datasets/FSD50K/FSD50K.eval_audio/369250.wav,appliance_beep,fsd50k,0.0,fsd50k:369250
/Users/rajsingh/Library/CloudStorage/GoogleDrive-singhraj04.jan@gmail.com/My Drive/SAHARA/Datasets/FSD50K/FSD50K.eval_audio/186474.wav,appliance_beep,fsd50k,0.0,fsd50k:186474
/Users/rajsingh/Library/CloudStorage/GoogleDrive-singhraj04.jan@gmail.com/My Drive/SAHARA/Datasets/FSD50K/FSD50K.eval_audio/219246.wav,appliance_beep,fsd50k,0.0,fsd50k:219246
/Users/rajsingh/Library/CloudStorage/GoogleDrive-singhraj04.jan@gmail.com/My Drive/SAHARA/Datasets/FSD50K/FSD50K.eval_audio/209523.wav,appliance_beep,fsd50k,0.0,fsd50k:209523
/Users/rajsingh/Library/CloudStorage/GoogleDrive-singhraj04.jan@gmail.com/My Drive/SAHARA/Datasets/FSD50K/FSD50K.eval_audio/181363.wav,appliance_beep,fsd50k,0.0,fsd50k:181363
/Users/rajsingh/Library/CloudStorage/GoogleDrive-singhraj04.jan@gmail.com/My Drive/SAHARA/Datasets/FSD50K/FSD50K.eval_audio/352374.wav,appliance_beep,fsd50k,0.0,fsd50k:352374
/Users/rajsingh/Library/CloudStorage/GoogleDrive-singhraj04.jan@gmail.com/My Drive/SAHARA/Datasets/FSD50K/FSD50K.eval_audio/403575.wav,appliance_beep,fsd50k,0.0,fsd50k:403575
/Users/rajsingh/Library/CloudStorage/GoogleDrive-singhraj04.jan@gmail.com/My Drive/SAHARA/Datasets/FSD50K/FSD50K.eval_audio/117883.wav,appliance_beep,fsd50k,0.0,fsd50k:117883
/Users/rajsingh/Library/CloudStorage/GoogleDrive-singhraj04.jan@gmail.com/My Drive/SAHARA/Datasets/FSD50K/FSD50K.eval_audio/182401.wav,appliance_beep,fsd50k,0.0,fsd50k:182401
/Users/rajsingh/Library/CloudStorage/GoogleDrive-singhraj04.jan@gmail.com/My Drive/SAHARA/Datasets/FSD50K/FSD50K.eval_audio/209536.wav,appliance_beep,fsd50k,0.0,fsd50k:209536
/Users/rajsingh/Library/CloudStorage/GoogleDrive-singhraj04.jan@gmail.com/My Drive/SAHARA/Datasets/FSD50K/FSD50K.eval_audio/408709.wav,appliance_beep,fsd50k,0.0,fsd50k:408709
/Users/rajsingh/Library/CloudStorage/GoogleDrive-singhraj04.jan@gmail.com/My Drive/SAHARA/Datasets/FSD50K/FSD50K.eval_audio/372871.wav,appliance_beep,fsd50k,0.0,fsd50k:372871
/Users/rajsingh/Library/CloudStorage/GoogleDrive-singhraj04.jan@gmail.com/My Drive/SAHARA/Datasets/FSD50K/FSD50K.eval_audio/234634.wav,appliance_beep,fsd50k,0.0,fsd50k:234634
/Users/rajsingh/Library/CloudStorage/GoogleDrive-singhraj04.jan@gmail.com/My Drive/SAHARA/Datasets/FSD50K/FSD50K.eval_audio/409230.wav,appliance_beep,fsd50k,0.0,fsd50k:409230
/Users/rajsingh/Library/CloudStorage/GoogleDrive-singhraj04.jan@gmail.com/My Drive/SAHARA/Datasets/FSD50K/FSD50K.eval_audio/408722.wav,appliance_beep,fsd50k,0.0,fsd50k:408722
/Users/rajsingh/Library/CloudStorage/GoogleDrive-singhraj04.jan@gmail.com/My Drive/SAHARA/Datasets/FSD50K/FSD50K.eval_audio/317075.wav,appliance_beep,fsd50k,0.0,fsd50k:317075
/Users/rajsingh/Library/CloudStorage/GoogleDrive-singhraj04.jan@gmail.com/My Drive/SAHARA/Datasets/FSD50K/FSD50K.eval_audio/191125.wav,appliance_beep,fsd50k,0.0,fsd50k:191125
/Users/rajsingh/Library/CloudStorage/GoogleDrive-singhraj04.jan@gmail.com/My Drive/SAHARA/Datasets/FSD50K/FSD50K.eval_audio/171674.wav,appliance_beep,fsd50k,0.0,fsd50k:171674
/Users/rajsingh/Library/CloudStorage/GoogleDrive-singhraj04.jan@gmail.com/My Drive/SAHARA/Datasets/FSD50K/FSD50K.eval_audio/105117.wav,appliance_beep,fsd50k,0.0,fsd50k:105117
/Users/rajsingh/Library/CloudStorage/GoogleDrive-singhraj04.jan@gmail.com/My Drive/SAHARA/Datasets/FSD50K/FSD50K.eval_audio/137886.wav,appliance_beep,fsd50k,0.0,fsd50k:137886
/Users/rajsingh/Library/CloudStorage/GoogleDrive-singhraj04.jan@gmail.com/My Drive/SAHARA/Datasets/FSD50K/FSD50K.eval_audio/109214.wav,appliance_beep,fsd50k,0.0,fsd50k:109214
/Users/rajsingh/Library/CloudStorage/GoogleDrive-singhraj04.jan@gmail.com/My Drive/SAHARA/Datasets/FSD50K/FSD50K.eval_audio/109216.wav,appliance_beep,fsd50k,0.0,fsd50k:109216
/Users/rajsingh/Library/CloudStorage/GoogleDrive-singhraj04.jan@gmail.com/My Drive/SAHARA/Datasets/FSD50K/FSD50K.eval_audio/109217.wav,appliance_beep,fsd50k,0.0,fsd50k:109217
/Users/rajsingh/Library/CloudStorage/GoogleDrive-singhraj04.jan@gmail.com/My Drive/SAHARA/Datasets/FSD50K/FSD50K.eval_audio/419491.wav,appliance_beep,fsd50k,0.0,fsd50k:419491
/Users/rajsingh/Library/CloudStorage/GoogleDrive-singhraj04.jan@gmail.com/My Drive/SAHARA/Datasets/FSD50K/FSD50K.eval_audio/34979.wav,appliance_beep,fsd50k,0.0,fsd50k:34979
/Users/rajsingh/Library/CloudStorage/GoogleDrive-singhraj04.jan@gmail.com/My Drive/SAHARA/Datasets/FSD50K/FSD50K.eval_audio/330400.wav,appliance_beep,fsd50k,0.0,fsd50k:330400
/Users/rajsingh/Library/CloudStorage/GoogleDrive-singhraj04.jan@gmail.com/My Drive/SAHARA/Datasets/FSD50K/FSD50K.eval_audio/330400.wav,doorbell,fsd50k,0.0,fsd50k:330400
/Users/rajsingh/Library/CloudStorage/GoogleDrive-singhraj04.jan@gmail.com/My Drive/SAHARA/Datasets/FSD50K/FSD50K.eval_audio/115869.wav,appliance_beep,fsd50k,0.0,fsd50k:115869
/Users/rajsingh/Library/CloudStorage/GoogleDrive-singhraj04.jan@gmail.com/My Drive/SAHARA/Datasets/FSD50K/FSD50K.eval_audio/264863.wav,appliance_beep,fsd50k,0.0,fsd50k:264863
/Users/rajsingh/Library/CloudStorage/GoogleDrive-singhraj04.jan@gmail.com/My Drive/SAHARA/Datasets/FSD50K/FSD50K.eval_audio/323238.wav,appliance_beep,fsd50k,0.0,fsd50k:323238
/Users/rajsingh/Library/CloudStorage/GoogleDrive-singhraj04.jan@gmail.com/My Drive/SAHARA/Datasets/FSD50K/FSD50K.eval_audio/196259.wav,appliance_beep,fsd50k,0.0,fsd50k:196259
/Users/rajsingh/Library/CloudStorage/GoogleDrive-singhraj04.jan@gmail.com/My Drive/SAHARA/Datasets/FSD50K/FSD50K.eval_audio/201899.wav,appliance_beep,fsd50k,0.0,fsd50k:201899
/Users/rajsingh/Library/CloudStorage/GoogleDrive-singhraj04.jan@gmail.com/My Drive/SAHARA/Datasets/FSD50K/FSD50K.eval_audio/47276.wav,appliance_beep,fsd50k,0.0,fsd50k:47276
/Users/rajsingh/Library/CloudStorage/GoogleDrive-singhraj04.jan@gmail.com/My Drive/SAHARA/Datasets/FSD50K/FSD50K.eval_audio/399536.wav,appliance_beep,fsd50k,0.0,fsd50k:399536
/Users/rajsingh/Library/CloudStorage/GoogleDrive-singhraj04.jan@gmail.com/My Drive/SAHARA/Datasets/FSD50K/FSD50K.eval_audio/245940.wav,appliance_beep,fsd50k,0.0,fsd50k:245940
/Users/rajsingh/Library/CloudStorage/GoogleDrive-singhraj04.jan@gmail.com/My Drive/SAHARA/Datasets/FSD50K/FSD50K.eval_audio/398004.wav,appliance_beep,fsd50k,0.0,fsd50k:398004
/Users/rajsingh/Library/CloudStorage/GoogleDrive-singhraj04.jan@gmail.com/My Drive/SAHARA/Datasets/FSD50K/FSD50K.eval_audio/58550.wav,appliance_beep,fsd50k,0.0,fsd50k:58550
/Users/rajsingh/Library/CloudStorage/GoogleDrive-singhraj04.jan@gmail.com/My Drive/SAHARA/Datasets/FSD50K/FSD50K.eval_audio/245943.wav,appliance_beep,fsd50k,0.0,fsd50k:245943
/Users/rajsingh/Library/CloudStorage/GoogleDrive-singhraj04.jan@gmail.com/My Drive/SAHARA/Datasets/FSD50K/FSD50K.eval_audio/234681.wav,appliance_beep,fsd50k,0.0,fsd50k:234681
/Users/rajsingh/Library/CloudStorage/GoogleDrive-singhraj04.jan@gmail.com/My Drive/SAHARA/Datasets/FSD50K/FSD50K.eval_audio/210612.wav,appliance_beep,fsd50k,0.0,fsd50k:210612
/Users/rajsingh/Library/CloudStorage/GoogleDrive-singhraj04.jan@gmail.com/My Drive/SAHARA/Datasets/FSD50K/FSD50K.eval_audio/198841.wav,appliance_beep,fsd50k,0.0,fsd50k:198841
/Users/rajsingh/Library/CloudStorage/GoogleDrive-singhraj04.jan@gmail.com/My Drive/SAHARA/Datasets/FSD50K/FSD50K.eval_audio/81085.wav,appliance_beep,fsd50k,0.0,fsd50k:81085
/Users/rajsingh/Library/CloudStorage/GoogleDrive-singhraj04.jan@gmail.com/My Drive/SAHARA/Datasets/FSD50K/FSD50K.eval_audio/81086.wav,appliance_beep,fsd50k,0.0,fsd50k:81086
/Users/rajsingh/Library/CloudStorage/GoogleDrive-singhraj04.jan@gmail.com/My Drive/SAHARA/Datasets/FSD50K/FSD50K.eval_audio/254146.wav,appliance_beep,fsd50k,0.0,fsd50k:254146
/Users/rajsingh/Library/CloudStorage/GoogleDrive-singhraj04.jan@gmail.com/My Drive/SAHARA/Datasets/FSD50K/FSD50K.eval_audio/125126.wav,appliance_beep,fsd50k,0.0,fsd50k:125126
/Users/rajsingh/Library/CloudStorage/GoogleDrive-singhraj04.jan@gmail.com/My Drive/SAHARA/Datasets/FSD50K/FSD50K.eval_audio/53448.wav,siren,fsd50k,0.0,fsd50k:53448
/Users/rajsingh/Library/CloudStorage/GoogleDrive-singhraj04.jan@gmail.com/My Drive/SAHARA/Datasets/FSD50K/FSD50K.eval_audio/53448.wav,appliance_beep,fsd50k,0.0,fsd50k:53448
/Users/rajsingh/Library/CloudStorage/GoogleDrive-singhraj04.jan@gmail.com/My Drive/SAHARA/Datasets/FSD50K/FSD50K.eval_audio/234697.wav,appliance_beep,fsd50k,0.0,fsd50k:234697
/Users/rajsingh/Library/CloudStorage/GoogleDrive-singhraj04.jan@gmail.com/My Drive/SAHARA/Datasets/FSD50K/FSD50K.eval_audio/349391.wav,appliance_beep,fsd50k,0.0,fsd50k:349391
/Users/rajsingh/Library/CloudStorage/GoogleDrive-singhraj04.jan@gmail.com/My Drive/SAHARA/Datasets/FSD50K/FSD50K.eval_audio/178898.wav,appliance_beep,fsd50k,0.0,fsd50k:178898
/Users/rajsingh/Library/CloudStorage/GoogleDrive-singhraj04.jan@gmail.com/My Drive/SAHARA/Datasets/FSD50K/FSD50K.eval_audio/88787.wav,appliance_beep,fsd50k,0.0,fsd50k:88787
/Users/rajsingh/Library/CloudStorage/GoogleDrive-singhraj04.jan@gmail.com/My Drive/SAHARA/Datasets/FSD50K/FSD50K.eval_audio/345815.wav,appliance_beep,fsd50k,0.0,fsd50k:345815
/Users/rajsingh/Library/CloudStorage/GoogleDrive-singhraj04.jan@gmail.com/My Drive/SAHARA/Datasets/FSD50K/FSD50K.eval_audio/388824.wav,appliance_beep,fsd50k,0.0,fsd50k:388824
/Users/rajsingh/Library/CloudStorage/GoogleDrive-singhraj04.jan@gmail.com/My Drive/SAHARA/Datasets/FSD50K/FSD50K.eval_audio/78562.wav,appliance_beep,fsd50k,0.0,fsd50k:78562
/Users/rajsingh/Library/CloudStorage/GoogleDrive-singhraj04.jan@gmail.com/My Drive/SAHARA/Datasets/FSD50K/FSD50K.eval_audio/119523.wav,appliance_beep,fsd50k,0.0,fsd50k:119523
/Users/rajsingh/Library/CloudStorage/GoogleDrive-singhraj04.jan@gmail.com/My Drive/SAHARA/Datasets/FSD50K/FSD50K.eval_audio/120557.wav,appliance_beep,fsd50k,0.0,fsd50k:120557
/Users/rajsingh/Library/CloudStorage/GoogleDrive-singhraj04.jan@gmail.com/My Drive/SAHARA/Datasets/FSD50K/FSD50K.eval_audio/14577.wav,appliance_beep,fsd50k,0.0,fsd50k:14577
/Users/rajsingh/Library/CloudStorage/GoogleDrive-singhraj04.jan@gmail.com/My Drive/SAHARA/Datasets/FSD50K/FSD50K.eval_audio/360692.wav,appliance_beep,fsd50k,0.0,fsd50k:360692
/Users/rajsingh/Library/CloudStorage/GoogleDrive-singhraj04.jan@gmail.com/My Drive/SAHARA/Datasets/FSD50K/FSD50K.eval_audio/274682.wav,appliance_beep,fsd50k,0.0,fsd50k:274682
/Users/rajsingh/Library/CloudStorage/GoogleDrive-singhraj04.jan@gmail.com/My Drive/SAHARA/Datasets/FSD50K/FSD50K.eval_audio/329978.wav,appliance_beep,fsd50k,0.0,fsd50k:329978
/Users/rajsingh/Library/CloudStorage/GoogleDrive-singhraj04.jan@gmail.com/My Drive/SAHARA/Datasets/FSD50K/FSD50K.eval_audio/245500.wav,appliance_beep,fsd50k,0.0,fsd50k:245500
/Users/rajsingh/Library/CloudStorage/GoogleDrive-singhraj04.jan@gmail.com/My Drive/SAHARA/Datasets/FSD50K/FSD50K.eval_audio/241921.wav,appliance_beep,fsd50k,0.0,fsd50k:241921
/Users/rajsingh/Library/CloudStorage/GoogleDrive-singhraj04.jan@gmail.com/My Drive/SAHARA/Datasets/FSD50K/FSD50K.eval_audio/236291.wav,appliance_beep,fsd50k,0.0,fsd50k:236291
/Users/rajsingh/Library/CloudStorage/GoogleDrive-singhraj04.jan@gmail.com/My Drive/SAHARA/Datasets/FSD50K/FSD50K.eval_audio/236291.wav,glass_break,fsd50k,0.0,fsd50k:236291
/Users/rajsingh/Library/CloudStorage/GoogleDrive-singhraj04.jan@gmail.com/My Drive/SAHARA/Datasets/FSD50K/FSD50K.eval_audio/81163.wav,appliance_beep,fsd50k,0.0,fsd50k:81163
/Users/rajsingh/Library/CloudStorage/GoogleDrive-singhraj04.jan@gmail.com/My Drive/SAHARA/Datasets/FSD50K/FSD50K.eval_audio/391436.wav,appliance_beep,fsd50k,0.0,fsd50k:391436
/Users/rajsingh/Library/CloudStorage/GoogleDrive-singhraj04.jan@gmail.com/My Drive/SAHARA/Datasets/FSD50K/FSD50K.eval_audio/117518.wav,appliance_beep,fsd50k,0.0,fsd50k:117518
/Users/rajsingh/Library/CloudStorage/GoogleDrive-singhraj04.jan@gmail.com/My Drive/SAHARA/Datasets/FSD50K/FSD50K.eval_audio/81166.wav,appliance_beep,fsd50k,0.0,fsd50k:81166
/Users/rajsingh/Library/CloudStorage/GoogleDrive-singhraj04.jan@gmail.com/My Drive/SAHARA/Datasets/FSD50K/FSD50K.eval_audio/419086.wav,appliance_beep,fsd50k,0.0,fsd50k:419086
/Users/rajsingh/Library/CloudStorage/GoogleDrive-singhraj04.jan@gmail.com/My Drive/SAHARA/Datasets/FSD50K/FSD50K.eval_audio/26385.wav,appliance_beep,fsd50k,0.0,fsd50k:26385
/Users/rajsingh/Library/CloudStorage/GoogleDrive-singhraj04.jan@gmail.com/My Drive/SAHARA/Datasets/FSD50K/FSD50K.eval_audio/232210.wav,appliance_beep,fsd50k,0.0,fsd50k:232210
/Users/rajsingh/Library/CloudStorage/GoogleDrive-singhraj04.jan@gmail.com/My Drive/SAHARA/Datasets/FSD50K/FSD50K.eval_audio/332563.wav,appliance_beep,fsd50k,0.0,fsd50k:332563
/Users/rajsingh/Library/CloudStorage/GoogleDrive-singhraj04.jan@gmail.com/My Drive/SAHARA/Datasets/FSD50K/FSD50K.eval_audio/332563.wav,doorbell,fsd50k,0.0,fsd50k:332563
/Users/rajsingh/Library/CloudStorage/GoogleDrive-singhraj04.jan@gmail.com/My Drive/SAHARA/Datasets/FSD50K/FSD50K.eval_audio/167194.wav,appliance_beep,fsd50k,0.0,fsd50k:167194
/Users/rajsingh/Library/CloudStorage/GoogleDrive-singhraj04.jan@gmail.com/My Drive/SAHARA/Datasets/FSD50K/FSD50K.eval_audio/81179.wav,appliance_beep,fsd50k,0.0,fsd50k:81179
/Users/rajsingh/Library/CloudStorage/GoogleDrive-singhraj04.jan@gmail.com/My Drive/SAHARA/Datasets/FSD50K/FSD50K.eval_audio/49310.wav,appliance_beep,fsd50k,0.0,fsd50k:49310
/Users/rajsingh/Library/CloudStorage/GoogleDrive-singhraj04.jan@gmail.com/My Drive/SAHARA/Datasets/FSD50K/FSD50K.eval_audio/54047.wav,appliance_beep,fsd50k,0.0,fsd50k:54047
/Users/rajsingh/Library/CloudStorage/GoogleDrive-singhraj04.jan@gmail.com/My Drive/SAHARA/Datasets/FSD50K/FSD50K.eval_audio/424739.wav,appliance_beep,fsd50k,0.0,fsd50k:424739
/Users/rajsingh/Library/CloudStorage/GoogleDrive-singhraj04.jan@gmail.com/My Drive/SAHARA/Datasets/FSD50K/FSD50K.eval_audio/321832.wav,appliance_beep,fsd50k,0.0,fsd50k:321832
/Users/rajsingh/Library/CloudStorage/GoogleDrive-singhraj04.jan@gmail.com/My Drive/SAHARA/Datasets/FSD50K/FSD50K.eval_audio/141308.wav,appliance_beep,fsd50k,0.0,fsd50k:141308
/Users/rajsingh/Library/CloudStorage/GoogleDrive-singhraj04.jan@gmail.com/My Drive/SAHARA/Datasets/FSD50K/FSD50K.eval_audio/202029.wav,appliance_beep,fsd50k,0.0,fsd50k:202029
/Users/rajsingh/Library/CloudStorage/GoogleDrive-singhraj04.jan@gmail.com/My Drive/SAHARA/Datasets/FSD50K/FSD50K.eval_audio/117041.wav,appliance_beep,fsd50k,0.0,fsd50k:117041
/Users/rajsingh/Library/CloudStorage/GoogleDrive-singhraj04.jan@gmail.com/My Drive/SAHARA/Datasets/FSD50K/FSD50K.eval_audio/423217.wav,appliance_beep,fsd50k,0.0,fsd50k:423217
/Users/rajsingh/Library/CloudStorage/GoogleDrive-singhraj04.jan@gmail.com/My Drive/SAHARA/Datasets/FSD50K/FSD50K.eval_audio/82227.wav,appliance_beep,fsd50k,0.0,fsd50k:82227
/Users/rajsingh/Library/CloudStorage/GoogleDrive-singhraj04.jan@gmail.com/My Drive/SAHARA/Datasets/FSD50K/FSD50K.eval_audio/390964.wav,appliance_beep,fsd50k,0.0,fsd50k:390964
/Users/rajsingh/Library/CloudStorage/GoogleDrive-singhraj04.jan@gmail.com/My Drive/SAHARA/Datasets/FSD50K/FSD50K.eval_audio/82228.wav,appliance_beep,fsd50k,0.0,fsd50k:82228
/Users/rajsingh/Library/CloudStorage/GoogleDrive-singhraj04.jan@gmail.com/My Drive/SAHARA/Datasets/FSD50K/FSD50K.eval_audio/22847.wav,appliance_beep,fsd50k,0.0,fsd50k:22847
/Users/rajsingh/Library/CloudStorage/GoogleDrive-singhraj04.jan@gmail.com/My Drive/SAHARA/Datasets/FSD50K/FSD50K.eval_audio/367437.wav,appliance_beep,fsd50k,0.0,fsd50k:367437
/Users/rajsingh/Library/CloudStorage/GoogleDrive-singhraj04.jan@gmail.com/My Drive/SAHARA/Datasets/FSD50K/FSD50K.eval_audio/380753.wav,appliance_beep,fsd50k,0.0,fsd50k:380753
/Users/rajsingh/Library/CloudStorage/GoogleDrive-singhraj04.jan@gmail.com/My Drive/SAHARA/Datasets/FSD50K/FSD50K.eval_audio/337754.wav,appliance_beep,fsd50k,0.0,fsd50k:337754
/Users/rajsingh/Library/CloudStorage/GoogleDrive-singhraj04.jan@gmail.com/My Drive/SAHARA/Datasets/FSD50K/FSD50K.eval_audio/333659.wav,appliance_beep,fsd50k,0.0,fsd50k:333659
/Users/rajsingh/Library/CloudStorage/GoogleDrive-singhraj04.jan@gmail.com/My Drive/SAHARA/Datasets/FSD50K/FSD50K.eval_audio/181597.wav,appliance_beep,fsd50k,0.0,fsd50k:181597
/Users/rajsingh/Library/CloudStorage/GoogleDrive-singhraj04.jan@gmail.com/My Drive/SAHARA/Datasets/FSD50K/FSD50K.eval_audio/328541.wav,appliance_beep,fsd50k,0.0,fsd50k:328541
/Users/rajsingh/Library/CloudStorage/GoogleDrive-singhraj04.jan@gmail.com/My Drive/SAHARA/Datasets/FSD50K/FSD50K.eval_audio/104803.wav,appliance_beep,fsd50k,0.0,fsd50k:104803
/Users/rajsingh/Library/CloudStorage/GoogleDrive-singhraj04.jan@gmail.com/My Drive/SAHARA/Datasets/FSD50K/FSD50K.eval_audio/366440.wav,appliance_beep,fsd50k,0.0,fsd50k:366440
/Users/rajsingh/Library/CloudStorage/GoogleDrive-singhraj04.jan@gmail.com/My Drive/SAHARA/Datasets/FSD50K/FSD50K.eval_audio/395629.wav,appliance_beep,fsd50k,0.0,fsd50k:395629
/Users/rajsingh/Library/CloudStorage/GoogleDrive-singhraj04.jan@gmail.com/My Drive/SAHARA/Datasets/FSD50K/FSD50K.eval_audio/72558.wav,appliance_beep,fsd50k,0.0,fsd50k:72558
/Users/rajsingh/Library/CloudStorage/GoogleDrive-singhraj04.jan@gmail.com/My Drive/SAHARA/Datasets/FSD50K/FSD50K.eval_audio/127857.wav,appliance_beep,fsd50k,0.0,fsd50k:127857
/Users/rajsingh/Library/CloudStorage/GoogleDrive-singhraj04.jan@gmail.com/My Drive/SAHARA/Datasets/FSD50K/FSD50K.eval_audio/361333.wav,siren,fsd50k,0.0,fsd50k:361333
/Users/rajsingh/Library/CloudStorage/GoogleDrive-singhraj04.jan@gmail.com/My Drive/SAHARA/Datasets/FSD50K/FSD50K.eval_audio/361333.wav,appliance_beep,fsd50k,0.0,fsd50k:361333
/Users/rajsingh/Library/CloudStorage/GoogleDrive-singhraj04.jan@gmail.com/My Drive/SAHARA/Datasets/FSD50K/FSD50K.eval_audio/168825.wav,appliance_beep,fsd50k,0.0,fsd50k:168825
/Users/rajsingh/Library/CloudStorage/GoogleDrive-singhraj04.jan@gmail.com/My Drive/SAHARA/Datasets/FSD50K/FSD50K.eval_audio/88445.wav,appliance_beep,fsd50k,0.0,fsd50k:88445
/Users/rajsingh/Library/CloudStorage/GoogleDrive-singhraj04.jan@gmail.com/My Drive/SAHARA/Datasets/FSD50K/FSD50K.eval_audio/430983.wav,appliance_beep,fsd50k,0.0,fsd50k:430983
/Users/rajsingh/Library/CloudStorage/GoogleDrive-singhraj04.jan@gmail.com/My Drive/SAHARA/Datasets/FSD50K/FSD50K.eval_audio/117126.wav,appliance_beep,fsd50k,0.0,fsd50k:117126
/Users/rajsingh/Library/CloudStorage/GoogleDrive-singhraj04.jan@gmail.com/My Drive/SAHARA/Datasets/FSD50K/FSD50K.eval_audio/68999.wav,appliance_beep,fsd50k,0.0,fsd50k:68999
/Users/rajsingh/Library/CloudStorage/GoogleDrive-singhraj04.jan@gmail.com/My Drive/SAHARA/Datasets/FSD50K/FSD50K.eval_audio/157580.wav,appliance_beep,fsd50k,0.0,fsd50k:157580
/Users/rajsingh/Library/CloudStorage/GoogleDrive-singhraj04.jan@gmail.com/My Drive/SAHARA/Datasets/FSD50K/FSD50K.eval_audio/19853.wav,appliance_beep,fsd50k,0.0,fsd50k:19853
/Users/rajsingh/Library/CloudStorage/GoogleDrive-singhraj04.jan@gmail.com/My Drive/SAHARA/Datasets/FSD50K/FSD50K.eval_audio/189327.wav,appliance_beep,fsd50k,0.0,fsd50k:189327
/Users/rajsingh/Library/CloudStorage/GoogleDrive-singhraj04.jan@gmail.com/My Drive/SAHARA/Datasets/FSD50K/FSD50K.eval_audio/189332.wav,appliance_beep,fsd50k,0.0,fsd50k:189332
/Users/rajsingh/Library/CloudStorage/GoogleDrive-singhraj04.jan@gmail.com/My Drive/SAHARA/Datasets/FSD50K/FSD50K.eval_audio/411030.wav,appliance_beep,fsd50k,0.0,fsd50k:411030
/Users/rajsingh/Library/CloudStorage/GoogleDrive-singhraj04.jan@gmail.com/My Drive/SAHARA/Datasets/FSD50K/FSD50K.eval_audio/91557.wav,appliance_beep,fsd50k,0.0,fsd50k:91557
/Users/rajsingh/Library/CloudStorage/GoogleDrive-singhraj04.jan@gmail.com/My Drive/SAHARA/Datasets/FSD50K/FSD50K.eval_audio/434085.wav,appliance_beep,fsd50k,0.0,fsd50k:434085
/Users/rajsingh/Library/CloudStorage/GoogleDrive-singhraj04.jan@gmail.com/My Drive/SAHARA/Datasets/FSD50K/FSD50K.eval_audio/120229.wav,appliance_beep,fsd50k,0.0,fsd50k:120229
/Users/rajsingh/Library/CloudStorage/GoogleDrive-singhraj04.jan@gmail.com/My Drive/SAHARA/Datasets/FSD50K/FSD50K.eval_audio/362918.wav,appliance_beep,fsd50k,0.0,fsd50k:362918
/Users/rajsingh/Library/CloudStorage/GoogleDrive-singhraj04.jan@gmail.com/My Drive/SAHARA/Datasets/FSD50K/FSD50K.eval_audio/109483.wav,appliance_beep,fsd50k,0.0,fsd50k:109483
/Users/rajsingh/Library/CloudStorage/GoogleDrive-singhraj04.jan@gmail.com/My Drive/SAHARA/Datasets/FSD50K/FSD50K.eval_audio/137134.wav,appliance_beep,fsd50k,0.0,fsd50k:137134
/Users/rajsingh/Library/CloudStorage/GoogleDrive-singhraj04.jan@gmail.com/My Drive/SAHARA/Datasets/FSD50K/FSD50K.eval_audio/22457.wav,appliance_beep,fsd50k,0.0,fsd50k:22457
/Users/rajsingh/Library/CloudStorage/GoogleDrive-singhraj04.jan@gmail.com/My Drive/SAHARA/Datasets/FSD50K/FSD50K.eval_audio/210363.wav,appliance_beep,fsd50k,0.0,fsd50k:210363
/Users/rajsingh/Library/CloudStorage/GoogleDrive-singhraj04.jan@gmail.com/My Drive/SAHARA/Datasets/FSD50K/FSD50K.eval_audio/156100.wav,appliance_beep,fsd50k,0.0,fsd50k:156100
/Users/rajsingh/Library/CloudStorage/GoogleDrive-singhraj04.jan@gmail.com/My Drive/SAHARA/Datasets/FSD50K/FSD50K.eval_audio/19911.wav,appliance_beep,fsd50k,0.0,fsd50k:19911
/Users/rajsingh/Library/CloudStorage/GoogleDrive-singhraj04.jan@gmail.com/My Drive/SAHARA/Datasets/FSD50K/FSD50K.eval_audio/57806.wav,appliance_beep,fsd50k,0.0,fsd50k:57806
/Users/rajsingh/Library/CloudStorage/GoogleDrive-singhraj04.jan@gmail.com/My Drive/SAHARA/Datasets/FSD50K/FSD50K.eval_audio/57809.wav,appliance_beep,fsd50k,0.0,fsd50k:57809
/Users/rajsingh/Library/CloudStorage/GoogleDrive-singhraj04.jan@gmail.com/My Drive/SAHARA/Datasets/FSD50K/FSD50K.eval_audio/259537.wav,appliance_beep,fsd50k,0.0,fsd50k:259537
/Users/rajsingh/Library/CloudStorage/GoogleDrive-singhraj04.jan@gmail.com/My Drive/SAHARA/Datasets/FSD50K/FSD50K.eval_audio/58325.wav,appliance_beep,fsd50k,0.0,fsd50k:58325
/Users/rajsingh/Library/CloudStorage/GoogleDrive-singhraj04.jan@gmail.com/My Drive/SAHARA/Datasets/FSD50K/FSD50K.eval_audio/123349.wav,appliance_beep,fsd50k,0.0,fsd50k:123349
/Users/rajsingh/Library/CloudStorage/GoogleDrive-singhraj04.jan@gmail.com/My Drive/SAHARA/Datasets/FSD50K/FSD50K.eval_audio/413657.wav,appliance_beep,fsd50k,0.0,fsd50k:413657
/Users/rajsingh/Library/CloudStorage/GoogleDrive-singhraj04.jan@gmail.com/My Drive/SAHARA/Datasets/FSD50K/FSD50K.eval_audio/118234.wav,appliance_beep,fsd50k,0.0,fsd50k:118234
/Users/rajsingh/Library/CloudStorage/GoogleDrive-singhraj04.jan@gmail.com/My Drive/SAHARA/Datasets/FSD50K/FSD50K.eval_audio/238561.wav,appliance_beep,fsd50k,0.0,fsd50k:238561
/Users/rajsingh/Library/CloudStorage/GoogleDrive-singhraj04.jan@gmail.com/My Drive/SAHARA/Datasets/FSD50K/FSD50K.eval_audio/238562.wav,appliance_beep,fsd50k,0.0,fsd50k:238562
/Users/rajsingh/Library/CloudStorage/GoogleDrive-singhraj04.jan@gmail.com/My Drive/SAHARA/Datasets/FSD50K/FSD50K.eval_audio/131560.wav,appliance_beep,fsd50k,0.0,fsd50k:131560
/Users/rajsingh/Library/CloudStorage/GoogleDrive-singhraj04.jan@gmail.com/My Drive/SAHARA/Datasets/FSD50K/FSD50K.eval_audio/131560.wav,doorbell,fsd50k,0.0,fsd50k:131560
/Users/rajsingh/Library/CloudStorage/GoogleDrive-singhraj04.jan@gmail.com/My Drive/SAHARA/Datasets/FSD50K/FSD50K.eval_audio/371177.wav,appliance_beep,fsd50k,0.0,fsd50k:371177
/Users/rajsingh/Library/CloudStorage/GoogleDrive-singhraj04.jan@gmail.com/My Drive/SAHARA/Datasets/FSD50K/FSD50K.eval_audio/257001.wav,appliance_beep,fsd50k,0.0,fsd50k:257001
/Users/rajsingh/Library/CloudStorage/GoogleDrive-singhraj04.jan@gmail.com/My Drive/SAHARA/Datasets/FSD50K/FSD50K.eval_audio/108011.wav,appliance_beep,fsd50k,0.0,fsd50k:108011
/Users/rajsingh/Library/CloudStorage/GoogleDrive-singhraj04.jan@gmail.com/My Drive/SAHARA/Datasets/FSD50K/FSD50K.eval_audio/249835.wav,appliance_beep,fsd50k,0.0,fsd50k:249835
/Users/rajsingh/Library/CloudStorage/GoogleDrive-singhraj04.jan@gmail.com/My Drive/SAHARA/Datasets/FSD50K/FSD50K.eval_audio/257002.wav,appliance_beep,fsd50k,0.0,fsd50k:257002
/Users/rajsingh/Library/CloudStorage/GoogleDrive-singhraj04.jan@gmail.com/My Drive/SAHARA/Datasets/FSD50K/FSD50K.eval_audio/101354.wav,appliance_beep,fsd50k,0.0,fsd50k:101354
/Users/rajsingh/Library/CloudStorage/GoogleDrive-singhraj04.jan@gmail.com/My Drive/SAHARA/Datasets/FSD50K/FSD50K.eval_audio/175081.wav,appliance_beep,fsd50k,0.0,fsd50k:175081
/Users/rajsingh/Library/CloudStorage/GoogleDrive-singhraj04.jan@gmail.com/My Drive/SAHARA/Datasets/FSD50K/FSD50K.eval_audio/101355.wav,appliance_beep,fsd50k,0.0,fsd50k:101355
/Users/rajsingh/Library/CloudStorage/GoogleDrive-singhraj04.jan@gmail.com/My Drive/SAHARA/Datasets/FSD50K/FSD50K.eval_audio/345068.wav,appliance_beep,fsd50k,0.0,fsd50k:345068
/Users/rajsingh/Library/CloudStorage/GoogleDrive-singhraj04.jan@gmail.com/My Drive/SAHARA/Datasets/FSD50K/FSD50K.eval_audio/144883.wav,appliance_beep,fsd50k,0.0,fsd50k:144883
/Users/rajsingh/Library/CloudStorage/GoogleDrive-singhraj04.jan@gmail.com/My Drive/SAHARA/Datasets/FSD50K/FSD50K.eval_audio/394221.wav,appliance_beep,fsd50k,0.0,fsd50k:394221
/Users/rajsingh/Library/CloudStorage/GoogleDrive-singhraj04.jan@gmail.com/My Drive/SAHARA/Datasets/FSD50K/FSD50K.eval_audio/380398.wav,appliance_beep,fsd50k,0.0,fsd50k:380398
/Users/rajsingh/Library/CloudStorage/GoogleDrive-singhraj04.jan@gmail.com/My Drive/SAHARA/Datasets/FSD50K/FSD50K.eval_audio/326645.wav,appliance_beep,fsd50k,0.0,fsd50k:326645
/Users/rajsingh/Library/CloudStorage/GoogleDrive-singhraj04.jan@gmail.com/My Drive/SAHARA/Datasets/FSD50K/FSD50K.eval_audio/155639.wav,appliance_beep,fsd50k,0.0,fsd50k:155639
/Users/rajsingh/Library/CloudStorage/GoogleDrive-singhraj04.jan@gmail.com/My Drive/SAHARA/Datasets/FSD50K/FSD50K.eval_audio/141309.wav,appliance_beep,fsd50k,0.0,fsd50k:141309
/Users/rajsingh/Library/CloudStorage/GoogleDrive-singhraj04.jan@gmail.com/My Drive/SAHARA/Datasets/FSD50K/FSD50K.eval_audio/207871.wav,appliance_beep,fsd50k,0.0,fsd50k:207871
/Users/rajsingh/Library/CloudStorage/GoogleDrive-singhraj04.jan@gmail.com/My Drive/SAHARA/Datasets/FSD50K/FSD50K.eval_audio/347143.wav,glass_break,fsd50k,0.0,fsd50k:347143
/Users/rajsingh/Library/CloudStorage/GoogleDrive-singhraj04.jan@gmail.com/My Drive/SAHARA/Datasets/FSD50K/FSD50K.eval_audio/26217.wav,siren,fsd50k,0.0,fsd50k:26217
/Users/rajsingh/Library/CloudStorage/GoogleDrive-singhraj04.jan@gmail.com/My Drive/SAHARA/Datasets/FSD50K/FSD50K.eval_audio/26217.wav,appliance_beep,fsd50k,0.0,fsd50k:26217
/Users/rajsingh/Library/CloudStorage/GoogleDrive-singhraj04.jan@gmail.com/My Drive/SAHARA/Datasets/FSD50K/FSD50K.eval_audio/71104.wav,appliance_beep,fsd50k,0.0,fsd50k:71104
/Users/rajsingh/Library/CloudStorage/GoogleDrive-singhraj04.jan@gmail.com/My Drive/SAHARA/Datasets/FSD50K/FSD50K.eval_audio/398885.wav,dog_bark,fsd50k,0.0,fsd50k:398885
/Users/rajsingh/Library/CloudStorage/GoogleDrive-singhraj04.jan@gmail.com/My Drive/SAHARA/Datasets/FSD50K/FSD50K.eval_audio/413758.wav,dog_bark,fsd50k,0.0,fsd50k:413758
/Users/rajsingh/Library/CloudStorage/GoogleDrive-singhraj04.jan@gmail.com/My Drive/SAHARA/Datasets/FSD50K/FSD50K.eval_audio/189755.wav,appliance_beep,fsd50k,0.0,fsd50k:189755
/Users/rajsingh/Library/CloudStorage/GoogleDrive-singhraj04.jan@gmail.com/My Drive/SAHARA/Datasets/FSD50K/FSD50K.eval_audio/171511.wav,appliance_beep,fsd50k,0.0,fsd50k:171511
/Users/rajsingh/Library/CloudStorage/GoogleDrive-singhraj04.jan@gmail.com/My Drive/SAHARA/Datasets/FSD50K/FSD50K.eval_audio/414063.wav,appliance_beep,fsd50k,0.0,fsd50k:414063
/Users/rajsingh/Library/CloudStorage/GoogleDrive-singhraj04.jan@gmail.com/My Drive/SAHARA/Datasets/FSD50K/FSD50K.eval_audio/263078.wav,appliance_beep,fsd50k,0.0,fsd50k:263078
/Users/rajsingh/Library/CloudStorage/GoogleDrive-singhraj04.jan@gmail.com/My Drive/SAHARA/Datasets/FSD50K/FSD50K.eval_audio/263078.wav,doorbell,fsd50k,0.0,fsd50k:263078
/Users/rajsingh/Library/CloudStorage/GoogleDrive-singhraj04.jan@gmail.com/My Drive/SAHARA/Datasets/FSD50K/FSD50K.eval_audio/367744.wav,appliance_beep,fsd50k,0.0,fsd50k:367744
/Users/rajsingh/Library/CloudStorage/GoogleDrive-singhraj04.jan@gmail.com/My Drive/SAHARA/Datasets/FSD50K/FSD50K.eval_audio/334982.wav,appliance_beep,fsd50k,0.0,fsd50k:334982
/Users/rajsingh/Library/CloudStorage/GoogleDrive-singhraj04.jan@gmail.com/My Drive/SAHARA/Datasets/FSD50K/FSD50K.eval_audio/31490.wav,appliance_beep,fsd50k,0.0,fsd50k:31490
/Users/rajsingh/Library/CloudStorage/GoogleDrive-singhraj04.jan@gmail.com/My Drive/SAHARA/Datasets/FSD50K/FSD50K.eval_audio/275353.wav,appliance_beep,fsd50k,0.0,fsd50k:275353
/Users/rajsingh/Library/CloudStorage/GoogleDrive-singhraj04.jan@gmail.com/My Drive/SAHARA/Datasets/FSD50K/FSD50K.eval_audio/275353.wav,dog_bark,fsd50k,0.0,fsd50k:275353
/Users/rajsingh/Library/CloudStorage/GoogleDrive-singhraj04.jan@gmail.com/My Drive/SAHARA/Datasets/FSD50K/FSD50K.eval_audio/403213.wav,appliance_beep,fsd50k,0.0,fsd50k:403213
/Users/rajsingh/Library/CloudStorage/GoogleDrive-singhraj04.jan@gmail.com/My Drive/SAHARA/Datasets/FSD50K/FSD50K.eval_audio/403213.wav,doorbell,fsd50k,0.0,fsd50k:403213
/Users/rajsingh/Library/CloudStorage/GoogleDrive-singhraj04.jan@gmail.com/My Drive/SAHARA/Datasets/FSD50K/FSD50K.eval_audio/159568.wav,dog_bark,fsd50k,0.0,fsd50k:159568
/Users/rajsingh/Library/CloudStorage/GoogleDrive-singhraj04.jan@gmail.com/My Drive/SAHARA/Datasets/FSD50K/FSD50K.eval_audio/359120.wav,dog_bark,fsd50k,0.0,fsd50k:359120
/Users/rajsingh/Library/CloudStorage/GoogleDrive-singhraj04.jan@gmail.com/My Drive/SAHARA/Datasets/FSD50K/FSD50K.eval_audio/321594.wav,dog_bark,fsd50k,0.0,fsd50k:321594
/Users/rajsingh/Library/CloudStorage/GoogleDrive-singhraj04.jan@gmail.com/My Drive/SAHARA/Datasets/FSD50K/FSD50K.eval_audio/417998.wav,glass_break,fsd50k,0.0,fsd50k:417998
/Users/rajsingh/Library/CloudStorage/GoogleDrive-singhraj04.jan@gmail.com/My Drive/SAHARA/Datasets/FSD50K/FSD50K.eval_audio/424740.wav,dog_bark,fsd50k,0.0,fsd50k:424740
/Users/rajsingh/Library/CloudStorage/GoogleDrive-singhraj04.jan@gmail.com/My Drive/SAHARA/Datasets/FSD50K/FSD50K.eval_audio/424740.wav,glass_break,fsd50k,0.0,fsd50k:424740
/Users/rajsingh/Library/CloudStorage/GoogleDrive-singhraj04.jan@gmail.com/My Drive/SAHARA/Datasets/FSD50K/FSD50K.eval_audio/119634.wav,siren,fsd50k,0.0,fsd50k:119634
/Users/rajsingh/Library/CloudStorage/GoogleDrive-singhraj04.jan@gmail.com/My Drive/SAHARA/Datasets/FSD50K/FSD50K.eval_audio/119634.wav,appliance_beep,fsd50k,0.0,fsd50k:119634
/Users/rajsingh/Library/CloudStorage/GoogleDrive-singhraj04.jan@gmail.com/My Drive/SAHARA/Datasets/FSD50K/FSD50K.eval_audio/122814.wav,glass_break,fsd50k,0.0,fsd50k:122814
/Users/rajsingh/Library/CloudStorage/GoogleDrive-singhraj04.jan@gmail.com/My Drive/SAHARA/Datasets/FSD50K/FSD50K.eval_audio/102547.wav,dog_bark,fsd50k,0.0,fsd50k:102547
/Users/rajsingh/Library/CloudStorage/GoogleDrive-singhraj04.jan@gmail.com/My Drive/SAHARA/Datasets/FSD50K/FSD50K.eval_audio/260776.wav,dog_bark,fsd50k,0.0,fsd50k:260776
/Users/rajsingh/Library/CloudStorage/GoogleDrive-singhraj04.jan@gmail.com/My Drive/SAHARA/Datasets/FSD50K/FSD50K.eval_audio/31840.wav,dog_bark,fsd50k,0.0,fsd50k:31840
/Users/rajsingh/Library/CloudStorage/GoogleDrive-singhraj04.jan@gmail.com/My Drive/SAHARA/Datasets/FSD50K/FSD50K.eval_audio/364993.wav,dog_bark,fsd50k,0.0,fsd50k:364993
/Users/rajsingh/Library/CloudStorage/GoogleDrive-singhraj04.jan@gmail.com/My Drive/SAHARA/Datasets/FSD50K/FSD50K.eval_audio/55005.wav,dog_bark,fsd50k,0.0,fsd50k:55005
/Users/rajsingh/Library/CloudStorage/GoogleDrive-singhraj04.jan@gmail.com/My Drive/SAHARA/Datasets/FSD50K/FSD50K.eval_audio/74723.wav,dog_bark,fsd50k,0.0,fsd50k:74723
/Users/rajsingh/Library/CloudStorage/GoogleDrive-singhraj04.jan@gmail.com/My Drive/SAHARA/Datasets/FSD50K/FSD50K.eval_audio/113785.wav,dog_bark,fsd50k,0.0,fsd50k:113785
/Users/rajsingh/Library/CloudStorage/GoogleDrive-singhraj04.jan@gmail.com/My Drive/SAHARA/Datasets/FSD50K/FSD50K.eval_audio/197988.wav,dog_bark,fsd50k,0.0,fsd50k:197988
/Users/rajsingh/Library/CloudStorage/GoogleDrive-singhraj04.jan@gmail.com/My Drive/SAHARA/Datasets/FSD50K/FSD50K.eval_audio/110389.wav,dog_bark,fsd50k,0.0,fsd50k:110389
/Users/rajsingh/Library/CloudStorage/GoogleDrive-singhraj04.jan@gmail.com/My Drive/SAHARA/Datasets/FSD50K/FSD50K.eval_audio/434049.wav,dog_bark,fsd50k,0.0,fsd50k:434049
/Users/rajsingh/Library/CloudStorage/GoogleDrive-singhraj04.jan@gmail.com/My Drive/SAHARA/Datasets/FSD50K/FSD50K.eval_audio/115535.wav,dog_bark,fsd50k,0.0,fsd50k:115535
/Users/rajsingh/Library/CloudStorage/GoogleDrive-singhraj04.jan@gmail.com/My Drive/SAHARA/Datasets/FSD50K/FSD50K.eval_audio/89213.wav,dog_bark,fsd50k,0.0,fsd50k:89213
/Users/rajsingh/Library/CloudStorage/GoogleDrive-singhraj04.jan@gmail.com/My Drive/SAHARA/Datasets/FSD50K/FSD50K.eval_audio/98843.wav,dog_bark,fsd50k,0.0,fsd50k:98843
/Users/rajsingh/Library/CloudStorage/GoogleDrive-singhraj04.jan@gmail.com/My Drive/SAHARA/Datasets/FSD50K/FSD50K.eval_audio/166489.wav,dog_bark,fsd50k,0.0,fsd50k:166489
/Users/rajsingh/Library/CloudStorage/GoogleDrive-singhraj04.jan@gmail.com/My Drive/SAHARA/Datasets/FSD50K/FSD50K.eval_audio/58382.wav,dog_bark,fsd50k,0.0,fsd50k:58382
/Users/rajsingh/Library/CloudStorage/GoogleDrive-singhraj04.jan@gmail.com/My Drive/SAHARA/Datasets/FSD50K/FSD50K.eval_audio/182501.wav,dog_bark,fsd50k,0.0,fsd50k:182501
/Users/rajsingh/Library/CloudStorage/GoogleDrive-singhraj04.jan@gmail.com/My Drive/SAHARA/Datasets/FSD50K/FSD50K.eval_audio/366219.wav,dog_bark,fsd50k,0.0,fsd50k:366219
/Users/rajsingh/Library/CloudStorage/GoogleDrive-singhraj04.jan@gmail.com/My Drive/SAHARA/Datasets/FSD50K/FSD50K.eval_audio/394223.wav,dog_bark,fsd50k,0.0,fsd50k:394223
/Users/rajsingh/Library/CloudStorage/GoogleDrive-singhraj04.jan@gmail.com/My Drive/SAHARA/Datasets/FSD50K/FSD50K.eval_audio/185951.wav,dog_bark,fsd50k,0.0,fsd50k:185951
/Users/rajsingh/Library/CloudStorage/GoogleDrive-singhraj04.jan@gmail.com/My Drive/SAHARA/Datasets/FSD50K/FSD50K.eval_audio/379170.wav,dog_bark,fsd50k,0.0,fsd50k:379170
/Users/rajsingh/Library/CloudStorage/GoogleDrive-singhraj04.jan@gmail.com/My Drive/SAHARA/Datasets/FSD50K/FSD50K.eval_audio/338322.wav,dog_bark,fsd50k,0.0,fsd50k:338322
/Users/rajsingh/Library/CloudStorage/GoogleDrive-singhraj04.jan@gmail.com/My Drive/SAHARA/Datasets/FSD50K/FSD50K.eval_audio/57596.wav,dog_bark,fsd50k,0.0,fsd50k:57596
/Users/rajsingh/Library/CloudStorage/GoogleDrive-singhraj04.jan@gmail.com/My Drive/SAHARA/Datasets/FSD50K/FSD50K.eval_audio/103076.wav,dog_bark,fsd50k,0.0,fsd50k:103076
/Users/rajsingh/Library/CloudStorage/GoogleDrive-singhraj04.jan@gmail.com/My Drive/SAHARA/Datasets/FSD50K/FSD50K.eval_audio/348129.wav,dog_bark,fsd50k,0.0,fsd50k:348129
/Users/rajsingh/Library/CloudStorage/GoogleDrive-singhraj04.jan@gmail.com/My Drive/SAHARA/Datasets/FSD50K/FSD50K.eval_audio/366368.wav,dog_bark,fsd50k,0.0,fsd50k:366368
/Users/rajsingh/Library/CloudStorage/GoogleDrive-singhraj04.jan@gmail.com/My Drive/SAHARA/Datasets/FSD50K/FSD50K.eval_audio/338326.wav,dog_bark,fsd50k,0.0,fsd50k:338326
/Users/rajsingh/Library/CloudStorage/GoogleDrive-singhraj04.jan@gmail.com/My Drive/SAHARA/Datasets/FSD50K/FSD50K.eval_audio/400994.wav,dog_bark,fsd50k,0.0,fsd50k:400994
/Users/rajsingh/Library/CloudStorage/GoogleDrive-singhraj04.jan@gmail.com/My Drive/SAHARA/Datasets/FSD50K/FSD50K.eval_audio/408810.wav,dog_bark,fsd50k,0.0,fsd50k:408810
/Users/rajsingh/Library/CloudStorage/GoogleDrive-singhraj04.jan@gmail.com/My Drive/SAHARA/Datasets/FSD50K/FSD50K.eval_audio/411664.wav,dog_bark,fsd50k,0.0,fsd50k:411664
/Users/rajsingh/Library/CloudStorage/GoogleDrive-singhraj04.jan@gmail.com/My Drive/SAHARA/Datasets/FSD50K/FSD50K.eval_audio/31615.wav,dog_bark,fsd50k,0.0,fsd50k:31615
/Users/rajsingh/Library/CloudStorage/GoogleDrive-singhraj04.jan@gmail.com/My Drive/SAHARA/Datasets/FSD50K/FSD50K.eval_audio/410174.wav,dog_bark,fsd50k,0.0,fsd50k:410174
/Users/rajsingh/Library/CloudStorage/GoogleDrive-singhraj04.jan@gmail.com/My Drive/SAHARA/Datasets/FSD50K/FSD50K.eval_audio/86284.wav,dog_bark,fsd50k,0.0,fsd50k:86284
/Users/rajsingh/Library/CloudStorage/GoogleDrive-singhraj04.jan@gmail.com/My Drive/SAHARA/Datasets/FSD50K/FSD50K.eval_audio/424593.wav,dog_bark,fsd50k,0.0,fsd50k:424593
/Users/rajsingh/Library/CloudStorage/GoogleDrive-singhraj04.jan@gmail.com/My Drive/SAHARA/Datasets/FSD50K/FSD50K.eval_audio/328076.wav,dog_bark,fsd50k,0.0,fsd50k:328076
/Users/rajsingh/Library/CloudStorage/GoogleDrive-singhraj04.jan@gmail.com/My Drive/SAHARA/Datasets/FSD50K/FSD50K.eval_audio/91113.wav,dog_bark,fsd50k,0.0,fsd50k:91113
/Users/rajsingh/Library/CloudStorage/GoogleDrive-singhraj04.jan@gmail.com/My Drive/SAHARA/Datasets/FSD50K/FSD50K.eval_audio/402568.wav,dog_bark,fsd50k,0.0,fsd50k:402568
/Users/rajsingh/Library/CloudStorage/GoogleDrive-singhraj04.jan@gmail.com/My Drive/SAHARA/Datasets/FSD50K/FSD50K.eval_audio/382736.wav,dog_bark,fsd50k,0.0,fsd50k:382736
/Users/rajsingh/Library/CloudStorage/GoogleDrive-singhraj04.jan@gmail.com/My Drive/SAHARA/Datasets/FSD50K/FSD50K.eval_audio/361544.wav,dog_bark,fsd50k,0.0,fsd50k:361544
/Users/rajsingh/Library/CloudStorage/GoogleDrive-singhraj04.jan@gmail.com/My Drive/SAHARA/Datasets/FSD50K/FSD50K.eval_audio/407593.wav,dog_bark,fsd50k,0.0,fsd50k:407593
/Users/rajsingh/Library/CloudStorage/GoogleDrive-singhraj04.jan@gmail.com/My Drive/SAHARA/Datasets/FSD50K/FSD50K.eval_audio/154757.wav,dog_bark,fsd50k,0.0,fsd50k:154757
/Users/rajsingh/Library/CloudStorage/GoogleDrive-singhraj04.jan@gmail.com/My Drive/SAHARA/Datasets/FSD50K/FSD50K.eval_audio/327666.wav,dog_bark,fsd50k,0.0,fsd50k:327666
/Users/rajsingh/Library/CloudStorage/GoogleDrive-singhraj04.jan@gmail.com/My Drive/SAHARA/Datasets/FSD50K/FSD50K.eval_audio/427152.wav,dog_bark,fsd50k,0.0,fsd50k:427152
/Users/rajsingh/Library/CloudStorage/GoogleDrive-singhraj04.jan@gmail.com/My Drive/SAHARA/Datasets/FSD50K/FSD50K.eval_audio/403207.wav,dog_bark,fsd50k,0.0,fsd50k:403207
/Users/rajsingh/Library/CloudStorage/GoogleDrive-singhraj04.jan@gmail.com/My Drive/SAHARA/Datasets/FSD50K/FSD50K.eval_audio/393694.wav,dog_bark,fsd50k,0.0,fsd50k:393694
/Users/rajsingh/Library/CloudStorage/GoogleDrive-singhraj04.jan@gmail.com/My Drive/SAHARA/Datasets/FSD50K/FSD50K.eval_audio/178497.wav,dog_bark,fsd50k,0.0,fsd50k:178497
/Users/rajsingh/Library/CloudStorage/GoogleDrive-singhraj04.jan@gmail.com/My Drive/SAHARA/Datasets/FSD50K/FSD50K.eval_audio/180257.wav,dog_bark,fsd50k,0.0,fsd50k:180257
/Users/rajsingh/Library/CloudStorage/GoogleDrive-singhraj04.jan@gmail.com/My Drive/SAHARA/Datasets/FSD50K/FSD50K.eval_audio/386766.wav,dog_bark,fsd50k,0.0,fsd50k:386766
/Users/rajsingh/Library/CloudStorage/GoogleDrive-singhraj04.jan@gmail.com/My Drive/SAHARA/Datasets/FSD50K/FSD50K.eval_audio/38272.wav,dog_bark,fsd50k,0.0,fsd50k:38272
/Users/rajsingh/Library/CloudStorage/GoogleDrive-singhraj04.jan@gmail.com/My Drive/SAHARA/Datasets/FSD50K/FSD50K.eval_audio/194252.wav,dog_bark,fsd50k,0.0,fsd50k:194252
/Users/rajsingh/Library/CloudStorage/GoogleDrive-singhraj04.jan@gmail.com/My Drive/SAHARA/Datasets/FSD50K/FSD50K.eval_audio/219532.wav,dog_bark,fsd50k,0.0,fsd50k:219532
/Users/rajsingh/Library/CloudStorage/GoogleDrive-singhraj04.jan@gmail.com/My Drive/SAHARA/Datasets/FSD50K/FSD50K.eval_audio/380440.wav,dog_bark,fsd50k,0.0,fsd50k:380440
/Users/rajsingh/Library/CloudStorage/GoogleDrive-singhraj04.jan@gmail.com/My Drive/SAHARA/Datasets/FSD50K/FSD50K.eval_audio/415023.wav,dog_bark,fsd50k,0.0,fsd50k:415023
/Users/rajsingh/Library/CloudStorage/GoogleDrive-singhraj04.jan@gmail.com/My Drive/SAHARA/Datasets/FSD50K/FSD50K.eval_audio/89210.wav,dog_bark,fsd50k,0.0,fsd50k:89210
/Users/rajsingh/Library/CloudStorage/GoogleDrive-singhraj04.jan@gmail.com/My Drive/SAHARA/Datasets/FSD50K/FSD50K.eval_audio/396307.wav,dog_bark,fsd50k,0.0,fsd50k:396307
/Users/rajsingh/Library/CloudStorage/GoogleDrive-singhraj04.jan@gmail.com/My Drive/SAHARA/Datasets/FSD50K/FSD50K.eval_audio/365669.wav,dog_bark,fsd50k,0.0,fsd50k:365669
/Users/rajsingh/Library/CloudStorage/GoogleDrive-singhraj04.jan@gmail.com/My Drive/SAHARA/Datasets/FSD50K/FSD50K.eval_audio/414415.wav,dog_bark,fsd50k,0.0,fsd50k:414415
/Users/rajsingh/Library/CloudStorage/GoogleDrive-singhraj04.jan@gmail.com/My Drive/SAHARA/Datasets/FSD50K/FSD50K.eval_audio/15791.wav,dog_bark,fsd50k,0.0,fsd50k:15791
/Users/rajsingh/Library/CloudStorage/GoogleDrive-singhraj04.jan@gmail.com/My Drive/SAHARA/Datasets/FSD50K/FSD50K.eval_audio/274471.wav,dog_bark,fsd50k,0.0,fsd50k:274471
/Users/rajsingh/Library/CloudStorage/GoogleDrive-singhraj04.jan@gmail.com/My Drive/SAHARA/Datasets/FSD50K/FSD50K.eval_audio/428860.wav,dog_bark,fsd50k,0.0,fsd50k:428860
/Users/rajsingh/Library/CloudStorage/GoogleDrive-singhraj04.jan@gmail.com/My Drive/SAHARA/Datasets/FSD50K/FSD50K.eval_audio/38121.wav,dog_bark,fsd50k,0.0,fsd50k:38121
/Users/rajsingh/Library/CloudStorage/GoogleDrive-singhraj04.jan@gmail.com/My Drive/SAHARA/Datasets/FSD50K/FSD50K.eval_audio/118901.wav,dog_bark,fsd50k,0.0,fsd50k:118901
/Users/rajsingh/Library/CloudStorage/GoogleDrive-singhraj04.jan@gmail.com/My Drive/SAHARA/Datasets/FSD50K/FSD50K.eval_audio/64460.wav,dog_bark,fsd50k,0.0,fsd50k:64460
/Users/rajsingh/Library/CloudStorage/GoogleDrive-singhraj04.jan@gmail.com/My Drive/SAHARA/Datasets/FSD50K/FSD50K.eval_audio/261020.wav,dog_bark,fsd50k,0.0,fsd50k:261020
/Users/rajsingh/Library/CloudStorage/GoogleDrive-singhraj04.jan@gmail.com/My Drive/SAHARA/Datasets/FSD50K/FSD50K.eval_audio/207962.wav,dog_bark,fsd50k,0.0,fsd50k:207962
/Users/rajsingh/Library/CloudStorage/GoogleDrive-singhraj04.jan@gmail.com/My Drive/SAHARA/Datasets/FSD50K/FSD50K.eval_audio/15792.wav,dog_bark,fsd50k,0.0,fsd50k:15792
/Users/rajsingh/Library/CloudStorage/GoogleDrive-singhraj04.jan@gmail.com/My Drive/SAHARA/Datasets/FSD50K/FSD50K.eval_audio/32318.wav,dog_bark,fsd50k,0.0,fsd50k:32318
/Users/rajsingh/Library/CloudStorage/GoogleDrive-singhraj04.jan@gmail.com/My Drive/SAHARA/Datasets/FSD50K/FSD50K.eval_audio/68389.wav,dog_bark,fsd50k,0.0,fsd50k:68389
/Users/rajsingh/Library/CloudStorage/GoogleDrive-singhraj04.jan@gmail.com/My Drive/SAHARA/Datasets/FSD50K/FSD50K.eval_audio/344955.wav,dog_bark,fsd50k,0.0,fsd50k:344955
/Users/rajsingh/Library/CloudStorage/GoogleDrive-singhraj04.jan@gmail.com/My Drive/SAHARA/Datasets/FSD50K/FSD50K.eval_audio/365053.wav,dog_bark,fsd50k,0.0,fsd50k:365053
/Users/rajsingh/Library/CloudStorage/GoogleDrive-singhraj04.jan@gmail.com/My Drive/SAHARA/Datasets/FSD50K/FSD50K.eval_audio/262520.wav,dog_bark,fsd50k,0.0,fsd50k:262520
/Users/rajsingh/Library/CloudStorage/GoogleDrive-singhraj04.jan@gmail.com/My Drive/SAHARA/Datasets/FSD50K/FSD50K.eval_audio/429260.wav,dog_bark,fsd50k,0.0,fsd50k:429260
/Users/rajsingh/Library/CloudStorage/GoogleDrive-singhraj04.jan@gmail.com/My Drive/SAHARA/Datasets/FSD50K/FSD50K.eval_audio/411786.wav,dog_bark,fsd50k,0.0,fsd50k:411786
/Users/rajsingh/Library/CloudStorage/GoogleDrive-singhraj04.jan@gmail.com/My Drive/SAHARA/Datasets/FSD50K/FSD50K.eval_audio/194301.wav,dog_bark,fsd50k,0.0,fsd50k:194301
/Users/rajsingh/Library/CloudStorage/GoogleDrive-singhraj04.jan@gmail.com/My Drive/SAHARA/Datasets/FSD50K/FSD50K.eval_audio/393828.wav,dog_bark,fsd50k,0.0,fsd50k:393828
/Users/rajsingh/Library/CloudStorage/GoogleDrive-singhraj04.jan@gmail.com/My Drive/SAHARA/Datasets/FSD50K/FSD50K.eval_audio/259302.wav,dog_bark,fsd50k,0.0,fsd50k:259302
/Users/rajsingh/Library/CloudStorage/GoogleDrive-singhraj04.jan@gmail.com/My Drive/SAHARA/Datasets/FSD50K/FSD50K.eval_audio/100032.wav,dog_bark,fsd50k,0.0,fsd50k:100032
/Users/rajsingh/Library/CloudStorage/GoogleDrive-singhraj04.jan@gmail.com/My Drive/SAHARA/Datasets/FSD50K/FSD50K.eval_audio/17414.wav,dog_bark,fsd50k,0.0,fsd50k:17414
/Users/rajsingh/Library/CloudStorage/GoogleDrive-singhraj04.jan@gmail.com/My Drive/SAHARA/Datasets/FSD50K/FSD50K.eval_audio/59513.wav,dog_bark,fsd50k,0.0,fsd50k:59513
/Users/rajsingh/Library/CloudStorage/GoogleDrive-singhraj04.jan@gmail.com/My Drive/SAHARA/Datasets/FSD50K/FSD50K.eval_audio/379181.wav,dog_bark,fsd50k,0.0,fsd50k:379181
/Users/rajsingh/Library/CloudStorage/GoogleDrive-singhraj04.jan@gmail.com/My Drive/SAHARA/Datasets/FSD50K/FSD50K.eval_audio/22973.wav,dog_bark,fsd50k,0.0,fsd50k:22973
/Users/rajsingh/Library/CloudStorage/GoogleDrive-singhraj04.jan@gmail.com/My Drive/SAHARA/Datasets/FSD50K/FSD50K.eval_audio/260773.wav,dog_bark,fsd50k,0.0,fsd50k:260773
/Users/rajsingh/Library/CloudStorage/GoogleDrive-singhraj04.jan@gmail.com/My Drive/SAHARA/Datasets/FSD50K/FSD50K.eval_audio/328055.wav,dog_bark,fsd50k,0.0,fsd50k:328055
/Users/rajsingh/Library/CloudStorage/GoogleDrive-singhraj04.jan@gmail.com/My Drive/SAHARA/Datasets/FSD50K/FSD50K.eval_audio/396220.wav,dog_bark,fsd50k,0.0,fsd50k:396220
/Users/rajsingh/Library/CloudStorage/GoogleDrive-singhraj04.jan@gmail.com/My Drive/SAHARA/Datasets/FSD50K/FSD50K.eval_audio/424958.wav,dog_bark,fsd50k,0.0,fsd50k:424958
/Users/rajsingh/Library/CloudStorage/GoogleDrive-singhraj04.jan@gmail.com/My Drive/SAHARA/Datasets/FSD50K/FSD50K.eval_audio/179386.wav,dog_bark,fsd50k,0.0,fsd50k:179386
/Users/rajsingh/Library/CloudStorage/GoogleDrive-singhraj04.jan@gmail.com/My Drive/SAHARA/Datasets/FSD50K/FSD50K.eval_audio/29596.wav,dog_bark,fsd50k,0.0,fsd50k:29596
/Users/rajsingh/Library/CloudStorage/GoogleDrive-singhraj04.jan@gmail.com/My Drive/SAHARA/Datasets/FSD50K/FSD50K.eval_audio/189737.wav,dog_bark,fsd50k,0.0,fsd50k:189737
/Users/rajsingh/Library/CloudStorage/GoogleDrive-singhraj04.jan@gmail.com/My Drive/SAHARA/Datasets/FSD50K/FSD50K.eval_audio/54545.wav,dog_bark,fsd50k,0.0,fsd50k:54545
/Users/rajsingh/Library/CloudStorage/GoogleDrive-singhraj04.jan@gmail.com/My Drive/SAHARA/Datasets/FSD50K/FSD50K.eval_audio/57553.wav,dog_bark,fsd50k,0.0,fsd50k:57553
/Users/rajsingh/Library/CloudStorage/GoogleDrive-singhraj04.jan@gmail.com/My Drive/SAHARA/Datasets/FSD50K/FSD50K.eval_audio/118072.wav,dog_bark,fsd50k,0.0,fsd50k:118072
/Users/rajsingh/Library/CloudStorage/GoogleDrive-singhraj04.jan@gmail.com/My Drive/SAHARA/Datasets/FSD50K/FSD50K.eval_audio/326563.wav,dog_bark,fsd50k,0.0,fsd50k:326563
/Users/rajsingh/Library/CloudStorage/GoogleDrive-singhraj04.jan@gmail.com/My Drive/SAHARA/Datasets/FSD50K/FSD50K.eval_audio/253754.wav,dog_bark,fsd50k,0.0,fsd50k:253754
/Users/rajsingh/Library/CloudStorage/GoogleDrive-singhraj04.jan@gmail.com/My Drive/SAHARA/Datasets/FSD50K/FSD50K.eval_audio/17810.wav,dog_bark,fsd50k,0.0,fsd50k:17810
/Users/rajsingh/Library/CloudStorage/GoogleDrive-singhraj04.jan@gmail.com/My Drive/SAHARA/Datasets/FSD50K/FSD50K.eval_audio/94217.wav,dog_bark,fsd50k,0.0,fsd50k:94217
/Users/rajsingh/Library/CloudStorage/GoogleDrive-singhraj04.jan@gmail.com/My Drive/SAHARA/Datasets/FSD50K/FSD50K.eval_audio/26720.wav,dog_bark,fsd50k,0.0,fsd50k:26720
/Users/rajsingh/Library/CloudStorage/GoogleDrive-singhraj04.jan@gmail.com/My Drive/SAHARA/Datasets/FSD50K/FSD50K.eval_audio/207124.wav,dog_bark,fsd50k,0.0,fsd50k:207124
/Users/rajsingh/Library/CloudStorage/GoogleDrive-singhraj04.jan@gmail.com/My Drive/SAHARA/Datasets/FSD50K/FSD50K.eval_audio/412504.wav,dog_bark,fsd50k,0.0,fsd50k:412504
/Users/rajsingh/Library/CloudStorage/GoogleDrive-singhraj04.jan@gmail.com/My Drive/SAHARA/Datasets/FSD50K/FSD50K.eval_audio/408807.wav,dog_bark,fsd50k,0.0,fsd50k:408807
/Users/rajsingh/Library/CloudStorage/GoogleDrive-singhraj04.jan@gmail.com/My Drive/SAHARA/Datasets/FSD50K/FSD50K.eval_audio/396221.wav,dog_bark,fsd50k,0.0,fsd50k:396221
/Users/rajsingh/Library/CloudStorage/GoogleDrive-singhraj04.jan@gmail.com/My Drive/SAHARA/Datasets/FSD50K/FSD50K.eval_audio/343680.wav,glass_break,fsd50k,0.0,fsd50k:343680
/Users/rajsingh/Library/CloudStorage/GoogleDrive-singhraj04.jan@gmail.com/My Drive/SAHARA/Datasets/FSD50K/FSD50K.eval_audio/119633.wav,siren,fsd50k,0.0,fsd50k:119633
/Users/rajsingh/Library/CloudStorage/GoogleDrive-singhraj04.jan@gmail.com/My Drive/SAHARA/Datasets/FSD50K/FSD50K.eval_audio/119633.wav,appliance_beep,fsd50k,0.0,fsd50k:119633
/Users/rajsingh/Library/CloudStorage/GoogleDrive-singhraj04.jan@gmail.com/My Drive/SAHARA/Datasets/FSD50K/FSD50K.eval_audio/345134.wav,glass_break,fsd50k,0.0,fsd50k:345134
/Users/rajsingh/Library/CloudStorage/GoogleDrive-singhraj04.jan@gmail.com/My Drive/SAHARA/Datasets/FSD50K/FSD50K.eval_audio/210299.wav,glass_break,fsd50k,0.0,fsd50k:210299
/Users/rajsingh/Library/CloudStorage/GoogleDrive-singhraj04.jan@gmail.com/My Drive/SAHARA/Datasets/FSD50K/FSD50K.eval_audio/163419.wav,glass_break,fsd50k,0.0,fsd50k:163419
/Users/rajsingh/Library/CloudStorage/GoogleDrive-singhraj04.jan@gmail.com/My Drive/SAHARA/Datasets/FSD50K/FSD50K.eval_audio/365908.wav,knocking,fsd50k,0.0,fsd50k:365908
/Users/rajsingh/Library/CloudStorage/GoogleDrive-singhraj04.jan@gmail.com/My Drive/SAHARA/Datasets/FSD50K/FSD50K.eval_audio/79599.wav,glass_break,fsd50k,0.0,fsd50k:79599
/Users/rajsingh/Library/CloudStorage/GoogleDrive-singhraj04.jan@gmail.com/My Drive/SAHARA/Datasets/FSD50K/FSD50K.eval_audio/69384.wav,appliance_beep,fsd50k,0.0,fsd50k:69384
/Users/rajsingh/Library/CloudStorage/GoogleDrive-singhraj04.jan@gmail.com/My Drive/SAHARA/Datasets/FSD50K/FSD50K.eval_audio/69384.wav,doorbell,fsd50k,0.0,fsd50k:69384
/Users/rajsingh/Library/CloudStorage/GoogleDrive-singhraj04.jan@gmail.com/My Drive/SAHARA/Datasets/FSD50K/FSD50K.eval_audio/326922.wav,knocking,fsd50k,0.0,fsd50k:326922
/Users/rajsingh/Library/CloudStorage/GoogleDrive-singhraj04.jan@gmail.com/My Drive/SAHARA/Datasets/FSD50K/FSD50K.eval_audio/349691.wav,glass_break,fsd50k,0.0,fsd50k:349691
/Users/rajsingh/Library/CloudStorage/GoogleDrive-singhraj04.jan@gmail.com/My Drive/SAHARA/Datasets/FSD50K/FSD50K.eval_audio/366346.wav,knocking,fsd50k,0.0,fsd50k:366346
/Users/rajsingh/Library/CloudStorage/GoogleDrive-singhraj04.jan@gmail.com/My Drive/SAHARA/Datasets/FSD50K/FSD50K.eval_audio/172364.wav,glass_break,fsd50k,0.0,fsd50k:172364
/Users/rajsingh/Library/CloudStorage/GoogleDrive-singhraj04.jan@gmail.com/My Drive/SAHARA/Datasets/FSD50K/FSD50K.eval_audio/154780.wav,knocking,fsd50k,0.0,fsd50k:154780
/Users/rajsingh/Library/CloudStorage/GoogleDrive-singhraj04.jan@gmail.com/My Drive/SAHARA/Datasets/FSD50K/FSD50K.eval_audio/409038.wav,appliance_beep,fsd50k,0.0,fsd50k:409038
/Users/rajsingh/Library/CloudStorage/GoogleDrive-singhraj04.jan@gmail.com/My Drive/SAHARA/Datasets/FSD50K/FSD50K.eval_audio/26188.wav,knocking,fsd50k,0.0,fsd50k:26188
/Users/rajsingh/Library/CloudStorage/GoogleDrive-singhraj04.jan@gmail.com/My Drive/SAHARA/Datasets/FSD50K/FSD50K.eval_audio/383021.wav,siren,fsd50k,0.0,fsd50k:383021
/Users/rajsingh/Library/CloudStorage/GoogleDrive-singhraj04.jan@gmail.com/My Drive/SAHARA/Datasets/FSD50K/FSD50K.eval_audio/383021.wav,appliance_beep,fsd50k,0.0,fsd50k:383021
/Users/rajsingh/Library/CloudStorage/GoogleDrive-singhraj04.jan@gmail.com/My Drive/SAHARA/Datasets/FSD50K/FSD50K.eval_audio/233603.wav,appliance_beep,fsd50k,0.0,fsd50k:233603
/Users/rajsingh/Library/CloudStorage/GoogleDrive-singhraj04.jan@gmail.com/My Drive/SAHARA/Datasets/FSD50K/FSD50K.eval_audio/233604.wav,appliance_beep,fsd50k,0.0,fsd50k:233604
/Users/rajsingh/Library/CloudStorage/GoogleDrive-singhraj04.jan@gmail.com/My Drive/SAHARA/Datasets/FSD50K/FSD50K.eval_audio/178377.wav,appliance_beep,fsd50k,0.0,fsd50k:178377
/Users/rajsingh/Library/CloudStorage/GoogleDrive-singhraj04.jan@gmail.com/My Drive/SAHARA/Datasets/FSD50K/FSD50K.eval_audio/112860.wav,appliance_beep,fsd50k,0.0,fsd50k:112860
/Users/rajsingh/Library/CloudStorage/GoogleDrive-singhraj04.jan@gmail.com/My Drive/SAHARA/Datasets/FSD50K/FSD50K.eval_audio/334084.wav,siren,fsd50k,0.0,fsd50k:334084
/Users/rajsingh/Library/CloudStorage/GoogleDrive-singhraj04.jan@gmail.com/My Drive/SAHARA/Datasets/FSD50K/FSD50K.eval_audio/334084.wav,appliance_beep,fsd50k,0.0,fsd50k:334084
/Users/rajsingh/Library/CloudStorage/GoogleDrive-singhraj04.jan@gmail.com/My Drive/SAHARA/Datasets/FSD50K/FSD50K.eval_audio/401721.wav,appliance_beep,fsd50k,0.0,fsd50k:401721
/Users/rajsingh/Library/CloudStorage/GoogleDrive-singhraj04.jan@gmail.com/My Drive/SAHARA/Datasets/FSD50K/FSD50K.eval_audio/401722.wav,appliance_beep,fsd50k,0.0,fsd50k:401722
/Users/rajsingh/Library/CloudStorage/GoogleDrive-singhraj04.jan@gmail.com/My Drive/SAHARA/Datasets/FSD50K/FSD50K.eval_audio/270655.wav,appliance_beep,fsd50k,0.0,fsd50k:270655
/Users/rajsingh/Library/CloudStorage/GoogleDrive-singhraj04.jan@gmail.com/My Drive/SAHARA/Datasets/FSD50K/FSD50K.eval_audio/57695.wav,appliance_beep,fsd50k,0.0,fsd50k:57695
/Users/rajsingh/Library/CloudStorage/GoogleDrive-singhraj04.jan@gmail.com/My Drive/SAHARA/Datasets/FSD50K/FSD50K.eval_audio/68060.wav,appliance_beep,fsd50k,0.0,fsd50k:68060
/Users/rajsingh/Library/CloudStorage/GoogleDrive-singhraj04.jan@gmail.com/My Drive/SAHARA/Datasets/FSD50K/FSD50K.eval_audio/379416.wav,appliance_beep,fsd50k,0.0,fsd50k:379416
/Users/rajsingh/Library/CloudStorage/GoogleDrive-singhraj04.jan@gmail.com/My Drive/SAHARA/Datasets/FSD50K/FSD50K.eval_audio/197222.wav,appliance_beep,fsd50k,0.0,fsd50k:197222
/Users/rajsingh/Library/CloudStorage/GoogleDrive-singhraj04.jan@gmail.com/My Drive/SAHARA/Datasets/FSD50K/FSD50K.eval_audio/197223.wav,appliance_beep,fsd50k,0.0,fsd50k:197223
/Users/rajsingh/Library/CloudStorage/GoogleDrive-singhraj04.jan@gmail.com/My Drive/SAHARA/Datasets/FSD50K/FSD50K.eval_audio/98948.wav,appliance_beep,fsd50k,0.0,fsd50k:98948
/Users/rajsingh/Library/CloudStorage/GoogleDrive-singhraj04.jan@gmail.com/My Drive/SAHARA/Datasets/FSD50K/FSD50K.eval_audio/74501.wav,appliance_beep,fsd50k,0.0,fsd50k:74501
/Users/rajsingh/Library/CloudStorage/GoogleDrive-singhraj04.jan@gmail.com/My Drive/SAHARA/Datasets/FSD50K/FSD50K.eval_audio/420661.wav,siren,fsd50k,0.0,fsd50k:420661
/Users/rajsingh/Library/CloudStorage/GoogleDrive-singhraj04.jan@gmail.com/My Drive/SAHARA/Datasets/FSD50K/FSD50K.eval_audio/420661.wav,appliance_beep,fsd50k,0.0,fsd50k:420661
/Users/rajsingh/Library/CloudStorage/GoogleDrive-singhraj04.jan@gmail.com/My Drive/SAHARA/Datasets/FSD50K/FSD50K.eval_audio/324423.wav,appliance_beep,fsd50k,0.0,fsd50k:324423
/Users/rajsingh/Library/CloudStorage/GoogleDrive-singhraj04.jan@gmail.com/My Drive/SAHARA/Datasets/FSD50K/FSD50K.eval_audio/254819.wav,appliance_beep,fsd50k,0.0,fsd50k:254819
/Users/rajsingh/Library/CloudStorage/GoogleDrive-singhraj04.jan@gmail.com/My Drive/SAHARA/Datasets/FSD50K/FSD50K.eval_audio/254822.wav,appliance_beep,fsd50k,0.0,fsd50k:254822
/Users/rajsingh/Library/CloudStorage/GoogleDrive-singhraj04.jan@gmail.com/My Drive/SAHARA/Datasets/FSD50K/FSD50K.eval_audio/185196.wav,appliance_beep,fsd50k,0.0,fsd50k:185196
/Users/rajsingh/Library/CloudStorage/GoogleDrive-singhraj04.jan@gmail.com/My Drive/SAHARA/Datasets/FSD50K/FSD50K.eval_audio/185197.wav,appliance_beep,fsd50k,0.0,fsd50k:185197
/Users/rajsingh/Library/CloudStorage/GoogleDrive-singhraj04.jan@gmail.com/My Drive/SAHARA/Datasets/FSD50K/FSD50K.eval_audio/170876.wav,appliance_beep,fsd50k,0.0,fsd50k:170876
/Users/rajsingh/Library/CloudStorage/GoogleDrive-singhraj04.jan@gmail.com/My Drive/SAHARA/Datasets/FSD50K/FSD50K.eval_audio/170877.wav,appliance_beep,fsd50k,0.0,fsd50k:170877
/Users/rajsingh/Library/CloudStorage/GoogleDrive-singhraj04.jan@gmail.com/My Drive/SAHARA/Datasets/FSD50K/FSD50K.eval_audio/170880.wav,appliance_beep,fsd50k,0.0,fsd50k:170880
/Users/rajsingh/Library/CloudStorage/GoogleDrive-singhraj04.jan@gmail.com/My Drive/SAHARA/Datasets/FSD50K/FSD50K.eval_audio/170881.wav,appliance_beep,fsd50k,0.0,fsd50k:170881
/Users/rajsingh/Library/CloudStorage/GoogleDrive-singhraj04.jan@gmail.com/My Drive/SAHARA/Datasets/FSD50K/FSD50K.eval_audio/398346.wav,appliance_beep,fsd50k,0.0,fsd50k:398346
/Users/rajsingh/Library/CloudStorage/GoogleDrive-singhraj04.jan@gmail.com/My Drive/SAHARA/Datasets/FSD50K/FSD50K.eval_audio/351284.wav,appliance_beep,fsd50k,0.0,fsd50k:351284
/Users/rajsingh/Library/CloudStorage/GoogleDrive-singhraj04.jan@gmail.com/My Drive/SAHARA/Datasets/FSD50K/FSD50K.eval_audio/351285.wav,appliance_beep,fsd50k,0.0,fsd50k:351285
/Users/rajsingh/Library/CloudStorage/GoogleDrive-singhraj04.jan@gmail.com/My Drive/SAHARA/Datasets/FSD50K/FSD50K.eval_audio/27785.wav,siren,fsd50k,0.0,fsd50k:27785
/Users/rajsingh/Library/CloudStorage/GoogleDrive-singhraj04.jan@gmail.com/My Drive/SAHARA/Datasets/FSD50K/FSD50K.eval_audio/27785.wav,appliance_beep,fsd50k,0.0,fsd50k:27785
/Users/rajsingh/Library/CloudStorage/GoogleDrive-singhraj04.jan@gmail.com/My Drive/SAHARA/Datasets/FSD50K/FSD50K.eval_audio/27787.wav,siren,fsd50k,0.0,fsd50k:27787
/Users/rajsingh/Library/CloudStorage/GoogleDrive-singhraj04.jan@gmail.com/My Drive/SAHARA/Datasets/FSD50K/FSD50K.eval_audio/27787.wav,appliance_beep,fsd50k,0.0,fsd50k:27787
/Users/rajsingh/Library/CloudStorage/GoogleDrive-singhraj04.jan@gmail.com/My Drive/SAHARA/Datasets/FSD50K/FSD50K.eval_audio/242856.wav,siren,fsd50k,0.0,fsd50k:242856
/Users/rajsingh/Library/CloudStorage/GoogleDrive-singhraj04.jan@gmail.com/My Drive/SAHARA/Datasets/FSD50K/FSD50K.eval_audio/242856.wav,appliance_beep,fsd50k,0.0,fsd50k:242856
/Users/rajsingh/Library/CloudStorage/GoogleDrive-singhraj04.jan@gmail.com/My Drive/SAHARA/Datasets/FSD50K/FSD50K.eval_audio/171324.wav,appliance_beep,fsd50k,0.0,fsd50k:171324
/Users/rajsingh/Library/CloudStorage/GoogleDrive-singhraj04.jan@gmail.com/My Drive/SAHARA/Datasets/FSD50K/FSD50K.eval_audio/406915.wav,appliance_beep,fsd50k,0.0,fsd50k:406915
/Users/rajsingh/Library/CloudStorage/GoogleDrive-singhraj04.jan@gmail.com/My Drive/SAHARA/Datasets/FSD50K/FSD50K.eval_audio/386453.wav,appliance_beep,fsd50k,0.0,fsd50k:386453
/Users/rajsingh/Library/CloudStorage/GoogleDrive-singhraj04.jan@gmail.com/My Drive/SAHARA/Datasets/FSD50K/FSD50K.eval_audio/181937.wav,appliance_beep,fsd50k,0.0,fsd50k:181937
/Users/rajsingh/Library/CloudStorage/GoogleDrive-singhraj04.jan@gmail.com/My Drive/SAHARA/Datasets/FSD50K/FSD50K.eval_audio/399197.wav,appliance_beep,fsd50k,0.0,fsd50k:399197
/Users/rajsingh/Library/CloudStorage/GoogleDrive-singhraj04.jan@gmail.com/My Drive/SAHARA/Datasets/FSD50K/FSD50K.eval_audio/399198.wav,appliance_beep,fsd50k,0.0,fsd50k:399198
/Users/rajsingh/Library/CloudStorage/GoogleDrive-singhraj04.jan@gmail.com/My Drive/SAHARA/Datasets/FSD50K/FSD50K.eval_audio/400697.wav,appliance_beep,fsd50k,0.0,fsd50k:400697
/Users/rajsingh/Library/CloudStorage/GoogleDrive-singhraj04.jan@gmail.com/My Drive/SAHARA/Datasets/FSD50K/FSD50K.eval_audio/380482.wav,appliance_beep,fsd50k,0.0,fsd50k:380482
/Users/rajsingh/Library/CloudStorage/GoogleDrive-singhraj04.jan@gmail.com/My Drive/SAHARA/Datasets/FSD50K/FSD50K.eval_audio/123307.wav,appliance_beep,fsd50k,0.0,fsd50k:123307
/Users/rajsingh/Library/CloudStorage/GoogleDrive-singhraj04.jan@gmail.com/My Drive/SAHARA/Datasets/FSD50K/FSD50K.eval_audio/16774.wav,appliance_beep,fsd50k,0.0,fsd50k:16774
/Users/rajsingh/Library/CloudStorage/GoogleDrive-singhraj04.jan@gmail.com/My Drive/SAHARA/Datasets/FSD50K/FSD50K.eval_audio/29621.wav,appliance_beep,fsd50k,0.0,fsd50k:29621
/Users/rajsingh/Library/CloudStorage/GoogleDrive-singhraj04.jan@gmail.com/My Drive/SAHARA/Datasets/FSD50K/FSD50K.eval_audio/123306.wav,appliance_beep,fsd50k,0.0,fsd50k:123306
/Users/rajsingh/Library/CloudStorage/GoogleDrive-singhraj04.jan@gmail.com/My Drive/SAHARA/Datasets/FSD50K/FSD50K.eval_audio/345807.wav,appliance_beep,fsd50k,0.0,fsd50k:345807
/Users/rajsingh/Library/CloudStorage/GoogleDrive-singhraj04.jan@gmail.com/My Drive/SAHARA/Datasets/FSD50K/FSD50K.eval_audio/123305.wav,appliance_beep,fsd50k,0.0,fsd50k:123305
/Users/rajsingh/Library/CloudStorage/GoogleDrive-singhraj04.jan@gmail.com/My Drive/SAHARA/Datasets/FSD50K/FSD50K.eval_audio/185631.wav,appliance_beep,fsd50k,0.0,fsd50k:185631
/Users/rajsingh/Library/CloudStorage/GoogleDrive-singhraj04.jan@gmail.com/My Drive/SAHARA/Datasets/FSD50K/FSD50K.eval_audio/59738.wav,appliance_beep,fsd50k,0.0,fsd50k:59738
/Users/rajsingh/Library/CloudStorage/GoogleDrive-singhraj04.jan@gmail.com/My Drive/SAHARA/Datasets/FSD50K/FSD50K.eval_audio/349187.wav,appliance_beep,fsd50k,0.0,fsd50k:349187
/Users/rajsingh/Library/CloudStorage/GoogleDrive-singhraj04.jan@gmail.com/My Drive/SAHARA/Datasets/FSD50K/FSD50K.eval_audio/399190.wav,appliance_beep,fsd50k,0.0,fsd50k:399190
/Users/rajsingh/Library/CloudStorage/GoogleDrive-singhraj04.jan@gmail.com/My Drive/SAHARA/Datasets/FSD50K/FSD50K.eval_audio/14575.wav,appliance_beep,fsd50k,0.0,fsd50k:14575
/Users/rajsingh/Library/CloudStorage/GoogleDrive-singhraj04.jan@gmail.com/My Drive/SAHARA/Datasets/FSD50K/FSD50K.eval_audio/98023.wav,appliance_beep,fsd50k,0.0,fsd50k:98023
/Users/rajsingh/Library/CloudStorage/GoogleDrive-singhraj04.jan@gmail.com/My Drive/SAHARA/Datasets/FSD50K/FSD50K.eval_audio/345180.wav,appliance_beep,fsd50k,0.0,fsd50k:345180
/Users/rajsingh/Library/CloudStorage/GoogleDrive-singhraj04.jan@gmail.com/My Drive/SAHARA/Datasets/FSD50K/FSD50K.eval_audio/258264.wav,appliance_beep,fsd50k,0.0,fsd50k:258264
/Users/rajsingh/Library/CloudStorage/GoogleDrive-singhraj04.jan@gmail.com/My Drive/SAHARA/Datasets/FSD50K/FSD50K.eval_audio/330601.wav,appliance_beep,fsd50k,0.0,fsd50k:330601
/Users/rajsingh/Library/CloudStorage/GoogleDrive-singhraj04.jan@gmail.com/My Drive/SAHARA/Datasets/FSD50K/FSD50K.eval_audio/190953.wav,appliance_beep,fsd50k,0.0,fsd50k:190953
/Users/rajsingh/Library/CloudStorage/GoogleDrive-singhraj04.jan@gmail.com/My Drive/SAHARA/Datasets/FSD50K/FSD50K.eval_audio/365566.wav,appliance_beep,fsd50k,0.0,fsd50k:365566
/Users/rajsingh/Library/CloudStorage/GoogleDrive-singhraj04.jan@gmail.com/My Drive/SAHARA/Datasets/FSD50K/FSD50K.eval_audio/413691.wav,appliance_beep,fsd50k,0.0,fsd50k:413691
/Users/rajsingh/Library/CloudStorage/GoogleDrive-singhraj04.jan@gmail.com/My Drive/SAHARA/Datasets/FSD50K/FSD50K.eval_audio/119555.wav,appliance_beep,fsd50k,0.0,fsd50k:119555
/Users/rajsingh/Library/CloudStorage/GoogleDrive-singhraj04.jan@gmail.com/My Drive/SAHARA/Datasets/FSD50K/FSD50K.eval_audio/345737.wav,appliance_beep,fsd50k,0.0,fsd50k:345737
/Users/rajsingh/Library/CloudStorage/GoogleDrive-singhraj04.jan@gmail.com/My Drive/SAHARA/Datasets/FSD50K/FSD50K.eval_audio/53447.wav,appliance_beep,fsd50k,0.0,fsd50k:53447
/Users/rajsingh/Library/CloudStorage/GoogleDrive-singhraj04.jan@gmail.com/My Drive/SAHARA/Datasets/FSD50K/FSD50K.eval_audio/197225.wav,appliance_beep,fsd50k,0.0,fsd50k:197225
/Users/rajsingh/Library/CloudStorage/GoogleDrive-singhraj04.jan@gmail.com/My Drive/SAHARA/Datasets/FSD50K/FSD50K.eval_audio/366102.wav,appliance_beep,fsd50k,0.0,fsd50k:366102
/Users/rajsingh/Library/CloudStorage/GoogleDrive-singhraj04.jan@gmail.com/My Drive/SAHARA/Datasets/FSD50K/FSD50K.eval_audio/345738.wav,appliance_beep,fsd50k,0.0,fsd50k:345738
/Users/rajsingh/Library/CloudStorage/GoogleDrive-singhraj04.jan@gmail.com/My Drive/SAHARA/Datasets/FSD50K/FSD50K.eval_audio/399193.wav,appliance_beep,fsd50k,0.0,fsd50k:399193
/Users/rajsingh/Library/CloudStorage/GoogleDrive-singhraj04.jan@gmail.com/My Drive/SAHARA/Datasets/FSD50K/FSD50K.eval_audio/344606.wav,appliance_beep,fsd50k,0.0,fsd50k:344606
/Users/rajsingh/Library/CloudStorage/GoogleDrive-singhraj04.jan@gmail.com/My Drive/SAHARA/Datasets/FSD50K/FSD50K.eval_audio/42206.wav,appliance_beep,fsd50k,0.0,fsd50k:42206
/Users/rajsingh/Library/CloudStorage/GoogleDrive-singhraj04.jan@gmail.com/My Drive/SAHARA/Datasets/FSD50K/FSD50K.eval_audio/132742.wav,appliance_beep,fsd50k,0.0,fsd50k:132742
/Users/rajsingh/Library/CloudStorage/GoogleDrive-singhraj04.jan@gmail.com/My Drive/SAHARA/Datasets/FSD50K/FSD50K.eval_audio/399315.wav,appliance_beep,fsd50k,0.0,fsd50k:399315
/Users/rajsingh/Library/CloudStorage/GoogleDrive-singhraj04.jan@gmail.com/My Drive/SAHARA/Datasets/FSD50K/FSD50K.eval_audio/345803.wav,appliance_beep,fsd50k,0.0,fsd50k:345803
/Users/rajsingh/Library/CloudStorage/GoogleDrive-singhraj04.jan@gmail.com/My Drive/SAHARA/Datasets/FSD50K/FSD50K.eval_audio/342166.wav,appliance_beep,fsd50k,0.0,fsd50k:342166
/Users/rajsingh/Library/CloudStorage/GoogleDrive-singhraj04.jan@gmail.com/My Drive/SAHARA/Datasets/FSD50K/FSD50K.eval_audio/415763.wav,appliance_beep,fsd50k,0.0,fsd50k:415763
/Users/rajsingh/Library/CloudStorage/GoogleDrive-singhraj04.jan@gmail.com/My Drive/SAHARA/Datasets/FSD50K/FSD50K.eval_audio/123308.wav,appliance_beep,fsd50k,0.0,fsd50k:123308
/Users/rajsingh/Library/CloudStorage/GoogleDrive-singhraj04.jan@gmail.com/My Drive/SAHARA/Datasets/FSD50K/FSD50K.eval_audio/23441.wav,appliance_beep,fsd50k,0.0,fsd50k:23441
/Users/rajsingh/Library/CloudStorage/GoogleDrive-singhraj04.jan@gmail.com/My Drive/SAHARA/Datasets/FSD50K/FSD50K.eval_audio/403331.wav,appliance_beep,fsd50k,0.0,fsd50k:403331
/Users/rajsingh/Library/CloudStorage/GoogleDrive-singhraj04.jan@gmail.com/My Drive/SAHARA/Datasets/FSD50K/FSD50K.eval_audio/197224.wav,appliance_beep,fsd50k,0.0,fsd50k:197224
/Users/rajsingh/Library/CloudStorage/GoogleDrive-singhraj04.jan@gmail.com/My Drive/SAHARA/Datasets/FSD50K/FSD50K.eval_audio/132602.wav,appliance_beep,fsd50k,0.0,fsd50k:132602
/Users/rajsingh/Library/CloudStorage/GoogleDrive-singhraj04.jan@gmail.com/My Drive/SAHARA/Datasets/FSD50K/FSD50K.eval_audio/423005.wav,glass_break,fsd50k,0.0,fsd50k:423005
/Users/rajsingh/Library/CloudStorage/GoogleDrive-singhraj04.jan@gmail.com/My Drive/SAHARA/Datasets/FSD50K/FSD50K.eval_audio/233473.wav,appliance_beep,fsd50k,0.0,fsd50k:233473
/Users/rajsingh/Library/CloudStorage/GoogleDrive-singhraj04.jan@gmail.com/My Drive/SAHARA/Datasets/FSD50K/FSD50K.eval_audio/186427.wav,appliance_beep,fsd50k,0.0,fsd50k:186427
/Users/rajsingh/Library/CloudStorage/GoogleDrive-singhraj04.jan@gmail.com/My Drive/SAHARA/Datasets/FSD50K/FSD50K.eval_audio/397919.wav,appliance_beep,fsd50k,0.0,fsd50k:397919
/Users/rajsingh/Library/CloudStorage/GoogleDrive-singhraj04.jan@gmail.com/My Drive/SAHARA/Datasets/FSD50K/FSD50K.eval_audio/397919.wav,doorbell,fsd50k,0.0,fsd50k:397919
/Users/rajsingh/Library/CloudStorage/GoogleDrive-singhraj04.jan@gmail.com/My Drive/SAHARA/Datasets/FSD50K/FSD50K.eval_audio/209539.wav,appliance_beep,fsd50k,0.0,fsd50k:209539
/Users/rajsingh/Library/CloudStorage/GoogleDrive-singhraj04.jan@gmail.com/My Drive/SAHARA/Datasets/FSD50K/FSD50K.eval_audio/425111.wav,appliance_beep,fsd50k,0.0,fsd50k:425111
/Users/rajsingh/Library/CloudStorage/GoogleDrive-singhraj04.jan@gmail.com/My Drive/SAHARA/Datasets/FSD50K/FSD50K.eval_audio/66717.wav,appliance_beep,fsd50k,0.0,fsd50k:66717
/Users/rajsingh/Library/CloudStorage/GoogleDrive-singhraj04.jan@gmail.com/My Drive/SAHARA/Datasets/FSD50K/FSD50K.eval_audio/345275.wav,appliance_beep,fsd50k,0.0,fsd50k:345275
/Users/rajsingh/Library/CloudStorage/GoogleDrive-singhraj04.jan@gmail.com/My Drive/SAHARA/Datasets/FSD50K/FSD50K.eval_audio/345275.wav,doorbell,fsd50k,0.0,fsd50k:345275
/Users/rajsingh/Library/CloudStorage/GoogleDrive-singhraj04.jan@gmail.com/My Drive/SAHARA/Datasets/FSD50K/FSD50K.eval_audio/135873.wav,appliance_beep,fsd50k,0.0,fsd50k:135873
/Users/rajsingh/Library/CloudStorage/GoogleDrive-singhraj04.jan@gmail.com/My Drive/SAHARA/Datasets/FSD50K/FSD50K.eval_audio/185048.wav,appliance_beep,fsd50k,0.0,fsd50k:185048
/Users/rajsingh/Library/CloudStorage/GoogleDrive-singhraj04.jan@gmail.com/My Drive/SAHARA/Datasets/FSD50K/FSD50K.eval_audio/120028.wav,glass_break,fsd50k,0.0,fsd50k:120028
/Users/rajsingh/Library/CloudStorage/GoogleDrive-singhraj04.jan@gmail.com/My Drive/SAHARA/Datasets/FSD50K/FSD50K.eval_audio/377112.wav,appliance_beep,fsd50k,0.0,fsd50k:377112
/Users/rajsingh/Library/CloudStorage/GoogleDrive-singhraj04.jan@gmail.com/My Drive/SAHARA/Datasets/FSD50K/FSD50K.eval_audio/185629.wav,appliance_beep,fsd50k,0.0,fsd50k:185629
/Users/rajsingh/Library/CloudStorage/GoogleDrive-singhraj04.jan@gmail.com/My Drive/SAHARA/Datasets/FSD50K/FSD50K.eval_audio/426784.wav,appliance_beep,fsd50k,0.0,fsd50k:426784
/Users/rajsingh/Library/CloudStorage/GoogleDrive-singhraj04.jan@gmail.com/My Drive/SAHARA/Datasets/FSD50K/FSD50K.eval_audio/347956.wav,appliance_beep,fsd50k,0.0,fsd50k:347956
/Users/rajsingh/Library/CloudStorage/GoogleDrive-singhraj04.jan@gmail.com/My Drive/SAHARA/Datasets/FSD50K/FSD50K.eval_audio/397621.wav,appliance_beep,fsd50k,0.0,fsd50k:397621
/Users/rajsingh/Library/CloudStorage/GoogleDrive-singhraj04.jan@gmail.com/My Drive/SAHARA/Datasets/FSD50K/FSD50K.eval_audio/397621.wav,doorbell,fsd50k,0.0,fsd50k:397621
/Users/rajsingh/Library/CloudStorage/GoogleDrive-singhraj04.jan@gmail.com/My Drive/SAHARA/Datasets/FSD50K/FSD50K.eval_audio/424773.wav,appliance_beep,fsd50k,0.0,fsd50k:424773
/Users/rajsingh/Library/CloudStorage/GoogleDrive-singhraj04.jan@gmail.com/My Drive/SAHARA/Datasets/FSD50K/FSD50K.eval_audio/210308.wav,appliance_beep,fsd50k,0.0,fsd50k:210308
/Users/rajsingh/Library/CloudStorage/GoogleDrive-singhraj04.jan@gmail.com/My Drive/SAHARA/Datasets/FSD50K/FSD50K.eval_audio/171450.wav,appliance_beep,fsd50k,0.0,fsd50k:171450
/Users/rajsingh/Library/CloudStorage/GoogleDrive-singhraj04.jan@gmail.com/My Drive/SAHARA/Datasets/FSD50K/FSD50K.eval_audio/85458.wav,appliance_beep,fsd50k,0.0,fsd50k:85458
/Users/rajsingh/Library/CloudStorage/GoogleDrive-singhraj04.jan@gmail.com/My Drive/SAHARA/Datasets/FSD50K/FSD50K.eval_audio/2539.wav,appliance_beep,fsd50k,0.0,fsd50k:2539
/Users/rajsingh/Library/CloudStorage/GoogleDrive-singhraj04.jan@gmail.com/My Drive/SAHARA/Datasets/FSD50K/FSD50K.eval_audio/2539.wav,doorbell,fsd50k,0.0,fsd50k:2539
/Users/rajsingh/Library/CloudStorage/GoogleDrive-singhraj04.jan@gmail.com/My Drive/SAHARA/Datasets/FSD50K/FSD50K.eval_audio/232963.wav,appliance_beep,fsd50k,0.0,fsd50k:232963
/Users/rajsingh/Library/CloudStorage/GoogleDrive-singhraj04.jan@gmail.com/My Drive/SAHARA/Datasets/FSD50K/FSD50K.eval_audio/243654.wav,glass_break,fsd50k,0.0,fsd50k:243654
/Users/rajsingh/Library/CloudStorage/GoogleDrive-singhraj04.jan@gmail.com/My Drive/SAHARA/Datasets/FSD50K/FSD50K.eval_audio/219668.wav,knocking,fsd50k,0.0,fsd50k:219668
/Users/rajsingh/Library/CloudStorage/GoogleDrive-singhraj04.jan@gmail.com/My Drive/SAHARA/Datasets/FSD50K/FSD50K.eval_audio/119833.wav,knocking,fsd50k,0.0,fsd50k:119833
/Users/rajsingh/Library/CloudStorage/GoogleDrive-singhraj04.jan@gmail.com/My Drive/SAHARA/Datasets/FSD50K/FSD50K.eval_audio/369710.wav,knocking,fsd50k,0.0,fsd50k:369710
/Users/rajsingh/Library/CloudStorage/GoogleDrive-singhraj04.jan@gmail.com/My Drive/SAHARA/Datasets/FSD50K/FSD50K.eval_audio/413742.wav,knocking,fsd50k,0.0,fsd50k:413742
/Users/rajsingh/Library/CloudStorage/GoogleDrive-singhraj04.jan@gmail.com/My Drive/SAHARA/Datasets/FSD50K/FSD50K.eval_audio/96838.wav,knocking,fsd50k,0.0,fsd50k:96838
/Users/rajsingh/Library/CloudStorage/GoogleDrive-singhraj04.jan@gmail.com/My Drive/SAHARA/Datasets/FSD50K/FSD50K.eval_audio/243786.wav,knocking,fsd50k,0.0,fsd50k:243786
/Users/rajsingh/Library/CloudStorage/GoogleDrive-singhraj04.jan@gmail.com/My Drive/SAHARA/Datasets/FSD50K/FSD50K.eval_audio/235605.wav,glass_break,fsd50k,0.0,fsd50k:235605
/Users/rajsingh/Library/CloudStorage/GoogleDrive-singhraj04.jan@gmail.com/My Drive/SAHARA/Datasets/FSD50K/FSD50K.eval_audio/260224.wav,knocking,fsd50k,0.0,fsd50k:260224
/Users/rajsingh/Library/CloudStorage/GoogleDrive-singhraj04.jan@gmail.com/My Drive/SAHARA/Datasets/FSD50K/FSD50K.eval_audio/431745.wav,knocking,fsd50k,0.0,fsd50k:431745
/Users/rajsingh/Library/CloudStorage/GoogleDrive-singhraj04.jan@gmail.com/My Drive/SAHARA/Datasets/FSD50K/FSD50K.eval_audio/361116.wav,knocking,fsd50k,0.0,fsd50k:361116
/Users/rajsingh/Library/CloudStorage/GoogleDrive-singhraj04.jan@gmail.com/My Drive/SAHARA/Datasets/FSD50K/FSD50K.eval_audio/329911.wav,knocking,fsd50k,0.0,fsd50k:329911
/Users/rajsingh/Library/CloudStorage/GoogleDrive-singhraj04.jan@gmail.com/My Drive/SAHARA/Datasets/FSD50K/FSD50K.eval_audio/83640.wav,knocking,fsd50k,0.0,fsd50k:83640
/Users/rajsingh/Library/CloudStorage/GoogleDrive-singhraj04.jan@gmail.com/My Drive/SAHARA/Datasets/FSD50K/FSD50K.eval_audio/268500.wav,knocking,fsd50k,0.0,fsd50k:268500
/Users/rajsingh/Library/CloudStorage/GoogleDrive-singhraj04.jan@gmail.com/My Drive/SAHARA/Datasets/FSD50K/FSD50K.eval_audio/320733.wav,glass_break,fsd50k,0.0,fsd50k:320733
/Users/rajsingh/Library/CloudStorage/GoogleDrive-singhraj04.jan@gmail.com/My Drive/SAHARA/Datasets/FSD50K/FSD50K.eval_audio/327432.wav,knocking,fsd50k,0.0,fsd50k:327432
/Users/rajsingh/Library/CloudStorage/GoogleDrive-singhraj04.jan@gmail.com/My Drive/SAHARA/Datasets/FSD50K/FSD50K.eval_audio/419089.wav,knocking,fsd50k,0.0,fsd50k:419089
/Users/rajsingh/Library/CloudStorage/GoogleDrive-singhraj04.jan@gmail.com/My Drive/SAHARA/Datasets/FSD50K/FSD50K.eval_audio/347944.wav,knocking,fsd50k,0.0,fsd50k:347944
/Users/rajsingh/Library/CloudStorage/GoogleDrive-singhraj04.jan@gmail.com/My Drive/SAHARA/Datasets/FSD50K/FSD50K.eval_audio/197979.wav,knocking,fsd50k,0.0,fsd50k:197979
/Users/rajsingh/Library/CloudStorage/GoogleDrive-singhraj04.jan@gmail.com/My Drive/SAHARA/Datasets/FSD50K/FSD50K.eval_audio/372573.wav,knocking,fsd50k,0.0,fsd50k:372573
/Users/rajsingh/Library/CloudStorage/GoogleDrive-singhraj04.jan@gmail.com/My Drive/SAHARA/Datasets/FSD50K/FSD50K.eval_audio/66397.wav,knocking,fsd50k,0.0,fsd50k:66397
/Users/rajsingh/Library/CloudStorage/GoogleDrive-singhraj04.jan@gmail.com/My Drive/SAHARA/Datasets/FSD50K/FSD50K.eval_audio/416117.wav,knocking,fsd50k,0.0,fsd50k:416117
/Users/rajsingh/Library/CloudStorage/GoogleDrive-singhraj04.jan@gmail.com/My Drive/SAHARA/Datasets/FSD50K/FSD50K.eval_audio/338299.wav,knocking,fsd50k,0.0,fsd50k:338299
/Users/rajsingh/Library/CloudStorage/GoogleDrive-singhraj04.jan@gmail.com/My Drive/SAHARA/Datasets/FSD50K/FSD50K.eval_audio/420735.wav,knocking,fsd50k,0.0,fsd50k:420735
/Users/rajsingh/Library/CloudStorage/GoogleDrive-singhraj04.jan@gmail.com/My Drive/SAHARA/Datasets/FSD50K/FSD50K.eval_audio/351144.wav,knocking,fsd50k,0.0,fsd50k:351144
/Users/rajsingh/Library/CloudStorage/GoogleDrive-singhraj04.jan@gmail.com/My Drive/SAHARA/Datasets/FSD50K/FSD50K.eval_audio/34261.wav,knocking,fsd50k,0.0,fsd50k:34261
/Users/rajsingh/Library/CloudStorage/GoogleDrive-singhraj04.jan@gmail.com/My Drive/SAHARA/Datasets/FSD50K/FSD50K.eval_audio/34260.wav,knocking,fsd50k,0.0,fsd50k:34260
/Users/rajsingh/Library/CloudStorage/GoogleDrive-singhraj04.jan@gmail.com/My Drive/SAHARA/Datasets/FSD50K/FSD50K.eval_audio/202231.wav,knocking,fsd50k,0.0,fsd50k:202231
/Users/rajsingh/Library/CloudStorage/GoogleDrive-singhraj04.jan@gmail.com/My Drive/SAHARA/Datasets/FSD50K/FSD50K.eval_audio/334988.wav,knocking,fsd50k,0.0,fsd50k:334988
/Users/rajsingh/Library/CloudStorage/GoogleDrive-singhraj04.jan@gmail.com/My Drive/SAHARA/Datasets/FSD50K/FSD50K.eval_audio/337721.wav,knocking,fsd50k,0.0,fsd50k:337721
/Users/rajsingh/Library/CloudStorage/GoogleDrive-singhraj04.jan@gmail.com/My Drive/SAHARA/Datasets/FSD50K/FSD50K.eval_audio/407188.wav,glass_break,fsd50k,0.0,fsd50k:407188
/Users/rajsingh/Library/CloudStorage/GoogleDrive-singhraj04.jan@gmail.com/My Drive/SAHARA/Datasets/FSD50K/FSD50K.eval_audio/424461.wav,glass_break,fsd50k,0.0,fsd50k:424461
/Users/rajsingh/Library/CloudStorage/GoogleDrive-singhraj04.jan@gmail.com/My Drive/SAHARA/Datasets/FSD50K/FSD50K.eval_audio/198395.wav,glass_break,fsd50k,0.0,fsd50k:198395
/Users/rajsingh/Library/CloudStorage/GoogleDrive-singhraj04.jan@gmail.com/My Drive/SAHARA/Datasets/FSD50K/FSD50K.eval_audio/330300.wav,glass_break,fsd50k,0.0,fsd50k:330300
/Users/rajsingh/Library/CloudStorage/GoogleDrive-singhraj04.jan@gmail.com/My Drive/SAHARA/Datasets/FSD50K/FSD50K.eval_audio/364835.wav,knocking,fsd50k,0.0,fsd50k:364835
/Users/rajsingh/Library/CloudStorage/GoogleDrive-singhraj04.jan@gmail.com/My Drive/SAHARA/Datasets/FSD50K/FSD50K.eval_audio/23299.wav,glass_break,fsd50k,0.0,fsd50k:23299
/Users/rajsingh/Library/CloudStorage/GoogleDrive-singhraj04.jan@gmail.com/My Drive/SAHARA/Datasets/FSD50K/FSD50K.eval_audio/131202.wav,glass_break,fsd50k,0.0,fsd50k:131202
/Users/rajsingh/Library/CloudStorage/GoogleDrive-singhraj04.jan@gmail.com/My Drive/SAHARA/Datasets/FSD50K/FSD50K.eval_audio/245204.wav,glass_break,fsd50k,0.0,fsd50k:245204
/Users/rajsingh/Library/CloudStorage/GoogleDrive-singhraj04.jan@gmail.com/My Drive/SAHARA/Datasets/FSD50K/FSD50K.eval_audio/275580.wav,glass_break,fsd50k,0.0,fsd50k:275580
/Users/rajsingh/Library/CloudStorage/GoogleDrive-singhraj04.jan@gmail.com/My Drive/SAHARA/Datasets/FSD50K/FSD50K.eval_audio/180694.wav,glass_break,fsd50k,0.0,fsd50k:180694
/Users/rajsingh/Library/CloudStorage/GoogleDrive-singhraj04.jan@gmail.com/My Drive/SAHARA/Datasets/FSD50K/FSD50K.eval_audio/394057.wav,glass_break,fsd50k,0.0,fsd50k:394057
/Users/rajsingh/Library/CloudStorage/GoogleDrive-singhraj04.jan@gmail.com/My Drive/SAHARA/Datasets/FSD50K/FSD50K.eval_audio/429494.wav,glass_break,fsd50k,0.0,fsd50k:429494
/Users/rajsingh/Library/CloudStorage/GoogleDrive-singhraj04.jan@gmail.com/My Drive/SAHARA/Datasets/FSD50K/FSD50K.eval_audio/35213.wav,glass_break,fsd50k,0.0,fsd50k:35213
/Users/rajsingh/Library/CloudStorage/GoogleDrive-singhraj04.jan@gmail.com/My Drive/SAHARA/Datasets/FSD50K/FSD50K.eval_audio/198396.wav,glass_break,fsd50k,0.0,fsd50k:198396
/Users/rajsingh/Library/CloudStorage/GoogleDrive-singhraj04.jan@gmail.com/My Drive/SAHARA/Datasets/FSD50K/FSD50K.eval_audio/67273.wav,glass_break,fsd50k,0.0,fsd50k:67273
/Users/rajsingh/Library/CloudStorage/GoogleDrive-singhraj04.jan@gmail.com/My Drive/SAHARA/Datasets/FSD50K/FSD50K.eval_audio/344131.wav,glass_break,fsd50k,0.0,fsd50k:344131
/Users/rajsingh/Library/CloudStorage/GoogleDrive-singhraj04.jan@gmail.com/My Drive/SAHARA/Datasets/FSD50K/FSD50K.eval_audio/134848.wav,glass_break,fsd50k,0.0,fsd50k:134848
/Users/rajsingh/Library/CloudStorage/GoogleDrive-singhraj04.jan@gmail.com/My Drive/SAHARA/Datasets/FSD50K/FSD50K.eval_audio/198397.wav,glass_break,fsd50k,0.0,fsd50k:198397
/Users/rajsingh/Library/CloudStorage/GoogleDrive-singhraj04.jan@gmail.com/My Drive/SAHARA/Datasets/FSD50K/FSD50K.eval_audio/393140.wav,glass_break,fsd50k,0.0,fsd50k:393140
/Users/rajsingh/Library/CloudStorage/GoogleDrive-singhraj04.jan@gmail.com/My Drive/SAHARA/Datasets/FSD50K/FSD50K.eval_audio/193060.wav,glass_break,fsd50k,0.0,fsd50k:193060
/Users/rajsingh/Library/CloudStorage/GoogleDrive-singhraj04.jan@gmail.com/My Drive/SAHARA/Datasets/FSD50K/FSD50K.eval_audio/275581.wav,knocking,fsd50k,0.0,fsd50k:275581
/Users/rajsingh/Library/CloudStorage/GoogleDrive-singhraj04.jan@gmail.com/My Drive/SAHARA/Datasets/FSD50K/FSD50K.eval_audio/275581.wav,glass_break,fsd50k,0.0,fsd50k:275581
/Users/rajsingh/Library/CloudStorage/GoogleDrive-singhraj04.jan@gmail.com/My Drive/SAHARA/Datasets/FSD50K/FSD50K.eval_audio/118799.wav,glass_break,fsd50k,0.0,fsd50k:118799
/Users/rajsingh/Library/CloudStorage/GoogleDrive-singhraj04.jan@gmail.com/My Drive/SAHARA/Datasets/FSD50K/FSD50K.eval_audio/239006.wav,glass_break,fsd50k,0.0,fsd50k:239006
/Users/rajsingh/Library/CloudStorage/GoogleDrive-singhraj04.jan@gmail.com/My Drive/SAHARA/Datasets/FSD50K/FSD50K.eval_audio/48235.wav,glass_break,fsd50k,0.0,fsd50k:48235
/Users/rajsingh/Library/CloudStorage/GoogleDrive-singhraj04.jan@gmail.com/My Drive/SAHARA/Datasets/FSD50K/FSD50K.eval_audio/331965.wav,glass_break,fsd50k,0.0,fsd50k:331965
/Users/rajsingh/Library/CloudStorage/GoogleDrive-singhraj04.jan@gmail.com/My Drive/SAHARA/Datasets/FSD50K/FSD50K.eval_audio/255565.wav,glass_break,fsd50k,0.0,fsd50k:255565
/Users/rajsingh/Library/CloudStorage/GoogleDrive-singhraj04.jan@gmail.com/My Drive/SAHARA/Datasets/FSD50K/FSD50K.eval_audio/96030.wav,glass_break,fsd50k,0.0,fsd50k:96030
/Users/rajsingh/Library/CloudStorage/GoogleDrive-singhraj04.jan@gmail.com/My Drive/SAHARA/Datasets/FSD50K/FSD50K.eval_audio/369910.wav,glass_break,fsd50k,0.0,fsd50k:369910
/Users/rajsingh/Library/CloudStorage/GoogleDrive-singhraj04.jan@gmail.com/My Drive/SAHARA/Datasets/FSD50K/FSD50K.eval_audio/237230.wav,glass_break,fsd50k,0.0,fsd50k:237230
/Users/rajsingh/Library/CloudStorage/GoogleDrive-singhraj04.jan@gmail.com/My Drive/SAHARA/Datasets/FSD50K/FSD50K.eval_audio/260721.wav,glass_break,fsd50k,0.0,fsd50k:260721
/Users/rajsingh/Library/CloudStorage/GoogleDrive-singhraj04.jan@gmail.com/My Drive/SAHARA/Datasets/FSD50K/FSD50K.eval_audio/118796.wav,glass_break,fsd50k,0.0,fsd50k:118796
/Users/rajsingh/Library/CloudStorage/GoogleDrive-singhraj04.jan@gmail.com/My Drive/SAHARA/Datasets/FSD50K/FSD50K.eval_audio/433539.wav,glass_break,fsd50k,0.0,fsd50k:433539
/Users/rajsingh/Library/CloudStorage/GoogleDrive-singhraj04.jan@gmail.com/My Drive/SAHARA/Datasets/FSD50K/FSD50K.eval_audio/206144.wav,glass_break,fsd50k,0.0,fsd50k:206144
/Users/rajsingh/Library/CloudStorage/GoogleDrive-singhraj04.jan@gmail.com/My Drive/SAHARA/Datasets/FSD50K/FSD50K.eval_audio/38957.wav,glass_break,fsd50k,0.0,fsd50k:38957
/Users/rajsingh/Library/CloudStorage/GoogleDrive-singhraj04.jan@gmail.com/My Drive/SAHARA/Datasets/FSD50K/FSD50K.eval_audio/94761.wav,appliance_beep,fsd50k,0.0,fsd50k:94761
/Users/rajsingh/Library/CloudStorage/GoogleDrive-singhraj04.jan@gmail.com/My Drive/SAHARA/Datasets/FSD50K/FSD50K.eval_audio/85704.wav,glass_break,fsd50k,0.0,fsd50k:85704
/Users/rajsingh/Library/CloudStorage/GoogleDrive-singhraj04.jan@gmail.com/My Drive/SAHARA/Datasets/FSD50K/FSD50K.eval_audio/198394.wav,glass_break,fsd50k,0.0,fsd50k:198394
/Users/rajsingh/Library/CloudStorage/GoogleDrive-singhraj04.jan@gmail.com/My Drive/SAHARA/Datasets/FSD50K/FSD50K.eval_audio/427812.wav,appliance_beep,fsd50k,0.0,fsd50k:427812
/Users/rajsingh/Library/CloudStorage/GoogleDrive-singhraj04.jan@gmail.com/My Drive/SAHARA/Datasets/FSD50K/FSD50K.eval_audio/57771.wav,appliance_beep,fsd50k,0.0,fsd50k:57771
/Users/rajsingh/Library/CloudStorage/GoogleDrive-singhraj04.jan@gmail.com/My Drive/SAHARA/Datasets/FSD50K/FSD50K.eval_audio/57771.wav,doorbell,fsd50k,0.0,fsd50k:57771
/Users/rajsingh/Library/CloudStorage/GoogleDrive-singhraj04.jan@gmail.com/My Drive/SAHARA/Datasets/FSD50K/FSD50K.eval_audio/342654.wav,appliance_beep,fsd50k,0.0,fsd50k:342654
/Users/rajsingh/Library/CloudStorage/GoogleDrive-singhraj04.jan@gmail.com/My Drive/SAHARA/Datasets/FSD50K/FSD50K.eval_audio/342654.wav,doorbell,fsd50k,0.0,fsd50k:342654
/Users/rajsingh/Library/CloudStorage/GoogleDrive-singhraj04.jan@gmail.com/My Drive/SAHARA/Datasets/FSD50K/FSD50K.eval_audio/209979.wav,glass_break,fsd50k,0.0,fsd50k:209979
/Users/rajsingh/Library/CloudStorage/GoogleDrive-singhraj04.jan@gmail.com/My Drive/SAHARA/Datasets/FSD50K/FSD50K.eval_audio/76732.wav,appliance_beep,fsd50k,0.0,fsd50k:76732
/Users/rajsingh/Library/CloudStorage/GoogleDrive-singhraj04.jan@gmail.com/My Drive/SAHARA/Datasets/FSD50K/FSD50K.eval_audio/380812.wav,knocking,fsd50k,0.0,fsd50k:380812
/Users/rajsingh/Library/CloudStorage/GoogleDrive-singhraj04.jan@gmail.com/My Drive/SAHARA/Datasets/FSD50K/FSD50K.eval_audio/170902.wav,knocking,fsd50k,0.0,fsd50k:170902
/Users/rajsingh/Library/CloudStorage/GoogleDrive-singhraj04.jan@gmail.com/My Drive/SAHARA/Datasets/FSD50K/FSD50K.eval_audio/372230.wav,knocking,fsd50k,0.0,fsd50k:372230
/Users/rajsingh/Library/CloudStorage/GoogleDrive-singhraj04.jan@gmail.com/My Drive/SAHARA/Datasets/FSD50K/FSD50K.eval_audio/410294.wav,knocking,fsd50k,0.0,fsd50k:410294
/Users/rajsingh/Library/CloudStorage/GoogleDrive-singhraj04.jan@gmail.com/My Drive/SAHARA/Datasets/FSD50K/FSD50K.eval_audio/238287.wav,knocking,fsd50k,0.0,fsd50k:238287
/Users/rajsingh/Library/CloudStorage/GoogleDrive-singhraj04.jan@gmail.com/My Drive/SAHARA/Datasets/FSD50K/FSD50K.eval_audio/232848.wav,knocking,fsd50k,0.0,fsd50k:232848
/Users/rajsingh/Library/CloudStorage/GoogleDrive-singhraj04.jan@gmail.com/My Drive/SAHARA/Datasets/FSD50K/FSD50K.eval_audio/394162.wav,knocking,fsd50k,0.0,fsd50k:394162
/Users/rajsingh/Library/CloudStorage/GoogleDrive-singhraj04.jan@gmail.com/My Drive/SAHARA/Datasets/FSD50K/FSD50K.eval_audio/328126.wav,knocking,fsd50k,0.0,fsd50k:328126
/Users/rajsingh/Library/CloudStorage/GoogleDrive-singhraj04.jan@gmail.com/My Drive/SAHARA/Datasets/FSD50K/FSD50K.eval_audio/254981.wav,knocking,fsd50k,0.0,fsd50k:254981
/Users/rajsingh/Library/CloudStorage/GoogleDrive-singhraj04.jan@gmail.com/My Drive/SAHARA/Datasets/FSD50K/FSD50K.eval_audio/67304.wav,knocking,fsd50k,0.0,fsd50k:67304
/Users/rajsingh/Library/CloudStorage/GoogleDrive-singhraj04.jan@gmail.com/My Drive/SAHARA/Datasets/FSD50K/FSD50K.eval_audio/41862.wav,knocking,fsd50k,0.0,fsd50k:41862
/Users/rajsingh/Library/CloudStorage/GoogleDrive-singhraj04.jan@gmail.com/My Drive/SAHARA/Datasets/FSD50K/FSD50K.eval_audio/154378.wav,knocking,fsd50k,0.0,fsd50k:154378
/Users/rajsingh/Library/CloudStorage/GoogleDrive-singhraj04.jan@gmail.com/My Drive/SAHARA/Datasets/FSD50K/FSD50K.eval_audio/407191.wav,knocking,fsd50k,0.0,fsd50k:407191
/Users/rajsingh/Library/CloudStorage/GoogleDrive-singhraj04.jan@gmail.com/My Drive/SAHARA/Datasets/FSD50K/FSD50K.eval_audio/329924.wav,knocking,fsd50k,0.0,fsd50k:329924
/Users/rajsingh/Library/CloudStorage/GoogleDrive-singhraj04.jan@gmail.com/My Drive/SAHARA/Datasets/FSD50K/FSD50K.eval_audio/347585.wav,knocking,fsd50k,0.0,fsd50k:347585
/Users/rajsingh/Library/CloudStorage/GoogleDrive-singhraj04.jan@gmail.com/My Drive/SAHARA/Datasets/FSD50K/FSD50K.eval_audio/383761.wav,knocking,fsd50k,0.0,fsd50k:383761
/Users/rajsingh/Library/CloudStorage/GoogleDrive-singhraj04.jan@gmail.com/My Drive/SAHARA/Datasets/FSD50K/FSD50K.eval_audio/174640.wav,knocking,fsd50k,0.0,fsd50k:174640
/Users/rajsingh/Library/CloudStorage/GoogleDrive-singhraj04.jan@gmail.com/My Drive/SAHARA/Datasets/FSD50K/FSD50K.eval_audio/65925.wav,knocking,fsd50k,0.0,fsd50k:65925
/Users/rajsingh/Library/CloudStorage/GoogleDrive-singhraj04.jan@gmail.com/My Drive/SAHARA/Datasets/FSD50K/FSD50K.eval_audio/347401.wav,knocking,fsd50k,0.0,fsd50k:347401
/Users/rajsingh/Library/CloudStorage/GoogleDrive-singhraj04.jan@gmail.com/My Drive/SAHARA/Datasets/FSD50K/FSD50K.eval_audio/94773.wav,knocking,fsd50k,0.0,fsd50k:94773
/Users/rajsingh/Library/CloudStorage/GoogleDrive-singhraj04.jan@gmail.com/My Drive/SAHARA/Datasets/FSD50K/FSD50K.eval_audio/372231.wav,knocking,fsd50k,0.0,fsd50k:372231
/Users/rajsingh/Library/CloudStorage/GoogleDrive-singhraj04.jan@gmail.com/My Drive/SAHARA/Datasets/FSD50K/FSD50K.eval_audio/152614.wav,knocking,fsd50k,0.0,fsd50k:152614
/Users/rajsingh/Library/CloudStorage/GoogleDrive-singhraj04.jan@gmail.com/My Drive/SAHARA/Datasets/FSD50K/FSD50K.eval_audio/199882.wav,knocking,fsd50k,0.0,fsd50k:199882
/Users/rajsingh/Library/CloudStorage/GoogleDrive-singhraj04.jan@gmail.com/My Drive/SAHARA/Datasets/FSD50K/FSD50K.eval_audio/82421.wav,knocking,fsd50k,0.0,fsd50k:82421
/Users/rajsingh/Library/CloudStorage/GoogleDrive-singhraj04.jan@gmail.com/My Drive/SAHARA/Datasets/FSD50K/FSD50K.eval_audio/83136.wav,knocking,fsd50k,0.0,fsd50k:83136
/Users/rajsingh/Library/CloudStorage/GoogleDrive-singhraj04.jan@gmail.com/My Drive/SAHARA/Datasets/FSD50K/FSD50K.eval_audio/152594.wav,knocking,fsd50k,0.0,fsd50k:152594
/Users/rajsingh/Library/CloudStorage/GoogleDrive-singhraj04.jan@gmail.com/My Drive/SAHARA/Datasets/FSD50K/FSD50K.eval_audio/23710.wav,knocking,fsd50k,0.0,fsd50k:23710
/Users/rajsingh/Library/CloudStorage/GoogleDrive-singhraj04.jan@gmail.com/My Drive/SAHARA/Datasets/FSD50K/FSD50K.eval_audio/346715.wav,knocking,fsd50k,0.0,fsd50k:346715
/Users/rajsingh/Library/CloudStorage/GoogleDrive-singhraj04.jan@gmail.com/My Drive/SAHARA/Datasets/FSD50K/FSD50K.eval_audio/430844.wav,knocking,fsd50k,0.0,fsd50k:430844
/Users/rajsingh/Library/CloudStorage/GoogleDrive-singhraj04.jan@gmail.com/My Drive/SAHARA/Datasets/FSD50K/FSD50K.eval_audio/265044.wav,knocking,fsd50k,0.0,fsd50k:265044
/Users/rajsingh/Library/CloudStorage/GoogleDrive-singhraj04.jan@gmail.com/My Drive/SAHARA/Datasets/FSD50K/FSD50K.eval_audio/194365.wav,knocking,fsd50k,0.0,fsd50k:194365
/Users/rajsingh/Library/CloudStorage/GoogleDrive-singhraj04.jan@gmail.com/My Drive/SAHARA/Datasets/FSD50K/FSD50K.eval_audio/181923.wav,knocking,fsd50k,0.0,fsd50k:181923
/Users/rajsingh/Library/CloudStorage/GoogleDrive-singhraj04.jan@gmail.com/My Drive/SAHARA/Datasets/FSD50K/FSD50K.eval_audio/171973.wav,knocking,fsd50k,0.0,fsd50k:171973
/Users/rajsingh/Library/CloudStorage/GoogleDrive-singhraj04.jan@gmail.com/My Drive/SAHARA/Datasets/FSD50K/FSD50K.eval_audio/402612.wav,knocking,fsd50k,0.0,fsd50k:402612
/Users/rajsingh/Library/CloudStorage/GoogleDrive-singhraj04.jan@gmail.com/My Drive/SAHARA/Datasets/FSD50K/FSD50K.eval_audio/372232.wav,knocking,fsd50k,0.0,fsd50k:372232
/Users/rajsingh/Library/CloudStorage/GoogleDrive-singhraj04.jan@gmail.com/My Drive/SAHARA/Datasets/FSD50K/FSD50K.eval_audio/199879.wav,knocking,fsd50k,0.0,fsd50k:199879
/Users/rajsingh/Library/CloudStorage/GoogleDrive-singhraj04.jan@gmail.com/My Drive/SAHARA/Datasets/FSD50K/FSD50K.eval_audio/399811.wav,knocking,fsd50k,0.0,fsd50k:399811
/Users/rajsingh/Library/CloudStorage/GoogleDrive-singhraj04.jan@gmail.com/My Drive/SAHARA/Datasets/FSD50K/FSD50K.eval_audio/127800.wav,knocking,fsd50k,0.0,fsd50k:127800
/Users/rajsingh/Library/CloudStorage/GoogleDrive-singhraj04.jan@gmail.com/My Drive/SAHARA/Datasets/FSD50K/FSD50K.eval_audio/26781.wav,knocking,fsd50k,0.0,fsd50k:26781
/Users/rajsingh/Library/CloudStorage/GoogleDrive-singhraj04.jan@gmail.com/My Drive/SAHARA/Datasets/FSD50K/FSD50K.eval_audio/53442.wav,knocking,fsd50k,0.0,fsd50k:53442
/Users/rajsingh/Library/CloudStorage/GoogleDrive-singhraj04.jan@gmail.com/My Drive/SAHARA/Datasets/FSD50K/FSD50K.eval_audio/85087.wav,knocking,fsd50k,0.0,fsd50k:85087
/Users/rajsingh/Library/CloudStorage/GoogleDrive-singhraj04.jan@gmail.com/My Drive/SAHARA/Datasets/FSD50K/FSD50K.eval_audio/98851.wav,knocking,fsd50k,0.0,fsd50k:98851
/Users/rajsingh/Library/CloudStorage/GoogleDrive-singhraj04.jan@gmail.com/My Drive/SAHARA/Datasets/FSD50K/FSD50K.eval_audio/186517.wav,knocking,fsd50k,0.0,fsd50k:186517
/Users/rajsingh/Library/CloudStorage/GoogleDrive-singhraj04.jan@gmail.com/My Drive/SAHARA/Datasets/FSD50K/FSD50K.eval_audio/379121.wav,knocking,fsd50k,0.0,fsd50k:379121
/Users/rajsingh/Library/CloudStorage/GoogleDrive-singhraj04.jan@gmail.com/My Drive/SAHARA/Datasets/FSD50K/FSD50K.eval_audio/152593.wav,knocking,fsd50k,0.0,fsd50k:152593
/Users/rajsingh/Library/CloudStorage/GoogleDrive-singhraj04.jan@gmail.com/My Drive/SAHARA/Datasets/FSD50K/FSD50K.eval_audio/154463.wav,knocking,fsd50k,0.0,fsd50k:154463
/Users/rajsingh/Library/CloudStorage/GoogleDrive-singhraj04.jan@gmail.com/My Drive/SAHARA/Datasets/FSD50K/FSD50K.eval_audio/345599.wav,knocking,fsd50k,0.0,fsd50k:345599
/Users/rajsingh/Library/CloudStorage/GoogleDrive-singhraj04.jan@gmail.com/My Drive/SAHARA/Datasets/FSD50K/FSD50K.eval_audio/402452.wav,knocking,fsd50k,0.0,fsd50k:402452
/Users/rajsingh/Library/CloudStorage/GoogleDrive-singhraj04.jan@gmail.com/My Drive/SAHARA/Datasets/FSD50K/FSD50K.eval_audio/142350.wav,knocking,fsd50k,0.0,fsd50k:142350
/Users/rajsingh/Library/CloudStorage/GoogleDrive-singhraj04.jan@gmail.com/My Drive/SAHARA/Datasets/FSD50K/FSD50K.eval_audio/403691.wav,knocking,fsd50k,0.0,fsd50k:403691
/Users/rajsingh/Library/CloudStorage/GoogleDrive-singhraj04.jan@gmail.com/My Drive/SAHARA/Datasets/FSD50K/FSD50K.eval_audio/135428.wav,knocking,fsd50k,0.0,fsd50k:135428
/Users/rajsingh/Library/CloudStorage/GoogleDrive-singhraj04.jan@gmail.com/My Drive/SAHARA/Datasets/FSD50K/FSD50K.eval_audio/429964.wav,knocking,fsd50k,0.0,fsd50k:429964
/Users/rajsingh/Library/CloudStorage/GoogleDrive-singhraj04.jan@gmail.com/My Drive/SAHARA/Datasets/FSD50K/FSD50K.eval_audio/210536.wav,knocking,fsd50k,0.0,fsd50k:210536
/Users/rajsingh/Library/CloudStorage/GoogleDrive-singhraj04.jan@gmail.com/My Drive/SAHARA/Datasets/FSD50K/FSD50K.eval_audio/399825.wav,knocking,fsd50k,0.0,fsd50k:399825
/Users/rajsingh/Library/CloudStorage/GoogleDrive-singhraj04.jan@gmail.com/My Drive/SAHARA/Datasets/FSD50K/FSD50K.eval_audio/210535.wav,knocking,fsd50k,0.0,fsd50k:210535
/Users/rajsingh/Library/CloudStorage/GoogleDrive-singhraj04.jan@gmail.com/My Drive/SAHARA/Datasets/FSD50K/FSD50K.eval_audio/395095.wav,knocking,fsd50k,0.0,fsd50k:395095
/Users/rajsingh/Library/CloudStorage/GoogleDrive-singhraj04.jan@gmail.com/My Drive/SAHARA/Datasets/FSD50K/FSD50K.eval_audio/353036.wav,knocking,fsd50k,0.0,fsd50k:353036
/Users/rajsingh/Library/CloudStorage/GoogleDrive-singhraj04.jan@gmail.com/My Drive/SAHARA/Datasets/FSD50K/FSD50K.eval_audio/347609.wav,knocking,fsd50k,0.0,fsd50k:347609
/Users/rajsingh/Library/CloudStorage/GoogleDrive-singhraj04.jan@gmail.com/My Drive/SAHARA/Datasets/FSD50K/FSD50K.eval_audio/83910.wav,knocking,fsd50k,0.0,fsd50k:83910
/Users/rajsingh/Library/CloudStorage/GoogleDrive-singhraj04.jan@gmail.com/My Drive/SAHARA/Datasets/FSD50K/FSD50K.eval_audio/60748.wav,knocking,fsd50k,0.0,fsd50k:60748
/Users/rajsingh/Library/CloudStorage/GoogleDrive-singhraj04.jan@gmail.com/My Drive/SAHARA/Datasets/FSD50K/FSD50K.eval_audio/366236.wav,knocking,fsd50k,0.0,fsd50k:366236
/Users/rajsingh/Library/CloudStorage/GoogleDrive-singhraj04.jan@gmail.com/My Drive/SAHARA/Datasets/FSD50K/FSD50K.eval_audio/388270.wav,knocking,fsd50k,0.0,fsd50k:388270
/Users/rajsingh/Library/CloudStorage/GoogleDrive-singhraj04.jan@gmail.com/My Drive/SAHARA/Datasets/FSD50K/FSD50K.eval_audio/114254.wav,knocking,fsd50k,0.0,fsd50k:114254
/Users/rajsingh/Library/CloudStorage/GoogleDrive-singhraj04.jan@gmail.com/My Drive/SAHARA/Datasets/FSD50K/FSD50K.eval_audio/187284.wav,knocking,fsd50k,0.0,fsd50k:187284
/Users/rajsingh/Library/CloudStorage/GoogleDrive-singhraj04.jan@gmail.com/My Drive/SAHARA/Datasets/FSD50K/FSD50K.eval_audio/352673.wav,knocking,fsd50k,0.0,fsd50k:352673
/Users/rajsingh/Library/CloudStorage/GoogleDrive-singhraj04.jan@gmail.com/My Drive/SAHARA/Datasets/FSD50K/FSD50K.eval_audio/335393.wav,knocking,fsd50k,0.0,fsd50k:335393
/Users/rajsingh/Library/CloudStorage/GoogleDrive-singhraj04.jan@gmail.com/My Drive/SAHARA/Datasets/FSD50K/FSD50K.eval_audio/408590.wav,knocking,fsd50k,0.0,fsd50k:408590
/Users/rajsingh/Library/CloudStorage/GoogleDrive-singhraj04.jan@gmail.com/My Drive/SAHARA/Datasets/FSD50K/FSD50K.eval_audio/399826.wav,knocking,fsd50k,0.0,fsd50k:399826
/Users/rajsingh/Library/CloudStorage/GoogleDrive-singhraj04.jan@gmail.com/My Drive/SAHARA/Datasets/FSD50K/FSD50K.eval_audio/206153.wav,glass_break,fsd50k,0.0,fsd50k:206153
/Users/rajsingh/Library/CloudStorage/GoogleDrive-singhraj04.jan@gmail.com/My Drive/SAHARA/Datasets/FSD50K/FSD50K.eval_audio/317012.wav,glass_break,fsd50k,0.0,fsd50k:317012
/Users/rajsingh/Library/CloudStorage/GoogleDrive-singhraj04.jan@gmail.com/My Drive/SAHARA/Datasets/FSD50K/FSD50K.eval_audio/397270.wav,glass_break,fsd50k,0.0,fsd50k:397270
/Users/rajsingh/Library/CloudStorage/GoogleDrive-singhraj04.jan@gmail.com/My Drive/SAHARA/Datasets/FSD50K/FSD50K.eval_audio/366957.wav,glass_break,fsd50k,0.0,fsd50k:366957
/Users/rajsingh/Library/CloudStorage/GoogleDrive-singhraj04.jan@gmail.com/My Drive/SAHARA/Datasets/FSD50K/FSD50K.eval_audio/339464.wav,glass_break,fsd50k,0.0,fsd50k:339464
/Users/rajsingh/Library/CloudStorage/GoogleDrive-singhraj04.jan@gmail.com/My Drive/SAHARA/Datasets/FSD50K/FSD50K.eval_audio/395079.wav,glass_break,fsd50k,0.0,fsd50k:395079
/Users/rajsingh/Library/CloudStorage/GoogleDrive-singhraj04.jan@gmail.com/My Drive/SAHARA/Datasets/FSD50K/FSD50K.eval_audio/393465.wav,appliance_beep,fsd50k,0.0,fsd50k:393465
/Users/rajsingh/Library/CloudStorage/GoogleDrive-singhraj04.jan@gmail.com/My Drive/SAHARA/Datasets/FSD50K/FSD50K.eval_audio/206171.wav,glass_break,fsd50k,0.0,fsd50k:206171
/Users/rajsingh/Library/CloudStorage/GoogleDrive-singhraj04.jan@gmail.com/My Drive/SAHARA/Datasets/FSD50K/FSD50K.eval_audio/38542.wav,glass_break,fsd50k,0.0,fsd50k:38542
/Users/rajsingh/Library/CloudStorage/GoogleDrive-singhraj04.jan@gmail.com/My Drive/SAHARA/Datasets/FSD50K/FSD50K.eval_audio/327668.wav,glass_break,fsd50k,0.0,fsd50k:327668
/Users/rajsingh/Library/CloudStorage/GoogleDrive-singhraj04.jan@gmail.com/My Drive/SAHARA/Datasets/FSD50K/FSD50K.eval_audio/206151.wav,glass_break,fsd50k,0.0,fsd50k:206151
/Users/rajsingh/Library/CloudStorage/GoogleDrive-singhraj04.jan@gmail.com/My Drive/SAHARA/Datasets/FSD50K/FSD50K.eval_audio/391496.wav,glass_break,fsd50k,0.0,fsd50k:391496
/Users/rajsingh/Library/CloudStorage/GoogleDrive-singhraj04.jan@gmail.com/My Drive/SAHARA/Datasets/FSD50K/FSD50K.eval_audio/402166.wav,glass_break,fsd50k,0.0,fsd50k:402166
/Users/rajsingh/Library/CloudStorage/GoogleDrive-singhraj04.jan@gmail.com/My Drive/SAHARA/Datasets/FSD50K/FSD50K.eval_audio/404410.wav,glass_break,fsd50k,0.0,fsd50k:404410
/Users/rajsingh/Library/CloudStorage/GoogleDrive-singhraj04.jan@gmail.com/My Drive/SAHARA/Datasets/FSD50K/FSD50K.eval_audio/186419.wav,glass_break,fsd50k,0.0,fsd50k:186419
/Users/rajsingh/Library/CloudStorage/GoogleDrive-singhraj04.jan@gmail.com/My Drive/SAHARA/Datasets/FSD50K/FSD50K.eval_audio/214356.wav,glass_break,fsd50k,0.0,fsd50k:214356
/Users/rajsingh/Library/CloudStorage/GoogleDrive-singhraj04.jan@gmail.com/My Drive/SAHARA/Datasets/FSD50K/FSD50K.eval_audio/390342.wav,glass_break,fsd50k,0.0,fsd50k:390342
/Users/rajsingh/Library/CloudStorage/GoogleDrive-singhraj04.jan@gmail.com/My Drive/SAHARA/Datasets/FSD50K/FSD50K.eval_audio/105385.wav,glass_break,fsd50k,0.0,fsd50k:105385
/Users/rajsingh/Library/CloudStorage/GoogleDrive-singhraj04.jan@gmail.com/My Drive/SAHARA/Datasets/FSD50K/FSD50K.eval_audio/379506.wav,glass_break,fsd50k,0.0,fsd50k:379506
/Users/rajsingh/Library/CloudStorage/GoogleDrive-singhraj04.jan@gmail.com/My Drive/SAHARA/Datasets/FSD50K/FSD50K.eval_audio/390340.wav,glass_break,fsd50k,0.0,fsd50k:390340
/Users/rajsingh/Library/CloudStorage/GoogleDrive-singhraj04.jan@gmail.com/My Drive/SAHARA/Datasets/FSD50K/FSD50K.eval_audio/144187.wav,glass_break,fsd50k,0.0,fsd50k:144187
/Users/rajsingh/Library/CloudStorage/GoogleDrive-singhraj04.jan@gmail.com/My Drive/SAHARA/Datasets/FSD50K/FSD50K.eval_audio/39319.wav,glass_break,fsd50k,0.0,fsd50k:39319
/Users/rajsingh/Library/CloudStorage/GoogleDrive-singhraj04.jan@gmail.com/My Drive/SAHARA/Datasets/FSD50K/FSD50K.eval_audio/388272.wav,glass_break,fsd50k,0.0,fsd50k:388272
/Users/rajsingh/Library/CloudStorage/GoogleDrive-singhraj04.jan@gmail.com/My Drive/SAHARA/Datasets/FSD50K/FSD50K.eval_audio/326978.wav,glass_break,fsd50k,0.0,fsd50k:326978
/Users/rajsingh/Library/CloudStorage/GoogleDrive-singhraj04.jan@gmail.com/My Drive/SAHARA/Datasets/FSD50K/FSD50K.eval_audio/268128.wav,appliance_beep,fsd50k,0.0,fsd50k:268128
/Users/rajsingh/Library/CloudStorage/GoogleDrive-singhraj04.jan@gmail.com/My Drive/SAHARA/Datasets/FSD50K/FSD50K.eval_audio/378252.wav,siren,fsd50k,0.0,fsd50k:378252
/Users/rajsingh/Library/CloudStorage/GoogleDrive-singhraj04.jan@gmail.com/My Drive/SAHARA/Datasets/FSD50K/FSD50K.eval_audio/378252.wav,appliance_beep,fsd50k,0.0,fsd50k:378252
/Users/rajsingh/Library/CloudStorage/GoogleDrive-singhraj04.jan@gmail.com/My Drive/SAHARA/Datasets/FSD50K/FSD50K.eval_audio/389518.wav,siren,fsd50k,0.0,fsd50k:389518
/Users/rajsingh/Library/CloudStorage/GoogleDrive-singhraj04.jan@gmail.com/My Drive/SAHARA/Datasets/FSD50K/FSD50K.eval_audio/389518.wav,appliance_beep,fsd50k,0.0,fsd50k:389518
/Users/rajsingh/Library/CloudStorage/GoogleDrive-singhraj04.jan@gmail.com/My Drive/SAHARA/Datasets/FSD50K/FSD50K.eval_audio/198297.wav,siren,fsd50k,0.0,fsd50k:198297
/Users/rajsingh/Library/CloudStorage/GoogleDrive-singhraj04.jan@gmail.com/My Drive/SAHARA/Datasets/FSD50K/FSD50K.eval_audio/198297.wav,appliance_beep,fsd50k,0.0,fsd50k:198297
/Users/rajsingh/Library/CloudStorage/GoogleDrive-singhraj04.jan@gmail.com/My Drive/SAHARA/Datasets/FSD50K/FSD50K.eval_audio/414494.wav,siren,fsd50k,0.0,fsd50k:414494
/Users/rajsingh/Library/CloudStorage/GoogleDrive-singhraj04.jan@gmail.com/My Drive/SAHARA/Datasets/FSD50K/FSD50K.eval_audio/414494.wav,appliance_beep,fsd50k,0.0,fsd50k:414494
/Users/rajsingh/Library/CloudStorage/GoogleDrive-singhraj04.jan@gmail.com/My Drive/SAHARA/Datasets/FSD50K/FSD50K.eval_audio/253605.wav,siren,fsd50k,0.0,fsd50k:253605
/Users/rajsingh/Library/CloudStorage/GoogleDrive-singhraj04.jan@gmail.com/My Drive/SAHARA/Datasets/FSD50K/FSD50K.eval_audio/253605.wav,appliance_beep,fsd50k,0.0,fsd50k:253605
/Users/rajsingh/Library/CloudStorage/GoogleDrive-singhraj04.jan@gmail.com/My Drive/SAHARA/Datasets/FSD50K/FSD50K.eval_audio/115239.wav,siren,fsd50k,0.0,fsd50k:115239
/Users/rajsingh/Library/CloudStorage/GoogleDrive-singhraj04.jan@gmail.com/My Drive/SAHARA/Datasets/FSD50K/FSD50K.eval_audio/115239.wav,appliance_beep,fsd50k,0.0,fsd50k:115239
/Users/rajsingh/Library/CloudStorage/GoogleDrive-singhraj04.jan@gmail.com/My Drive/SAHARA/Datasets/FSD50K/FSD50K.eval_audio/369202.wav,siren,fsd50k,0.0,fsd50k:369202
/Users/rajsingh/Library/CloudStorage/GoogleDrive-singhraj04.jan@gmail.com/My Drive/SAHARA/Datasets/FSD50K/FSD50K.eval_audio/369202.wav,appliance_beep,fsd50k,0.0,fsd50k:369202
/Users/rajsingh/Library/CloudStorage/GoogleDrive-singhraj04.jan@gmail.com/My Drive/SAHARA/Datasets/FSD50K/FSD50K.eval_audio/119635.wav,siren,fsd50k,0.0,fsd50k:119635
/Users/rajsingh/Library/CloudStorage/GoogleDrive-singhraj04.jan@gmail.com/My Drive/SAHARA/Datasets/FSD50K/FSD50K.eval_audio/119635.wav,appliance_beep,fsd50k,0.0,fsd50k:119635
/Users/rajsingh/Library/CloudStorage/GoogleDrive-singhraj04.jan@gmail.com/My Drive/SAHARA/Datasets/FSD50K/FSD50K.eval_audio/345813.wav,siren,fsd50k,0.0,fsd50k:345813
/Users/rajsingh/Library/CloudStorage/GoogleDrive-singhraj04.jan@gmail.com/My Drive/SAHARA/Datasets/FSD50K/FSD50K.eval_audio/345813.wav,appliance_beep,fsd50k,0.0,fsd50k:345813
/Users/rajsingh/Library/CloudStorage/GoogleDrive-singhraj04.jan@gmail.com/My Drive/SAHARA/Datasets/FSD50K/FSD50K.eval_audio/104293.wav,siren,fsd50k,0.0,fsd50k:104293
/Users/rajsingh/Library/CloudStorage/GoogleDrive-singhraj04.jan@gmail.com/My Drive/SAHARA/Datasets/FSD50K/FSD50K.eval_audio/104293.wav,appliance_beep,fsd50k,0.0,fsd50k:104293
/Users/rajsingh/Library/CloudStorage/GoogleDrive-singhraj04.jan@gmail.com/My Drive/SAHARA/Datasets/FSD50K/FSD50K.eval_audio/371179.wav,siren,fsd50k,0.0,fsd50k:371179
/Users/rajsingh/Library/CloudStorage/GoogleDrive-singhraj04.jan@gmail.com/My Drive/SAHARA/Datasets/FSD50K/FSD50K.eval_audio/371179.wav,appliance_beep,fsd50k,0.0,fsd50k:371179
/Users/rajsingh/Library/CloudStorage/GoogleDrive-singhraj04.jan@gmail.com/My Drive/SAHARA/Datasets/FSD50K/FSD50K.eval_audio/365987.wav,glass_break,fsd50k,0.0,fsd50k:365987
/Users/rajsingh/Library/CloudStorage/GoogleDrive-singhraj04.jan@gmail.com/My Drive/SAHARA/Datasets/FSD50K/FSD50K.eval_audio/349662.wav,appliance_beep,fsd50k,0.0,fsd50k:349662
/Users/rajsingh/Library/CloudStorage/GoogleDrive-singhraj04.jan@gmail.com/My Drive/SAHARA/Datasets/FSD50K/FSD50K.eval_audio/378354.wav,appliance_beep,fsd50k,0.0,fsd50k:378354
/Users/rajsingh/Library/CloudStorage/GoogleDrive-singhraj04.jan@gmail.com/My Drive/SAHARA/Datasets/FSD50K/FSD50K.eval_audio/108536.wav,appliance_beep,fsd50k,0.0,fsd50k:108536
/Users/rajsingh/Library/CloudStorage/GoogleDrive-singhraj04.jan@gmail.com/My Drive/SAHARA/Datasets/FSD50K/FSD50K.eval_audio/189764.wav,appliance_beep,fsd50k,0.0,fsd50k:189764
/Users/rajsingh/Library/CloudStorage/GoogleDrive-singhraj04.jan@gmail.com/My Drive/SAHARA/Datasets/FSD50K/FSD50K.eval_audio/424946.wav,appliance_beep,fsd50k,0.0,fsd50k:424946
/Users/rajsingh/Library/CloudStorage/GoogleDrive-singhraj04.jan@gmail.com/My Drive/SAHARA/Datasets/FSD50K/FSD50K.eval_audio/189765.wav,appliance_beep,fsd50k,0.0,fsd50k:189765
/Users/rajsingh/Library/CloudStorage/GoogleDrive-singhraj04.jan@gmail.com/My Drive/SAHARA/Datasets/FSD50K/FSD50K.eval_audio/378898.wav,appliance_beep,fsd50k,0.0,fsd50k:378898
/Users/rajsingh/Library/CloudStorage/GoogleDrive-singhraj04.jan@gmail.com/My Drive/SAHARA/Datasets/FSD50K/FSD50K.eval_audio/189754.wav,appliance_beep,fsd50k,0.0,fsd50k:189754
/Users/rajsingh/Library/CloudStorage/GoogleDrive-singhraj04.jan@gmail.com/My Drive/SAHARA/Datasets/FSD50K/FSD50K.eval_audio/14576.wav,appliance_beep,fsd50k,0.0,fsd50k:14576
/Users/rajsingh/Library/CloudStorage/GoogleDrive-singhraj04.jan@gmail.com/My Drive/SAHARA/Datasets/FSD50K/FSD50K.eval_audio/189766.wav,appliance_beep,fsd50k,0.0,fsd50k:189766
/Users/rajsingh/Library/CloudStorage/GoogleDrive-singhraj04.jan@gmail.com/My Drive/SAHARA/Datasets/FSD50K/FSD50K.eval_audio/152953.wav,appliance_beep,fsd50k,0.0,fsd50k:152953
/Users/rajsingh/Library/CloudStorage/GoogleDrive-singhraj04.jan@gmail.com/My Drive/SAHARA/Datasets/FSD50K/FSD50K.eval_audio/153149.wav,appliance_beep,fsd50k,0.0,fsd50k:153149
/Users/rajsingh/Library/CloudStorage/GoogleDrive-singhraj04.jan@gmail.com/My Drive/SAHARA/Datasets/FSD50K/FSD50K.eval_audio/118101.wav,appliance_beep,fsd50k,0.0,fsd50k:118101
/Users/rajsingh/Library/CloudStorage/GoogleDrive-singhraj04.jan@gmail.com/My Drive/SAHARA/Datasets/FSD50K/FSD50K.eval_audio/118101.wav,doorbell,fsd50k,0.0,fsd50k:118101
/Users/rajsingh/Library/CloudStorage/GoogleDrive-singhraj04.jan@gmail.com/My Drive/SAHARA/Datasets/FSD50K/FSD50K.eval_audio/430842.wav,appliance_beep,fsd50k,0.0,fsd50k:430842
/Users/rajsingh/Library/CloudStorage/GoogleDrive-singhraj04.jan@gmail.com/My Drive/SAHARA/Datasets/FSD50K/FSD50K.eval_audio/171378.wav,appliance_beep,fsd50k,0.0,fsd50k:171378
/Users/rajsingh/Library/CloudStorage/GoogleDrive-singhraj04.jan@gmail.com/My Drive/SAHARA/Datasets/FSD50K/FSD50K.eval_audio/404398.wav,glass_break,fsd50k,0.0,fsd50k:404398
/Users/rajsingh/Library/CloudStorage/GoogleDrive-singhraj04.jan@gmail.com/My Drive/SAHARA/Datasets/FSD50K/FSD50K.eval_audio/139768.wav,glass_break,fsd50k,0.0,fsd50k:139768
/Users/rajsingh/Library/CloudStorage/GoogleDrive-singhraj04.jan@gmail.com/My Drive/SAHARA/Datasets/FSD50K/FSD50K.eval_audio/206080.wav,appliance_beep,fsd50k,0.0,fsd50k:206080
/Users/rajsingh/Library/CloudStorage/GoogleDrive-singhraj04.jan@gmail.com/My Drive/SAHARA/Datasets/FSD50K/FSD50K.eval_audio/317664.wav,glass_break,fsd50k,0.0,fsd50k:317664
/Users/rajsingh/Library/CloudStorage/GoogleDrive-singhraj04.jan@gmail.com/My Drive/SAHARA/Datasets/FSD50K/FSD50K.eval_audio/409825.wav,glass_break,fsd50k,0.0,fsd50k:409825
/Users/rajsingh/Library/CloudStorage/GoogleDrive-singhraj04.jan@gmail.com/My Drive/SAHARA/Datasets/FSD50K/FSD50K.eval_audio/272216.wav,glass_break,fsd50k,0.0,fsd50k:272216
/Users/rajsingh/Library/CloudStorage/GoogleDrive-singhraj04.jan@gmail.com/My Drive/SAHARA/Datasets/FSD50K/FSD50K.eval_audio/233067.wav,glass_break,fsd50k,0.0,fsd50k:233067
/Users/rajsingh/Library/CloudStorage/GoogleDrive-singhraj04.jan@gmail.com/My Drive/SAHARA/Datasets/FSD50K/FSD50K.eval_audio/360673.wav,glass_break,fsd50k,0.0,fsd50k:360673
/Users/rajsingh/Library/CloudStorage/GoogleDrive-singhraj04.jan@gmail.com/My Drive/SAHARA/Datasets/FSD50K/FSD50K.eval_audio/152595.wav,appliance_beep,fsd50k,0.0,fsd50k:152595
/Users/rajsingh/Library/CloudStorage/GoogleDrive-singhraj04.jan@gmail.com/My Drive/SAHARA/Datasets/FSD50K/FSD50K.eval_audio/89946.wav,appliance_beep,fsd50k,0.0,fsd50k:89946
/Users/rajsingh/Library/CloudStorage/GoogleDrive-singhraj04.jan@gmail.com/My Drive/SAHARA/Datasets/FSD50K/FSD50K.eval_audio/405627.wav,appliance_beep,fsd50k,0.0,fsd50k:405627
/Users/rajsingh/Library/CloudStorage/GoogleDrive-singhraj04.jan@gmail.com/My Drive/SAHARA/Datasets/FSD50K/FSD50K.eval_audio/378911.wav,appliance_beep,fsd50k,0.0,fsd50k:378911
/Users/rajsingh/Library/CloudStorage/GoogleDrive-singhraj04.jan@gmail.com/My Drive/SAHARA/Datasets/FSD50K/FSD50K.eval_audio/138037.wav,appliance_beep,fsd50k,0.0,fsd50k:138037
/Users/rajsingh/Library/CloudStorage/GoogleDrive-singhraj04.jan@gmail.com/My Drive/SAHARA/Datasets/FSD50K/FSD50K.eval_audio/88528.wav,appliance_beep,fsd50k,0.0,fsd50k:88528
/Users/rajsingh/Library/CloudStorage/GoogleDrive-singhraj04.jan@gmail.com/My Drive/SAHARA/Datasets/FSD50K/FSD50K.eval_audio/378912.wav,appliance_beep,fsd50k,0.0,fsd50k:378912
/Users/rajsingh/Library/CloudStorage/GoogleDrive-singhraj04.jan@gmail.com/My Drive/SAHARA/Datasets/FSD50K/FSD50K.eval_audio/423626.wav,appliance_beep,fsd50k,0.0,fsd50k:423626
/Users/rajsingh/Library/CloudStorage/GoogleDrive-singhraj04.jan@gmail.com/My Drive/SAHARA/Datasets/FSD50K/FSD50K.eval_audio/210270.wav,appliance_beep,fsd50k,0.0,fsd50k:210270
/Users/rajsingh/Library/CloudStorage/GoogleDrive-singhraj04.jan@gmail.com/My Drive/SAHARA/Datasets/FSD50K/FSD50K.eval_audio/124501.wav,appliance_beep,fsd50k,0.0,fsd50k:124501
/Users/rajsingh/Library/CloudStorage/GoogleDrive-singhraj04.jan@gmail.com/My Drive/SAHARA/Datasets/FSD50K/FSD50K.eval_audio/131989.wav,appliance_beep,fsd50k,0.0,fsd50k:131989
/Users/rajsingh/Library/CloudStorage/GoogleDrive-singhraj04.jan@gmail.com/My Drive/SAHARA/Datasets/FSD50K/FSD50K.eval_audio/131989.wav,doorbell,fsd50k,0.0,fsd50k:131989
/Users/rajsingh/Library/CloudStorage/GoogleDrive-singhraj04.jan@gmail.com/My Drive/SAHARA/Datasets/FSD50K/FSD50K.eval_audio/120010.wav,appliance_beep,fsd50k,0.0,fsd50k:120010
/Users/rajsingh/Library/CloudStorage/GoogleDrive-singhraj04.jan@gmail.com/My Drive/SAHARA/Datasets/FSD50K/FSD50K.eval_audio/32320.wav,appliance_beep,fsd50k,0.0,fsd50k:32320
/Users/rajsingh/Library/CloudStorage/GoogleDrive-singhraj04.jan@gmail.com/My Drive/SAHARA/Datasets/FSD50K/FSD50K.eval_audio/417076.wav,appliance_beep,fsd50k,0.0,fsd50k:417076
/Users/rajsingh/Library/CloudStorage/GoogleDrive-singhraj04.jan@gmail.com/My Drive/SAHARA/Datasets/FSD50K/FSD50K.eval_audio/81875.wav,appliance_beep,fsd50k,0.0,fsd50k:81875
/Users/rajsingh/Library/CloudStorage/GoogleDrive-singhraj04.jan@gmail.com/My Drive/SAHARA/Datasets/FSD50K/FSD50K.eval_audio/378908.wav,appliance_beep,fsd50k,0.0,fsd50k:378908
/Users/rajsingh/Library/CloudStorage/GoogleDrive-singhraj04.jan@gmail.com/My Drive/SAHARA/Datasets/FSD50K/FSD50K.eval_audio/431320.wav,appliance_beep,fsd50k,0.0,fsd50k:431320
/Users/rajsingh/Library/CloudStorage/GoogleDrive-singhraj04.jan@gmail.com/My Drive/SAHARA/Datasets/FSD50K/FSD50K.eval_audio/210262.wav,appliance_beep,fsd50k,0.0,fsd50k:210262
/Users/rajsingh/Library/CloudStorage/GoogleDrive-singhraj04.jan@gmail.com/My Drive/SAHARA/Datasets/FSD50K/FSD50K.eval_audio/206081.wav,appliance_beep,fsd50k,0.0,fsd50k:206081
/Users/rajsingh/Library/CloudStorage/GoogleDrive-singhraj04.jan@gmail.com/My Drive/SAHARA/Datasets/FSD50K/FSD50K.eval_audio/188032.wav,appliance_beep,fsd50k,0.0,fsd50k:188032
/Users/rajsingh/Library/CloudStorage/GoogleDrive-singhraj04.jan@gmail.com/My Drive/SAHARA/Datasets/FSD50K/FSD50K.eval_audio/185056.wav,appliance_beep,fsd50k,0.0,fsd50k:185056
/Users/rajsingh/Library/CloudStorage/GoogleDrive-singhraj04.jan@gmail.com/My Drive/SAHARA/Datasets/FSD50K/FSD50K.eval_audio/191901.wav,appliance_beep,fsd50k,0.0,fsd50k:191901
/Users/rajsingh/Library/CloudStorage/GoogleDrive-singhraj04.jan@gmail.com/My Drive/SAHARA/Datasets/FSD50K/FSD50K.eval_audio/405572.wav,appliance_beep,fsd50k,0.0,fsd50k:405572
/Users/rajsingh/Library/CloudStorage/GoogleDrive-singhraj04.jan@gmail.com/My Drive/SAHARA/Datasets/FSD50K/FSD50K.eval_audio/415298.wav,appliance_beep,fsd50k,0.0,fsd50k:415298
/Users/rajsingh/Library/CloudStorage/GoogleDrive-singhraj04.jan@gmail.com/My Drive/SAHARA/Datasets/FSD50K/FSD50K.eval_audio/156064.wav,appliance_beep,fsd50k,0.0,fsd50k:156064
/Users/rajsingh/Library/CloudStorage/GoogleDrive-singhraj04.jan@gmail.com/My Drive/SAHARA/Datasets/FSD50K/FSD50K.eval_audio/120493.wav,appliance_beep,fsd50k,0.0,fsd50k:120493
/Users/rajsingh/Library/CloudStorage/GoogleDrive-singhraj04.jan@gmail.com/My Drive/SAHARA/Datasets/FSD50K/FSD50K.eval_audio/153054.wav,appliance_beep,fsd50k,0.0,fsd50k:153054
/Users/rajsingh/Library/CloudStorage/GoogleDrive-singhraj04.jan@gmail.com/My Drive/SAHARA/Datasets/FSD50K/FSD50K.eval_audio/206082.wav,appliance_beep,fsd50k,0.0,fsd50k:206082
/Users/rajsingh/Library/CloudStorage/GoogleDrive-singhraj04.jan@gmail.com/My Drive/SAHARA/Datasets/FSD50K/FSD50K.eval_audio/186096.wav,appliance_beep,fsd50k,0.0,fsd50k:186096
/Users/rajsingh/Library/CloudStorage/GoogleDrive-singhraj04.jan@gmail.com/My Drive/SAHARA/Datasets/FSD50K/FSD50K.eval_audio/78957.wav,appliance_beep,fsd50k,0.0,fsd50k:78957
/Users/rajsingh/Library/CloudStorage/GoogleDrive-singhraj04.jan@gmail.com/My Drive/SAHARA/Datasets/FSD50K/FSD50K.eval_audio/372893.wav,appliance_beep,fsd50k,0.0,fsd50k:372893
/Users/rajsingh/Library/CloudStorage/GoogleDrive-singhraj04.jan@gmail.com/My Drive/SAHARA/Datasets/FSD50K/FSD50K.eval_audio/134688.wav,appliance_beep,fsd50k,0.0,fsd50k:134688
/Users/rajsingh/Library/CloudStorage/GoogleDrive-singhraj04.jan@gmail.com/My Drive/SAHARA/Datasets/FSD50K/FSD50K.eval_audio/400695.wav,appliance_beep,fsd50k,0.0,fsd50k:400695
/Users/rajsingh/Library/CloudStorage/GoogleDrive-singhraj04.jan@gmail.com/My Drive/SAHARA/Datasets/FSD50K/FSD50K.eval_audio/400695.wav,doorbell,fsd50k,0.0,fsd50k:400695
/Users/rajsingh/Library/CloudStorage/GoogleDrive-singhraj04.jan@gmail.com/My Drive/SAHARA/Datasets/FSD50K/FSD50K.eval_audio/210269.wav,appliance_beep,fsd50k,0.0,fsd50k:210269
/Users/rajsingh/Library/CloudStorage/GoogleDrive-singhraj04.jan@gmail.com/My Drive/SAHARA/Datasets/FSD50K/FSD50K.eval_audio/29623.wav,appliance_beep,fsd50k,0.0,fsd50k:29623
/Users/rajsingh/Library/CloudStorage/GoogleDrive-singhraj04.jan@gmail.com/My Drive/SAHARA/Datasets/FSD50K/FSD50K.eval_audio/32321.wav,appliance_beep,fsd50k,0.0,fsd50k:32321
/Users/rajsingh/Library/CloudStorage/GoogleDrive-singhraj04.jan@gmail.com/My Drive/SAHARA/Datasets/FSD50K/FSD50K.eval_audio/124502.wav,appliance_beep,fsd50k,0.0,fsd50k:124502
/Users/rajsingh/Library/CloudStorage/GoogleDrive-singhraj04.jan@gmail.com/My Drive/SAHARA/Datasets/FSD50K/FSD50K.eval_audio/120501.wav,appliance_beep,fsd50k,0.0,fsd50k:120501
/Users/rajsingh/Library/CloudStorage/GoogleDrive-singhraj04.jan@gmail.com/My Drive/SAHARA/Datasets/FSD50K/FSD50K.eval_audio/233062.wav,appliance_beep,fsd50k,0.0,fsd50k:233062
/Users/rajsingh/Library/CloudStorage/GoogleDrive-singhraj04.jan@gmail.com/My Drive/SAHARA/Datasets/FSD50K/FSD50K.eval_audio/90649.wav,appliance_beep,fsd50k,0.0,fsd50k:90649
/Users/rajsingh/Library/CloudStorage/GoogleDrive-singhraj04.jan@gmail.com/My Drive/SAHARA/Datasets/FSD50K/FSD50K.eval_audio/407565.wav,glass_break,fsd50k,0.0,fsd50k:407565
/Users/rajsingh/Library/CloudStorage/GoogleDrive-singhraj04.jan@gmail.com/My Drive/SAHARA/Datasets/FSD50K/FSD50K.eval_audio/154402.wav,appliance_beep,fsd50k,0.0,fsd50k:154402
/Users/rajsingh/Library/CloudStorage/GoogleDrive-singhraj04.jan@gmail.com/My Drive/SAHARA/Datasets/FSD50K/FSD50K.eval_audio/399092.wav,appliance_beep,fsd50k,0.0,fsd50k:399092
/Users/rajsingh/Library/CloudStorage/GoogleDrive-singhraj04.jan@gmail.com/My Drive/SAHARA/Datasets/FSD50K/FSD50K.eval_audio/399092.wav,doorbell,fsd50k,0.0,fsd50k:399092
/Users/rajsingh/Library/CloudStorage/GoogleDrive-singhraj04.jan@gmail.com/My Drive/SAHARA/Datasets/FSD50K/FSD50K.eval_audio/249538.wav,appliance_beep,fsd50k,0.0,fsd50k:249538
/Users/rajsingh/Library/CloudStorage/GoogleDrive-singhraj04.jan@gmail.com/My Drive/SAHARA/Datasets/FSD50K/FSD50K.eval_audio/406233.wav,appliance_beep,fsd50k,0.0,fsd50k:406233
/Users/rajsingh/Library/CloudStorage/GoogleDrive-singhraj04.jan@gmail.com/My Drive/SAHARA/Datasets/FSD50K/FSD50K.eval_audio/406240.wav,appliance_beep,fsd50k,0.0,fsd50k:406240
/Users/rajsingh/Library/CloudStorage/GoogleDrive-singhraj04.jan@gmail.com/My Drive/SAHARA/Datasets/FSD50K/FSD50K.eval_audio/383778.wav,appliance_beep,fsd50k,0.0,fsd50k:383778
/Users/rajsingh/Library/CloudStorage/GoogleDrive-singhraj04.jan@gmail.com/My Drive/SAHARA/Datasets/FSD50K/FSD50K.eval_audio/369981.wav,glass_break,fsd50k,0.0,fsd50k:369981
/Users/rajsingh/Library/CloudStorage/GoogleDrive-singhraj04.jan@gmail.com/My Drive/SAHARA/Datasets/FSD50K/FSD50K.eval_audio/192454.wav,appliance_beep,fsd50k,0.0,fsd50k:192454
/Users/rajsingh/Library/CloudStorage/GoogleDrive-singhraj04.jan@gmail.com/My Drive/SAHARA/Datasets/FSD50K/FSD50K.eval_audio/59301.wav,glass_break,fsd50k,0.0,fsd50k:59301
/Users/rajsingh/Library/CloudStorage/GoogleDrive-singhraj04.jan@gmail.com/My Drive/SAHARA/Datasets/FSD50K/FSD50K.eval_audio/131597.wav,appliance_beep,fsd50k,0.0,fsd50k:131597
/Users/rajsingh/Library/CloudStorage/GoogleDrive-singhraj04.jan@gmail.com/My Drive/SAHARA/Datasets/FSD50K/FSD50K.eval_audio/154440.wav,appliance_beep,fsd50k,0.0,fsd50k:154440
/Users/rajsingh/Library/CloudStorage/GoogleDrive-singhraj04.jan@gmail.com/My Drive/SAHARA/Datasets/FSD50K/FSD50K.eval_audio/365575.wav,appliance_beep,fsd50k,0.0,fsd50k:365575
/Users/rajsingh/Library/CloudStorage/GoogleDrive-singhraj04.jan@gmail.com/My Drive/SAHARA/Datasets/FSD50K/FSD50K.eval_audio/365575.wav,doorbell,fsd50k,0.0,fsd50k:365575
/Users/rajsingh/Library/CloudStorage/GoogleDrive-singhraj04.jan@gmail.com/My Drive/SAHARA/Datasets/FSD50K/FSD50K.eval_audio/347400.wav,appliance_beep,fsd50k,0.0,fsd50k:347400
/Users/rajsingh/Library/CloudStorage/GoogleDrive-singhraj04.jan@gmail.com/My Drive/SAHARA/Datasets/FSD50K/FSD50K.eval_audio/347400.wav,doorbell,fsd50k,0.0,fsd50k:347400
/Users/rajsingh/Library/CloudStorage/GoogleDrive-singhraj04.jan@gmail.com/My Drive/SAHARA/Datasets/FSD50K/FSD50K.eval_audio/69385.wav,appliance_beep,fsd50k,0.0,fsd50k:69385
/Users/rajsingh/Library/CloudStorage/GoogleDrive-singhraj04.jan@gmail.com/My Drive/SAHARA/Datasets/FSD50K/FSD50K.eval_audio/69385.wav,doorbell,fsd50k,0.0,fsd50k:69385
/Users/rajsingh/Library/CloudStorage/GoogleDrive-singhraj04.jan@gmail.com/My Drive/SAHARA/Datasets/FSD50K/FSD50K.eval_audio/69386.wav,appliance_beep,fsd50k,0.0,fsd50k:69386
/Users/rajsingh/Library/CloudStorage/GoogleDrive-singhraj04.jan@gmail.com/My Drive/SAHARA/Datasets/FSD50K/FSD50K.eval_audio/69386.wav,doorbell,fsd50k,0.0,fsd50k:69386
/Users/rajsingh/Library/CloudStorage/GoogleDrive-singhraj04.jan@gmail.com/My Drive/SAHARA/Datasets/FSD50K/FSD50K.eval_audio/410384.wav,appliance_beep,fsd50k,0.0,fsd50k:410384
/Users/rajsingh/Library/CloudStorage/GoogleDrive-singhraj04.jan@gmail.com/My Drive/SAHARA/Datasets/FSD50K/FSD50K.eval_audio/410384.wav,doorbell,fsd50k,0.0,fsd50k:410384
/Users/rajsingh/Library/CloudStorage/GoogleDrive-singhraj04.jan@gmail.com/My Drive/SAHARA/Datasets/FSD50K/FSD50K.eval_audio/317330.wav,appliance_beep,fsd50k,0.0,fsd50k:317330
/Users/rajsingh/Library/CloudStorage/GoogleDrive-singhraj04.jan@gmail.com/My Drive/SAHARA/Datasets/FSD50K/FSD50K.eval_audio/317330.wav,doorbell,fsd50k,0.0,fsd50k:317330
/Users/rajsingh/Library/CloudStorage/GoogleDrive-singhraj04.jan@gmail.com/My Drive/SAHARA/Datasets/FSD50K/FSD50K.eval_audio/53268.wav,appliance_beep,fsd50k,0.0,fsd50k:53268
/Users/rajsingh/Library/CloudStorage/GoogleDrive-singhraj04.jan@gmail.com/My Drive/SAHARA/Datasets/FSD50K/FSD50K.eval_audio/53268.wav,doorbell,fsd50k,0.0,fsd50k:53268
/Users/rajsingh/Library/CloudStorage/GoogleDrive-singhraj04.jan@gmail.com/My Drive/SAHARA/Datasets/FSD50K/FSD50K.eval_audio/119958.wav,appliance_beep,fsd50k,0.0,fsd50k:119958
/Users/rajsingh/Library/CloudStorage/GoogleDrive-singhraj04.jan@gmail.com/My Drive/SAHARA/Datasets/FSD50K/FSD50K.eval_audio/119958.wav,doorbell,fsd50k,0.0,fsd50k:119958
/Users/rajsingh/Library/CloudStorage/GoogleDrive-singhraj04.jan@gmail.com/My Drive/SAHARA/Datasets/FSD50K/FSD50K.eval_audio/106270.wav,appliance_beep,fsd50k,0.0,fsd50k:106270
/Users/rajsingh/Library/CloudStorage/GoogleDrive-singhraj04.jan@gmail.com/My Drive/SAHARA/Datasets/FSD50K/FSD50K.eval_audio/106270.wav,doorbell,fsd50k,0.0,fsd50k:106270
/Users/rajsingh/Library/CloudStorage/GoogleDrive-singhraj04.jan@gmail.com/My Drive/SAHARA/Datasets/FSD50K/FSD50K.eval_audio/331680.wav,appliance_beep,fsd50k,0.0,fsd50k:331680
/Users/rajsingh/Library/CloudStorage/GoogleDrive-singhraj04.jan@gmail.com/My Drive/SAHARA/Datasets/FSD50K/FSD50K.eval_audio/331680.wav,doorbell,fsd50k,0.0,fsd50k:331680
/Users/rajsingh/Library/CloudStorage/GoogleDrive-singhraj04.jan@gmail.com/My Drive/SAHARA/Datasets/FSD50K/FSD50K.eval_audio/348322.wav,appliance_beep,fsd50k,0.0,fsd50k:348322
/Users/rajsingh/Library/CloudStorage/GoogleDrive-singhraj04.jan@gmail.com/My Drive/SAHARA/Datasets/FSD50K/FSD50K.eval_audio/348322.wav,doorbell,fsd50k,0.0,fsd50k:348322
/Users/rajsingh/Library/CloudStorage/GoogleDrive-singhraj04.jan@gmail.com/My Drive/SAHARA/Datasets/FSD50K/FSD50K.eval_audio/81065.wav,appliance_beep,fsd50k,0.0,fsd50k:81065
/Users/rajsingh/Library/CloudStorage/GoogleDrive-singhraj04.jan@gmail.com/My Drive/SAHARA/Datasets/FSD50K/FSD50K.eval_audio/81065.wav,doorbell,fsd50k,0.0,fsd50k:81065
/Users/rajsingh/Library/CloudStorage/GoogleDrive-singhraj04.jan@gmail.com/My Drive/SAHARA/Datasets/FSD50K/FSD50K.eval_audio/131641.wav,appliance_beep,fsd50k,0.0,fsd50k:131641
/Users/rajsingh/Library/CloudStorage/GoogleDrive-singhraj04.jan@gmail.com/My Drive/SAHARA/Datasets/FSD50K/FSD50K.eval_audio/131641.wav,doorbell,fsd50k,0.0,fsd50k:131641
/Users/rajsingh/Library/CloudStorage/GoogleDrive-singhraj04.jan@gmail.com/My Drive/SAHARA/Datasets/FSD50K/FSD50K.eval_audio/131642.wav,appliance_beep,fsd50k,0.0,fsd50k:131642
/Users/rajsingh/Library/CloudStorage/GoogleDrive-singhraj04.jan@gmail.com/My Drive/SAHARA/Datasets/FSD50K/FSD50K.eval_audio/131642.wav,doorbell,fsd50k,0.0,fsd50k:131642
/Users/rajsingh/Library/CloudStorage/GoogleDrive-singhraj04.jan@gmail.com/My Drive/SAHARA/Datasets/FSD50K/FSD50K.eval_audio/131643.wav,appliance_beep,fsd50k,0.0,fsd50k:131643
/Users/rajsingh/Library/CloudStorage/GoogleDrive-singhraj04.jan@gmail.com/My Drive/SAHARA/Datasets/FSD50K/FSD50K.eval_audio/131643.wav,doorbell,fsd50k,0.0,fsd50k:131643
/Users/rajsingh/Library/CloudStorage/GoogleDrive-singhraj04.jan@gmail.com/My Drive/SAHARA/Datasets/FSD50K/FSD50K.eval_audio/168028.wav,appliance_beep,fsd50k,0.0,fsd50k:168028
/Users/rajsingh/Library/CloudStorage/GoogleDrive-singhraj04.jan@gmail.com/My Drive/SAHARA/Datasets/FSD50K/FSD50K.eval_audio/168028.wav,doorbell,fsd50k,0.0,fsd50k:168028
/Users/rajsingh/Library/CloudStorage/GoogleDrive-singhraj04.jan@gmail.com/My Drive/SAHARA/Datasets/FSD50K/FSD50K.eval_audio/168029.wav,appliance_beep,fsd50k,0.0,fsd50k:168029
/Users/rajsingh/Library/CloudStorage/GoogleDrive-singhraj04.jan@gmail.com/My Drive/SAHARA/Datasets/FSD50K/FSD50K.eval_audio/168029.wav,doorbell,fsd50k,0.0,fsd50k:168029
/Users/rajsingh/Library/CloudStorage/GoogleDrive-singhraj04.jan@gmail.com/My Drive/SAHARA/Datasets/FSD50K/FSD50K.eval_audio/426594.wav,appliance_beep,fsd50k,0.0,fsd50k:426594
/Users/rajsingh/Library/CloudStorage/GoogleDrive-singhraj04.jan@gmail.com/My Drive/SAHARA/Datasets/FSD50K/FSD50K.eval_audio/426594.wav,doorbell,fsd50k,0.0,fsd50k:426594
/Users/rajsingh/Library/CloudStorage/GoogleDrive-singhraj04.jan@gmail.com/My Drive/SAHARA/Datasets/FSD50K/FSD50K.eval_audio/393333.wav,appliance_beep,fsd50k,0.0,fsd50k:393333
/Users/rajsingh/Library/CloudStorage/GoogleDrive-singhraj04.jan@gmail.com/My Drive/SAHARA/Datasets/FSD50K/FSD50K.eval_audio/393333.wav,doorbell,fsd50k,0.0,fsd50k:393333
/Users/rajsingh/Library/CloudStorage/GoogleDrive-singhraj04.jan@gmail.com/My Drive/SAHARA/Datasets/FSD50K/FSD50K.eval_audio/54277.wav,appliance_beep,fsd50k,0.0,fsd50k:54277
/Users/rajsingh/Library/CloudStorage/GoogleDrive-singhraj04.jan@gmail.com/My Drive/SAHARA/Datasets/FSD50K/FSD50K.eval_audio/1032.wav,appliance_beep,fsd50k,0.0,fsd50k:1032
/Users/rajsingh/Library/CloudStorage/GoogleDrive-singhraj04.jan@gmail.com/My Drive/SAHARA/Datasets/FSD50K/FSD50K.eval_audio/186393.wav,appliance_beep,fsd50k,0.0,fsd50k:186393
/Users/rajsingh/Library/CloudStorage/GoogleDrive-singhraj04.jan@gmail.com/My Drive/SAHARA/Datasets/FSD50K/FSD50K.eval_audio/76828.wav,appliance_beep,fsd50k,0.0,fsd50k:76828
/Users/rajsingh/Library/CloudStorage/GoogleDrive-singhraj04.jan@gmail.com/My Drive/SAHARA/Datasets/FSD50K/FSD50K.eval_audio/119849.wav,appliance_beep,fsd50k,0.0,fsd50k:119849
/Users/rajsingh/Library/CloudStorage/GoogleDrive-singhraj04.jan@gmail.com/My Drive/SAHARA/Datasets/FSD50K/FSD50K.eval_audio/220716.wav,appliance_beep,fsd50k,0.0,fsd50k:220716
/Users/rajsingh/Library/CloudStorage/GoogleDrive-singhraj04.jan@gmail.com/My Drive/SAHARA/Datasets/FSD50K/FSD50K.eval_audio/71222.wav,appliance_beep,fsd50k,0.0,fsd50k:71222
/Users/rajsingh/Library/CloudStorage/GoogleDrive-singhraj04.jan@gmail.com/My Drive/SAHARA/Datasets/FSD50K/FSD50K.eval_audio/52287.wav,appliance_beep,fsd50k,0.0,fsd50k:52287
/Users/rajsingh/Library/CloudStorage/GoogleDrive-singhraj04.jan@gmail.com/My Drive/SAHARA/Datasets/FSD50K/FSD50K.eval_audio/64085.wav,appliance_beep,fsd50k,0.0,fsd50k:64085
/Users/rajsingh/Library/CloudStorage/GoogleDrive-singhraj04.jan@gmail.com/My Drive/SAHARA/Datasets/FSD50K/FSD50K.eval_audio/64091.wav,appliance_beep,fsd50k,0.0,fsd50k:64091
/Users/rajsingh/Library/CloudStorage/GoogleDrive-singhraj04.jan@gmail.com/My Drive/SAHARA/Datasets/FSD50K/FSD50K.eval_audio/85088.wav,appliance_beep,fsd50k,0.0,fsd50k:85088
/Users/rajsingh/Library/CloudStorage/GoogleDrive-singhraj04.jan@gmail.com/My Drive/SAHARA/Datasets/FSD50K/FSD50K.eval_audio/198241.wav,appliance_beep,fsd50k,0.0,fsd50k:198241
/Users/rajsingh/Library/CloudStorage/GoogleDrive-singhraj04.jan@gmail.com/My Drive/SAHARA/Datasets/FSD50K/FSD50K.eval_audio/245860.wav,appliance_beep,fsd50k,0.0,fsd50k:245860
/Users/rajsingh/Library/CloudStorage/GoogleDrive-singhraj04.jan@gmail.com/My Drive/SAHARA/Datasets/FSD50K/FSD50K.eval_audio/403565.wav,appliance_beep,fsd50k,0.0,fsd50k:403565
/Users/rajsingh/Library/CloudStorage/GoogleDrive-singhraj04.jan@gmail.com/My Drive/SAHARA/Datasets/FSD50K/FSD50K.eval_audio/26228.wav,appliance_beep,fsd50k,0.0,fsd50k:26228
/Users/rajsingh/Library/CloudStorage/GoogleDrive-singhraj04.jan@gmail.com/My Drive/SAHARA/Datasets/FSD50K/FSD50K.eval_audio/184441.wav,appliance_beep,fsd50k,0.0,fsd50k:184441
/Users/rajsingh/Library/CloudStorage/GoogleDrive-singhraj04.jan@gmail.com/My Drive/SAHARA/Datasets/FSD50K/FSD50K.eval_audio/129657.wav,appliance_beep,fsd50k,0.0,fsd50k:129657
/Users/rajsingh/Library/CloudStorage/GoogleDrive-singhraj04.jan@gmail.com/My Drive/SAHARA/Datasets/FSD50K/FSD50K.eval_audio/154770.wav,appliance_beep,fsd50k,0.0,fsd50k:154770
/Users/rajsingh/Library/CloudStorage/GoogleDrive-singhraj04.jan@gmail.com/My Drive/SAHARA/Datasets/FSD50K/FSD50K.eval_audio/344221.wav,appliance_beep,fsd50k,0.0,fsd50k:344221
/Users/rajsingh/Library/CloudStorage/GoogleDrive-singhraj04.jan@gmail.com/My Drive/SAHARA/Datasets/FSD50K/FSD50K.eval_audio/171679.wav,appliance_beep,fsd50k,0.0,fsd50k:171679
/Users/rajsingh/Library/CloudStorage/GoogleDrive-singhraj04.jan@gmail.com/My Drive/SAHARA/Datasets/FSD50K/FSD50K.eval_audio/339105.wav,appliance_beep,fsd50k,0.0,fsd50k:339105
/Users/rajsingh/Library/CloudStorage/GoogleDrive-singhraj04.jan@gmail.com/My Drive/SAHARA/Datasets/FSD50K/FSD50K.eval_audio/339106.wav,appliance_beep,fsd50k,0.0,fsd50k:339106
/Users/rajsingh/Library/CloudStorage/GoogleDrive-singhraj04.jan@gmail.com/My Drive/SAHARA/Datasets/FSD50K/FSD50K.eval_audio/81061.wav,appliance_beep,fsd50k,0.0,fsd50k:81061
/Users/rajsingh/Library/CloudStorage/GoogleDrive-singhraj04.jan@gmail.com/My Drive/SAHARA/Datasets/FSD50K/FSD50K.eval_audio/81062.wav,appliance_beep,fsd50k,0.0,fsd50k:81062
/Users/rajsingh/Library/CloudStorage/GoogleDrive-singhraj04.jan@gmail.com/My Drive/SAHARA/Datasets/FSD50K/FSD50K.eval_audio/81063.wav,appliance_beep,fsd50k,0.0,fsd50k:81063
/Users/rajsingh/Library/CloudStorage/GoogleDrive-singhraj04.jan@gmail.com/My Drive/SAHARA/Datasets/FSD50K/FSD50K.eval_audio/219308.wav,appliance_beep,fsd50k,0.0,fsd50k:219308
/Users/rajsingh/Library/CloudStorage/GoogleDrive-singhraj04.jan@gmail.com/My Drive/SAHARA/Datasets/FSD50K/FSD50K.eval_audio/180913.wav,appliance_beep,fsd50k,0.0,fsd50k:180913
/Users/rajsingh/Library/CloudStorage/GoogleDrive-singhraj04.jan@gmail.com/My Drive/SAHARA/Datasets/FSD50K/FSD50K.eval_audio/391870.wav,appliance_beep,fsd50k,0.0,fsd50k:391870
/Users/rajsingh/Library/CloudStorage/GoogleDrive-singhraj04.jan@gmail.com/My Drive/SAHARA/Datasets/FSD50K/FSD50K.eval_audio/164031.wav,appliance_beep,fsd50k,0.0,fsd50k:164031
/Users/rajsingh/Library/CloudStorage/GoogleDrive-singhraj04.jan@gmail.com/My Drive/SAHARA/Datasets/FSD50K/FSD50K.eval_audio/164032.wav,appliance_beep,fsd50k,0.0,fsd50k:164032
/Users/rajsingh/Library/CloudStorage/GoogleDrive-singhraj04.jan@gmail.com/My Drive/SAHARA/Datasets/FSD50K/FSD50K.eval_audio/164033.wav,appliance_beep,fsd50k,0.0,fsd50k:164033
/Users/rajsingh/Library/CloudStorage/GoogleDrive-singhraj04.jan@gmail.com/My Drive/SAHARA/Datasets/FSD50K/FSD50K.eval_audio/423103.wav,appliance_beep,fsd50k,0.0,fsd50k:423103
/Users/rajsingh/Library/CloudStorage/GoogleDrive-singhraj04.jan@gmail.com/My Drive/SAHARA/Datasets/FSD50K/FSD50K.eval_audio/164036.wav,appliance_beep,fsd50k,0.0,fsd50k:164036
/Users/rajsingh/Library/CloudStorage/GoogleDrive-singhraj04.jan@gmail.com/My Drive/SAHARA/Datasets/FSD50K/FSD50K.eval_audio/245445.wav,appliance_beep,fsd50k,0.0,fsd50k:245445
/Users/rajsingh/Library/CloudStorage/GoogleDrive-singhraj04.jan@gmail.com/My Drive/SAHARA/Datasets/FSD50K/FSD50K.eval_audio/345805.wav,appliance_beep,fsd50k,0.0,fsd50k:345805
/Users/rajsingh/Library/CloudStorage/GoogleDrive-singhraj04.jan@gmail.com/My Drive/SAHARA/Datasets/FSD50K/FSD50K.eval_audio/261838.wav,appliance_beep,fsd50k,0.0,fsd50k:261838
/Users/rajsingh/Library/CloudStorage/GoogleDrive-singhraj04.jan@gmail.com/My Drive/SAHARA/Datasets/FSD50K/FSD50K.eval_audio/187600.wav,appliance_beep,fsd50k,0.0,fsd50k:187600
/Users/rajsingh/Library/CloudStorage/GoogleDrive-singhraj04.jan@gmail.com/My Drive/SAHARA/Datasets/FSD50K/FSD50K.eval_audio/345808.wav,appliance_beep,fsd50k,0.0,fsd50k:345808
/Users/rajsingh/Library/CloudStorage/GoogleDrive-singhraj04.jan@gmail.com/My Drive/SAHARA/Datasets/FSD50K/FSD50K.eval_audio/120530.wav,appliance_beep,fsd50k,0.0,fsd50k:120530
/Users/rajsingh/Library/CloudStorage/GoogleDrive-singhraj04.jan@gmail.com/My Drive/SAHARA/Datasets/FSD50K/FSD50K.eval_audio/345810.wav,appliance_beep,fsd50k,0.0,fsd50k:345810
/Users/rajsingh/Library/CloudStorage/GoogleDrive-singhraj04.jan@gmail.com/My Drive/SAHARA/Datasets/FSD50K/FSD50K.eval_audio/345812.wav,appliance_beep,fsd50k,0.0,fsd50k:345812
/Users/rajsingh/Library/CloudStorage/GoogleDrive-singhraj04.jan@gmail.com/My Drive/SAHARA/Datasets/FSD50K/FSD50K.eval_audio/406231.wav,appliance_beep,fsd50k,0.0,fsd50k:406231
/Users/rajsingh/Library/CloudStorage/GoogleDrive-singhraj04.jan@gmail.com/My Drive/SAHARA/Datasets/FSD50K/FSD50K.eval_audio/403674.wav,appliance_beep,fsd50k,0.0,fsd50k:403674
/Users/rajsingh/Library/CloudStorage/GoogleDrive-singhraj04.jan@gmail.com/My Drive/SAHARA/Datasets/FSD50K/FSD50K.eval_audio/406235.wav,appliance_beep,fsd50k,0.0,fsd50k:406235
/Users/rajsingh/Library/CloudStorage/GoogleDrive-singhraj04.jan@gmail.com/My Drive/SAHARA/Datasets/FSD50K/FSD50K.eval_audio/406244.wav,appliance_beep,fsd50k,0.0,fsd50k:406244
/Users/rajsingh/Library/CloudStorage/GoogleDrive-singhraj04.jan@gmail.com/My Drive/SAHARA/Datasets/FSD50K/FSD50K.eval_audio/154387.wav,appliance_beep,fsd50k,0.0,fsd50k:154387
/Users/rajsingh/Library/CloudStorage/GoogleDrive-singhraj04.jan@gmail.com/My Drive/SAHARA/Datasets/FSD50K/FSD50K.eval_audio/42262.wav,appliance_beep,fsd50k,0.0,fsd50k:42262
/Users/rajsingh/Library/CloudStorage/GoogleDrive-singhraj04.jan@gmail.com/My Drive/SAHARA/Datasets/FSD50K/FSD50K.eval_audio/118040.wav,appliance_beep,fsd50k,0.0,fsd50k:118040
/Users/rajsingh/Library/CloudStorage/GoogleDrive-singhraj04.jan@gmail.com/My Drive/SAHARA/Datasets/FSD50K/FSD50K.eval_audio/189727.wav,appliance_beep,fsd50k,0.0,fsd50k:189727
/Users/rajsingh/Library/CloudStorage/GoogleDrive-singhraj04.jan@gmail.com/My Drive/SAHARA/Datasets/FSD50K/FSD50K.eval_audio/381728.wav,appliance_beep,fsd50k,0.0,fsd50k:381728
/Users/rajsingh/Library/CloudStorage/GoogleDrive-singhraj04.jan@gmail.com/My Drive/SAHARA/Datasets/FSD50K/FSD50K.eval_audio/383779.wav,appliance_beep,fsd50k,0.0,fsd50k:383779
/Users/rajsingh/Library/CloudStorage/GoogleDrive-singhraj04.jan@gmail.com/My Drive/SAHARA/Datasets/FSD50K/FSD50K.eval_audio/397097.wav,appliance_beep,fsd50k,0.0,fsd50k:397097
/Users/rajsingh/Library/CloudStorage/GoogleDrive-singhraj04.jan@gmail.com/My Drive/SAHARA/Datasets/FSD50K/FSD50K.eval_audio/118080.wav,appliance_beep,fsd50k,0.0,fsd50k:118080
/Users/rajsingh/Library/CloudStorage/GoogleDrive-singhraj04.jan@gmail.com/My Drive/SAHARA/Datasets/FSD50K/FSD50K.eval_audio/77133.wav,appliance_beep,fsd50k,0.0,fsd50k:77133
/Users/rajsingh/Library/CloudStorage/GoogleDrive-singhraj04.jan@gmail.com/My Drive/SAHARA/Datasets/FSD50K/FSD50K.eval_audio/60755.wav,appliance_beep,fsd50k,0.0,fsd50k:60755
/Users/rajsingh/Library/CloudStorage/GoogleDrive-singhraj04.jan@gmail.com/My Drive/SAHARA/Datasets/FSD50K/FSD50K.eval_audio/367447.wav,appliance_beep,fsd50k,0.0,fsd50k:367447
/Users/rajsingh/Library/CloudStorage/GoogleDrive-singhraj04.jan@gmail.com/My Drive/SAHARA/Datasets/FSD50K/FSD50K.eval_audio/383832.wav,appliance_beep,fsd50k,0.0,fsd50k:383832
/Users/rajsingh/Library/CloudStorage/GoogleDrive-singhraj04.jan@gmail.com/My Drive/SAHARA/Datasets/FSD50K/FSD50K.eval_audio/118107.wav,appliance_beep,fsd50k,0.0,fsd50k:118107
/Users/rajsingh/Library/CloudStorage/GoogleDrive-singhraj04.jan@gmail.com/My Drive/SAHARA/Datasets/FSD50K/FSD50K.eval_audio/75104.wav,appliance_beep,fsd50k,0.0,fsd50k:75104
/Users/rajsingh/Library/CloudStorage/GoogleDrive-singhraj04.jan@gmail.com/My Drive/SAHARA/Datasets/FSD50K/FSD50K.eval_audio/341870.wav,appliance_beep,fsd50k,0.0,fsd50k:341870
/Users/rajsingh/Library/CloudStorage/GoogleDrive-singhraj04.jan@gmail.com/My Drive/SAHARA/Datasets/FSD50K/FSD50K.eval_audio/391557.wav,appliance_beep,fsd50k,0.0,fsd50k:391557
/Users/rajsingh/Library/CloudStorage/GoogleDrive-singhraj04.jan@gmail.com/My Drive/SAHARA/Datasets/FSD50K/FSD50K.eval_audio/117642.wav,appliance_beep,fsd50k,0.0,fsd50k:117642
/Users/rajsingh/Library/CloudStorage/GoogleDrive-singhraj04.jan@gmail.com/My Drive/SAHARA/Datasets/FSD50K/FSD50K.eval_audio/204186.wav,appliance_beep,fsd50k,0.0,fsd50k:204186
/Users/rajsingh/Library/CloudStorage/GoogleDrive-singhraj04.jan@gmail.com/My Drive/SAHARA/Datasets/FSD50K/FSD50K.eval_audio/13727.wav,appliance_beep,fsd50k,0.0,fsd50k:13727
/Users/rajsingh/Library/CloudStorage/GoogleDrive-singhraj04.jan@gmail.com/My Drive/SAHARA/Datasets/FSD50K/FSD50K.eval_audio/85439.wav,appliance_beep,fsd50k,0.0,fsd50k:85439
/Users/rajsingh/Library/CloudStorage/GoogleDrive-singhraj04.jan@gmail.com/My Drive/SAHARA/Datasets/FSD50K/FSD50K.eval_audio/248256.wav,appliance_beep,fsd50k,0.0,fsd50k:248256
/Users/rajsingh/Library/CloudStorage/GoogleDrive-singhraj04.jan@gmail.com/My Drive/SAHARA/Datasets/FSD50K/FSD50K.eval_audio/84930.wav,appliance_beep,fsd50k,0.0,fsd50k:84930
/Users/rajsingh/Library/CloudStorage/GoogleDrive-singhraj04.jan@gmail.com/My Drive/SAHARA/Datasets/FSD50K/FSD50K.eval_audio/118229.wav,appliance_beep,fsd50k,0.0,fsd50k:118229
/Users/rajsingh/Library/CloudStorage/GoogleDrive-singhraj04.jan@gmail.com/My Drive/SAHARA/Datasets/FSD50K/FSD50K.eval_audio/170455.wav,appliance_beep,fsd50k,0.0,fsd50k:170455
/Users/rajsingh/Library/CloudStorage/GoogleDrive-singhraj04.jan@gmail.com/My Drive/SAHARA/Datasets/FSD50K/FSD50K.eval_audio/17895.wav,appliance_beep,fsd50k,0.0,fsd50k:17895
/Users/rajsingh/Library/CloudStorage/GoogleDrive-singhraj04.jan@gmail.com/My Drive/SAHARA/Datasets/FSD50K/FSD50K.eval_audio/360680.wav,glass_break,fsd50k,0.0,fsd50k:360680
/Users/rajsingh/Library/CloudStorage/GoogleDrive-singhraj04.jan@gmail.com/My Drive/SAHARA/Datasets/FSD50K/FSD50K.eval_audio/138961.wav,glass_break,fsd50k,0.0,fsd50k:138961
/Users/rajsingh/Library/CloudStorage/GoogleDrive-singhraj04.jan@gmail.com/My Drive/SAHARA/Datasets/FSD50K/FSD50K.eval_audio/235558.wav,appliance_beep,fsd50k,0.0,fsd50k:235558
/Users/rajsingh/Library/CloudStorage/GoogleDrive-singhraj04.jan@gmail.com/My Drive/SAHARA/Datasets/FSD50K/FSD50K.eval_audio/340917.wav,appliance_beep,fsd50k,0.0,fsd50k:340917
/Users/rajsingh/Library/CloudStorage/GoogleDrive-singhraj04.jan@gmail.com/My Drive/SAHARA/Datasets/FSD50K/FSD50K.eval_audio/108023.wav,appliance_beep,fsd50k,0.0,fsd50k:108023
/Users/rajsingh/Library/CloudStorage/GoogleDrive-singhraj04.jan@gmail.com/My Drive/SAHARA/Datasets/FSD50K/FSD50K.eval_audio/340920.wav,appliance_beep,fsd50k,0.0,fsd50k:340920
/Users/rajsingh/Library/CloudStorage/GoogleDrive-singhraj04.jan@gmail.com/My Drive/SAHARA/Datasets/FSD50K/FSD50K.eval_audio/83184.wav,appliance_beep,fsd50k,0.0,fsd50k:83184
/Users/rajsingh/Library/CloudStorage/GoogleDrive-singhraj04.jan@gmail.com/My Drive/SAHARA/Datasets/FSD50K/FSD50K.eval_audio/327057.wav,appliance_beep,fsd50k,0.0,fsd50k:327057
/Users/rajsingh/Library/CloudStorage/GoogleDrive-singhraj04.jan@gmail.com/My Drive/SAHARA/Datasets/FSD50K/FSD50K.eval_audio/218839.wav,appliance_beep,fsd50k,0.0,fsd50k:218839
/Users/rajsingh/Library/CloudStorage/GoogleDrive-singhraj04.jan@gmail.com/My Drive/SAHARA/Datasets/FSD50K/FSD50K.eval_audio/178413.wav,appliance_beep,fsd50k,0.0,fsd50k:178413
/Users/rajsingh/Library/CloudStorage/GoogleDrive-singhraj04.jan@gmail.com/My Drive/SAHARA/Datasets/FSD50K/FSD50K.eval_audio/84925.wav,appliance_beep,fsd50k,0.0,fsd50k:84925
/Users/rajsingh/Library/CloudStorage/GoogleDrive-singhraj04.jan@gmail.com/My Drive/SAHARA/Datasets/FSD50K/FSD50K.eval_audio/344600.wav,appliance_beep,fsd50k,0.0,fsd50k:344600
/Users/rajsingh/Library/CloudStorage/GoogleDrive-singhraj04.jan@gmail.com/My Drive/SAHARA/Datasets/FSD50K/FSD50K.eval_audio/56258.wav,appliance_beep,fsd50k,0.0,fsd50k:56258
/Users/rajsingh/Library/CloudStorage/GoogleDrive-singhraj04.jan@gmail.com/My Drive/SAHARA/Datasets/FSD50K/FSD50K.eval_audio/257435.wav,appliance_beep,fsd50k,0.0,fsd50k:257435
/Users/rajsingh/Library/CloudStorage/GoogleDrive-singhraj04.jan@gmail.com/My Drive/SAHARA/Datasets/FSD50K/FSD50K.eval_audio/397920.wav,appliance_beep,fsd50k,0.0,fsd50k:397920
/Users/rajsingh/Library/CloudStorage/GoogleDrive-singhraj04.jan@gmail.com/My Drive/SAHARA/Datasets/FSD50K/FSD50K.eval_audio/324775.wav,appliance_beep,fsd50k,0.0,fsd50k:324775
/Users/rajsingh/Library/CloudStorage/GoogleDrive-singhraj04.jan@gmail.com/My Drive/SAHARA/Datasets/FSD50K/FSD50K.eval_audio/94213.wav,appliance_beep,fsd50k,0.0,fsd50k:94213
/Users/rajsingh/Library/CloudStorage/GoogleDrive-singhraj04.jan@gmail.com/My Drive/SAHARA/Datasets/FSD50K/FSD50K.eval_audio/144178.wav,appliance_beep,fsd50k,0.0,fsd50k:144178
/Users/rajsingh/Library/CloudStorage/GoogleDrive-singhraj04.jan@gmail.com/My Drive/SAHARA/Datasets/FSD50K/FSD50K.eval_audio/257436.wav,appliance_beep,fsd50k,0.0,fsd50k:257436
/Users/rajsingh/Library/CloudStorage/GoogleDrive-singhraj04.jan@gmail.com/My Drive/SAHARA/Datasets/FSD50K/FSD50K.eval_audio/197130.wav,appliance_beep,fsd50k,0.0,fsd50k:197130
/Users/rajsingh/Library/CloudStorage/GoogleDrive-singhraj04.jan@gmail.com/My Drive/SAHARA/Datasets/FSD50K/FSD50K.eval_audio/171451.wav,appliance_beep,fsd50k,0.0,fsd50k:171451
/Users/rajsingh/Library/CloudStorage/GoogleDrive-singhraj04.jan@gmail.com/My Drive/SAHARA/Datasets/FSD50K/FSD50K.eval_audio/389214.wav,appliance_beep,fsd50k,0.0,fsd50k:389214
/Users/rajsingh/Library/CloudStorage/GoogleDrive-singhraj04.jan@gmail.com/My Drive/SAHARA/Datasets/FSD50K/FSD50K.eval_audio/210296.wav,appliance_beep,fsd50k,0.0,fsd50k:210296
/Users/rajsingh/Library/CloudStorage/GoogleDrive-singhraj04.jan@gmail.com/My Drive/SAHARA/Datasets/FSD50K/FSD50K.eval_audio/108469.wav,appliance_beep,fsd50k,0.0,fsd50k:108469
/Users/rajsingh/Library/CloudStorage/GoogleDrive-singhraj04.jan@gmail.com/My Drive/SAHARA/Datasets/FSD50K/FSD50K.eval_audio/235694.wav,appliance_beep,fsd50k,0.0,fsd50k:235694
/Users/rajsingh/Library/CloudStorage/GoogleDrive-singhraj04.jan@gmail.com/My Drive/SAHARA/Datasets/FSD50K/FSD50K.eval_audio/383839.wav,appliance_beep,fsd50k,0.0,fsd50k:383839
/Users/rajsingh/Library/CloudStorage/GoogleDrive-singhraj04.jan@gmail.com/My Drive/SAHARA/Datasets/FSD50K/FSD50K.eval_audio/119093.wav,appliance_beep,fsd50k,0.0,fsd50k:119093
/Users/rajsingh/Library/CloudStorage/GoogleDrive-singhraj04.jan@gmail.com/My Drive/SAHARA/Datasets/FSD50K/FSD50K.eval_audio/128867.wav,appliance_beep,fsd50k,0.0,fsd50k:128867
/Users/rajsingh/Library/CloudStorage/GoogleDrive-singhraj04.jan@gmail.com/My Drive/SAHARA/Datasets/FSD50K/FSD50K.eval_audio/235551.wav,appliance_beep,fsd50k,0.0,fsd50k:235551
/Users/rajsingh/Library/CloudStorage/GoogleDrive-singhraj04.jan@gmail.com/My Drive/SAHARA/Datasets/FSD50K/FSD50K.eval_audio/242006.wav,appliance_beep,fsd50k,0.0,fsd50k:242006
/Users/rajsingh/Library/CloudStorage/GoogleDrive-singhraj04.jan@gmail.com/My Drive/SAHARA/Datasets/FSD50K/FSD50K.eval_audio/94214.wav,appliance_beep,fsd50k,0.0,fsd50k:94214
/Users/rajsingh/Library/CloudStorage/GoogleDrive-singhraj04.jan@gmail.com/My Drive/SAHARA/Datasets/FSD50K/FSD50K.eval_audio/210311.wav,appliance_beep,fsd50k,0.0,fsd50k:210311
/Users/rajsingh/Library/CloudStorage/GoogleDrive-singhraj04.jan@gmail.com/My Drive/SAHARA/Datasets/FSD50K/FSD50K.eval_audio/108470.wav,appliance_beep,fsd50k,0.0,fsd50k:108470
/Users/rajsingh/Library/CloudStorage/GoogleDrive-singhraj04.jan@gmail.com/My Drive/SAHARA/Datasets/FSD50K/FSD50K.eval_audio/388044.wav,appliance_beep,fsd50k,0.0,fsd50k:388044
/Users/rajsingh/Library/CloudStorage/GoogleDrive-singhraj04.jan@gmail.com/My Drive/SAHARA/Datasets/FSD50K/FSD50K.eval_audio/1028.wav,appliance_beep,fsd50k,0.0,fsd50k:1028
/Users/rajsingh/Library/CloudStorage/GoogleDrive-singhraj04.jan@gmail.com/My Drive/SAHARA/Datasets/FSD50K/FSD50K.eval_audio/378654.wav,appliance_beep,fsd50k,0.0,fsd50k:378654
/Users/rajsingh/Library/CloudStorage/GoogleDrive-singhraj04.jan@gmail.com/My Drive/SAHARA/Datasets/FSD50K/FSD50K.eval_audio/209487.wav,appliance_beep,fsd50k,0.0,fsd50k:209487
/Users/rajsingh/Library/CloudStorage/GoogleDrive-singhraj04.jan@gmail.com/My Drive/SAHARA/Datasets/FSD50K/FSD50K.eval_audio/144181.wav,appliance_beep,fsd50k,0.0,fsd50k:144181
/Users/rajsingh/Library/CloudStorage/GoogleDrive-singhraj04.jan@gmail.com/My Drive/SAHARA/Datasets/FSD50K/FSD50K.eval_audio/426785.wav,appliance_beep,fsd50k,0.0,fsd50k:426785
/Users/rajsingh/Library/CloudStorage/GoogleDrive-singhraj04.jan@gmail.com/My Drive/SAHARA/Datasets/FSD50K/FSD50K.eval_audio/81404.wav,appliance_beep,fsd50k,0.0,fsd50k:81404
/Users/rajsingh/Library/CloudStorage/GoogleDrive-singhraj04.jan@gmail.com/My Drive/SAHARA/Datasets/FSD50K/FSD50K.eval_audio/56257.wav,appliance_beep,fsd50k,0.0,fsd50k:56257
/Users/rajsingh/Library/CloudStorage/GoogleDrive-singhraj04.jan@gmail.com/My Drive/SAHARA/Datasets/FSD50K/FSD50K.eval_audio/84924.wav,appliance_beep,fsd50k,0.0,fsd50k:84924
/Users/rajsingh/Library/CloudStorage/GoogleDrive-singhraj04.jan@gmail.com/My Drive/SAHARA/Datasets/FSD50K/FSD50K.eval_audio/206154.wav,glass_break,fsd50k,0.0,fsd50k:206154
/Users/rajsingh/Library/CloudStorage/GoogleDrive-singhraj04.jan@gmail.com/My Drive/SAHARA/Datasets/FSD50K/FSD50K.eval_audio/235724.wav,glass_break,fsd50k,0.0,fsd50k:235724
/Users/rajsingh/Library/CloudStorage/GoogleDrive-singhraj04.jan@gmail.com/My Drive/SAHARA/Datasets/FSD50K/FSD50K.eval_audio/339471.wav,glass_break,fsd50k,0.0,fsd50k:339471
/Users/rajsingh/Library/CloudStorage/GoogleDrive-singhraj04.jan@gmail.com/My Drive/SAHARA/Datasets/FSD50K/FSD50K.eval_audio/269395.wav,glass_break,fsd50k,0.0,fsd50k:269395
/Users/rajsingh/Library/CloudStorage/GoogleDrive-singhraj04.jan@gmail.com/My Drive/SAHARA/Datasets/FSD50K/FSD50K.eval_audio/429028.wav,glass_break,fsd50k,0.0,fsd50k:429028
/Users/rajsingh/Library/CloudStorage/GoogleDrive-singhraj04.jan@gmail.com/My Drive/SAHARA/Datasets/FSD50K/FSD50K.eval_audio/206157.wav,glass_break,fsd50k,0.0,fsd50k:206157
/Users/rajsingh/Library/CloudStorage/GoogleDrive-singhraj04.jan@gmail.com/My Drive/SAHARA/Datasets/FSD50K/FSD50K.eval_audio/235602.wav,glass_break,fsd50k,0.0,fsd50k:235602
/Users/rajsingh/Library/CloudStorage/GoogleDrive-singhraj04.jan@gmail.com/My Drive/SAHARA/Datasets/FSD50K/FSD50K.eval_audio/376463.wav,glass_break,fsd50k,0.0,fsd50k:376463
/Users/rajsingh/Library/CloudStorage/GoogleDrive-singhraj04.jan@gmail.com/My Drive/SAHARA/Datasets/FSD50K/FSD50K.eval_audio/423104.wav,glass_break,fsd50k,0.0,fsd50k:423104
/Users/rajsingh/Library/CloudStorage/GoogleDrive-singhraj04.jan@gmail.com/My Drive/SAHARA/Datasets/FSD50K/FSD50K.eval_audio/366035.wav,glass_break,fsd50k,0.0,fsd50k:366035
/Users/rajsingh/Library/CloudStorage/GoogleDrive-singhraj04.jan@gmail.com/My Drive/SAHARA/Datasets/FSD50K/FSD50K.eval_audio/198402.wav,glass_break,fsd50k,0.0,fsd50k:198402
/Users/rajsingh/Library/CloudStorage/GoogleDrive-singhraj04.jan@gmail.com/My Drive/SAHARA/Datasets/FSD50K/FSD50K.eval_audio/142328.wav,glass_break,fsd50k,0.0,fsd50k:142328
/Users/rajsingh/Library/CloudStorage/GoogleDrive-singhraj04.jan@gmail.com/My Drive/SAHARA/Datasets/FSD50K/FSD50K.eval_audio/96927.wav,glass_break,fsd50k,0.0,fsd50k:96927
/Users/rajsingh/Library/CloudStorage/GoogleDrive-singhraj04.jan@gmail.com/My Drive/SAHARA/Datasets/FSD50K/FSD50K.eval_audio/210059.wav,glass_break,fsd50k,0.0,fsd50k:210059
/Users/rajsingh/Library/CloudStorage/GoogleDrive-singhraj04.jan@gmail.com/My Drive/SAHARA/Datasets/FSD50K/FSD50K.eval_audio/101246.wav,glass_break,fsd50k,0.0,fsd50k:101246
/Users/rajsingh/Library/CloudStorage/GoogleDrive-singhraj04.jan@gmail.com/My Drive/SAHARA/Datasets/FSD50K/FSD50K.eval_audio/87433.wav,glass_break,fsd50k,0.0,fsd50k:87433
/Users/rajsingh/Library/CloudStorage/GoogleDrive-singhraj04.jan@gmail.com/My Drive/SAHARA/Datasets/FSD50K/FSD50K.eval_audio/96833.wav,glass_break,fsd50k,0.0,fsd50k:96833
/Users/rajsingh/Library/CloudStorage/GoogleDrive-singhraj04.jan@gmail.com/My Drive/SAHARA/Datasets/FSD50K/FSD50K.eval_audio/119844.wav,glass_break,fsd50k,0.0,fsd50k:119844
/Users/rajsingh/Library/CloudStorage/GoogleDrive-singhraj04.jan@gmail.com/My Drive/SAHARA/Datasets/FSD50K/FSD50K.eval_audio/404407.wav,glass_break,fsd50k,0.0,fsd50k:404407
/Users/rajsingh/Library/CloudStorage/GoogleDrive-singhraj04.jan@gmail.com/My Drive/SAHARA/Datasets/FSD50K/FSD50K.eval_audio/426596.wav,glass_break,fsd50k,0.0,fsd50k:426596
/Users/rajsingh/Library/CloudStorage/GoogleDrive-singhraj04.jan@gmail.com/My Drive/SAHARA/Datasets/FSD50K/FSD50K.eval_audio/136469.wav,glass_break,fsd50k,0.0,fsd50k:136469
/Users/rajsingh/Library/CloudStorage/GoogleDrive-singhraj04.jan@gmail.com/My Drive/SAHARA/Datasets/FSD50K/FSD50K.eval_audio/219307.wav,glass_break,fsd50k,0.0,fsd50k:219307
/Users/rajsingh/Library/CloudStorage/GoogleDrive-singhraj04.jan@gmail.com/My Drive/SAHARA/Datasets/FSD50K/FSD50K.eval_audio/366578.wav,glass_break,fsd50k,0.0,fsd50k:366578
/Users/rajsingh/Library/CloudStorage/GoogleDrive-singhraj04.jan@gmail.com/My Drive/SAHARA/Datasets/FSD50K/FSD50K.eval_audio/382982.wav,glass_break,fsd50k,0.0,fsd50k:382982
/Users/rajsingh/Library/CloudStorage/GoogleDrive-singhraj04.jan@gmail.com/My Drive/SAHARA/Datasets/FSD50K/FSD50K.eval_audio/64457.wav,glass_break,fsd50k,0.0,fsd50k:64457
/Users/rajsingh/Library/CloudStorage/GoogleDrive-singhraj04.jan@gmail.com/My Drive/SAHARA/Datasets/FSD50K/FSD50K.eval_audio/48229.wav,glass_break,fsd50k,0.0,fsd50k:48229
/Users/rajsingh/Library/CloudStorage/GoogleDrive-singhraj04.jan@gmail.com/My Drive/SAHARA/Datasets/FSD50K/FSD50K.eval_audio/210083.wav,glass_break,fsd50k,0.0,fsd50k:210083
/Users/rajsingh/Library/CloudStorage/GoogleDrive-singhraj04.jan@gmail.com/My Drive/SAHARA/Datasets/FSD50K/FSD50K.eval_audio/119839.wav,glass_break,fsd50k,0.0,fsd50k:119839
/Users/rajsingh/Library/CloudStorage/GoogleDrive-singhraj04.jan@gmail.com/My Drive/SAHARA/Datasets/FSD50K/FSD50K.eval_audio/198385.wav,glass_break,fsd50k,0.0,fsd50k:198385
/Users/rajsingh/Library/CloudStorage/GoogleDrive-singhraj04.jan@gmail.com/My Drive/SAHARA/Datasets/FSD50K/FSD50K.eval_audio/186686.wav,glass_break,fsd50k,0.0,fsd50k:186686
/Users/rajsingh/Library/CloudStorage/GoogleDrive-singhraj04.jan@gmail.com/My Drive/SAHARA/Datasets/FSD50K/FSD50K.eval_audio/168822.wav,glass_break,fsd50k,0.0,fsd50k:168822
/Users/rajsingh/Library/CloudStorage/GoogleDrive-singhraj04.jan@gmail.com/My Drive/SAHARA/Datasets/FSD50K/FSD50K.eval_audio/145441.wav,glass_break,fsd50k,0.0,fsd50k:145441
/Users/rajsingh/Library/CloudStorage/GoogleDrive-singhraj04.jan@gmail.com/My Drive/SAHARA/Datasets/FSD50K/FSD50K.eval_audio/389.wav,glass_break,fsd50k,0.0,fsd50k:389
/Users/rajsingh/Library/CloudStorage/GoogleDrive-singhraj04.jan@gmail.com/My Drive/SAHARA/Datasets/FSD50K/FSD50K.eval_audio/210241.wav,glass_break,fsd50k,0.0,fsd50k:210241
/Users/rajsingh/Library/CloudStorage/GoogleDrive-singhraj04.jan@gmail.com/My Drive/SAHARA/Datasets/FSD50K/FSD50K.eval_audio/406091.wav,glass_break,fsd50k,0.0,fsd50k:406091
/Users/rajsingh/Library/CloudStorage/GoogleDrive-singhraj04.jan@gmail.com/My Drive/SAHARA/Datasets/FSD50K/FSD50K.eval_audio/340883.wav,glass_break,fsd50k,0.0,fsd50k:340883
/Users/rajsingh/Library/CloudStorage/GoogleDrive-singhraj04.jan@gmail.com/My Drive/SAHARA/Datasets/FSD50K/FSD50K.eval_audio/271655.wav,glass_break,fsd50k,0.0,fsd50k:271655
/Users/rajsingh/Library/CloudStorage/GoogleDrive-singhraj04.jan@gmail.com/My Drive/SAHARA/Datasets/FSD50K/FSD50K.eval_audio/206150.wav,glass_break,fsd50k,0.0,fsd50k:206150
/Users/rajsingh/Library/CloudStorage/GoogleDrive-singhraj04.jan@gmail.com/My Drive/SAHARA/Datasets/FSD50K/FSD50K.eval_audio/390330.wav,glass_break,fsd50k,0.0,fsd50k:390330
/Users/rajsingh/Library/CloudStorage/GoogleDrive-singhraj04.jan@gmail.com/My Drive/SAHARA/Datasets/FSD50K/FSD50K.eval_audio/245858.wav,glass_break,fsd50k,0.0,fsd50k:245858
/Users/rajsingh/Library/CloudStorage/GoogleDrive-singhraj04.jan@gmail.com/My Drive/SAHARA/Datasets/FSD50K/FSD50K.eval_audio/341579.wav,glass_break,fsd50k,0.0,fsd50k:341579
/Users/rajsingh/Documents/ChatGPT/sahara/data/raw/audioset/smoke_alarm/HFpfDaLZtzQ_30_000_40_000.wav,smoke_alarm,audioset,19.9935,audioset:HFpfDaLZtzQ
/Users/rajsingh/Documents/ChatGPT/sahara/data/raw/audioset/smoke_alarm/I3etAR5FQjo_60_000_70_000.wav,smoke_alarm,audioset,19.9935,audioset:I3etAR5FQjo
/Users/rajsingh/Documents/ChatGPT/sahara/data/raw/audioset/smoke_alarm/CSfbHfwsIVE_20_000_30_000.wav,smoke_alarm,audioset,19.9935,audioset:CSfbHfwsIVE
/Users/rajsingh/Documents/ChatGPT/sahara/data/raw/audioset/smoke_alarm/CnYUEif7qF8_140_000_150_000.wav,smoke_alarm,audioset,19.9935,audioset:CnYUEif7qF8
/Users/rajsingh/Documents/ChatGPT/sahara/data/raw/audioset/smoke_alarm/1WFLYqsLvv0_0_000_10_000.wav,smoke_alarm,audioset,9.8685,audioset:1WFLYqsLvv0
/Users/rajsingh/Documents/ChatGPT/sahara/data/raw/audioset/smoke_alarm/8guASCeupec_180_000_190_000.wav,smoke_alarm,audioset,10.008875,audioset:8guASCeupec
/Users/rajsingh/Documents/ChatGPT/sahara/data/raw/audioset/smoke_alarm/JGTHhKxzPHQ_30_000_40_000.wav,smoke_alarm,audioset,19.9935,audioset:JGTHhKxzPHQ
/Users/rajsingh/Documents/ChatGPT/sahara/data/raw/audioset/smoke_alarm/919RleFXcNM_380_000_390_000.wav,smoke_alarm,audioset,19.9935,audioset:919RleFXcNM
/Users/rajsingh/Documents/ChatGPT/sahara/data/raw/audioset/smoke_alarm/3rWuqvyN4os_8_000_18_000.wav,smoke_alarm,audioset,17.9935,audioset:3rWuqvyN4os
/Users/rajsingh/Documents/ChatGPT/sahara/data/raw/audioset/smoke_alarm/EviorW0wbVo_500_000_510_000.wav,smoke_alarm,audioset,19.9935,audioset:EviorW0wbVo
/Users/rajsingh/Documents/ChatGPT/sahara/data/raw/audioset/smoke_alarm/JW36HYLa4E4_0_000_9_000.wav,smoke_alarm,audioset,8.0135,audioset:JW36HYLa4E4
/Users/rajsingh/Documents/ChatGPT/sahara/data/raw/audioset/smoke_alarm/2i_xXpPIi0w_210_000_220_000.wav,smoke_alarm,audioset,19.9935,audioset:2i
/Users/rajsingh/Documents/ChatGPT/sahara/data/raw/audioset/smoke_alarm/B4k036R3wQE_18_000_28_000.wav,smoke_alarm,audioset,9.0048125,audioset:B4k036R3wQE
/Users/rajsingh/Documents/ChatGPT/sahara/data/raw/audioset/smoke_alarm/2fc_QUbbS-I_470_000_480_000.wav,smoke_alarm,audioset,19.9935,audioset:2fc
/Users/rajsingh/Documents/ChatGPT/sahara/data/raw/audioset/smoke_alarm/02rLonMSO9k_60_000_70_000.wav,smoke_alarm,audioset,19.9935,audioset:02rLonMSO9k
/Users/rajsingh/Documents/ChatGPT/sahara/data/raw/audioset/smoke_alarm/EqSluSsMXE0_30_000_40_000.wav,smoke_alarm,audioset,19.9935,audioset:EqSluSsMXE0
/Users/rajsingh/Documents/ChatGPT/sahara/data/raw/audioset/smoke_alarm/6z4HD7Dw7i8_30_000_40_000.wav,smoke_alarm,audioset,19.9935,audioset:6z4HD7Dw7i8
/Users/rajsingh/Documents/ChatGPT/sahara/data/raw/audioset/smoke_alarm/04JKX_vlePE_90_000_100_000.wav,smoke_alarm,audioset,19.9935,audioset:04JKX
/Users/rajsingh/Documents/ChatGPT/sahara/data/raw/audioset/smoke_alarm/AkWEga9gUIQ_0_000_10_000.wav,smoke_alarm,audioset,10.0135,audioset:AkWEga9gUIQ
/Users/rajsingh/Documents/ChatGPT/sahara/data/raw/audioset/smoke_alarm/5DJjRwzIEG4_240_000_250_000.wav,smoke_alarm,audioset,19.9935,audioset:5DJjRwzIEG4
/Users/rajsingh/Documents/ChatGPT/sahara/data/raw/audioset/doorbell/LEwXpKnJMaQ_440_000_450_000.wav,doorbell,audioset,19.9935,audioset:LEwXpKnJMaQ
/Users/rajsingh/Documents/ChatGPT/sahara/data/raw/audioset/doorbell/BurGML_ZqSA_100_000_110_000.wav,doorbell,audioset,19.9935,audioset:BurGML
/Users/rajsingh/Documents/ChatGPT/sahara/data/raw/audioset/doorbell/Add11iatg0Y_50_000_60_000.wav,doorbell,audioset,19.9935,audioset:Add11iatg0Y
/Users/rajsingh/Documents/ChatGPT/sahara/data/raw/audioset/doorbell/M0HQ3VWaJpg_0_000_10_000.wav,doorbell,audioset,10.0078125,audioset:M0HQ3VWaJpg
/Users/rajsingh/Documents/ChatGPT/sahara/data/raw/audioset/doorbell/9Bln0rDEx_o_30_000_40_000.wav,doorbell,audioset,10.008,audioset:9Bln0rDEx
/Users/rajsingh/Documents/ChatGPT/sahara/data/raw/audioset/doorbell/JL76D1HWv-U_550_000_560_000.wav,doorbell,audioset,19.9935,audioset:JL76D1HWv-U
/Users/rajsingh/Documents/ChatGPT/sahara/data/raw/audioset/doorbell/BJ8up8BXMjg_570_000_580_000.wav,doorbell,audioset,10.01125,audioset:BJ8up8BXMjg
/Users/rajsingh/Documents/ChatGPT/sahara/data/raw/audioset/doorbell/DOtBB70Jgu4_60_000_70_000.wav,doorbell,audioset,10.0081875,audioset:DOtBB70Jgu4
/Users/rajsingh/Documents/ChatGPT/sahara/data/raw/audioset/doorbell/3vaGGiJrE2k_30_000_40_000.wav,doorbell,audioset,19.9935,audioset:3vaGGiJrE2k
/Users/rajsingh/Documents/ChatGPT/sahara/data/raw/audioset/doorbell/-9ek6eO0RtI_260_000_270_000.wav,doorbell,audioset,19.9935,audioset:-9ek6eO0RtI
/Users/rajsingh/Documents/ChatGPT/sahara/data/raw/audioset/doorbell/ByZD9ujkkB4_50_000_60_000.wav,doorbell,audioset,19.9935,audioset:ByZD9ujkkB4
/Users/rajsingh/Documents/ChatGPT/sahara/data/raw/audioset/doorbell/Es0DobdL8Kc_270_000_280_000.wav,doorbell,audioset,19.9935,audioset:Es0DobdL8Kc
/Users/rajsingh/Documents/ChatGPT/sahara/data/raw/audioset/doorbell/2aUWpuKZ-GQ_0_000_10_000.wav,doorbell,audioset,10.0078125,audioset:2aUWpuKZ-GQ
/Users/rajsingh/Documents/ChatGPT/sahara/data/raw/audioset/doorbell/4c1omzV5pP8_90_000_100_000.wav,doorbell,audioset,19.9935,audioset:4c1omzV5pP8
/Users/rajsingh/Documents/ChatGPT/sahara/data/raw/audioset/doorbell/EGc41s7IIZ0_400_000_410_000.wav,doorbell,audioset,19.9935,audioset:EGc41s7IIZ0
/Users/rajsingh/Documents/ChatGPT/sahara/data/raw/audioset/doorbell/6WJitOS-RHw_110_000_120_000.wav,doorbell,audioset,19.9935,audioset:6WJitOS-RHw
/Users/rajsingh/Documents/ChatGPT/sahara/data/raw/audioset/doorbell/6qlfodh49BA_0_000_3_000.wav,doorbell,audioset,2.020125,audioset:6qlfodh49BA
/Users/rajsingh/Documents/ChatGPT/sahara/data/raw/audioset/doorbell/02JEvDAcq7U_10_000_20_000.wav,doorbell,audioset,18.9935,audioset:02JEvDAcq7U
/Users/rajsingh/Documents/ChatGPT/sahara/data/raw/audioset/doorbell/6iyinlZEgS4_40_000_50_000.wav,doorbell,audioset,19.9935,audioset:6iyinlZEgS4
/Users/rajsingh/Documents/ChatGPT/sahara/data/raw/audioset/doorbell/4_cwAbkJLeY_430_000_440_000.wav,doorbell,audioset,19.9935,audioset:4
/Users/rajsingh/Documents/ChatGPT/sahara/data/raw/audioset/siren/6dhpe65QOcc_16_000_26_000.wav,siren,audioset,9.9135,audioset:6dhpe65QOcc
/Users/rajsingh/Documents/ChatGPT/sahara/data/raw/audioset/siren/-oSw8wNpLcY_60_000_70_000.wav,siren,audioset,10.0081875,audioset:-oSw8wNpLcY
/Users/rajsingh/Documents/ChatGPT/sahara/data/raw/audioset/siren/-Y1qiiugnk8_30_000_40_000.wav,siren,audioset,19.9935,audioset:-Y1qiiugnk8
/Users/rajsingh/Documents/ChatGPT/sahara/data/raw/audioset/siren/4yub23Xuzos_150_000_160_000.wav,siren,audioset,19.9935,audioset:4yub23Xuzos
/Users/rajsingh/Documents/ChatGPT/sahara/data/raw/audioset/siren/0PhU-PIsUMw_80_000_90_000.wav,siren,audioset,19.9935,audioset:0PhU-PIsUMw
/Users/rajsingh/Documents/ChatGPT/sahara/data/raw/audioset/siren/5quD8nDBLnU_60_000_70_000.wav,siren,audioset,19.9935,audioset:5quD8nDBLnU
/Users/rajsingh/Documents/ChatGPT/sahara/data/raw/audioset/siren/2Pq9c0tFt1g_30_000_40_000.wav,siren,audioset,19.9935,audioset:2Pq9c0tFt1g
/Users/rajsingh/Documents/ChatGPT/sahara/data/raw/audioset/siren/2oT1tf8FRoU_260_000_270_000.wav,siren,audioset,19.9935,audioset:2oT1tf8FRoU
/Users/rajsingh/Documents/ChatGPT/sahara/data/raw/audioset/siren/-4RWqM0UCCY_0_000_10_000.wav,siren,audioset,10.0078125,audioset:-4RWqM0UCCY
/Users/rajsingh/Documents/ChatGPT/sahara/data/raw/audioset/siren/3uZy0wkterE_30_000_40_000.wav,siren,audioset,19.9935,audioset:3uZy0wkterE
/Users/rajsingh/Documents/ChatGPT/sahara/data/raw/audioset/siren/03NLMEMi8-I_30_000_40_000.wav,siren,audioset,19.9935,audioset:03NLMEMi8-I
/Users/rajsingh/Documents/ChatGPT/sahara/data/raw/audioset/siren/61ZirC2IlLg_210_000_220_000.wav,siren,audioset,19.9935,audioset:61ZirC2IlLg
/Users/rajsingh/Documents/ChatGPT/sahara/data/raw/audioset/siren/4lflH2Jvm8k_30_000_40_000.wav,siren,audioset,10.008,audioset:4lflH2Jvm8k
/Users/rajsingh/Documents/ChatGPT/sahara/data/raw/audioset/siren/-_dElQcyJnA_30_000_40_000.wav,siren,audioset,19.9935,audioset:-
/Users/rajsingh/Documents/ChatGPT/sahara/data/raw/audioset/siren/-z47zN0YyE4_420_000_430_000.wav,siren,audioset,19.9935,audioset:-z47zN0YyE4
/Users/rajsingh/Documents/ChatGPT/sahara/data/raw/audioset/siren/-gKNRXbpAKs_30_000_40_000.wav,siren,audioset,19.9935,audioset:-gKNRXbpAKs
/Users/rajsingh/Documents/ChatGPT/sahara/data/raw/audioset/siren/0JPT13OUVV8_220_000_230_000.wav,siren,audioset,19.9935,audioset:0JPT13OUVV8
/Users/rajsingh/Documents/ChatGPT/sahara/data/raw/audioset/siren/0JKcTVpby0I_30_000_40_000.wav,siren,audioset,10.008,audioset:0JKcTVpby0I
/Users/rajsingh/Documents/ChatGPT/sahara/data/raw/audioset/siren/4ekovmvm3jM_30_000_40_000.wav,siren,audioset,10.008,audioset:4ekovmvm3jM
/Users/rajsingh/Documents/ChatGPT/sahara/data/raw/audioset/siren/6F3YIb0Uw4I_30_000_40_000.wav,siren,audioset,19.9935,audioset:6F3YIb0Uw4I
/Users/rajsingh/Documents/ChatGPT/sahara/data/raw/audioset/knocking/1y7lQSNaMjw_60_000_70_000.wav,knocking,audioset,19.9935,audioset:1y7lQSNaMjw
/Users/rajsingh/Documents/ChatGPT/sahara/data/raw/audioset/knocking/4ertekFHXbg_170_000_180_000.wav,knocking,audioset,19.9935,audioset:4ertekFHXbg
/Users/rajsingh/Documents/ChatGPT/sahara/data/raw/audioset/knocking/-JBvPwxaVVg_110_000_120_000.wav,knocking,audioset,19.9935,audioset:-JBvPwxaVVg
/Users/rajsingh/Documents/ChatGPT/sahara/data/raw/audioset/knocking/2EVcnKR39PI_30_000_40_000.wav,knocking,audioset,10.008,audioset:2EVcnKR39PI
/Users/rajsingh/Documents/ChatGPT/sahara/data/raw/audioset/knocking/1WFBllfIMPA_0_000_2_000.wav,knocking,audioset,1.6021875,audioset:1WFBllfIMPA
/Users/rajsingh/Documents/ChatGPT/sahara/data/raw/audioset/knocking/-lUCohWH9xg_29_000_39_000.wav,knocking,audioset,18.5948125,audioset:-lUCohWH9xg
/Users/rajsingh/Documents/ChatGPT/sahara/data/raw/audioset/knocking/0I_Pi3zt4WY_0_000_10_000.wav,knocking,audioset,10.0078125,audioset:0I
/Users/rajsingh/Documents/ChatGPT/sahara/data/raw/audioset/knocking/2OROEX0O-kw_30_000_40_000.wav,knocking,audioset,10.008,audioset:2OROEX0O-kw
/Users/rajsingh/Documents/ChatGPT/sahara/data/raw/audioset/knocking/-z0muTLomL4_11_000_21_000.wav,knocking,audioset,10.448375,audioset:-z0muTLomL4
/Users/rajsingh/Documents/ChatGPT/sahara/data/raw/audioset/knocking/3-Lvdqfmj2U_30_000_40_000.wav,knocking,audioset,19.9935,audioset:3-Lvdqfmj2U
/Users/rajsingh/Documents/ChatGPT/sahara/data/raw/audioset/knocking/1Ul-LlPhELw_220_000_230_000.wav,knocking,audioset,19.9935,audioset:1Ul-LlPhELw
/Users/rajsingh/Documents/ChatGPT/sahara/data/raw/audioset/knocking/-Ypg2o4TqXM_30_000_40_000.wav,knocking,audioset,10.008,audioset:-Ypg2o4TqXM
/Users/rajsingh/Documents/ChatGPT/sahara/data/raw/audioset/knocking/1U7l0iDgxJ0_30_000_40_000.wav,knocking,audioset,10.008,audioset:1U7l0iDgxJ0
/Users/rajsingh/Documents/ChatGPT/sahara/data/raw/audioset/knocking/1PXdsHgpRgA_30_000_40_000.wav,knocking,audioset,10.008,audioset:1PXdsHgpRgA
/Users/rajsingh/Documents/ChatGPT/sahara/data/raw/audioset/knocking/0EM3MvTgPL4_20_000_30_000.wav,knocking,audioset,19.9935,audioset:0EM3MvTgPL4
/Users/rajsingh/Documents/ChatGPT/sahara/data/raw/audioset/knocking/0w1DJl3BCrY_470_000_480_000.wav,knocking,audioset,19.9935,audioset:0w1DJl3BCrY
/Users/rajsingh/Documents/ChatGPT/sahara/data/raw/audioset/knocking/19DRe0cdeXQ_20_000_30_000.wav,knocking,audioset,10.0001875,audioset:19DRe0cdeXQ
/Users/rajsingh/Documents/ChatGPT/sahara/data/raw/audioset/knocking/-M_5w6KKfgQ_0_000_10_000.wav,knocking,audioset,10.0135,audioset:-M
/Users/rajsingh/Documents/ChatGPT/sahara/data/raw/audioset/knocking/-ItCGHv_9Gs_3_000_13_000.wav,knocking,audioset,9.863875,audioset:-ItCGHv
/Users/rajsingh/Documents/ChatGPT/sahara/data/raw/audioset/knocking/0yjZRw5Ks3Y_30_000_40_000.wav,knocking,audioset,19.9935,audioset:0yjZRw5Ks3Y
/Users/rajsingh/Documents/ChatGPT/sahara/data/raw/audioset/dog_bark/-QVqh513RxQ_15_000_25_000.wav,dog_bark,audioset,9.72925,audioset:-QVqh513RxQ
/Users/rajsingh/Documents/ChatGPT/sahara/data/raw/audioset/dog_bark/2JEeD3O0NnM_30_000_40_000.wav,dog_bark,audioset,19.9935,audioset:2JEeD3O0NnM
/Users/rajsingh/Documents/ChatGPT/sahara/data/raw/audioset/dog_bark/2PXcJCAVf38_30_000_40_000.wav,dog_bark,audioset,19.9935,audioset:2PXcJCAVf38
/Users/rajsingh/Documents/ChatGPT/sahara/data/raw/audioset/dog_bark/2p7QjnOHpUI_30_000_40_000.wav,dog_bark,audioset,19.9935,audioset:2p7QjnOHpUI
/Users/rajsingh/Documents/ChatGPT/sahara/data/raw/audioset/dog_bark/-hDuDDv0lbQ_30_000_40_000.wav,dog_bark,audioset,19.9935,audioset:-hDuDDv0lbQ
/Users/rajsingh/Documents/ChatGPT/sahara/data/raw/audioset/dog_bark/06OT6nqAuLM_50_000_60_000.wav,dog_bark,audioset,10.000375,audioset:06OT6nqAuLM
/Users/rajsingh/Documents/ChatGPT/sahara/data/raw/audioset/dog_bark/1NYANpd5Grs_160_000_170_000.wav,dog_bark,audioset,10.0165,audioset:1NYANpd5Grs
/Users/rajsingh/Documents/ChatGPT/sahara/data/raw/audioset/dog_bark/2mJbGx5D-zA_150_000_160_000.wav,dog_bark,audioset,19.9935,audioset:2mJbGx5D-zA
/Users/rajsingh/Documents/ChatGPT/sahara/data/raw/audioset/dog_bark/02q5C77_xeQ_250_000_260_000.wav,dog_bark,audioset,10.0170625,audioset:02q5C77
/Users/rajsingh/Documents/ChatGPT/sahara/data/raw/audioset/dog_bark/1PxKjFulkLs_30_000_40_000.wav,dog_bark,audioset,19.9935,audioset:1PxKjFulkLs
/Users/rajsingh/Documents/ChatGPT/sahara/data/raw/audioset/dog_bark/1eI2-vhs0YY_21_000_31_000.wav,dog_bark,audioset,10.78125,audioset:1eI2-vhs0YY
/Users/rajsingh/Documents/ChatGPT/sahara/data/raw/audioset/dog_bark/-qGd1JwYLbQ_30_000_40_000.wav,dog_bark,audioset,10.008,audioset:-qGd1JwYLbQ
/Users/rajsingh/Documents/ChatGPT/sahara/data/raw/audioset/dog_bark/2DYxo-rDq8g_9_000_19_000.wav,dog_bark,audioset,9.0186875,audioset:2DYxo-rDq8g
/Users/rajsingh/Documents/ChatGPT/sahara/data/raw/audioset/dog_bark/0rhb_K228gA_30_000_40_000.wav,dog_bark,audioset,10.008,audioset:0rhb
/Users/rajsingh/Documents/ChatGPT/sahara/data/raw/audioset/dog_bark/-skhG36uWM0_20_000_30_000.wav,dog_bark,audioset,10.0001875,audioset:-skhG36uWM0
/Users/rajsingh/Documents/ChatGPT/sahara/data/raw/audioset/dog_bark/0kdRxEiEGIs_190_000_200_000.wav,dog_bark,audioset,19.9935,audioset:0kdRxEiEGIs
/Users/rajsingh/Documents/ChatGPT/sahara/data/raw/audioset/dog_bark/2IWV8hlUydk_20_000_30_000.wav,dog_bark,audioset,10.0001875,audioset:2IWV8hlUydk
/Users/rajsingh/Documents/ChatGPT/sahara/data/raw/audioset/dog_bark/2oKQdQyXFO0_180_000_190_000.wav,dog_bark,audioset,10.008875,audioset:2oKQdQyXFO0
/Users/rajsingh/Documents/ChatGPT/sahara/data/raw/audioset/dog_bark/-Ry1YNVPPCM_9_000_19_000.wav,dog_bark,audioset,18.6893125,audioset:-Ry1YNVPPCM
/Users/rajsingh/Documents/ChatGPT/sahara/data/raw/audioset/dog_bark/-qJ-NY6wY3s_30_000_40_000.wav,dog_bark,audioset,10.008,audioset:-qJ-NY6wY3s
/Users/rajsingh/Documents/ChatGPT/sahara/data/raw/audioset/baby_cry/OuGic_IXSaA_1_000_11_000.wav,baby_cry,audioset,10.5450625,audioset:OuGic
/Users/rajsingh/Documents/ChatGPT/sahara/data/raw/audioset/baby_cry/YUhIbX0xn_E_30_000_40_000.wav,baby_cry,audioset,19.9935,audioset:YUhIbX0xn
/Users/rajsingh/Documents/ChatGPT/sahara/data/raw/audioset/baby_cry/Js41esZyKUM_7_000_17_000.wav,baby_cry,audioset,9.718375,audioset:Js41esZyKUM
/Users/rajsingh/Documents/ChatGPT/sahara/data/raw/audioset/baby_cry/ESM5iFLydek_130_000_140_000.wav,baby_cry,audioset,19.9935,audioset:ESM5iFLydek
/Users/rajsingh/Documents/ChatGPT/sahara/data/raw/audioset/baby_cry/IM47_WohcnA_5_000_15_000.wav,baby_cry,audioset,13.9935,audioset:IM47
/Users/rajsingh/Documents/ChatGPT/sahara/data/raw/audioset/baby_cry/6XOsBs2rZRg_30_000_40_000.wav,baby_cry,audioset,19.9935,audioset:6XOsBs2rZRg
/Users/rajsingh/Documents/ChatGPT/sahara/data/raw/audioset/baby_cry/YBiSoKph78E_0_000_7_000.wav,baby_cry,audioset,6.478375,audioset:YBiSoKph78E
/Users/rajsingh/Documents/ChatGPT/sahara/data/raw/audioset/baby_cry/XeqE7ZHdJZg_30_000_40_000.wav,baby_cry,audioset,19.9935,audioset:XeqE7ZHdJZg
/Users/rajsingh/Documents/ChatGPT/sahara/data/raw/audioset/baby_cry/Zod0m8VClJA_3_000_13_000.wav,baby_cry,audioset,11.9935,audioset:Zod0m8VClJA
/Users/rajsingh/Documents/ChatGPT/sahara/data/raw/audioset/baby_cry/NLNo9hvgWKs_28_000_38_000.wav,baby_cry,audioset,9.012625,audioset:NLNo9hvgWKs
/Users/rajsingh/Documents/ChatGPT/sahara/data/raw/audioset/baby_cry/UhXKXjckLyY_21_000_31_000.wav,baby_cry,audioset,9.9801875,audioset:UhXKXjckLyY
/Users/rajsingh/Documents/ChatGPT/sahara/data/raw/audioset/baby_cry/Z5wu71zydKE_0_000_10_000.wav,baby_cry,audioset,10.0078125,audioset:Z5wu71zydKE
/Users/rajsingh/Documents/ChatGPT/sahara/data/raw/audioset/baby_cry/QbIrDllRK4E_0_000_9_000.wav,baby_cry,audioset,8.0135,audioset:QbIrDllRK4E
/Users/rajsingh/Documents/ChatGPT/sahara/data/raw/audioset/baby_cry/HVv0jG7J0to_490_000_500_000.wav,baby_cry,audioset,10.0185,audioset:HVv0jG7J0to
/Users/rajsingh/Documents/ChatGPT/sahara/data/raw/audioset/baby_cry/1TB3-XSom_A_30_000_40_000.wav,baby_cry,audioset,19.9935,audioset:1TB3-XSom
/Users/rajsingh/Documents/ChatGPT/sahara/data/raw/audioset/baby_cry/Bh2dm_FYKpE_30_000_40_000.wav,baby_cry,audioset,10.008,audioset:Bh2dm
/Users/rajsingh/Documents/ChatGPT/sahara/data/raw/audioset/baby_cry/NQddcOXRcmI_9_000_19_000.wav,baby_cry,audioset,10.017125,audioset:NQddcOXRcmI
/Users/rajsingh/Documents/ChatGPT/sahara/data/raw/audioset/baby_cry/EpOxIPicC7U_30_000_40_000.wav,baby_cry,audioset,10.008,audioset:EpOxIPicC7U
/Users/rajsingh/Documents/ChatGPT/sahara/data/raw/audioset/baby_cry/XDwyGwyglMg_0_000_10_000.wav,baby_cry,audioset,9.671125,audioset:XDwyGwyglMg
/Users/rajsingh/Documents/ChatGPT/sahara/data/raw/audioset/baby_cry/IlcfrqcH7tE_60_000_70_000.wav,baby_cry,audioset,19.9935,audioset:IlcfrqcH7tE
/Users/rajsingh/Documents/ChatGPT/sahara/data/raw/audioset/glass_break/0H2uMhzSitY_520_000_530_000.wav,glass_break,audioset,19.9935,audioset:0H2uMhzSitY
/Users/rajsingh/Documents/ChatGPT/sahara/data/raw/audioset/glass_break/1PK0s_W9hkM_0_000_10_000.wav,glass_break,audioset,10.0078125,audioset:1PK0s
/Users/rajsingh/Documents/ChatGPT/sahara/data/raw/audioset/glass_break/2ISa3HmEvuo_30_000_40_000.wav,glass_break,audioset,10.008,audioset:2ISa3HmEvuo
/Users/rajsingh/Documents/ChatGPT/sahara/data/raw/audioset/glass_break/2Cb9U8poEEI_550_000_560_000.wav,glass_break,audioset,10.018875,audioset:2Cb9U8poEEI
/Users/rajsingh/Documents/ChatGPT/sahara/data/raw/audioset/glass_break/1xRoPmw1yCY_160_000_170_000.wav,glass_break,audioset,10.0165,audioset:1xRoPmw1yCY
/Users/rajsingh/Documents/ChatGPT/sahara/data/raw/audioset/glass_break/1OJ3grdpoD0_160_000_170_000.wav,glass_break,audioset,19.9935,audioset:1OJ3grdpoD0
/Users/rajsingh/Documents/ChatGPT/sahara/data/raw/audioset/glass_break/-k0CHx34n0Q_30_000_40_000.wav,glass_break,audioset,19.9935,audioset:-k0CHx34n0Q
/Users/rajsingh/Documents/ChatGPT/sahara/data/raw/audioset/glass_break/1fJNudB6faA_30_000_40_000.wav,glass_break,audioset,19.9935,audioset:1fJNudB6faA
/Users/rajsingh/Documents/ChatGPT/sahara/data/raw/audioset/glass_break/-lYg4hm25hU_30_000_40_000.wav,glass_break,audioset,19.9935,audioset:-lYg4hm25hU
/Users/rajsingh/Documents/ChatGPT/sahara/data/raw/audioset/glass_break/0arN4pk83lA_30_000_40_000.wav,glass_break,audioset,19.9935,audioset:0arN4pk83lA
/Users/rajsingh/Documents/ChatGPT/sahara/data/raw/audioset/glass_break/100CKdZMyQw_20_000_30_000.wav,glass_break,audioset,18.9935,audioset:100CKdZMyQw
/Users/rajsingh/Documents/ChatGPT/sahara/data/raw/audioset/glass_break/2CMVqo7dIZU_20_000_30_000.wav,glass_break,audioset,10.0001875,audioset:2CMVqo7dIZU
/Users/rajsingh/Documents/ChatGPT/sahara/data/raw/audioset/glass_break/2NuMifM0Uio_10_000_20_000.wav,glass_break,audioset,19.9935,audioset:2NuMifM0Uio
/Users/rajsingh/Documents/ChatGPT/sahara/data/raw/audioset/glass_break/24NB0Ap7J8g_0_000_9_000.wav,glass_break,audioset,8.0135,audioset:24NB0Ap7J8g
/Users/rajsingh/Documents/ChatGPT/sahara/data/raw/audioset/glass_break/2aDcV6zKmF8_60_000_70_000.wav,glass_break,audioset,19.9935,audioset:2aDcV6zKmF8
/Users/rajsingh/Documents/ChatGPT/sahara/data/raw/audioset/glass_break/0maiaspDy5k_110_000_120_000.wav,glass_break,audioset,19.9935,audioset:0maiaspDy5k
/Users/rajsingh/Documents/ChatGPT/sahara/data/raw/audioset/glass_break/2je_d-3I0OY_60_000_70_000.wav,glass_break,audioset,19.9935,audioset:2je
/Users/rajsingh/Documents/ChatGPT/sahara/data/raw/audioset/glass_break/1kjnqM-ptrk_110_000_120_000.wav,glass_break,audioset,10.00075,audioset:1kjnqM-ptrk
/Users/rajsingh/Documents/ChatGPT/sahara/data/raw/audioset/glass_break/-mFneOHpwak_270_000_280_000.wav,glass_break,audioset,10.0094375,audioset:-mFneOHpwak
/Users/rajsingh/Documents/ChatGPT/sahara/data/raw/audioset/glass_break/3QibDiritdU_120_000_130_000.wav,glass_break,audioset,10.0085625,audioset:3QibDiritdU
/Users/rajsingh/Documents/ChatGPT/sahara/data/raw/audioset/glass_break/0UJBVLInFr0_30_000_40_000.wav,glass_break,audioset,10.008,audioset:0UJBVLInFr0
/Users/rajsingh/Documents/ChatGPT/sahara/data/raw/audioset/appliance_beep/21hoAaR-W_c_160_000_170_000.wav,appliance_beep,audioset,19.9935,audioset:21hoAaR-W
/Users/rajsingh/Documents/ChatGPT/sahara/data/raw/audioset/appliance_beep/0gi_2J5wEO8_410_000_420_000.wav,appliance_beep,audioset,19.9935,audioset:0gi
/Users/rajsingh/Documents/ChatGPT/sahara/data/raw/audioset/appliance_beep/3cGGjixLbY0_30_000_40_000.wav,appliance_beep,audioset,10.008,audioset:3cGGjixLbY0
/Users/rajsingh/Documents/ChatGPT/sahara/data/raw/audioset/appliance_beep/2E_cfP2PLUQ_40_000_50_000.wav,appliance_beep,audioset,10.0158125,audioset:2E
/Users/rajsingh/Documents/ChatGPT/sahara/data/raw/audioset/appliance_beep/0pKW6LBhKOA_30_000_40_000.wav,appliance_beep,audioset,19.9935,audioset:0pKW6LBhKOA
/Users/rajsingh/Documents/ChatGPT/sahara/data/raw/audioset/appliance_beep/2VMfJymq_lY_30_000_40_000.wav,appliance_beep,audioset,19.9935,audioset:2VMfJymq
/Users/rajsingh/Documents/ChatGPT/sahara/data/raw/audioset/appliance_beep/3cWI2BD9A1s_90_000_100_000.wav,appliance_beep,audioset,19.9935,audioset:3cWI2BD9A1s
/Users/rajsingh/Documents/ChatGPT/sahara/data/raw/audioset/appliance_beep/2FcwRYfUBLM_50_000_60_000.wav,appliance_beep,audioset,19.9935,audioset:2FcwRYfUBLM
/Users/rajsingh/Documents/ChatGPT/sahara/data/raw/audioset/appliance_beep/4ZpeXiY0iZI_0_000_10_000.wav,appliance_beep,audioset,10.0078125,audioset:4ZpeXiY0iZI
/Users/rajsingh/Documents/ChatGPT/sahara/data/raw/audioset/appliance_beep/5UDUNqwWuNs_240_000_250_000.wav,appliance_beep,audioset,19.9935,audioset:5UDUNqwWuNs
/Users/rajsingh/Documents/ChatGPT/sahara/data/raw/audioset/appliance_beep/1Pe-XrXSg64_80_000_90_000.wav,appliance_beep,audioset,19.9935,audioset:1Pe-XrXSg64
/Users/rajsingh/Documents/ChatGPT/sahara/data/raw/audioset/appliance_beep/4M7jykYpnNU_0_000_10_000.wav,appliance_beep,audioset,10.0135,audioset:4M7jykYpnNU
/Users/rajsingh/Documents/ChatGPT/sahara/data/raw/audioset/appliance_beep/3C9O94Km4dk_0_000_10_000.wav,appliance_beep,audioset,10.0135,audioset:3C9O94Km4dk
/Users/rajsingh/Documents/ChatGPT/sahara/data/raw/audioset/appliance_beep/3ZzEYwxiWZY_10_000_20_000.wav,appliance_beep,audioset,19.9935,audioset:3ZzEYwxiWZY
/Users/rajsingh/Documents/ChatGPT/sahara/data/raw/audioset/appliance_beep/4OvgouW2OyA_30_000_40_000.wav,appliance_beep,audioset,10.008,audioset:4OvgouW2OyA
/Users/rajsingh/Documents/ChatGPT/sahara/data/raw/audioset/appliance_beep/4q-bJgKlVI0_260_000_270_000.wav,appliance_beep,audioset,19.9935,audioset:4q-bJgKlVI0
/Users/rajsingh/Documents/ChatGPT/sahara/data/raw/audioset/appliance_beep/-lpK9Knsvz4_170_000_180_000.wav,appliance_beep,audioset,19.9935,audioset:-lpK9Knsvz4
/Users/rajsingh/Documents/ChatGPT/sahara/data/raw/audioset/appliance_beep/0y3tr-QUGY0_50_000_60_000.wav,appliance_beep,audioset,19.9935,audioset:0y3tr-QUGY0
/Users/rajsingh/Documents/ChatGPT/sahara/data/raw/audioset/appliance_beep/05wEdbchyjM_10_000_20_000.wav,appliance_beep,audioset,19.9935,audioset:05wEdbchyjM
/Users/rajsingh/Documents/ChatGPT/sahara/data/raw/audioset/appliance_beep/0E8p38QTjgI_60_000_70_000.wav,appliance_beep,audioset,10.0081875,audioset:0E8p38QTjgI
/Users/rajsingh/Documents/ChatGPT/sahara/data/raw/desed/real/audio/train/weak/Ybm0xs7iYwo4_60.000_70.000.wav,background,desed,10.0,desed:weak:Ybm0xs7iYwo4_60.000_70.000
/Users/rajsingh/Documents/ChatGPT/sahara/data/raw/desed/real/audio/train/weak/Y221Ia1cD5dQ_22.000_32.000.wav,background,desed,10.0,desed:weak:Y221Ia1cD5dQ_22.000_32.000
/Users/rajsingh/Documents/ChatGPT/sahara/data/raw/desed/real/audio/train/weak/YylADXwDnjwY_550.000_560.000.wav,background,desed,10.0,desed:weak:YylADXwDnjwY_550.000_560.000
/Users/rajsingh/Documents/ChatGPT/sahara/data/raw/desed/real/audio/train/weak/Y0v87UfMga5U_30.000_40.000.wav,background,desed,10.0,desed:weak:Y0v87UfMga5U_30.000_40.000
/Users/rajsingh/Documents/ChatGPT/sahara/data/raw/desed/real/audio/train/weak/Y0hbOtaw86mk_30.000_40.000.wav,background,desed,10.0,desed:weak:Y0hbOtaw86mk_30.000_40.000
/Users/rajsingh/Documents/ChatGPT/sahara/data/raw/desed/real/audio/train/weak/YWmOE-cfIJe0_8.000_18.000.wav,background,desed,9.287278911564625,desed:weak:YWmOE-cfIJe0_8.000_18.000
/Users/rajsingh/Documents/ChatGPT/sahara/data/raw/desed/real/audio/train/weak/Yr4auqsn1UuA_430.000_440.000.wav,background,desed,10.0,desed:weak:Yr4auqsn1UuA_430.000_440.000
/Users/rajsingh/Documents/ChatGPT/sahara/data/raw/desed/real/audio/train/weak/Y0F40MJSfsDw_30.000_40.000.wav,background,desed,10.0,desed:weak:Y0F40MJSfsDw_30.000_40.000
/Users/rajsingh/Documents/ChatGPT/sahara/data/raw/desed/real/audio/train/weak/Y_KNIJQJ-CHA_30.000_40.000.wav,background,desed,10.0,desed:weak:Y_KNIJQJ-CHA_30.000_40.000
/Users/rajsingh/Documents/ChatGPT/sahara/data/raw/desed/real/audio/train/weak/Y0b06i5LzIFw_26.000_36.000.wav,background,desed,10.0,desed:weak:Y0b06i5LzIFw_26.000_36.000
/Users/rajsingh/Documents/ChatGPT/sahara/data/raw/desed/real/audio/train/weak/Y-6p32k2WUCs_0.000_10.000.wav,background,desed,10.0,desed:weak:Y-6p32k2WUCs_0.000_10.000
/Users/rajsingh/Documents/ChatGPT/sahara/data/raw/desed/real/audio/train/weak/Y0q1Ytfn8yMU_10.000_20.000.wav,background,desed,10.0,desed:weak:Y0q1Ytfn8yMU_10.000_20.000
/Users/rajsingh/Documents/ChatGPT/sahara/data/raw/desed/real/audio/train/weak/YJQplKcC6Ejw_0.000_10.000.wav,background,desed,10.0,desed:weak:YJQplKcC6Ejw_0.000_10.000
/Users/rajsingh/Documents/ChatGPT/sahara/data/raw/desed/real/audio/train/weak/YUhrqWmzFf8A_60.000_70.000.wav,background,desed,9.578616780045351,desed:weak:YUhrqWmzFf8A_60.000_70.000
/Users/rajsingh/Documents/ChatGPT/sahara/data/raw/desed/real/audio/train/weak/YoFcRyerYBfM_30.000_40.000.wav,background,desed,10.0,desed:weak:YoFcRyerYBfM_30.000_40.000
/Users/rajsingh/Documents/ChatGPT/sahara/data/raw/desed/real/audio/train/weak/YMsy4mmS1DYc_110.000_120.000.wav,background,desed,10.0,desed:weak:YMsy4mmS1DYc_110.000_120.000
/Users/rajsingh/Documents/ChatGPT/sahara/data/raw/desed/real/audio/train/weak/Y2gs0Ltt5niY_30.000_40.000.wav,background,desed,10.0,desed:weak:Y2gs0Ltt5niY_30.000_40.000
/Users/rajsingh/Documents/ChatGPT/sahara/data/raw/desed/real/audio/train/weak/Y2xXpSgqrtDE_40.000_50.000.wav,background,desed,10.0,desed:weak:Y2xXpSgqrtDE_40.000_50.000
/Users/rajsingh/Documents/ChatGPT/sahara/data/raw/desed/real/audio/train/weak/Y1ci9EhneRNs_30.000_40.000.wav,background,desed,10.0,desed:weak:Y1ci9EhneRNs_30.000_40.000
/Users/rajsingh/Documents/ChatGPT/sahara/data/raw/desed/real/audio/train/weak/Y-ikrSfqB0LU_0.000_3.000.wav,background,desed,2.6819274376417233,desed:weak:Y-ikrSfqB0LU_0.000_3.000
/Users/rajsingh/Documents/ChatGPT/sahara/data/raw/desed/real/audio/train/weak/Y4n7ne-sC-JM_520.000_530.000.wav,background,desed,10.0,desed:weak:Y4n7ne-sC-JM_520.000_530.000
/Users/rajsingh/Documents/ChatGPT/sahara/data/raw/desed/real/audio/train/weak/Y2A0V2P_k54o_140.000_150.000.wav,background,desed,10.0,desed:weak:Y2A0V2P_k54o_140.000_150.000
/Users/rajsingh/Documents/ChatGPT/sahara/data/raw/desed/real/audio/train/weak/Y1x2dJASMVi4_30.000_40.000.wav,background,desed,10.0,desed:weak:Y1x2dJASMVi4_30.000_40.000
/Users/rajsingh/Documents/ChatGPT/sahara/data/raw/desed/real/audio/train/weak/Y0SjvusZqA3w_0.000_6.000.wav,background,desed,5.108412698412699,desed:weak:Y0SjvusZqA3w_0.000_6.000
/Users/rajsingh/Documents/ChatGPT/sahara/data/raw/desed/real/audio/train/weak/YPpKpwTI1REQ_410.000_420.000.wav,background,desed,10.0,desed:weak:YPpKpwTI1REQ_410.000_420.000
/Users/rajsingh/Documents/ChatGPT/sahara/data/raw/desed/real/audio/train/weak/Y-Zjgm_sZd10_0.000_4.000.wav,background,desed,3.831315192743764,desed:weak:Y-Zjgm_sZd10_0.000_4.000
/Users/rajsingh/Documents/ChatGPT/sahara/data/raw/desed/real/audio/train/weak/YEqCEkkd_c_I_0.000_10.000.wav,background,desed,10.0,desed:weak:YEqCEkkd_c_I_0.000_10.000
/Users/rajsingh/Documents/ChatGPT/sahara/data/raw/desed/real/audio/train/weak/YE8Yi41OgpWo_0.000_10.000.wav,background,desed,10.0,desed:weak:YE8Yi41OgpWo_0.000_10.000
/Users/rajsingh/Documents/ChatGPT/sahara/data/raw/desed/real/audio/train/weak/YXiu_VGdKi4o_0.000_4.000.wav,background,desed,3.3668934240362813,desed:weak:YXiu_VGdKi4o_0.000_4.000
/Users/rajsingh/Documents/ChatGPT/sahara/data/raw/desed/real/audio/train/weak/Y1vEjPObCs-c_6.000_16.000.wav,background,desed,10.0,desed:weak:Y1vEjPObCs-c_6.000_16.000
/Users/rajsingh/Documents/ChatGPT/sahara/data/raw/desed/real/audio/train/weak/Y1dgBCUaZVAQ_21.000_31.000.wav,background,desed,9.30204081632653,desed:weak:Y1dgBCUaZVAQ_21.000_31.000
/Users/rajsingh/Documents/ChatGPT/sahara/data/raw/desed/real/audio/train/weak/Y0UKzyBqyhGc_27.000_37.000.wav,background,desed,9.501337868480725,desed:weak:Y0UKzyBqyhGc_27.000_37.000
/Users/rajsingh/Documents/ChatGPT/sahara/data/raw/desed/real/audio/train/weak/YJ1Qv0p8QsR8_150.000_160.000.wav,background,desed,10.0,desed:weak:YJ1Qv0p8QsR8_150.000_160.000
/Users/rajsingh/Documents/ChatGPT/sahara/data/raw/desed/real/audio/train/weak/Y16ccKlJF5H8_6.000_16.000.wav,background,desed,9.162630385487528,desed:weak:Y16ccKlJF5H8_6.000_16.000
/Users/rajsingh/Documents/ChatGPT/sahara/data/raw/desed/real/audio/train/weak/Y3BcwNM72zcQ_10.000_20.000.wav,background,desed,10.0,desed:weak:Y3BcwNM72zcQ_10.000_20.000
/Users/rajsingh/Documents/ChatGPT/sahara/data/raw/desed/real/audio/train/weak/Y1UgCfEUzfqo_30.000_40.000.wav,background,desed,10.0,desed:weak:Y1UgCfEUzfqo_30.000_40.000
/Users/rajsingh/Documents/ChatGPT/sahara/data/raw/desed/real/audio/train/weak/YEL3v64rTpG8_0.000_9.000.wav,background,desed,8.951315192743763,desed:weak:YEL3v64rTpG8_0.000_9.000
/Users/rajsingh/Documents/ChatGPT/sahara/data/raw/desed/real/audio/train/weak/Y1QxDi-op6Qg_27.000_37.000.wav,background,desed,9.45532879818594,desed:weak:Y1QxDi-op6Qg_27.000_37.000
/Users/rajsingh/Documents/ChatGPT/sahara/data/raw/desed/real/audio/train/weak/Y26ubekDhG_Y_0.000_10.000.wav,background,desed,9.891700680272109,desed:weak:Y26ubekDhG_Y_0.000_10.000
/Users/rajsingh/Documents/ChatGPT/sahara/data/raw/desed/real/audio/train/weak/Y1RNq7dbRpWU_16.000_26.000.wav,background,desed,9.425850340136055,desed:weak:Y1RNq7dbRpWU_16.000_26.000
/Users/rajsingh/Documents/ChatGPT/sahara/data/raw/desed/real/audio/train/weak/Y6aNA6pqmpd8_0.000_6.000.wav,background,desed,5.735351473922902,desed:weak:Y6aNA6pqmpd8_0.000_6.000
/Users/rajsingh/Documents/ChatGPT/sahara/data/raw/desed/real/audio/train/weak/Y0uab4-3d6MM_30.000_40.000.wav,background,desed,9.671315192743764,desed:weak:Y0uab4-3d6MM_30.000_40.000
/Users/rajsingh/Documents/ChatGPT/sahara/data/raw/desed/real/audio/train/weak/Y17tk_fp4eJ0_50.000_60.000.wav,background,desed,10.0,desed:weak:Y17tk_fp4eJ0_50.000_60.000
/Users/rajsingh/Documents/ChatGPT/sahara/data/raw/desed/real/audio/train/weak/YaeEdZ2Pd7Mo_10.000_20.000.wav,background,desed,10.0,desed:weak:YaeEdZ2Pd7Mo_10.000_20.000
/Users/rajsingh/Documents/ChatGPT/sahara/data/raw/desed/real/audio/train/weak/YEenFsKjpsQc_200.000_210.000.wav,background,desed,10.0,desed:weak:YEenFsKjpsQc_200.000_210.000
/Users/rajsingh/Documents/ChatGPT/sahara/data/raw/desed/real/audio/train/weak/YmOfTDGOGBpI_160.000_170.000.wav,background,desed,10.0,desed:weak:YmOfTDGOGBpI_160.000_170.000
/Users/rajsingh/Documents/ChatGPT/sahara/data/raw/desed/real/audio/train/weak/Y1Kxgh-Eciz0_30.000_40.000.wav,background,desed,10.0,desed:weak:Y1Kxgh-Eciz0_30.000_40.000
/Users/rajsingh/Documents/ChatGPT/sahara/data/raw/desed/real/audio/train/weak/Y0owoOrZH2mI_28.000_38.000.wav,background,desed,9.894965986394558,desed:weak:Y0owoOrZH2mI_28.000_38.000
/Users/rajsingh/Documents/ChatGPT/sahara/data/raw/desed/real/audio/train/weak/Y3drnEnI8bls_10.000_20.000.wav,background,desed,10.0,desed:weak:Y3drnEnI8bls_10.000_20.000
/Users/rajsingh/Documents/ChatGPT/sahara/data/raw/desed/real/audio/train/weak/Y1VyUmkngG5g_10.000_20.000.wav,background,desed,10.0,desed:weak:Y1VyUmkngG5g_10.000_20.000
/Users/rajsingh/Documents/ChatGPT/sahara/data/raw/desed/real/audio/train/weak/Yj2ZWCwZh9LQ_10.000_20.000.wav,background,desed,10.0,desed:weak:Yj2ZWCwZh9LQ_10.000_20.000
/Users/rajsingh/Documents/ChatGPT/sahara/data/raw/desed/real/audio/train/weak/Y2-dHuNPOmFg_30.000_40.000.wav,background,desed,10.0,desed:weak:Y2-dHuNPOmFg_30.000_40.000
/Users/rajsingh/Documents/ChatGPT/sahara/data/raw/desed/real/audio/train/weak/Y0kOj9aZEySE_21.000_31.000.wav,background,desed,9.046621315192743,desed:weak:Y0kOj9aZEySE_21.000_31.000
/Users/rajsingh/Documents/ChatGPT/sahara/data/raw/desed/real/audio/train/weak/Y2gvtmPZBNqw_30.000_40.000.wav,background,desed,10.0,desed:weak:Y2gvtmPZBNqw_30.000_40.000
/Users/rajsingh/Documents/ChatGPT/sahara/data/raw/desed/real/audio/train/weak/Y_CZzm6jUxbo_30.000_40.000.wav,background,desed,10.0,desed:weak:Y_CZzm6jUxbo_30.000_40.000
/Users/rajsingh/Documents/ChatGPT/sahara/data/raw/desed/real/audio/train/weak/Y1b1b-9_AcFg_30.000_40.000.wav,background,desed,10.0,desed:weak:Y1b1b-9_AcFg_30.000_40.000
/Users/rajsingh/Documents/ChatGPT/sahara/data/raw/desed/real/audio/train/weak/Y2gCoy1QSPKM_10.000_20.000.wav,background,desed,10.0,desed:weak:Y2gCoy1QSPKM_10.000_20.000
/Users/rajsingh/Documents/ChatGPT/sahara/data/raw/desed/real/audio/train/weak/Y2DaEW8tcMvo_30.000_40.000.wav,background,desed,10.0,desed:weak:Y2DaEW8tcMvo_30.000_40.000
/Users/rajsingh/Documents/ChatGPT/sahara/data/raw/desed/real/audio/train/weak/YL9_QOpRG8s8_0.000_10.000.wav,background,desed,10.0,desed:weak:YL9_QOpRG8s8_0.000_10.000
/Users/rajsingh/Documents/ChatGPT/sahara/data/raw/desed/real/audio/train/weak/Yhx-l6uiP3Hs_170.000_180.000.wav,background,desed,10.0,desed:weak:Yhx-l6uiP3Hs_170.000_180.000
/Users/rajsingh/Documents/ChatGPT/sahara/data/raw/desed/real/audio/train/weak/Y19UTZe1Gwj4_30.000_40.000.wav,background,desed,10.0,desed:weak:Y19UTZe1Gwj4_30.000_40.000
/Users/rajsingh/Documents/ChatGPT/sahara/data/raw/desed/real/audio/train/weak/Y1sLF9mlF1yg_2.000_12.000.wav,background,desed,10.0,desed:weak:Y1sLF9mlF1yg_2.000_12.000
/Users/rajsingh/Documents/ChatGPT/sahara/data/raw/desed/real/audio/train/weak/YYaTkV4qCqQc_19.000_29.000.wav,background,desed,9.862403628117914,desed:weak:YYaTkV4qCqQc_19.000_29.000
/Users/rajsingh/Documents/ChatGPT/sahara/data/raw/desed/real/audio/train/weak/YbRUUPDD_nSQ_22.000_32.000.wav,background,desed,10.0,desed:weak:YbRUUPDD_nSQ_22.000_32.000
/Users/rajsingh/Documents/ChatGPT/sahara/data/raw/desed/real/audio/train/weak/Y1zYsKe5HhsQ_21.000_31.000.wav,background,desed,9.696780045351474,desed:weak:Y1zYsKe5HhsQ_21.000_31.000
/Users/rajsingh/Documents/ChatGPT/sahara/data/raw/desed/real/audio/train/weak/YTgp484iUwEg_190.000_200.000.wav,background,desed,10.0,desed:weak:YTgp484iUwEg_190.000_200.000
/Users/rajsingh/Documents/ChatGPT/sahara/data/raw/desed/real/audio/train/weak/YfjcfhE22AVQ_540.000_550.000.wav,background,desed,10.0,desed:weak:YfjcfhE22AVQ_540.000_550.000
/Users/rajsingh/Documents/ChatGPT/sahara/data/raw/desed/real/audio/train/weak/Y1H0jwhMaS70_30.000_40.000.wav,background,desed,10.0,desed:weak:Y1H0jwhMaS70_30.000_40.000
/Users/rajsingh/Documents/ChatGPT/sahara/data/raw/desed/real/audio/train/weak/YMkF2nVQypFM_30.000_40.000.wav,background,desed,10.0,desed:weak:YMkF2nVQypFM_30.000_40.000
/Users/rajsingh/Documents/ChatGPT/sahara/data/raw/desed/real/audio/train/weak/YrzAqETGwotg_20.000_30.000.wav,background,desed,10.0,desed:weak:YrzAqETGwotg_20.000_30.000
/Users/rajsingh/Documents/ChatGPT/sahara/data/raw/desed/real/audio/train/weak/Y0QtmEs-OOsA_21.000_31.000.wav,background,desed,9.232380952380952,desed:weak:Y0QtmEs-OOsA_21.000_31.000
/Users/rajsingh/Documents/ChatGPT/sahara/data/raw/desed/real/audio/train/weak/Y0EOJ3ZqLJDU_10.000_20.000.wav,background,desed,10.0,desed:weak:Y0EOJ3ZqLJDU_10.000_20.000
/Users/rajsingh/Documents/ChatGPT/sahara/data/raw/desed/real/audio/train/weak/Y52Usv8FcO0w_30.000_40.000.wav,background,desed,10.0,desed:weak:Y52Usv8FcO0w_30.000_40.000
/Users/rajsingh/Documents/ChatGPT/sahara/data/raw/desed/real/audio/train/weak/YyNNf4uTzPjQ_10.000_20.000.wav,background,desed,10.0,desed:weak:YyNNf4uTzPjQ_10.000_20.000
/Users/rajsingh/Documents/ChatGPT/sahara/data/raw/desed/real/audio/train/weak/Y0i31R7PS-GA_20.000_30.000.wav,background,desed,9.675124716553288,desed:weak:Y0i31R7PS-GA_20.000_30.000
/Users/rajsingh/Documents/ChatGPT/sahara/data/raw/desed/real/audio/train/weak/Y1NwoL7fn1Qk_40.000_50.000.wav,background,desed,10.0,desed:weak:Y1NwoL7fn1Qk_40.000_50.000
/Users/rajsingh/Documents/ChatGPT/sahara/data/raw/desed/real/audio/train/weak/Yl8ImMjuK29M_330.000_340.000.wav,background,desed,10.0,desed:weak:Yl8ImMjuK29M_330.000_340.000
/Users/rajsingh/Documents/ChatGPT/sahara/data/raw/desed/real/audio/train/weak/YVafgccb1ubk_320.000_330.000.wav,background,desed,10.0,desed:weak:YVafgccb1ubk_320.000_330.000
/Users/rajsingh/Documents/ChatGPT/sahara/data/raw/desed/real/audio/train/weak/Y9zWmlaj56pM_60.000_70.000.wav,background,desed,10.0,desed:weak:Y9zWmlaj56pM_60.000_70.000
/Users/rajsingh/Documents/ChatGPT/sahara/data/raw/desed/real/audio/train/weak/YI3kPmcHvMrg_30.000_40.000.wav,background,desed,10.0,desed:weak:YI3kPmcHvMrg_30.000_40.000
/Users/rajsingh/Documents/ChatGPT/sahara/data/raw/desed/real/audio/train/weak/Y0F7yaWNgTGg_30.000_40.000.wav,background,desed,10.0,desed:weak:Y0F7yaWNgTGg_30.000_40.000
/Users/rajsingh/Documents/ChatGPT/sahara/data/raw/desed/real/audio/train/weak/YL7bzKI26Pek_190.000_200.000.wav,background,desed,10.0,desed:weak:YL7bzKI26Pek_190.000_200.000
/Users/rajsingh/Documents/ChatGPT/sahara/data/raw/desed/real/audio/train/weak/YqGDaSUy-llQ_0.000_9.000.wav,background,desed,7.9760770975056685,desed:weak:YqGDaSUy-llQ_0.000_9.000
/Users/rajsingh/Documents/ChatGPT/sahara/data/raw/desed/real/audio/train/weak/Y08R27f6Ffdk_6.000_16.000.wav,background,desed,9.569002267573696,desed:weak:Y08R27f6Ffdk_6.000_16.000
/Users/rajsingh/Documents/ChatGPT/sahara/data/raw/desed/real/audio/train/weak/Y0G-Qx3Gv01s_0.000_8.000.wav,background,desed,7.63936507936508,desed:weak:Y0G-Qx3Gv01s_0.000_8.000
/Users/rajsingh/Documents/ChatGPT/sahara/data/raw/desed/real/audio/train/weak/YHoBWL3qAnGU_350.000_360.000.wav,background,desed,10.0,desed:weak:YHoBWL3qAnGU_350.000_360.000
/Users/rajsingh/Documents/ChatGPT/sahara/data/raw/desed/real/audio/train/weak/Y1DVyj_Q5f0A_12.000_22.000.wav,background,desed,10.0,desed:weak:Y1DVyj_Q5f0A_12.000_22.000
/Users/rajsingh/Documents/ChatGPT/sahara/data/raw/desed/real/audio/train/weak/YJ1EO9afbq4U_80.000_90.000.wav,background,desed,10.0,desed:weak:YJ1EO9afbq4U_80.000_90.000
/Users/rajsingh/Documents/ChatGPT/sahara/data/raw/desed/real/audio/train/weak/Y0DtJdRFPmS4_30.000_40.000.wav,background,desed,10.0,desed:weak:Y0DtJdRFPmS4_30.000_40.000
/Users/rajsingh/Documents/ChatGPT/sahara/data/raw/desed/real/audio/train/weak/Y1QAZc5vOLlE_10.000_20.000.wav,background,desed,10.0,desed:weak:Y1QAZc5vOLlE_10.000_20.000
/Users/rajsingh/Documents/ChatGPT/sahara/data/raw/desed/real/audio/train/weak/Y0F8srmjGqtA_30.000_40.000.wav,background,desed,10.0,desed:weak:Y0F8srmjGqtA_30.000_40.000
/Users/rajsingh/Documents/ChatGPT/sahara/data/raw/desed/real/audio/train/weak/Y2nSWjsRllr8_30.000_40.000.wav,background,desed,10.0,desed:weak:Y2nSWjsRllr8_30.000_40.000
/Users/rajsingh/Documents/ChatGPT/sahara/data/raw/desed/real/audio/train/weak/YCvvvGRbF5mU_30.000_40.000.wav,background,desed,10.0,desed:weak:YCvvvGRbF5mU_30.000_40.000
/Users/rajsingh/Documents/ChatGPT/sahara/data/raw/desed/real/audio/train/weak/YtLgYuO-w638_0.000_10.000.wav,background,desed,10.0,desed:weak:YtLgYuO-w638_0.000_10.000
/Users/rajsingh/Documents/ChatGPT/sahara/data/raw/desed/real/audio/train/weak/Y1tJdV9lG8dI_30.000_40.000.wav,background,desed,10.0,desed:weak:Y1tJdV9lG8dI_30.000_40.000
/Users/rajsingh/Documents/ChatGPT/sahara/data/raw/desed/real/audio/train/weak/Y2CSHWGtuxAY_30.000_40.000.wav,background,desed,10.0,desed:weak:Y2CSHWGtuxAY_30.000_40.000
/Users/rajsingh/Documents/ChatGPT/sahara/data/raw/desed/real/audio/train/weak/Y1szSQEuQ5WM_30.000_40.000.wav,background,desed,10.0,desed:weak:Y1szSQEuQ5WM_30.000_40.000
/Users/rajsingh/Documents/ChatGPT/sahara/data/raw/desed/real/audio/train/weak/YI-uouJ_Zsv4_0.000_10.000.wav,background,desed,10.0,desed:weak:YI-uouJ_Zsv4_0.000_10.000
/Users/rajsingh/Documents/ChatGPT/sahara/data/raw/desed/real/audio/train/weak/Y0_K6OKtoBBU_30.000_40.000.wav,background,desed,10.0,desed:weak:Y0_K6OKtoBBU_30.000_40.000
/Users/rajsingh/Documents/ChatGPT/sahara/data/raw/desed/real/audio/train/weak/Y15nVe6RwUNM_19.000_29.000.wav,background,desed,9.281927437641723,desed:weak:Y15nVe6RwUNM_19.000_29.000
/Users/rajsingh/Documents/ChatGPT/sahara/data/raw/desed/real/audio/train/weak/Y9QEM0ThcgD4_20.000_30.000.wav,background,desed,10.0,desed:weak:Y9QEM0ThcgD4_20.000_30.000
/Users/rajsingh/Documents/ChatGPT/sahara/data/raw/desed/real/audio/train/weak/Y1MPwoS-R83A_30.000_40.000.wav,background,desed,10.0,desed:weak:Y1MPwoS-R83A_30.000_40.000
/Users/rajsingh/Documents/ChatGPT/sahara/data/raw/desed/real/audio/train/weak/Y0W_gYR6p-D0_30.000_40.000.wav,background,desed,10.0,desed:weak:Y0W_gYR6p-D0_30.000_40.000
/Users/rajsingh/Documents/ChatGPT/sahara/data/raw/desed/real/audio/train/weak/Yb2o_IFW-9HQ_2.000_12.000.wav,background,desed,9.517120181405895,desed:weak:Yb2o_IFW-9HQ_2.000_12.000
/Users/rajsingh/Documents/ChatGPT/sahara/data/raw/desed/real/audio/train/weak/Y0rJwumFz1O0_30.000_40.000.wav,background,desed,9.218503401360545,desed:weak:Y0rJwumFz1O0_30.000_40.000
/Users/rajsingh/Documents/ChatGPT/sahara/data/raw/desed/real/audio/train/weak/Y1Unp4vddTlM_30.000_40.000.wav,background,desed,10.0,desed:weak:Y1Unp4vddTlM_30.000_40.000
/Users/rajsingh/Documents/ChatGPT/sahara/data/raw/desed/real/audio/train/weak/Y1FUMr2pDTn0_30.000_40.000.wav,background,desed,10.0,desed:weak:Y1FUMr2pDTn0_30.000_40.000
/Users/rajsingh/Documents/ChatGPT/sahara/data/raw/desed/real/audio/train/weak/Y5pNzHcUedVo_10.000_20.000.wav,background,desed,10.0,desed:weak:Y5pNzHcUedVo_10.000_20.000
/Users/rajsingh/Documents/ChatGPT/sahara/data/raw/desed/real/audio/train/weak/Y2xo20i_OZrM_80.000_90.000.wav,background,desed,10.0,desed:weak:Y2xo20i_OZrM_80.000_90.000
/Users/rajsingh/Documents/ChatGPT/sahara/data/raw/desed/real/audio/train/weak/Y2BdRnFt3tSY_180.000_190.000.wav,background,desed,10.0,desed:weak:Y2BdRnFt3tSY_180.000_190.000
/Users/rajsingh/Documents/ChatGPT/sahara/data/raw/desed/real/audio/train/weak/Y0aZ3vvM4V34_10.000_20.000.wav,background,desed,10.0,desed:weak:Y0aZ3vvM4V34_10.000_20.000
/Users/rajsingh/Documents/ChatGPT/sahara/data/raw/desed/real/audio/train/weak/Y0Am7X758-Ek_30.000_40.000.wav,background,desed,10.0,desed:weak:Y0Am7X758-Ek_30.000_40.000
/Users/rajsingh/Documents/ChatGPT/sahara/data/raw/desed/real/audio/train/weak/Y0lUFEAnnET8_30.000_40.000.wav,background,desed,10.0,desed:weak:Y0lUFEAnnET8_30.000_40.000
/Users/rajsingh/Documents/ChatGPT/sahara/data/raw/desed/real/audio/train/weak/YU10g6Ou2A58_10.000_20.000.wav,background,desed,10.0,desed:weak:YU10g6Ou2A58_10.000_20.000
/Users/rajsingh/Documents/ChatGPT/sahara/data/raw/desed/real/audio/train/weak/YzNvgZ5QPAFI_30.000_40.000.wav,background,desed,10.0,desed:weak:YzNvgZ5QPAFI_30.000_40.000
/Users/rajsingh/Documents/ChatGPT/sahara/data/raw/desed/real/audio/train/weak/YYTdVeMwwYkY_11.000_21.000.wav,background,desed,9.967619047619047,desed:weak:YYTdVeMwwYkY_11.000_21.000
/Users/rajsingh/Documents/ChatGPT/sahara/data/raw/desed/real/audio/train/weak/Y0GGO5npJzWI_0.000_10.000.wav,background,desed,10.0,desed:weak:Y0GGO5npJzWI_0.000_10.000
/Users/rajsingh/Documents/ChatGPT/sahara/data/raw/desed/real/audio/train/weak/YKK227gPpRn4_30.000_40.000.wav,background,desed,10.0,desed:weak:YKK227gPpRn4_30.000_40.000
/Users/rajsingh/Documents/ChatGPT/sahara/data/raw/desed/real/audio/train/weak/Y16th_TIPv84_30.000_40.000.wav,background,desed,10.0,desed:weak:Y16th_TIPv84_30.000_40.000
/Users/rajsingh/Documents/ChatGPT/sahara/data/raw/desed/real/audio/train/weak/Y0Sq8ge7D4wU_3.000_13.000.wav,background,desed,9.84063492063492,desed:weak:Y0Sq8ge7D4wU_3.000_13.000
/Users/rajsingh/Documents/ChatGPT/sahara/data/raw/desed/real/audio/train/weak/Y_YoIeZgxdAI_0.000_10.000.wav,background,desed,10.0,desed:weak:Y_YoIeZgxdAI_0.000_10.000
/Users/rajsingh/Documents/ChatGPT/sahara/data/raw/desed/real/audio/train/weak/Y1VQZAJgvzWI_30.000_40.000.wav,background,desed,10.0,desed:weak:Y1VQZAJgvzWI_30.000_40.000
/Users/rajsingh/Documents/ChatGPT/sahara/data/raw/desed/real/audio/train/weak/Y0E6Uaq_e6OA_20.000_30.000.wav,background,desed,9.767981859410432,desed:weak:Y0E6Uaq_e6OA_20.000_30.000
/Users/rajsingh/Documents/ChatGPT/sahara/data/raw/desed/real/audio/train/weak/Y1tHhN-4fTiU_30.000_40.000.wav,background,desed,10.0,desed:weak:Y1tHhN-4fTiU_30.000_40.000
/Users/rajsingh/Documents/ChatGPT/sahara/data/raw/desed/real/audio/train/weak/YLgf99OrWOVM_420.000_430.000.wav,background,desed,10.0,desed:weak:YLgf99OrWOVM_420.000_430.000
/Users/rajsingh/Documents/ChatGPT/sahara/data/raw/desed/real/audio/train/weak/Y2KjNkHQ8dvI_30.000_40.000.wav,background,desed,10.0,desed:weak:Y2KjNkHQ8dvI_30.000_40.000
/Users/rajsingh/Documents/ChatGPT/sahara/data/raw/desed/real/audio/train/weak/Yn2u-4A9fY28_20.000_30.000.wav,background,desed,10.0,desed:weak:Yn2u-4A9fY28_20.000_30.000
/Users/rajsingh/Documents/ChatGPT/sahara/data/raw/desed/real/audio/train/weak/Y0lV5Fln3nYA_390.000_400.000.wav,background,desed,10.0,desed:weak:Y0lV5Fln3nYA_390.000_400.000
/Users/rajsingh/Documents/ChatGPT/sahara/data/raw/desed/real/audio/train/weak/Y0crSdgvedhc_150.000_160.000.wav,background,desed,10.0,desed:weak:Y0crSdgvedhc_150.000_160.000
/Users/rajsingh/Documents/ChatGPT/sahara/data/raw/desed/real/audio/train/weak/Y4oQdHNxBFFY_20.000_30.000.wav,background,desed,10.0,desed:weak:Y4oQdHNxBFFY_20.000_30.000
/Users/rajsingh/Documents/ChatGPT/sahara/data/raw/desed/real/audio/train/weak/YxnwwsEEJvdk_200.000_210.000.wav,background,desed,10.0,desed:weak:YxnwwsEEJvdk_200.000_210.000
/Users/rajsingh/Documents/ChatGPT/sahara/data/raw/desed/real/audio/train/weak/YtNr5TNpI_SY_30.000_40.000.wav,background,desed,10.0,desed:weak:YtNr5TNpI_SY_30.000_40.000
/Users/rajsingh/Documents/ChatGPT/sahara/data/raw/desed/real/audio/train/weak/Y7fGU8SFid9E_130.000_140.000.wav,background,desed,10.0,desed:weak:Y7fGU8SFid9E_130.000_140.000
/Users/rajsingh/Documents/ChatGPT/sahara/data/raw/desed/real/audio/train/unlabel_in_domain/Y3daSrt5mRTM_10.000_20.000.wav,background,desed,10.0,desed:unlabel_in_domain:Y3daSrt5mRTM_10.000_20.000
/Users/rajsingh/Documents/ChatGPT/sahara/data/raw/desed/real/audio/train/unlabel_in_domain/Y4Gut-EZr8wE_15.000_25.000.wav,background,desed,9.415804988662131,desed:unlabel_in_domain:Y4Gut-EZr8wE_15.000_25.000
/Users/rajsingh/Documents/ChatGPT/sahara/data/raw/desed/real/audio/train/unlabel_in_domain/Y0njUbtV9tX0_24.000_34.000.wav,background,desed,9.134875283446712,desed:unlabel_in_domain:Y0njUbtV9tX0_24.000_34.000
/Users/rajsingh/Documents/ChatGPT/sahara/data/raw/desed/real/audio/train/unlabel_in_domain/Y-HVUL5tNzdo_30.000_40.000.wav,background,desed,10.0,desed:unlabel_in_domain:Y-HVUL5tNzdo_30.000_40.000
/Users/rajsingh/Documents/ChatGPT/sahara/data/raw/desed/real/audio/train/unlabel_in_domain/Y8GJJi8OivOo_12.000_22.000.wav,background,desed,10.0,desed:unlabel_in_domain:Y8GJJi8OivOo_12.000_22.000
/Users/rajsingh/Documents/ChatGPT/sahara/data/raw/desed/real/audio/train/unlabel_in_domain/YzkELVLpXmAQ_120.000_130.000.wav,background,desed,10.0,desed:unlabel_in_domain:YzkELVLpXmAQ_120.000_130.000
/Users/rajsingh/Documents/ChatGPT/sahara/data/raw/desed/real/audio/train/unlabel_in_domain/YgawqwXq-4Uw_200.000_210.000.wav,background,desed,10.0,desed:unlabel_in_domain:YgawqwXq-4Uw_200.000_210.000
/Users/rajsingh/Documents/ChatGPT/sahara/data/raw/desed/real/audio/train/unlabel_in_domain/Y116C4_1OP5I_50.000_60.000.wav,background,desed,10.0,desed:unlabel_in_domain:Y116C4_1OP5I_50.000_60.000
/Users/rajsingh/Documents/ChatGPT/sahara/data/raw/desed/real/audio/train/unlabel_in_domain/YCC4Nk0kQXhg_0.000_10.000.wav,background,desed,10.0,desed:unlabel_in_domain:YCC4Nk0kQXhg_0.000_10.000
/Users/rajsingh/Documents/ChatGPT/sahara/data/raw/desed/real/audio/train/unlabel_in_domain/Y25DvbDv0-94_110.000_120.000.wav,background,desed,10.0,desed:unlabel_in_domain:Y25DvbDv0-94_110.000_120.000
/Users/rajsingh/Documents/ChatGPT/sahara/data/raw/desed/real/audio/train/unlabel_in_domain/Yx6fexWl5VKE_50.000_60.000.wav,background,desed,10.0,desed:unlabel_in_domain:Yx6fexWl5VKE_50.000_60.000
/Users/rajsingh/Documents/ChatGPT/sahara/data/raw/desed/real/audio/train/unlabel_in_domain/YIrg5t8Lw-i8_290.000_300.000.wav,background,desed,10.0,desed:unlabel_in_domain:YIrg5t8Lw-i8_290.000_300.000
/Users/rajsingh/Documents/ChatGPT/sahara/data/raw/desed/real/audio/train/unlabel_in_domain/Y6gylSYNKTRs_200.000_210.000.wav,background,desed,10.0,desed:unlabel_in_domain:Y6gylSYNKTRs_200.000_210.000
/Users/rajsingh/Documents/ChatGPT/sahara/data/raw/desed/real/audio/train/unlabel_in_domain/YK0lz3KW1MrA_30.000_40.000.wav,background,desed,10.0,desed:unlabel_in_domain:YK0lz3KW1MrA_30.000_40.000
/Users/rajsingh/Documents/ChatGPT/sahara/data/raw/desed/real/audio/train/unlabel_in_domain/YwY7TBVBpuy4_170.000_180.000.wav,background,desed,10.0,desed:unlabel_in_domain:YwY7TBVBpuy4_170.000_180.000
/Users/rajsingh/Documents/ChatGPT/sahara/data/raw/desed/real/audio/train/unlabel_in_domain/Y0GnvsN_8_Sk_3.000_13.000.wav,background,desed,9.283356009070294,desed:unlabel_in_domain:Y0GnvsN_8_Sk_3.000_13.000
/Users/rajsingh/Documents/ChatGPT/sahara/data/raw/desed/real/audio/train/unlabel_in_domain/Y0-ztjlgsmxw_11.000_21.000.wav,background,desed,9.108480725623583,desed:unlabel_in_domain:Y0-ztjlgsmxw_11.000_21.000
/Users/rajsingh/Documents/ChatGPT/sahara/data/raw/desed/real/audio/train/unlabel_in_domain/YBbF93ghqvpM_30.000_40.000.wav,background,desed,10.0,desed:unlabel_in_domain:YBbF93ghqvpM_30.000_40.000
/Users/rajsingh/Documents/ChatGPT/sahara/data/raw/desed/real/audio/train/unlabel_in_domain/YrLcu9SeuuP8_100.000_110.000.wav,background,desed,10.0,desed:unlabel_in_domain:YrLcu9SeuuP8_100.000_110.000
/Users/rajsingh/Documents/ChatGPT/sahara/data/raw/desed/real/audio/train/unlabel_in_domain/YNGD09NFbUTs_90.000_100.000.wav,background,desed,10.0,desed:unlabel_in_domain:YNGD09NFbUTs_90.000_100.000
/Users/rajsingh/Documents/ChatGPT/sahara/data/raw/desed/real/audio/train/unlabel_in_domain/YxdIxHQYH4ME_30.000_40.000.wav,background,desed,10.0,desed:unlabel_in_domain:YxdIxHQYH4ME_30.000_40.000
/Users/rajsingh/Documents/ChatGPT/sahara/data/raw/desed/real/audio/train/unlabel_in_domain/YQrm-eW-Z0jM_50.000_60.000.wav,background,desed,10.0,desed:unlabel_in_domain:YQrm-eW-Z0jM_50.000_60.000
/Users/rajsingh/Documents/ChatGPT/sahara/data/raw/desed/real/audio/train/unlabel_in_domain/Y4-ZDiPFBwOc_0.000_10.000.wav,background,desed,10.0,desed:unlabel_in_domain:Y4-ZDiPFBwOc_0.000_10.000
/Users/rajsingh/Documents/ChatGPT/sahara/data/raw/desed/real/audio/train/unlabel_in_domain/YDE1mc74X15s_360.000_370.000.wav,background,desed,10.0,desed:unlabel_in_domain:YDE1mc74X15s_360.000_370.000
/Users/rajsingh/Documents/ChatGPT/sahara/data/raw/desed/real/audio/train/unlabel_in_domain/YJMLZAxGosWI_220.000_230.000.wav,background,desed,10.0,desed:unlabel_in_domain:YJMLZAxGosWI_220.000_230.000
/Users/rajsingh/Documents/ChatGPT/sahara/data/raw/desed/real/audio/train/unlabel_in_domain/Y1jUBcz4KwrQ_10.000_20.000.wav,background,desed,10.0,desed:unlabel_in_domain:Y1jUBcz4KwrQ_10.000_20.000
/Users/rajsingh/Documents/ChatGPT/sahara/data/raw/desed/real/audio/train/unlabel_in_domain/YOWfzvhz5n-8_190.000_200.000.wav,background,desed,10.0,desed:unlabel_in_domain:YOWfzvhz5n-8_190.000_200.000
/Users/rajsingh/Documents/ChatGPT/sahara/data/raw/desed/real/audio/train/unlabel_in_domain/Yb2-Kg3Xecq4_10.000_20.000.wav,background,desed,10.0,desed:unlabel_in_domain:Yb2-Kg3Xecq4_10.000_20.000
/Users/rajsingh/Documents/ChatGPT/sahara/data/raw/desed/real/audio/train/unlabel_in_domain/Ysh3SY0ulr-8_20.000_30.000.wav,background,desed,10.0,desed:unlabel_in_domain:Ysh3SY0ulr-8_20.000_30.000
/Users/rajsingh/Documents/ChatGPT/sahara/data/raw/desed/real/audio/train/unlabel_in_domain/Y13yT2k5evdY_23.000_33.000.wav,background,desed,9.507936507936508,desed:unlabel_in_domain:Y13yT2k5evdY_23.000_33.000
/Users/rajsingh/Documents/ChatGPT/sahara/data/raw/desed/real/audio/train/unlabel_in_domain/Y24-1YXoZm-M_30.000_40.000.wav,background,desed,10.0,desed:unlabel_in_domain:Y24-1YXoZm-M_30.000_40.000
/Users/rajsingh/Documents/ChatGPT/sahara/data/raw/desed/real/audio/train/unlabel_in_domain/Yfqgl3rHXYxw_40.000_50.000.wav,background,desed,10.0,desed:unlabel_in_domain:Yfqgl3rHXYxw_40.000_50.000
/Users/rajsingh/Documents/ChatGPT/sahara/data/raw/desed/real/audio/train/unlabel_in_domain/Ycf8kZWXN9C0_520.000_530.000.wav,background,desed,10.0,desed:unlabel_in_domain:Ycf8kZWXN9C0_520.000_530.000
/Users/rajsingh/Documents/ChatGPT/sahara/data/raw/desed/real/audio/train/unlabel_in_domain/YsPGBsAhur0s_100.000_110.000.wav,background,desed,10.0,desed:unlabel_in_domain:YsPGBsAhur0s_100.000_110.000
/Users/rajsingh/Documents/ChatGPT/sahara/data/raw/desed/real/audio/train/unlabel_in_domain/YzjvFo0tuOKg_30.000_40.000.wav,background,desed,10.0,desed:unlabel_in_domain:YzjvFo0tuOKg_30.000_40.000
/Users/rajsingh/Documents/ChatGPT/sahara/data/raw/desed/real/audio/train/unlabel_in_domain/Y2DmtgJv97-U_30.000_40.000.wav,background,desed,10.0,desed:unlabel_in_domain:Y2DmtgJv97-U_30.000_40.000
/Users/rajsingh/Documents/ChatGPT/sahara/data/raw/desed/real/audio/train/unlabel_in_domain/Y0LDkYf7vr_A_0.000_10.000.wav,background,desed,10.0,desed:unlabel_in_domain:Y0LDkYf7vr_A_0.000_10.000
/Users/rajsingh/Documents/ChatGPT/sahara/data/raw/desed/real/audio/train/unlabel_in_domain/YIan4jpPHi3o_320.000_330.000.wav,background,desed,10.0,desed:unlabel_in_domain:YIan4jpPHi3o_320.000_330.000
/Users/rajsingh/Documents/ChatGPT/sahara/data/raw/desed/real/audio/train/unlabel_in_domain/Y683CFSN_AC4_140.000_150.000.wav,background,desed,10.0,desed:unlabel_in_domain:Y683CFSN_AC4_140.000_150.000
/Users/rajsingh/Documents/ChatGPT/sahara/data/raw/desed/real/audio/train/unlabel_in_domain/Y4MwTY38cFvw_30.000_40.000.wav,background,desed,10.0,desed:unlabel_in_domain:Y4MwTY38cFvw_30.000_40.000
/Users/rajsingh/Documents/ChatGPT/sahara/data/raw/desed/real/audio/train/unlabel_in_domain/Y2zeaJqawiZA_30.000_40.000.wav,background,desed,10.0,desed:unlabel_in_domain:Y2zeaJqawiZA_30.000_40.000
/Users/rajsingh/Documents/ChatGPT/sahara/data/raw/desed/real/audio/train/unlabel_in_domain/Y3DeZo8Ty-Uc_29.000_39.000.wav,background,desed,9.35936507936508,desed:unlabel_in_domain:Y3DeZo8Ty-Uc_29.000_39.000
/Users/rajsingh/Documents/ChatGPT/sahara/data/raw/desed/real/audio/train/unlabel_in_domain/Y2R8c_BR_kSQ_10.000_20.000.wav,background,desed,10.0,desed:unlabel_in_domain:Y2R8c_BR_kSQ_10.000_20.000
/Users/rajsingh/Documents/ChatGPT/sahara/data/raw/desed/real/audio/train/unlabel_in_domain/YUK0uLlGeXuE_30.000_40.000.wav,background,desed,10.0,desed:unlabel_in_domain:YUK0uLlGeXuE_30.000_40.000
/Users/rajsingh/Documents/ChatGPT/sahara/data/raw/desed/real/audio/train/unlabel_in_domain/YOLi7fRuJSFI_170.000_180.000.wav,background,desed,10.0,desed:unlabel_in_domain:YOLi7fRuJSFI_170.000_180.000
/Users/rajsingh/Documents/ChatGPT/sahara/data/raw/desed/real/audio/train/unlabel_in_domain/Y4f57mhJZPjk_40.000_50.000.wav,background,desed,10.0,desed:unlabel_in_domain:Y4f57mhJZPjk_40.000_50.000
/Users/rajsingh/Documents/ChatGPT/sahara/data/raw/desed/real/audio/train/unlabel_in_domain/Y_FyRG7UV8P0_30.000_40.000.wav,background,desed,10.0,desed:unlabel_in_domain:Y_FyRG7UV8P0_30.000_40.000
/Users/rajsingh/Documents/ChatGPT/sahara/data/raw/desed/real/audio/train/unlabel_in_domain/YMsug7At6eOI_130.000_140.000.wav,background,desed,10.0,desed:unlabel_in_domain:YMsug7At6eOI_130.000_140.000
/Users/rajsingh/Documents/ChatGPT/sahara/data/raw/desed/real/audio/train/unlabel_in_domain/Y2hRLnJsE8Tc_14.000_24.000.wav,background,desed,9.127074829931972,desed:unlabel_in_domain:Y2hRLnJsE8Tc_14.000_24.000
/Users/rajsingh/Documents/ChatGPT/sahara/data/raw/desed/real/audio/train/unlabel_in_domain/YFquQPp49-Xw_170.000_180.000.wav,background,desed,10.0,desed:unlabel_in_domain:YFquQPp49-Xw_170.000_180.000
/Users/rajsingh/Documents/ChatGPT/sahara/data/raw/desed/real/audio/train/unlabel_in_domain/Y-I1upuU0HXs_16.000_26.000.wav,background,desed,9.623242630385487,desed:unlabel_in_domain:Y-I1upuU0HXs_16.000_26.000
/Users/rajsingh/Documents/ChatGPT/sahara/data/raw/desed/real/audio/train/unlabel_in_domain/YqDeCBz1GPIo_21.000_31.000.wav,background,desed,9.650340136054421,desed:unlabel_in_domain:YqDeCBz1GPIo_21.000_31.000
/Users/rajsingh/Documents/ChatGPT/sahara/data/raw/desed/real/audio/train/unlabel_in_domain/YQ4njTdVPWNo_20.000_30.000.wav,background,desed,10.0,desed:unlabel_in_domain:YQ4njTdVPWNo_20.000_30.000
/Users/rajsingh/Documents/ChatGPT/sahara/data/raw/desed/real/audio/train/unlabel_in_domain/YBY5ERX3XT70_150.000_160.000.wav,background,desed,10.0,desed:unlabel_in_domain:YBY5ERX3XT70_150.000_160.000
/Users/rajsingh/Documents/ChatGPT/sahara/data/raw/desed/real/audio/train/unlabel_in_domain/Yr7jwcL-344U_30.000_40.000.wav,background,desed,10.0,desed:unlabel_in_domain:Yr7jwcL-344U_30.000_40.000
/Users/rajsingh/Documents/ChatGPT/sahara/data/raw/desed/real/audio/train/unlabel_in_domain/Yxt_khpIbJjM_30.000_40.000.wav,background,desed,10.0,desed:unlabel_in_domain:Yxt_khpIbJjM_30.000_40.000
/Users/rajsingh/Documents/ChatGPT/sahara/data/raw/desed/real/audio/train/unlabel_in_domain/Y0gJPpZXeGms_10.000_20.000.wav,background,desed,10.0,desed:unlabel_in_domain:Y0gJPpZXeGms_10.000_20.000
/Users/rajsingh/Documents/ChatGPT/sahara/data/raw/desed/real/audio/train/unlabel_in_domain/YT2IBMQJrxxA_0.000_10.000.wav,background,desed,10.0,desed:unlabel_in_domain:YT2IBMQJrxxA_0.000_10.000
/Users/rajsingh/Documents/ChatGPT/sahara/data/raw/desed/real/audio/train/unlabel_in_domain/YbLoPYZnyDls_440.000_450.000.wav,background,desed,10.0,desed:unlabel_in_domain:YbLoPYZnyDls_440.000_450.000
/Users/rajsingh/Documents/ChatGPT/sahara/data/raw/desed/real/audio/train/unlabel_in_domain/YjdLSYuBzSgs_280.000_290.000.wav,background,desed,10.0,desed:unlabel_in_domain:YjdLSYuBzSgs_280.000_290.000
/Users/rajsingh/Documents/ChatGPT/sahara/data/raw/desed/real/audio/train/unlabel_in_domain/Y0BtHd6dvm78_24.000_34.000.wav,background,desed,9.95920634920635,desed:unlabel_in_domain:Y0BtHd6dvm78_24.000_34.000
/Users/rajsingh/Documents/ChatGPT/sahara/data/raw/desed/real/audio/train/unlabel_in_domain/Y4P36nGEVI10_60.000_70.000.wav,background,desed,10.0,desed:unlabel_in_domain:Y4P36nGEVI10_60.000_70.000
/Users/rajsingh/Documents/ChatGPT/sahara/data/raw/desed/real/audio/train/unlabel_in_domain/YBoe3MeEpn_c_380.000_390.000.wav,background,desed,10.0,desed:unlabel_in_domain:YBoe3MeEpn_c_380.000_390.000
/Users/rajsingh/Documents/ChatGPT/sahara/data/raw/desed/real/audio/train/unlabel_in_domain/YBtW3hWhaxWo_30.000_40.000.wav,background,desed,10.0,desed:unlabel_in_domain:YBtW3hWhaxWo_30.000_40.000
/Users/rajsingh/Documents/ChatGPT/sahara/data/raw/desed/real/audio/train/unlabel_in_domain/YUyjm-rOABxU_40.000_50.000.wav,background,desed,10.0,desed:unlabel_in_domain:YUyjm-rOABxU_40.000_50.000
/Users/rajsingh/Documents/ChatGPT/sahara/data/raw/desed/real/audio/train/unlabel_in_domain/YRIeWYi9ZmkE_40.000_50.000.wav,background,desed,10.0,desed:unlabel_in_domain:YRIeWYi9ZmkE_40.000_50.000
/Users/rajsingh/Documents/ChatGPT/sahara/data/raw/desed/real/audio/train/unlabel_in_domain/Y2pFMLd01iLo_21.000_31.000.wav,background,desed,9.046643990929706,desed:unlabel_in_domain:Y2pFMLd01iLo_21.000_31.000
/Users/rajsingh/Documents/ChatGPT/sahara/data/raw/desed/real/audio/train/unlabel_in_domain/YeqeZwoNpZNU_210.000_220.000.wav,background,desed,10.0,desed:unlabel_in_domain:YeqeZwoNpZNU_210.000_220.000
/Users/rajsingh/Documents/ChatGPT/sahara/data/raw/desed/real/audio/train/unlabel_in_domain/Y4kaM8FO0tX0_18.000_28.000.wav,background,desed,9.469206349206349,desed:unlabel_in_domain:Y4kaM8FO0tX0_18.000_28.000
/Users/rajsingh/Documents/ChatGPT/sahara/data/raw/desed/real/audio/train/unlabel_in_domain/Y4tbUkiGEoqY_10.000_20.000.wav,background,desed,10.0,desed:unlabel_in_domain:Y4tbUkiGEoqY_10.000_20.000
/Users/rajsingh/Documents/ChatGPT/sahara/data/raw/desed/real/audio/train/unlabel_in_domain/YdDnBfvqZogk_0.000_10.000.wav,background,desed,10.0,desed:unlabel_in_domain:YdDnBfvqZogk_0.000_10.000
/Users/rajsingh/Documents/ChatGPT/sahara/data/raw/desed/real/audio/train/unlabel_in_domain/Y_mknOqvFkZE_100.000_110.000.wav,background,desed,10.0,desed:unlabel_in_domain:Y_mknOqvFkZE_100.000_110.000
/Users/rajsingh/Documents/ChatGPT/sahara/data/raw/desed/real/audio/train/unlabel_in_domain/YZhQeWmvNeuI_0.000_9.000.wav,background,desed,7.9760770975056685,desed:unlabel_in_domain:YZhQeWmvNeuI_0.000_9.000
/Users/rajsingh/Documents/ChatGPT/sahara/data/raw/desed/real/audio/train/unlabel_in_domain/YG-ydXhTACoA_70.000_80.000.wav,background,desed,10.0,desed:unlabel_in_domain:YG-ydXhTACoA_70.000_80.000
/Users/rajsingh/Documents/ChatGPT/sahara/data/raw/desed/real/audio/train/unlabel_in_domain/YDvBCMcGE1ZU_0.000_10.000.wav,background,desed,10.0,desed:unlabel_in_domain:YDvBCMcGE1ZU_0.000_10.000
/Users/rajsingh/Documents/ChatGPT/sahara/data/raw/desed/real/audio/train/unlabel_in_domain/Ygb06C61Rr4w_120.000_130.000.wav,background,desed,10.0,desed:unlabel_in_domain:Ygb06C61Rr4w_120.000_130.000
/Users/rajsingh/Documents/ChatGPT/sahara/data/raw/desed/real/audio/eval/public/lcGGi9YQzEQ_45_55.wav,background,desed,10.0,desed:public:lcGGi9YQzEQ_45_55
/Users/rajsingh/Documents/ChatGPT/sahara/data/raw/desed/real/audio/eval/public/QwczfjpP1BU_0_10.wav,background,desed,10.0,desed:public:QwczfjpP1BU_0_10
/Users/rajsingh/Documents/ChatGPT/sahara/data/raw/desed/real/audio/eval/public/SiX7mSLUl7c_5_15.wav,background,desed,10.0,desed:public:SiX7mSLUl7c_5_15
/Users/rajsingh/Documents/ChatGPT/sahara/data/raw/desed/real/audio/eval/public/JT34KB_DYk8_86_96.wav,background,desed,10.0,desed:public:JT34KB_DYk8_86_96
/Users/rajsingh/Documents/ChatGPT/sahara/data/raw/desed/real/audio/eval/public/AYcRe4sIABM_328_338.wav,background,desed,10.0,desed:public:AYcRe4sIABM_328_338
/Users/rajsingh/Documents/ChatGPT/sahara/data/raw/desed/real/audio/eval/public/YYqaGwN2epw_22_32.wav,background,desed,10.0,desed:public:YYqaGwN2epw_22_32
/Users/rajsingh/Documents/ChatGPT/sahara/data/raw/desed/real/audio/eval/public/PddX9valVHE_15_25.wav,background,desed,10.0,desed:public:PddX9valVHE_15_25
/Users/rajsingh/Documents/ChatGPT/sahara/data/raw/desed/real/audio/eval/public/_Nn6I3eEt9g_17_27.wav,background,desed,10.0,desed:public:_Nn6I3eEt9g_17_27
/Users/rajsingh/Documents/ChatGPT/sahara/data/raw/desed/real/audio/eval/public/uu3PCZlcQkE_146_156.wav,background,desed,10.0,desed:public:uu3PCZlcQkE_146_156
/Users/rajsingh/Documents/ChatGPT/sahara/data/raw/desed/real/audio/eval/public/Nj30UED-ShI_16_26.wav,background,desed,10.0,desed:public:Nj30UED-ShI_16_26
/Users/rajsingh/Documents/ChatGPT/sahara/data/raw/desed/real/audio/eval/public/qfiOLoU2WZg_400_410.wav,background,desed,10.0,desed:public:qfiOLoU2WZg_400_410
/Users/rajsingh/Documents/ChatGPT/sahara/data/raw/desed/real/audio/eval/public/ixFiH87Xtow_433_443.wav,background,desed,10.0,desed:public:ixFiH87Xtow_433_443
/Users/rajsingh/Documents/ChatGPT/sahara/data/raw/desed/real/audio/eval/public/F2y6HsWY21c_43_53.wav,background,desed,10.0,desed:public:F2y6HsWY21c_43_53
/Users/rajsingh/Documents/ChatGPT/sahara/data/raw/desed/real/audio/eval/public/d5Fw3v5gNtA_17_27.wav,background,desed,10.0,desed:public:d5Fw3v5gNtA_17_27
/Users/rajsingh/Documents/ChatGPT/sahara/data/raw/desed/real/audio/eval/public/FXutBrd9vrM_0_10.wav,background,desed,10.0,desed:public:FXutBrd9vrM_0_10
/Users/rajsingh/Documents/ChatGPT/sahara/data/raw/desed/real/audio/eval/public/iStSYb2NjhE_844_854.wav,background,desed,10.0,desed:public:iStSYb2NjhE_844_854
/Users/rajsingh/Documents/ChatGPT/sahara/data/raw/desed/real/audio/eval/public/f4_7OgNkl-4_25_35.wav,background,desed,10.0,desed:public:f4_7OgNkl-4_25_35
/Users/rajsingh/Documents/ChatGPT/sahara/data/raw/desed/real/audio/eval/public/Pxlh9XrZsok_0_10.wav,background,desed,10.0,desed:public:Pxlh9XrZsok_0_10
/Users/rajsingh/Documents/ChatGPT/sahara/data/raw/desed/real/audio/eval/public/CN0gaknlKNE_443_453.wav,background,desed,10.0,desed:public:CN0gaknlKNE_443_453
/Users/rajsingh/Documents/ChatGPT/sahara/data/raw/desed/real/audio/eval/public/6nh51gqR47k_1970_1980.wav,background,desed,10.0,desed:public:6nh51gqR47k_1970_1980
/Users/rajsingh/Documents/ChatGPT/sahara/data/raw/desed/real/audio/eval/public/2ci7A2dEb3k_0_10.wav,background,desed,10.0,desed:public:2ci7A2dEb3k_0_10
/Users/rajsingh/Documents/ChatGPT/sahara/data/raw/desed/real/audio/eval/public/rFmPp2lPyTs_96_106.wav,background,desed,10.0,desed:public:rFmPp2lPyTs_96_106
/Users/rajsingh/Documents/ChatGPT/sahara/data/raw/desed/real/audio/eval/public/G9z_0Zq28_Y_260_270.wav,background,desed,10.0,desed:public:G9z_0Zq28_Y_260_270
/Users/rajsingh/Documents/ChatGPT/sahara/data/raw/desed/real/audio/eval/public/yc5N7ECY3b8_18_28.wav,background,desed,10.0,desed:public:yc5N7ECY3b8_18_28
/Users/rajsingh/Documents/ChatGPT/sahara/data/raw/desed/real/audio/eval/public/DnlqHy-b_w0_20_30.wav,background,desed,10.0,desed:public:DnlqHy-b_w0_20_30
/Users/rajsingh/Documents/ChatGPT/sahara/data/raw/desed/real/audio/eval/public/PSOd9BGE_88_12_22.wav,background,desed,10.0,desed:public:PSOd9BGE_88_12_22
/Users/rajsingh/Documents/ChatGPT/sahara/data/raw/desed/real/audio/eval/public/s0r4Xs7vdSA_0_10.wav,background,desed,10.0,desed:public:s0r4Xs7vdSA_0_10
/Users/rajsingh/Documents/ChatGPT/sahara/data/raw/desed/real/audio/eval/public/RKSMnHtVL1k_0_9.wav,background,desed,9.0,desed:public:RKSMnHtVL1k_0_9
/Users/rajsingh/Documents/ChatGPT/sahara/data/raw/desed/real/audio/eval/public/8ORBpGTScPQ_0_10.wav,background,desed,10.0,desed:public:8ORBpGTScPQ_0_10
/Users/rajsingh/Documents/ChatGPT/sahara/data/raw/desed/real/audio/eval/public/9ukvwp1Z1WQ_0_10.wav,background,desed,10.0,desed:public:9ukvwp1Z1WQ_0_10
/Users/rajsingh/Documents/ChatGPT/sahara/data/raw/desed/real/audio/eval/public/6tm4pEI2s9Y_1_11.wav,background,desed,10.0,desed:public:6tm4pEI2s9Y_1_11
/Users/rajsingh/Documents/ChatGPT/sahara/data/raw/desed/real/audio/eval/public/QZ3YoLvdRAE_0_10.wav,background,desed,10.0,desed:public:QZ3YoLvdRAE_0_10
/Users/rajsingh/Documents/ChatGPT/sahara/data/raw/desed/real/audio/eval/public/pZ5g7ztW7iM_250_260.wav,background,desed,10.0,desed:public:pZ5g7ztW7iM_250_260
/Users/rajsingh/Documents/ChatGPT/sahara/data/raw/desed/real/audio/eval/public/6pMQjvXuZP8_30_40.wav,background,desed,10.0,desed:public:6pMQjvXuZP8_30_40
/Users/rajsingh/Documents/ChatGPT/sahara/data/raw/desed/real/audio/eval/public/7QpEG3T0rJs_10_20.wav,background,desed,10.0,desed:public:7QpEG3T0rJs_10_20
/Users/rajsingh/Documents/ChatGPT/sahara/data/raw/desed/real/audio/eval/public/hW4ocGjsuhg_292_302.wav,background,desed,10.0,desed:public:hW4ocGjsuhg_292_302
/Users/rajsingh/Documents/ChatGPT/sahara/data/raw/desed/real/audio/eval/public/jWCzR87yUC8_0_10.wav,background,desed,10.0,desed:public:jWCzR87yUC8_0_10
/Users/rajsingh/Documents/ChatGPT/sahara/data/raw/desed/real/audio/eval/public/06gFpwTehEM_0_10.wav,background,desed,10.0,desed:public:06gFpwTehEM_0_10
/Users/rajsingh/Documents/ChatGPT/sahara/data/raw/desed/real/audio/eval/public/Stny4tsJCQ8_16_26.wav,background,desed,10.0,desed:public:Stny4tsJCQ8_16_26
/Users/rajsingh/Documents/ChatGPT/sahara/data/raw/desed/real/audio/eval/public/yHptClvQU4U_105_115.wav,background,desed,10.0,desed:public:yHptClvQU4U_105_115
/Users/rajsingh/Documents/ChatGPT/sahara/data/raw/desed/real/audio/eval/public/zM515Ca0AiI_79_89.wav,background,desed,10.0,desed:public:zM515Ca0AiI_79_89
/Users/rajsingh/Documents/ChatGPT/sahara/data/raw/desed/real/audio/eval/public/Fo3g_l1y1IU_0_10.wav,background,desed,10.0,desed:public:Fo3g_l1y1IU_0_10
/Users/rajsingh/Documents/ChatGPT/sahara/data/raw/desed/real/audio/eval/public/w7bAtjOmjcA_172_182.wav,background,desed,10.0,desed:public:w7bAtjOmjcA_172_182
/Users/rajsingh/Documents/ChatGPT/sahara/data/raw/desed/real/audio/eval/public/nJzYCP5B3_k_139_149.wav,background,desed,10.0,desed:public:nJzYCP5B3_k_139_149
/Users/rajsingh/Documents/ChatGPT/sahara/data/raw/desed/real/audio/eval/public/rn3Dp8zuraw_100_110.wav,background,desed,10.0,desed:public:rn3Dp8zuraw_100_110
/Users/rajsingh/Documents/ChatGPT/sahara/data/raw/desed/real/audio/eval/public/zFB78vEUjBE_0_10.wav,background,desed,10.0,desed:public:zFB78vEUjBE_0_10
/Users/rajsingh/Documents/ChatGPT/sahara/data/raw/desed/real/audio/eval/public/gHuQbIVXyag_12_22.wav,background,desed,10.0,desed:public:gHuQbIVXyag_12_22
/Users/rajsingh/Documents/ChatGPT/sahara/data/raw/desed/real/audio/eval/public/4z9TmhD-3aM_99_109.wav,background,desed,10.0,desed:public:4z9TmhD-3aM_99_109
/Users/rajsingh/Documents/ChatGPT/sahara/data/raw/desed/real/audio/eval/public/6Y8vX8Sy8b8_840_850.wav,background,desed,10.0,desed:public:6Y8vX8Sy8b8_840_850
/Users/rajsingh/Documents/ChatGPT/sahara/data/raw/desed/real/audio/eval/public/UMca9w8s60Y_9_19.wav,background,desed,10.0,desed:public:UMca9w8s60Y_9_19
/Users/rajsingh/Documents/ChatGPT/sahara/data/raw/desed/real/audio/eval/public/EE-Qo5LpnRI_120_130.wav,background,desed,10.0,desed:public:EE-Qo5LpnRI_120_130
/Users/rajsingh/Documents/ChatGPT/sahara/data/raw/desed/real/audio/eval/public/RzXYJAIr27U_0_10.wav,background,desed,10.0,desed:public:RzXYJAIr27U_0_10
/Users/rajsingh/Documents/ChatGPT/sahara/data/raw/desed/real/audio/eval/public/Wo8DdXBsRkY_460_470.wav,background,desed,10.0,desed:public:Wo8DdXBsRkY_460_470
/Users/rajsingh/Documents/ChatGPT/sahara/data/raw/desed/real/audio/eval/public/2duVGulE6lo_81_91.wav,background,desed,10.0,desed:public:2duVGulE6lo_81_91
/Users/rajsingh/Documents/ChatGPT/sahara/data/raw/desed/real/audio/eval/public/nBVVRNFivnA_0_10.wav,background,desed,10.0,desed:public:nBVVRNFivnA_0_10
/Users/rajsingh/Documents/ChatGPT/sahara/data/raw/desed/real/audio/eval/public/1LKP1ZyHgVg_0_10.wav,background,desed,10.0,desed:public:1LKP1ZyHgVg_0_10
/Users/rajsingh/Documents/ChatGPT/sahara/data/raw/desed/real/audio/eval/public/E5FKAyY7rjI_0_10.wav,background,desed,10.0,desed:public:E5FKAyY7rjI_0_10
/Users/rajsingh/Documents/ChatGPT/sahara/data/raw/desed/real/audio/eval/public/ySIsHJbxQcQ_0_10.wav,background,desed,10.0,desed:public:ySIsHJbxQcQ_0_10
/Users/rajsingh/Documents/ChatGPT/sahara/data/raw/desed/real/audio/eval/public/bltqad8qBzA_305_315.wav,background,desed,10.0,desed:public:bltqad8qBzA_305_315
/Users/rajsingh/Documents/ChatGPT/sahara/data/raw/desed/real/audio/eval/public/_BQz7RRMH4M_0_10.wav,background,desed,10.0,desed:public:_BQz7RRMH4M_0_10
/Users/rajsingh/Documents/ChatGPT/sahara/data/raw/desed/real/audio/eval/public/gNbnDKmaehY_264_274.wav,background,desed,10.0,desed:public:gNbnDKmaehY_264_274
/Users/rajsingh/Documents/ChatGPT/sahara/data/raw/desed/real/audio/eval/public/k5ZxJBdUCWg_2_12.wav,background,desed,10.0,desed:public:k5ZxJBdUCWg_2_12
/Users/rajsingh/Documents/ChatGPT/sahara/data/raw/desed/real/audio/eval/public/S7Kkl6nz3qU_73_83.wav,background,desed,10.0,desed:public:S7Kkl6nz3qU_73_83
/Users/rajsingh/Documents/ChatGPT/sahara/data/raw/desed/real/audio/eval/public/g6IYRU5HYgo_0_10.wav,background,desed,10.0,desed:public:g6IYRU5HYgo_0_10
/Users/rajsingh/Documents/ChatGPT/sahara/data/raw/desed/real/audio/eval/public/anQIAJICj4o_17_27.wav,background,desed,10.0,desed:public:anQIAJICj4o_17_27
/Users/rajsingh/Documents/ChatGPT/sahara/data/raw/desed/real/audio/eval/public/4wWbf0qP5K0_420_430.wav,background,desed,10.0,desed:public:4wWbf0qP5K0_420_430
/Users/rajsingh/Documents/ChatGPT/sahara/data/raw/desed/real/audio/eval/public/hFhsNDQ1mEo_0_5.wav,background,desed,5.0,desed:public:hFhsNDQ1mEo_0_5
/Users/rajsingh/Documents/ChatGPT/sahara/data/raw/desed/real/audio/eval/public/croKDPQZ2F8_23_33.wav,background,desed,10.0,desed:public:croKDPQZ2F8_23_33
/Users/rajsingh/Documents/ChatGPT/sahara/data/raw/desed/real/audio/eval/public/G5wlhYFdlxw_508_518.wav,background,desed,10.0,desed:public:G5wlhYFdlxw_508_518
/Users/rajsingh/Documents/ChatGPT/sahara/data/raw/desed/real/audio/eval/public/GgfjRgF7fYo_673_683.wav,background,desed,10.0,desed:public:GgfjRgF7fYo_673_683
/Users/rajsingh/Documents/ChatGPT/sahara/data/raw/desed/real/audio/eval/public/Qo_LHgcj0ao_23_33.wav,background,desed,10.0,desed:public:Qo_LHgcj0ao_23_33
/Users/rajsingh/Documents/ChatGPT/sahara/data/raw/desed/real/audio/eval/public/P_uDeuNLFQ4_330_340.wav,background,desed,10.0,desed:public:P_uDeuNLFQ4_330_340
/Users/rajsingh/Documents/ChatGPT/sahara/data/raw/desed/real/audio/eval/public/qqM6LUEDx3w_89_99.wav,background,desed,10.0,desed:public:qqM6LUEDx3w_89_99
/Users/rajsingh/Documents/ChatGPT/sahara/data/raw/desed/real/audio/eval/public/amZFmEB9Opg_0_10.wav,background,desed,10.0,desed:public:amZFmEB9Opg_0_10
/Users/rajsingh/Documents/ChatGPT/sahara/data/raw/desed/real/audio/eval/public/k0gwpaaHI2A_0_10.wav,background,desed,10.0,desed:public:k0gwpaaHI2A_0_10
/Users/rajsingh/Documents/ChatGPT/sahara/data/raw/desed/real/audio/eval/public/WG3wFpE7sqU_0_10.wav,background,desed,10.0,desed:public:WG3wFpE7sqU_0_10
/Users/rajsingh/Documents/ChatGPT/sahara/data/raw/desed/real/audio/eval/public/842HgZcd2e8_102_112.wav,background,desed,10.0,desed:public:842HgZcd2e8_102_112
/Users/rajsingh/Documents/ChatGPT/sahara/data/raw/desed/real/audio/eval/public/2ihT-Zg9aAc_0_10.wav,background,desed,10.0,desed:public:2ihT-Zg9aAc_0_10
/Users/rajsingh/Documents/ChatGPT/sahara/data/raw/desed/real/audio/eval/public/K19FcMyXHqY_300_310.wav,background,desed,10.0,desed:public:K19FcMyXHqY_300_310
/Users/rajsingh/Documents/ChatGPT/sahara/data/raw/desed/real/audio/eval/public/b4-NjAp2Fpg_16_26.wav,background,desed,10.0,desed:public:b4-NjAp2Fpg_16_26
/Users/rajsingh/Documents/ChatGPT/sahara/data/raw/desed/real/audio/eval/public/NmsaklattGM_514_524.wav,background,desed,10.0,desed:public:NmsaklattGM_514_524
/Users/rajsingh/Documents/ChatGPT/sahara/data/raw/desed/real/audio/eval/public/oedC1FTmNGw_48_58.wav,background,desed,10.0,desed:public:oedC1FTmNGw_48_58
/Users/rajsingh/Documents/ChatGPT/sahara/data/raw/desed/real/audio/eval/public/J5pibI98hVg_167_177.wav,background,desed,10.0,desed:public:J5pibI98hVg_167_177
/Users/rajsingh/Documents/ChatGPT/sahara/data/raw/desed/real/audio/eval/public/WdrIaDgepB4_3_13.wav,background,desed,10.0,desed:public:WdrIaDgepB4_3_13
/Users/rajsingh/Documents/ChatGPT/sahara/data/raw/desed/real/audio/eval/public/Tp2YNgJBYHI_125_135.wav,background,desed,10.0,desed:public:Tp2YNgJBYHI_125_135
/Users/rajsingh/Documents/ChatGPT/sahara/data/raw/desed/real/audio/eval/public/50PqzTQomOM_137_147.wav,background,desed,10.0,desed:public:50PqzTQomOM_137_147
/Users/rajsingh/Documents/ChatGPT/sahara/data/raw/desed/real/audio/eval/public/f_OA9Yqkhx4_0_9.wav,background,desed,9.0,desed:public:f_OA9Yqkhx4_0_9
/Users/rajsingh/Documents/ChatGPT/sahara/data/raw/desed/real/audio/eval/public/b2BPdW3prtc_0_10.wav,background,desed,10.0,desed:public:b2BPdW3prtc_0_10
/Users/rajsingh/Documents/ChatGPT/sahara/data/raw/desed/real/audio/eval/public/DjydV6lJuXA_0_10.wav,background,desed,10.0,desed:public:DjydV6lJuXA_0_10
/Users/rajsingh/Documents/ChatGPT/sahara/data/raw/desed/real/audio/eval/public/yCJDI5Lr3M8_10_20.wav,background,desed,10.0,desed:public:yCJDI5Lr3M8_10_20
/Users/rajsingh/Documents/ChatGPT/sahara/data/raw/desed/real/audio/eval/public/KmT94pv4v4A_36_46.wav,background,desed,10.0,desed:public:KmT94pv4v4A_36_46
/Users/rajsingh/Documents/ChatGPT/sahara/data/raw/desed/real/audio/eval/public/rDCAWFtGXTM_94_104.wav,background,desed,10.0,desed:public:rDCAWFtGXTM_94_104
/Users/rajsingh/Documents/ChatGPT/sahara/data/raw/desed/real/audio/eval/public/49AbSai8It4_635_645.wav,background,desed,10.0,desed:public:49AbSai8It4_635_645
/Users/rajsingh/Documents/ChatGPT/sahara/data/raw/desed/real/audio/eval/public/3cqsXEzUdiY_248_258.wav,background,desed,10.0,desed:public:3cqsXEzUdiY_248_258
/Users/rajsingh/Documents/ChatGPT/sahara/data/raw/desed/real/audio/eval/public/fPvReS0eqLw_127_137.wav,background,desed,10.0,desed:public:fPvReS0eqLw_127_137
/Users/rajsingh/Documents/ChatGPT/sahara/data/raw/desed/real/audio/eval/public/G_gXG6mIBwI_0_10.wav,background,desed,10.0,desed:public:G_gXG6mIBwI_0_10
/Users/rajsingh/Documents/ChatGPT/sahara/data/raw/desed/real/audio/eval/public/fKxQaqctjbg_0_10.wav,background,desed,10.0,desed:public:fKxQaqctjbg_0_10
/Users/rajsingh/Documents/ChatGPT/sahara/data/raw/desed/real/audio/eval/public/13OkKMqxWjU_60_70.wav,background,desed,10.0,desed:public:13OkKMqxWjU_60_70
/Users/rajsingh/Documents/ChatGPT/sahara/data/raw/desed/real/audio/eval/public/aAywvxNlTsk_14_24.wav,background,desed,10.0,desed:public:aAywvxNlTsk_14_24
/Users/rajsingh/Documents/ChatGPT/sahara/data/raw/desed/real/audio/eval/public/Ns7LAwk7YWs_790_800.wav,background,desed,10.0,desed:public:Ns7LAwk7YWs_790_800
/Users/rajsingh/Documents/ChatGPT/sahara/data/raw/desed/real/audio/eval/public/aHlRSYHWFTg_187_197.wav,background,desed,10.0,desed:public:aHlRSYHWFTg_187_197
/Users/rajsingh/Documents/ChatGPT/sahara/data/raw/desed/real/audio/eval/public/FYPf4yMZgIc_75_85.wav,background,desed,10.0,desed:public:FYPf4yMZgIc_75_85
/Users/rajsingh/Documents/ChatGPT/sahara/data/raw/desed/real/audio/eval/public/HJJO1JL6kxA_0_10.wav,background,desed,10.0,desed:public:HJJO1JL6kxA_0_10
/Users/rajsingh/Documents/ChatGPT/sahara/data/raw/desed/real/audio/eval/public/HpRvSpsed7w_222_232.wav,background,desed,10.0,desed:public:HpRvSpsed7w_222_232
/Users/rajsingh/Documents/ChatGPT/sahara/data/raw/desed/real/audio/eval/public/BdsaucMG7hg_240_250.wav,background,desed,10.0,desed:public:BdsaucMG7hg_240_250
/Users/rajsingh/Documents/ChatGPT/sahara/data/raw/desed/real/audio/eval/public/QP4dmDnHiGc_106_116.wav,background,desed,10.0,desed:public:QP4dmDnHiGc_106_116
/Users/rajsingh/Documents/ChatGPT/sahara/data/raw/desed/real/audio/eval/public/XpRtmy2pO9A_0_10.wav,background,desed,10.0,desed:public:XpRtmy2pO9A_0_10
/Users/rajsingh/Documents/ChatGPT/sahara/data/raw/desed/real/audio/eval/public/r25_3q5bPaY_82_92.wav,background,desed,10.0,desed:public:r25_3q5bPaY_82_92
/Users/rajsingh/Documents/ChatGPT/sahara/data/raw/desed/real/audio/eval/public/3XGni7aHhr4_360_370.wav,background,desed,10.0,desed:public:3XGni7aHhr4_360_370
/Users/rajsingh/Documents/ChatGPT/sahara/data/raw/desed/real/audio/eval/public/wh7IGUd9vXI_129_139.wav,background,desed,10.0,desed:public:wh7IGUd9vXI_129_139
/Users/rajsingh/Documents/ChatGPT/sahara/data/raw/desed/real/audio/eval/public/1PG36qCNq-8_820_830.wav,background,desed,10.0,desed:public:1PG36qCNq-8_820_830
/Users/rajsingh/Documents/ChatGPT/sahara/data/raw/desed/real/audio/eval/public/UM7VluUSOw8_399_409.wav,background,desed,10.0,desed:public:UM7VluUSOw8_399_409
/Users/rajsingh/Documents/ChatGPT/sahara/data/raw/desed/real/audio/eval/public/I0FoWHYWHdQ_109_119.wav,background,desed,10.0,desed:public:I0FoWHYWHdQ_109_119
/Users/rajsingh/Documents/ChatGPT/sahara/data/raw/desed/real/audio/eval/public/qykZqWcVgTE_88_98.wav,background,desed,10.0,desed:public:qykZqWcVgTE_88_98
/Users/rajsingh/Documents/ChatGPT/sahara/data/raw/desed/real/audio/eval/public/DAtsXfxKG0A_53_63.wav,background,desed,10.0,desed:public:DAtsXfxKG0A_53_63
/Users/rajsingh/Documents/ChatGPT/sahara/data/raw/desed/real/audio/eval/public/5zF2tJIkqdU_30_40.wav,background,desed,10.0,desed:public:5zF2tJIkqdU_30_40
/Users/rajsingh/Documents/ChatGPT/sahara/data/raw/desed/real/audio/eval/public/YjrxhSgthbg_77_87.wav,background,desed,10.0,desed:public:YjrxhSgthbg_77_87
/Users/rajsingh/Documents/ChatGPT/sahara/data/raw/desed/real/audio/eval/public/55SE3frignA_305_315.wav,background,desed,10.0,desed:public:55SE3frignA_305_315
/Users/rajsingh/Documents/ChatGPT/sahara/data/raw/desed/real/audio/eval/public/FtbxAqRo0eY_83_93.wav,background,desed,10.0,desed:public:FtbxAqRo0eY_83_93
/Users/rajsingh/Documents/ChatGPT/sahara/data/raw/desed/real/audio/eval/public/uTTeGZtf8gw_0_10.wav,background,desed,10.0,desed:public:uTTeGZtf8gw_0_10
/Users/rajsingh/Documents/ChatGPT/sahara/data/raw/desed/real/audio/eval/public/YFG7d4y7EqU_535_545.wav,background,desed,10.0,desed:public:YFG7d4y7EqU_535_545
/Users/rajsingh/Documents/ChatGPT/sahara/data/raw/desed/real/audio/eval/public/SRYDsLbMZY4_195_205.wav,background,desed,10.0,desed:public:SRYDsLbMZY4_195_205
/Users/rajsingh/Documents/ChatGPT/sahara/data/raw/desed/real/audio/eval/public/vjgYDEfizAo_3_13.wav,background,desed,10.0,desed:public:vjgYDEfizAo_3_13
/Users/rajsingh/Documents/ChatGPT/sahara/data/raw/desed/real/audio/eval/public/n0WZG1v9wV0_336_346.wav,background,desed,10.0,desed:public:n0WZG1v9wV0_336_346
/Users/rajsingh/Documents/ChatGPT/sahara/data/raw/desed/real/audio/eval/public/KilQtE5Nl90_0_10.wav,background,desed,10.0,desed:public:KilQtE5Nl90_0_10
/Users/rajsingh/Documents/ChatGPT/sahara/data/raw/desed/real/audio/eval/public/0uxmjq4KU9U_0_10.wav,background,desed,10.0,desed:public:0uxmjq4KU9U_0_10
/Users/rajsingh/Documents/ChatGPT/sahara/data/raw/desed/real/audio/eval/public/jRIQ2hbckVw_128_138.wav,background,desed,10.0,desed:public:jRIQ2hbckVw_128_138
/Users/rajsingh/Documents/ChatGPT/sahara/data/raw/desed/real/audio/eval/public/JtqfDmP86o8_505_515.wav,background,desed,10.0,desed:public:JtqfDmP86o8_505_515
/Users/rajsingh/Documents/ChatGPT/sahara/data/raw/desed/real/audio/eval/public/QsY7F-ecD_U_4_14.wav,background,desed,10.0,desed:public:QsY7F-ecD_U_4_14
/Users/rajsingh/Documents/ChatGPT/sahara/data/raw/desed/real/audio/eval/public/O2sD-eQuPo0_5_15.wav,background,desed,10.0,desed:public:O2sD-eQuPo0_5_15
/Users/rajsingh/Documents/ChatGPT/sahara/data/raw/desed/real/audio/eval/public/xqDqfr8CtgM_147_157.wav,background,desed,10.0,desed:public:xqDqfr8CtgM_147_157
/Users/rajsingh/Documents/ChatGPT/sahara/data/raw/desed/real/audio/eval/public/FfsQLg2JaEo_85_95.wav,background,desed,10.0,desed:public:FfsQLg2JaEo_85_95
/Users/rajsingh/Documents/ChatGPT/sahara/data/raw/desed/real/audio/eval/public/c30s6OnCApw_590_600.wav,background,desed,10.0,desed:public:c30s6OnCApw_590_600
/Users/rajsingh/Documents/ChatGPT/sahara/data/raw/desed/real/audio/eval/public/PfOrbtKdC8E_9_19.wav,background,desed,10.0,desed:public:PfOrbtKdC8E_9_19
/Users/rajsingh/Documents/ChatGPT/sahara/data/raw/desed/real/audio/eval/public/yTBKtPhoDzc_235_245.wav,background,desed,10.0,desed:public:yTBKtPhoDzc_235_245
/Users/rajsingh/Documents/ChatGPT/sahara/data/raw/desed/real/audio/eval/public/L0ezgN6-O0o_49_59.wav,background,desed,10.0,desed:public:L0ezgN6-O0o_49_59
/Users/rajsingh/Documents/ChatGPT/sahara/data/raw/desed/real/audio/eval/public/SiocPDRzGBw_14_24.wav,background,desed,10.0,desed:public:SiocPDRzGBw_14_24
/Users/rajsingh/Documents/ChatGPT/sahara/data/raw/desed/real/audio/eval/public/Bq8CZxKRaBk_72_82.wav,background,desed,10.0,desed:public:Bq8CZxKRaBk_72_82
/Users/rajsingh/Documents/ChatGPT/sahara/data/raw/desed/real/audio/eval/public/sUPF7cCn66k_336_346.wav,background,desed,10.0,desed:public:sUPF7cCn66k_336_346
/Users/rajsingh/Documents/ChatGPT/sahara/data/raw/desed/real/audio/eval/public/buqt6_CjtuI_0_10.wav,background,desed,10.0,desed:public:buqt6_CjtuI_0_10
/Users/rajsingh/Documents/ChatGPT/sahara/data/raw/desed/real/audio/eval/public/VkWwVGOS1X4_0_10.wav,background,desed,10.0,desed:public:VkWwVGOS1X4_0_10
/Users/rajsingh/Documents/ChatGPT/sahara/data/raw/desed/real/audio/eval/public/pHxRz9hGypc_288_298.wav,background,desed,10.0,desed:public:pHxRz9hGypc_288_298
/Users/rajsingh/Documents/ChatGPT/sahara/data/raw/desed/real/audio/eval/public/SytvyeqzeqY_700_710.wav,background,desed,10.0,desed:public:SytvyeqzeqY_700_710
/Users/rajsingh/Documents/ChatGPT/sahara/data/raw/desed/real/audio/eval/public/dERGNR5XkuM_198_208.wav,background,desed,10.0,desed:public:dERGNR5XkuM_198_208
/Users/rajsingh/Documents/ChatGPT/sahara/data/raw/desed/real/audio/eval/public/scL0NmgauxQ_0_10.wav,background,desed,10.0,desed:public:scL0NmgauxQ_0_10
/Users/rajsingh/Documents/ChatGPT/sahara/data/raw/desed/real/audio/eval/public/KyMLn8cnfL0_66_76.wav,background,desed,10.0,desed:public:KyMLn8cnfL0_66_76
/Users/rajsingh/Documents/ChatGPT/sahara/data/raw/desed/real/audio/eval/public/rzuH5Cz4nXQ_853_863.wav,background,desed,10.0,desed:public:rzuH5Cz4nXQ_853_863
/Users/rajsingh/Documents/ChatGPT/sahara/data/raw/desed/real/audio/eval/public/7Ngf_EYN1Aw_24_34.wav,background,desed,10.0,desed:public:7Ngf_EYN1Aw_24_34
/Users/rajsingh/Documents/ChatGPT/sahara/data/raw/desed/real/audio/eval/public/vtfwmLelXDM_26_36.wav,background,desed,10.0,desed:public:vtfwmLelXDM_26_36
/Users/rajsingh/Documents/ChatGPT/sahara/data/raw/desed/real/audio/eval/public/k7lCdke7Iic_40_50.wav,background,desed,10.0,desed:public:k7lCdke7Iic_40_50
/Users/rajsingh/Documents/ChatGPT/sahara/data/raw/desed/real/audio/eval/public/zAdIeBLi7nQ_256_266.wav,background,desed,10.0,desed:public:zAdIeBLi7nQ_256_266
/Users/rajsingh/Documents/ChatGPT/sahara/data/raw/desed/real/audio/eval/public/JjzupoypGNY_5_15.wav,background,desed,10.0,desed:public:JjzupoypGNY_5_15
/Users/rajsingh/Documents/ChatGPT/sahara/data/raw/desed/real/audio/eval/public/xf0Mi3kWKhY_352_362.wav,background,desed,10.0,desed:public:xf0Mi3kWKhY_352_362
/Users/rajsingh/Documents/ChatGPT/sahara/data/raw/desed/real/audio/eval/public/iVNxnElSF2M_0_10.wav,background,desed,10.0,desed:public:iVNxnElSF2M_0_10
/Users/rajsingh/Documents/ChatGPT/sahara/data/raw/desed/real/audio/eval/public/ToMpoUakDfw_252_262.wav,background,desed,10.0,desed:public:ToMpoUakDfw_252_262
/Users/rajsingh/Documents/ChatGPT/sahara/data/raw/desed/real/audio/eval/public/pqXxHrMxVR8_3_10.wav,background,desed,7.0,desed:public:pqXxHrMxVR8_3_10
/Users/rajsingh/Documents/ChatGPT/sahara/data/raw/desed/real/audio/eval/public/BxvVczsBH2U_0_10.wav,background,desed,10.0,desed:public:BxvVczsBH2U_0_10
/Users/rajsingh/Documents/ChatGPT/sahara/data/raw/desed/real/audio/eval/public/GiItnQaLIug_1279_1289.wav,background,desed,10.0,desed:public:GiItnQaLIug_1279_1289
/Users/rajsingh/Documents/ChatGPT/sahara/data/raw/desed/real/audio/eval/public/cLgqUWTSbJQ_0_10.wav,background,desed,10.0,desed:public:cLgqUWTSbJQ_0_10
/Users/rajsingh/Documents/ChatGPT/sahara/data/raw/desed/real/audio/eval/public/1S4Oa9ERcHU_3_13.wav,background,desed,10.0,desed:public:1S4Oa9ERcHU_3_13
/Users/rajsingh/Documents/ChatGPT/sahara/data/raw/desed/real/audio/eval/public/FylrKbeMdIg_250_260.wav,background,desed,10.0,desed:public:FylrKbeMdIg_250_260
/Users/rajsingh/Documents/ChatGPT/sahara/data/raw/desed/real/audio/eval/public/MB1Vmz4xasM_12_22.wav,background,desed,10.0,desed:public:MB1Vmz4xasM_12_22
/Users/rajsingh/Documents/ChatGPT/sahara/data/raw/desed/real/audio/eval/public/oYhQZ4gt_fw_346_356.wav,background,desed,10.0,desed:public:oYhQZ4gt_fw_346_356
/Users/rajsingh/Documents/ChatGPT/sahara/data/raw/desed/real/audio/eval/public/4Fhqokd_lpE_0_10.wav,background,desed,10.0,desed:public:4Fhqokd_lpE_0_10
/Users/rajsingh/Documents/ChatGPT/sahara/data/raw/desed/real/audio/eval/public/czyGmRXJ184_1070_1080.wav,background,desed,10.0,desed:public:czyGmRXJ184_1070_1080
/Users/rajsingh/Documents/ChatGPT/sahara/data/raw/desed/real/audio/eval/public/yuWjGeMSdB8_0_10.wav,background,desed,10.0,desed:public:yuWjGeMSdB8_0_10
/Users/rajsingh/Documents/ChatGPT/sahara/data/raw/desed/real/audio/eval/public/sEouB4jNuKg_268_278.wav,background,desed,10.0,desed:public:sEouB4jNuKg_268_278
/Users/rajsingh/Documents/ChatGPT/sahara/data/raw/desed/real/audio/eval/public/dfRtayqQAls_14_24.wav,background,desed,10.0,desed:public:dfRtayqQAls_14_24
/Users/rajsingh/Documents/ChatGPT/sahara/data/raw/desed/real/audio/eval/public/pKFu7HjukpE_0_10.wav,background,desed,10.0,desed:public:pKFu7HjukpE_0_10
/Users/rajsingh/Documents/ChatGPT/sahara/data/raw/desed/real/audio/eval/public/K36wIELI9mE_489_499.wav,background,desed,10.0,desed:public:K36wIELI9mE_489_499
/Users/rajsingh/Documents/ChatGPT/sahara/data/raw/desed/real/audio/eval/public/xfgqwgU_uVA_323_333.wav,background,desed,10.0,desed:public:xfgqwgU_uVA_323_333
/Users/rajsingh/Documents/ChatGPT/sahara/data/raw/desed/real/audio/eval/public/LJGvq0kuV1g_0_10.wav,background,desed,10.0,desed:public:LJGvq0kuV1g_0_10
/Users/rajsingh/Documents/ChatGPT/sahara/data/raw/desed/real/audio/eval/public/_klN9VuQaV0_202_212.wav,background,desed,10.0,desed:public:_klN9VuQaV0_202_212
/Users/rajsingh/Documents/ChatGPT/sahara/data/raw/desed/real/audio/eval/public/mrZ2ILPp1f8_57_67.wav,background,desed,10.0,desed:public:mrZ2ILPp1f8_57_67
/Users/rajsingh/Documents/ChatGPT/sahara/data/raw/desed/real/audio/eval/public/wetkH9PHOG8_12_22.wav,background,desed,10.0,desed:public:wetkH9PHOG8_12_22
/Users/rajsingh/Documents/ChatGPT/sahara/data/raw/desed/real/audio/eval/public/-vVpo679xac_4_14.wav,background,desed,10.0,desed:public:-vVpo679xac_4_14
/Users/rajsingh/Documents/ChatGPT/sahara/data/raw/desed/real/audio/eval/public/Byfno7q1T-w_4_14.wav,background,desed,10.0,desed:public:Byfno7q1T-w_4_14
/Users/rajsingh/Documents/ChatGPT/sahara/data/raw/desed/real/audio/eval/public/92ZU3IcYEIE_270_280.wav,background,desed,10.0,desed:public:92ZU3IcYEIE_270_280
/Users/rajsingh/Documents/ChatGPT/sahara/data/raw/desed/real/audio/eval/public/VCCRNTbfc_c_300_310.wav,background,desed,10.0,desed:public:VCCRNTbfc_c_300_310
/Users/rajsingh/Documents/ChatGPT/sahara/data/raw/desed/real/audio/eval/public/Rion2W9pBmM_23_33.wav,background,desed,10.0,desed:public:Rion2W9pBmM_23_33
/Users/rajsingh/Documents/ChatGPT/sahara/data/raw/desed/real/audio/eval/public/4fToGeoB7Qw_41_51.wav,background,desed,10.0,desed:public:4fToGeoB7Qw_41_51
/Users/rajsingh/Documents/ChatGPT/sahara/data/raw/desed/real/audio/eval/public/AaWeLSe3rd0_636_646.wav,background,desed,10.0,desed:public:AaWeLSe3rd0_636_646
/Users/rajsingh/Documents/ChatGPT/sahara/data/raw/desed/real/audio/eval/public/jyoIUD1DEYE_322_332.wav,background,desed,10.0,desed:public:jyoIUD1DEYE_322_332
/Users/rajsingh/Documents/ChatGPT/sahara/data/raw/desed/real/audio/eval/public/kXH3gubXqmI_463_473.wav,background,desed,10.0,desed:public:kXH3gubXqmI_463_473
/Users/rajsingh/Documents/ChatGPT/sahara/data/raw/desed/real/audio/eval/public/uqAKikMO6Fo_40_50.wav,background,desed,10.0,desed:public:uqAKikMO6Fo_40_50
/Users/rajsingh/Documents/ChatGPT/sahara/data/raw/desed/real/audio/eval/public/skJfvYT0zPY_282_292.wav,background,desed,10.0,desed:public:skJfvYT0zPY_282_292
/Users/rajsingh/Documents/ChatGPT/sahara/data/raw/desed/real/audio/eval/public/MqLF-yOUcYI_81_91.wav,background,desed,10.0,desed:public:MqLF-yOUcYI_81_91
/Users/rajsingh/Documents/ChatGPT/sahara/data/raw/desed/real/audio/eval/public/G9z_0Zq28_Y_216_226.wav,background,desed,10.0,desed:public:G9z_0Zq28_Y_216_226
/Users/rajsingh/Documents/ChatGPT/sahara/data/raw/desed/real/audio/eval/public/SemAUDqJQYM_143_153.wav,background,desed,10.0,desed:public:SemAUDqJQYM_143_153
/Users/rajsingh/Documents/ChatGPT/sahara/data/raw/desed/real/audio/eval/public/A4ajRYMfoTw_0_10.wav,background,desed,10.0,desed:public:A4ajRYMfoTw_0_10
/Users/rajsingh/Documents/ChatGPT/sahara/data/raw/desed/real/audio/eval/public/TkOqM7blqz0_172_182.wav,background,desed,10.0,desed:public:TkOqM7blqz0_172_182
/Users/rajsingh/Documents/ChatGPT/sahara/data/raw/desed/real/audio/eval/public/7LthJS6PuPI_550_560.wav,background,desed,10.0,desed:public:7LthJS6PuPI_550_560
/Users/rajsingh/Documents/ChatGPT/sahara/data/raw/desed/real/audio/eval/public/kk2s7lMpHIs_31_41.wav,background,desed,10.0,desed:public:kk2s7lMpHIs_31_41
/Users/rajsingh/Documents/ChatGPT/sahara/data/raw/desed/real/audio/eval/public/S4ydJVobM7M_37_47.wav,background,desed,10.0,desed:public:S4ydJVobM7M_37_47
/Users/rajsingh/Documents/ChatGPT/sahara/data/raw/desed/real/audio/eval/public/IqKYt_AACQ4_60_70.wav,background,desed,10.0,desed:public:IqKYt_AACQ4_60_70
/Users/rajsingh/Documents/ChatGPT/sahara/data/raw/desed/real/audio/eval/public/IF6f0rmB6dE_27_37.wav,background,desed,10.0,desed:public:IF6f0rmB6dE_27_37
/Users/rajsingh/Documents/ChatGPT/sahara/data/raw/desed/real/audio/eval/public/B5gInnQnoLk_423_433.wav,background,desed,10.0,desed:public:B5gInnQnoLk_423_433
/Users/rajsingh/Documents/ChatGPT/sahara/data/raw/desed/real/audio/eval/public/yL5PlVi24dI_958_968.wav,background,desed,10.0,desed:public:yL5PlVi24dI_958_968
/Users/rajsingh/Documents/ChatGPT/sahara/data/raw/desed/real/audio/eval/public/8tbUCO_HtOU_3_13.wav,background,desed,10.0,desed:public:8tbUCO_HtOU_3_13
/Users/rajsingh/Documents/ChatGPT/sahara/data/raw/desed/real/audio/eval/public/ladKyOxydd4_216_226.wav,background,desed,10.0,desed:public:ladKyOxydd4_216_226
/Users/rajsingh/Documents/ChatGPT/sahara/data/raw/desed/real/audio/eval/public/O0pNTFDpVzc_493_503.wav,background,desed,10.0,desed:public:O0pNTFDpVzc_493_503
/Users/rajsingh/Documents/ChatGPT/sahara/data/raw/desed/real/audio/eval/public/9zkkUJh91pM_50_60.wav,background,desed,10.0,desed:public:9zkkUJh91pM_50_60
/Users/rajsingh/Documents/ChatGPT/sahara/data/raw/desed/real/audio/eval/public/zlKUSQuXYRU_130_140.wav,background,desed,10.0,desed:public:zlKUSQuXYRU_130_140
/Users/rajsingh/Documents/ChatGPT/sahara/data/raw/desed/real/audio/eval/public/2tIZoLqidPs_598_608.wav,background,desed,10.0,desed:public:2tIZoLqidPs_598_608
/Users/rajsingh/Documents/ChatGPT/sahara/data/raw/desed/real/audio/eval/public/B4gnwvuWaZ4_40_50.wav,background,desed,10.0,desed:public:B4gnwvuWaZ4_40_50
/Users/rajsingh/Documents/ChatGPT/sahara/data/raw/desed/real/audio/eval/public/c2tZi9ETw1I_0_10.wav,background,desed,10.0,desed:public:c2tZi9ETw1I_0_10
/Users/rajsingh/Documents/ChatGPT/sahara/data/raw/desed/real/audio/eval/public/qiRyt8PvTZs_2_12.wav,background,desed,10.0,desed:public:qiRyt8PvTZs_2_12
/Users/rajsingh/Documents/ChatGPT/sahara/data/raw/desed/real/audio/eval/public/HhPdlKpEqKE_404_414.wav,background,desed,10.0,desed:public:HhPdlKpEqKE_404_414
/Users/rajsingh/Documents/ChatGPT/sahara/data/raw/desed/real/audio/eval/public/MOoGTUeY4bo_520_530.wav,background,desed,10.0,desed:public:MOoGTUeY4bo_520_530
/Users/rajsingh/Documents/ChatGPT/sahara/data/raw/desed/real/audio/eval/public/LKABaHrgJbs_0_10.wav,background,desed,10.0,desed:public:LKABaHrgJbs_0_10
/Users/rajsingh/Documents/ChatGPT/sahara/data/raw/desed/real/audio/eval/public/9CjEdliO2Mc_34_44.wav,background,desed,10.0,desed:public:9CjEdliO2Mc_34_44
/Users/rajsingh/Documents/ChatGPT/sahara/data/raw/desed/real/audio/eval/public/lv14REvqCxY_422_432.wav,background,desed,10.0,desed:public:lv14REvqCxY_422_432
/Users/rajsingh/Documents/ChatGPT/sahara/data/raw/desed/real/audio/eval/public/03Gx1-dXY6A_466_476.wav,background,desed,10.0,desed:public:03Gx1-dXY6A_466_476
/Users/rajsingh/Documents/ChatGPT/sahara/data/raw/desed/real/audio/eval/public/LNGP0hK-qQc_134_144.wav,background,desed,10.0,desed:public:LNGP0hK-qQc_134_144
/Users/rajsingh/Documents/ChatGPT/sahara/data/raw/desed/real/audio/eval/public/64zwMCsqdeM_133_143.wav,background,desed,10.0,desed:public:64zwMCsqdeM_133_143
/Users/rajsingh/Documents/ChatGPT/sahara/data/raw/desed/real/audio/eval/public/64AM1PAwetg_0_10.wav,background,desed,10.0,desed:public:64AM1PAwetg_0_10
/Users/rajsingh/Documents/ChatGPT/sahara/data/raw/desed/real/audio/eval/public/1Ro0FgMWTUE_120_130.wav,background,desed,10.0,desed:public:1Ro0FgMWTUE_120_130
/Users/rajsingh/Documents/ChatGPT/sahara/data/raw/desed/real/audio/eval/public/FG1LO79tmas_95_105.wav,background,desed,10.0,desed:public:FG1LO79tmas_95_105
/Users/rajsingh/Documents/ChatGPT/sahara/data/raw/desed/real/audio/eval/public/2TkylvkNpPw_4_14.wav,background,desed,10.0,desed:public:2TkylvkNpPw_4_14
/Users/rajsingh/Documents/ChatGPT/sahara/data/raw/desed/real/audio/eval/public/wsDu3AsZBDA_0_10.wav,background,desed,10.0,desed:public:wsDu3AsZBDA_0_10
/Users/rajsingh/Documents/ChatGPT/sahara/data/raw/desed/real/audio/eval/public/qr6UADCy2Ek_0_10.wav,background,desed,10.0,desed:public:qr6UADCy2Ek_0_10
/Users/rajsingh/Documents/ChatGPT/sahara/data/raw/desed/real/audio/eval/public/3awAJGoAyeI_456_466.wav,background,desed,10.0,desed:public:3awAJGoAyeI_456_466
/Users/rajsingh/Documents/ChatGPT/sahara/data/raw/desed/real/audio/eval/public/TB3ON-iSiT4_0_10.wav,background,desed,10.0,desed:public:TB3ON-iSiT4_0_10
/Users/rajsingh/Documents/ChatGPT/sahara/data/raw/desed/real/audio/eval/public/X6fzg9s0VD8_10_20.wav,background,desed,10.0,desed:public:X6fzg9s0VD8_10_20
/Users/rajsingh/Documents/ChatGPT/sahara/data/raw/desed/real/audio/eval/public/PJSgFoZokpk_20_30.wav,background,desed,10.0,desed:public:PJSgFoZokpk_20_30
/Users/rajsingh/Documents/ChatGPT/sahara/data/raw/desed/real/audio/eval/public/nwpjCP-I6_A_17_27.wav,background,desed,10.0,desed:public:nwpjCP-I6_A_17_27
/Users/rajsingh/Documents/ChatGPT/sahara/data/raw/desed/real/audio/eval/public/qYheBspHDuQ_18_28.wav,background,desed,10.0,desed:public:qYheBspHDuQ_18_28
/Users/rajsingh/Documents/ChatGPT/sahara/data/raw/desed/real/audio/eval/public/6BGEiBFVVvs_174_184.wav,background,desed,10.0,desed:public:6BGEiBFVVvs_174_184
/Users/rajsingh/Documents/ChatGPT/sahara/data/raw/desed/real/audio/eval/public/gJBUb5zqens_90_100.wav,background,desed,10.0,desed:public:gJBUb5zqens_90_100
/Users/rajsingh/Documents/ChatGPT/sahara/data/raw/desed/real/audio/eval/public/Cs9bkMQ4yuc_55_65.wav,background,desed,10.0,desed:public:Cs9bkMQ4yuc_55_65
/Users/rajsingh/Documents/ChatGPT/sahara/data/raw/desed/real/audio/eval/public/g10lA7bbS2s_0_10.wav,background,desed,10.0,desed:public:g10lA7bbS2s_0_10
/Users/rajsingh/Documents/ChatGPT/sahara/data/raw/desed/real/audio/eval/public/cHe4xgwz2hA_13_23.wav,background,desed,10.0,desed:public:cHe4xgwz2hA_13_23
/Users/rajsingh/Documents/ChatGPT/sahara/data/raw/desed/real/audio/eval/public/2YG4-o_mX1g_0_7.wav,background,desed,7.0,desed:public:2YG4-o_mX1g_0_7
/Users/rajsingh/Documents/ChatGPT/sahara/data/raw/desed/real/audio/eval/public/_H7dUtmIVSc_257_267.wav,background,desed,10.0,desed:public:_H7dUtmIVSc_257_267
/Users/rajsingh/Documents/ChatGPT/sahara/data/raw/desed/real/audio/eval/public/cKgGzyBosrA_14_24.wav,background,desed,10.0,desed:public:cKgGzyBosrA_14_24
/Users/rajsingh/Documents/ChatGPT/sahara/data/raw/desed/real/audio/eval/public/l6bTwm_udWY_78_88.wav,background,desed,10.0,desed:public:l6bTwm_udWY_78_88
/Users/rajsingh/Documents/ChatGPT/sahara/data/raw/desed/real/audio/eval/public/B2hv0XvgwdM_154_164.wav,background,desed,10.0,desed:public:B2hv0XvgwdM_154_164
/Users/rajsingh/Documents/ChatGPT/sahara/data/raw/desed/real/audio/eval/public/gNbnDKmaehY_100_110.wav,background,desed,10.0,desed:public:gNbnDKmaehY_100_110
/Users/rajsingh/Documents/ChatGPT/sahara/data/raw/desed/real/audio/eval/public/J1TPeGMCAYw_1312_1322.wav,background,desed,10.0,desed:public:J1TPeGMCAYw_1312_1322
/Users/rajsingh/Documents/ChatGPT/sahara/data/raw/desed/real/audio/eval/public/0BYDGId5pdo_0_10.wav,background,desed,10.0,desed:public:0BYDGId5pdo_0_10
/Users/rajsingh/Documents/ChatGPT/sahara/data/raw/desed/real/audio/eval/public/DSi8R5IdmoQ_2290_2300.wav,background,desed,10.0,desed:public:DSi8R5IdmoQ_2290_2300
/Users/rajsingh/Documents/ChatGPT/sahara/data/raw/desed/real/audio/eval/public/LbBj4Tzi9CQ_36_46.wav,background,desed,10.0,desed:public:LbBj4Tzi9CQ_36_46
/Users/rajsingh/Documents/ChatGPT/sahara/data/raw/desed/real/audio/eval/public/yyB3bhKiffM_195_205.wav,background,desed,10.0,desed:public:yyB3bhKiffM_195_205
/Users/rajsingh/Documents/ChatGPT/sahara/data/raw/desed/real/audio/eval/public/NFTiAWQZgdQ_20_30.wav,background,desed,10.0,desed:public:NFTiAWQZgdQ_20_30
/Users/rajsingh/Documents/ChatGPT/sahara/data/raw/desed/real/audio/eval/public/OXMj_D9oB44_16_26.wav,background,desed,10.0,desed:public:OXMj_D9oB44_16_26
/Users/rajsingh/Documents/ChatGPT/sahara/data/raw/desed/real/audio/eval/public/t8QP9mcBULY_540_550.wav,background,desed,10.0,desed:public:t8QP9mcBULY_540_550
/Users/rajsingh/Documents/ChatGPT/sahara/data/raw/desed/real/audio/eval/public/ZXhLpkRaXx0_1_11.wav,background,desed,10.0,desed:public:ZXhLpkRaXx0_1_11
/Users/rajsingh/Documents/ChatGPT/sahara/data/raw/desed/real/audio/eval/public/d1RLvzECuR0_5_15.wav,background,desed,10.0,desed:public:d1RLvzECuR0_5_15
/Users/rajsingh/Documents/ChatGPT/sahara/data/raw/desed/real/audio/eval/public/e7ANz022kME_0_10.wav,background,desed,10.0,desed:public:e7ANz022kME_0_10
/Users/rajsingh/Documents/ChatGPT/sahara/data/raw/desed/real/audio/eval/public/D9l2WbEm2p8_36_46.wav,background,desed,10.0,desed:public:D9l2WbEm2p8_36_46
/Users/rajsingh/Documents/ChatGPT/sahara/data/raw/desed/real/audio/eval/public/nV0SLvvXbOM_564_574.wav,background,desed,10.0,desed:public:nV0SLvvXbOM_564_574
/Users/rajsingh/Documents/ChatGPT/sahara/data/raw/desed/real/audio/eval/public/3BJGUZnSlfw_0_10.wav,background,desed,10.0,desed:public:3BJGUZnSlfw_0_10
/Users/rajsingh/Documents/ChatGPT/sahara/data/raw/desed/real/audio/eval/public/ejgqXyfTMic_0_10.wav,background,desed,10.0,desed:public:ejgqXyfTMic_0_10
/Users/rajsingh/Documents/ChatGPT/sahara/data/raw/desed/real/audio/eval/public/AnFaTuhLHKw_0_10.wav,background,desed,10.0,desed:public:AnFaTuhLHKw_0_10
/Users/rajsingh/Documents/ChatGPT/sahara/data/raw/desed/real/audio/eval/public/Y5PYnkpkAZQ_0_10.wav,background,desed,10.0,desed:public:Y5PYnkpkAZQ_0_10
/Users/rajsingh/Documents/ChatGPT/sahara/data/raw/desed/real/audio/eval/public/ffTF9ZOjAxU_180_190.wav,background,desed,10.0,desed:public:ffTF9ZOjAxU_180_190
/Users/rajsingh/Documents/ChatGPT/sahara/data/raw/desed/real/audio/eval/public/-dJ-9S6PdYM_498_508.wav,background,desed,10.0,desed:public:-dJ-9S6PdYM_498_508
/Users/rajsingh/Documents/ChatGPT/sahara/data/raw/desed/real/audio/eval/public/5OjbMgvwJCg_0_10.wav,background,desed,10.0,desed:public:5OjbMgvwJCg_0_10
/Users/rajsingh/Documents/ChatGPT/sahara/data/raw/desed/real/audio/eval/public/MZkF6A3RKeU_20_30.wav,background,desed,10.0,desed:public:MZkF6A3RKeU_20_30
/Users/rajsingh/Documents/ChatGPT/sahara/data/raw/desed/real/audio/eval/public/TTNRGw4ljjQ_108_118.wav,background,desed,10.0,desed:public:TTNRGw4ljjQ_108_118
/Users/rajsingh/Documents/ChatGPT/sahara/data/raw/desed/real/audio/eval/public/I0FoWHYWHdQ_187_197.wav,background,desed,10.0,desed:public:I0FoWHYWHdQ_187_197
/Users/rajsingh/Documents/ChatGPT/sahara/data/raw/desed/real/audio/eval/public/JDEMbxaGFa8_8_17.wav,background,desed,9.0,desed:public:JDEMbxaGFa8_8_17
/Users/rajsingh/Documents/ChatGPT/sahara/data/raw/desed/real/audio/eval/public/4B6Ch03-wjQ_415_425.wav,background,desed,10.0,desed:public:4B6Ch03-wjQ_415_425
/Users/rajsingh/Documents/ChatGPT/sahara/data/raw/desed/real/audio/eval/public/i014L3ZZdsE_50_60.wav,background,desed,10.0,desed:public:i014L3ZZdsE_50_60
/Users/rajsingh/Documents/ChatGPT/sahara/data/raw/desed/real/audio/eval/public/HpRvSpsed7w_240_250.wav,background,desed,10.0,desed:public:HpRvSpsed7w_240_250
/Users/rajsingh/Documents/ChatGPT/sahara/data/raw/desed/real/audio/eval/public/aLEle1O8hZY_23_33.wav,background,desed,10.0,desed:public:aLEle1O8hZY_23_33
/Users/rajsingh/Documents/ChatGPT/sahara/data/raw/desed/real/audio/eval/public/0B_FmLiGad0_117_127.wav,background,desed,10.0,desed:public:0B_FmLiGad0_117_127
/Users/rajsingh/Documents/ChatGPT/sahara/data/raw/desed/real/audio/eval/public/HIvc75xlPdw_5_15.wav,background,desed,10.0,desed:public:HIvc75xlPdw_5_15
/Users/rajsingh/Documents/ChatGPT/sahara/data/raw/desed/real/audio/eval/public/f3yml_aKs7M_87_97.wav,background,desed,10.0,desed:public:f3yml_aKs7M_87_97
/Users/rajsingh/Documents/ChatGPT/sahara/data/raw/desed/real/audio/eval/public/KQSCAjR8Q5U_16_26.wav,background,desed,10.0,desed:public:KQSCAjR8Q5U_16_26
/Users/rajsingh/Documents/ChatGPT/sahara/data/raw/desed/real/audio/eval/public/yLH1KHxw6TQ_50_60.wav,background,desed,10.0,desed:public:yLH1KHxw6TQ_50_60
/Users/rajsingh/Documents/ChatGPT/sahara/data/raw/desed/real/audio/eval/public/ySZ1oj_NHSA_4_14.wav,background,desed,10.0,desed:public:ySZ1oj_NHSA_4_14
/Users/rajsingh/Documents/ChatGPT/sahara/data/raw/desed/real/audio/eval/public/tDEqJFGbs0U_3_13.wav,background,desed,10.0,desed:public:tDEqJFGbs0U_3_13
/Users/rajsingh/Documents/ChatGPT/sahara/data/raw/desed/real/audio/eval/public/WR0E974KiC4_18_28.wav,background,desed,10.0,desed:public:WR0E974KiC4_18_28
/Users/rajsingh/Documents/ChatGPT/sahara/data/raw/desed/real/audio/eval/public/R13dyHEg1bM_400_410.wav,background,desed,10.0,desed:public:R13dyHEg1bM_400_410
/Users/rajsingh/Documents/ChatGPT/sahara/data/raw/desed/real/audio/eval/public/eXhXryMU68g_18_28.wav,background,desed,10.0,desed:public:eXhXryMU68g_18_28
/Users/rajsingh/Documents/ChatGPT/sahara/data/raw/desed/real/audio/eval/public/nNgmn3MRSwg_64_74.wav,background,desed,10.0,desed:public:nNgmn3MRSwg_64_74
/Users/rajsingh/Documents/ChatGPT/sahara/data/raw/desed/real/audio/eval/public/uuoncTDrugo_69_79.wav,background,desed,10.0,desed:public:uuoncTDrugo_69_79
/Users/rajsingh/Documents/ChatGPT/sahara/data/raw/desed/real/audio/eval/public/p33b4XR8cO8_0_10.wav,background,desed,10.0,desed:public:p33b4XR8cO8_0_10
/Users/rajsingh/Documents/ChatGPT/sahara/data/raw/desed/real/audio/eval/public/X31xHZGmUu4_230_240.wav,background,desed,10.0,desed:public:X31xHZGmUu4_230_240
/Users/rajsingh/Documents/ChatGPT/sahara/data/raw/desed/real/audio/eval/public/bc8GRwZYepo_0_10.wav,background,desed,10.0,desed:public:bc8GRwZYepo_0_10
/Users/rajsingh/Documents/ChatGPT/sahara/data/raw/desed/real/audio/eval/public/J0Ruo0PDfQo_8_18.wav,background,desed,10.0,desed:public:J0Ruo0PDfQo_8_18
/Users/rajsingh/Documents/ChatGPT/sahara/data/raw/desed/real/audio/eval/public/IhaS57v37Nk_153_163.wav,background,desed,10.0,desed:public:IhaS57v37Nk_153_163
/Users/rajsingh/Documents/ChatGPT/sahara/data/raw/desed/real/audio/eval/public/PQLE3y_vaQY_7_17.wav,background,desed,10.0,desed:public:PQLE3y_vaQY_7_17
/Users/rajsingh/Documents/ChatGPT/sahara/data/raw/desed/real/audio/eval/public/4YNJix0AJBA_288_298.wav,background,desed,10.0,desed:public:4YNJix0AJBA_288_298
/Users/rajsingh/Documents/ChatGPT/sahara/data/raw/desed/real/audio/eval/public/12Dnv8nDcdc_300_310.wav,background,desed,10.0,desed:public:12Dnv8nDcdc_300_310
/Users/rajsingh/Documents/ChatGPT/sahara/data/raw/desed/real/audio/eval/public/a2fUv6m_mjE_0_10.wav,background,desed,10.0,desed:public:a2fUv6m_mjE_0_10
/Users/rajsingh/Documents/ChatGPT/sahara/data/raw/desed/real/audio/eval/public/4xhzacM1PSA_32_42.wav,background,desed,10.0,desed:public:4xhzacM1PSA_32_42
/Users/rajsingh/Documents/ChatGPT/sahara/data/raw/desed/real/audio/eval/public/1Q75gU6FXIw_190_200.wav,background,desed,10.0,desed:public:1Q75gU6FXIw_190_200
/Users/rajsingh/Documents/ChatGPT/sahara/data/raw/desed/real/audio/eval/public/e0CcD1uOlrY_0_10.wav,background,desed,10.0,desed:public:e0CcD1uOlrY_0_10
/Users/rajsingh/Documents/ChatGPT/sahara/data/raw/desed/real/audio/eval/public/P-0G98gK5dc_32_42.wav,background,desed,10.0,desed:public:P-0G98gK5dc_32_42
/Users/rajsingh/Documents/ChatGPT/sahara/data/raw/desed/real/audio/eval/public/O0rsix08f50_0_10.wav,background,desed,10.0,desed:public:O0rsix08f50_0_10
/Users/rajsingh/Documents/ChatGPT/sahara/data/raw/desed/real/audio/eval/public/sHwD7NxzihQ_0_10.wav,background,desed,10.0,desed:public:sHwD7NxzihQ_0_10
/Users/rajsingh/Documents/ChatGPT/sahara/data/raw/desed/real/audio/eval/public/Xvc3QcFr9X8_96_106.wav,background,desed,10.0,desed:public:Xvc3QcFr9X8_96_106
/Users/rajsingh/Documents/ChatGPT/sahara/data/raw/desed/real/audio/eval/public/KWWCvlu0J10_60_70.wav,background,desed,10.0,desed:public:KWWCvlu0J10_60_70
/Users/rajsingh/Documents/ChatGPT/sahara/data/raw/desed/real/audio/eval/public/8Ei3UHIortI_175_185.wav,background,desed,10.0,desed:public:8Ei3UHIortI_175_185
/Users/rajsingh/Documents/ChatGPT/sahara/data/raw/desed/real/audio/eval/public/NZpOGhRgT5M_109_119.wav,background,desed,10.0,desed:public:NZpOGhRgT5M_109_119
/Users/rajsingh/Documents/ChatGPT/sahara/data/raw/desed/real/audio/eval/public/DUZ_nQ913Dk_107_117.wav,background,desed,10.0,desed:public:DUZ_nQ913Dk_107_117
/Users/rajsingh/Documents/ChatGPT/sahara/data/raw/desed/real/audio/eval/public/xm8E9jyuAs0_0_8.wav,background,desed,8.0,desed:public:xm8E9jyuAs0_0_8
/Users/rajsingh/Documents/ChatGPT/sahara/data/raw/desed/real/audio/eval/public/aRdB8Q7b3BE_182_192.wav,background,desed,10.0,desed:public:aRdB8Q7b3BE_182_192
/Users/rajsingh/Documents/ChatGPT/sahara/data/raw/desed/real/audio/eval/public/8wvK-9PoVxk_0_10.wav,background,desed,10.0,desed:public:8wvK-9PoVxk_0_10
/Users/rajsingh/Documents/ChatGPT/sahara/data/raw/desed/real/audio/eval/public/LSadKjcr41k_295_305.wav,background,desed,10.0,desed:public:LSadKjcr41k_295_305
/Users/rajsingh/Documents/ChatGPT/sahara/data/raw/desed/real/audio/eval/public/QnPcEZ6Vpr8_262_272.wav,background,desed,10.0,desed:public:QnPcEZ6Vpr8_262_272
/Users/rajsingh/Documents/ChatGPT/sahara/data/raw/desed/real/audio/eval/public/BTC4nw4Mg5c_9_19.wav,background,desed,10.0,desed:public:BTC4nw4Mg5c_9_19
/Users/rajsingh/Documents/ChatGPT/sahara/data/raw/desed/real/audio/eval/public/wV4tlDTHbKs_310_320.wav,background,desed,10.0,desed:public:wV4tlDTHbKs_310_320
/Users/rajsingh/Documents/ChatGPT/sahara/data/raw/desed/real/audio/eval/public/b3fGGBCgGTM_0_10.wav,background,desed,10.0,desed:public:b3fGGBCgGTM_0_10
/Users/rajsingh/Documents/ChatGPT/sahara/data/raw/desed/real/audio/eval/public/JYwj64SVBHY_395_405.wav,background,desed,10.0,desed:public:JYwj64SVBHY_395_405
/Users/rajsingh/Documents/ChatGPT/sahara/data/raw/desed/real/audio/eval/public/fMQLCvgSCBk_18_28.wav,background,desed,10.0,desed:public:fMQLCvgSCBk_18_28
/Users/rajsingh/Documents/ChatGPT/sahara/data/raw/desed/real/audio/eval/public/A_Ove_2c-UQ_37_47.wav,background,desed,10.0,desed:public:A_Ove_2c-UQ_37_47
/Users/rajsingh/Documents/ChatGPT/sahara/data/raw/desed/real/audio/eval/public/mozHRWzXjWo_223_233.wav,background,desed,10.0,desed:public:mozHRWzXjWo_223_233
/Users/rajsingh/Documents/ChatGPT/sahara/data/raw/desed/real/audio/eval/public/ylZiYbw6AOU_354_364.wav,background,desed,10.0,desed:public:ylZiYbw6AOU_354_364
/Users/rajsingh/Documents/ChatGPT/sahara/data/raw/desed/real/audio/eval/public/8FdvR75XaHw_102_112.wav,background,desed,10.0,desed:public:8FdvR75XaHw_102_112
/Users/rajsingh/Documents/ChatGPT/sahara/data/raw/desed/real/audio/eval/public/g7os6aD1zwg_1074_1084.wav,background,desed,10.0,desed:public:g7os6aD1zwg_1074_1084
/Users/rajsingh/Documents/ChatGPT/sahara/data/raw/desed/real/audio/eval/public/ihGC9-sGt84_58_68.wav,background,desed,10.0,desed:public:ihGC9-sGt84_58_68
/Users/rajsingh/Documents/ChatGPT/sahara/data/raw/desed/real/audio/eval/public/ptQZNRlEYJY_260_270.wav,background,desed,10.0,desed:public:ptQZNRlEYJY_260_270
/Users/rajsingh/Documents/ChatGPT/sahara/data/raw/desed/real/audio/eval/public/4iAq_bdEXBg_187_197.wav,background,desed,10.0,desed:public:4iAq_bdEXBg_187_197
/Users/rajsingh/Documents/ChatGPT/sahara/data/raw/desed/real/audio/eval/public/7tt7NBIVeMY_141_151.wav,background,desed,10.0,desed:public:7tt7NBIVeMY_141_151
/Users/rajsingh/Documents/ChatGPT/sahara/data/raw/desed/real/audio/eval/public/tIbMQmPBBlU_29_39.wav,background,desed,10.0,desed:public:tIbMQmPBBlU_29_39
/Users/rajsingh/Documents/ChatGPT/sahara/data/raw/desed/real/audio/eval/public/z3U0udLH974_0_10.wav,background,desed,10.0,desed:public:z3U0udLH974_0_10
/Users/rajsingh/Documents/ChatGPT/sahara/data/raw/desed/real/audio/eval/public/nIMVxFJ2AQg_1_11.wav,background,desed,10.0,desed:public:nIMVxFJ2AQg_1_11
/Users/rajsingh/Documents/ChatGPT/sahara/data/raw/desed/real/audio/eval/public/Bglx4lKPQRw_1020_1030.wav,background,desed,10.0,desed:public:Bglx4lKPQRw_1020_1030
/Users/rajsingh/Documents/ChatGPT/sahara/data/raw/desed/real/audio/eval/public/YBHP3Ivw29Q_0_10.wav,background,desed,10.0,desed:public:YBHP3Ivw29Q_0_10
/Users/rajsingh/Documents/ChatGPT/sahara/data/raw/desed/real/audio/eval/public/dAji7kMm2jk_37_47.wav,background,desed,10.0,desed:public:dAji7kMm2jk_37_47
/Users/rajsingh/Documents/ChatGPT/sahara/data/raw/desed/real/audio/eval/public/USgrzhEUQ8A_0_7.wav,background,desed,7.0,desed:public:USgrzhEUQ8A_0_7
/Users/rajsingh/Documents/ChatGPT/sahara/data/raw/desed/real/audio/eval/public/FTYj18YKCYY_185_195.wav,background,desed,10.0,desed:public:FTYj18YKCYY_185_195
/Users/rajsingh/Documents/ChatGPT/sahara/data/raw/desed/real/audio/eval/public/E0GT7asBVsM_295_305.wav,background,desed,10.0,desed:public:E0GT7asBVsM_295_305
/Users/rajsingh/Documents/ChatGPT/sahara/data/raw/desed/real/audio/eval/public/HoKDVwOnRWI_372_382.wav,background,desed,10.0,desed:public:HoKDVwOnRWI_372_382
/Users/rajsingh/Documents/ChatGPT/sahara/data/raw/desed/real/audio/eval/public/2MN7pxnGG4g_0_10.wav,background,desed,10.0,desed:public:2MN7pxnGG4g_0_10
/Users/rajsingh/Documents/ChatGPT/sahara/data/raw/desed/real/audio/eval/public/aY2Ds85OoYg_0_10.wav,background,desed,10.0,desed:public:aY2Ds85OoYg_0_10
/Users/rajsingh/Documents/ChatGPT/sahara/data/raw/desed/real/audio/eval/public/L3SIlxdLGxI_65_75.wav,background,desed,10.0,desed:public:L3SIlxdLGxI_65_75
/Users/rajsingh/Documents/ChatGPT/sahara/data/raw/desed/real/audio/eval/public/AaeemnJDijQ_250_260.wav,background,desed,10.0,desed:public:AaeemnJDijQ_250_260
/Users/rajsingh/Documents/ChatGPT/sahara/data/raw/desed/real/audio/eval/public/OPLnUvSY-XY_0_10.wav,background,desed,10.0,desed:public:OPLnUvSY-XY_0_10
/Users/rajsingh/Documents/ChatGPT/sahara/data/raw/desed/real/audio/eval/public/0eJ5Fwo2hrM_118_128.wav,background,desed,10.0,desed:public:0eJ5Fwo2hrM_118_128
/Users/rajsingh/Documents/ChatGPT/sahara/data/raw/desed/real/audio/eval/public/EED6P07onn8_210_220.wav,background,desed,10.0,desed:public:EED6P07onn8_210_220
/Users/rajsingh/Documents/ChatGPT/sahara/data/raw/desed/real/audio/eval/public/G5P75b9G5fA_10_20.wav,background,desed,10.0,desed:public:G5P75b9G5fA_10_20
/Users/rajsingh/Documents/ChatGPT/sahara/data/raw/desed/real/audio/eval/public/S0j8EKgQBkE_402_412.wav,background,desed,10.0,desed:public:S0j8EKgQBkE_402_412
/Users/rajsingh/Documents/ChatGPT/sahara/data/raw/desed/real/audio/eval/public/CRPMU1WG36Q_0_10.wav,background,desed,10.0,desed:public:CRPMU1WG36Q_0_10
/Users/rajsingh/Documents/ChatGPT/sahara/data/raw/desed/real/audio/eval/public/96sv_nKIBgY_144_154.wav,background,desed,10.0,desed:public:96sv_nKIBgY_144_154
/Users/rajsingh/Documents/ChatGPT/sahara/data/raw/desed/real/audio/eval/public/CEdJH2tBDfo_25_35.wav,background,desed,10.0,desed:public:CEdJH2tBDfo_25_35
/Users/rajsingh/Documents/ChatGPT/sahara/data/raw/desed/real/audio/eval/public/yW66c6vrSR8_0_10.wav,background,desed,10.0,desed:public:yW66c6vrSR8_0_10
/Users/rajsingh/Documents/ChatGPT/sahara/data/raw/desed/real/audio/eval/public/vjEic9uZJts_47_57.wav,background,desed,10.0,desed:public:vjEic9uZJts_47_57
/Users/rajsingh/Documents/ChatGPT/sahara/data/raw/desed/real/audio/eval/public/sdHVFACi42A_16_27.wav,background,desed,11.0,desed:public:sdHVFACi42A_16_27
/Users/rajsingh/Documents/ChatGPT/sahara/data/raw/desed/real/audio/eval/public/re5D4EZCpDU_156_166.wav,background,desed,10.0,desed:public:re5D4EZCpDU_156_166
/Users/rajsingh/Documents/ChatGPT/sahara/data/raw/desed/real/audio/eval/public/1bJpJ0pxFrE_0_10.wav,background,desed,10.0,desed:public:1bJpJ0pxFrE_0_10
/Users/rajsingh/Documents/ChatGPT/sahara/data/raw/desed/real/audio/eval/public/NpaZI5_hk18_224_234.wav,background,desed,10.0,desed:public:NpaZI5_hk18_224_234
/Users/rajsingh/Documents/ChatGPT/sahara/data/raw/desed/real/audio/eval/public/vtfwmLelXDM_50_60.wav,background,desed,10.0,desed:public:vtfwmLelXDM_50_60
/Users/rajsingh/Documents/ChatGPT/sahara/data/raw/desed/real/audio/eval/public/kgqSKqDCFME_3_13.wav,background,desed,10.0,desed:public:kgqSKqDCFME_3_13
/Users/rajsingh/Documents/ChatGPT/sahara/data/raw/desed/real/audio/eval/public/HLIlAH2CjFw_488_498.wav,background,desed,10.0,desed:public:HLIlAH2CjFw_488_498
/Users/rajsingh/Documents/ChatGPT/sahara/data/raw/desed/real/audio/eval/public/wCozR52qd6s_3_13.wav,background,desed,10.0,desed:public:wCozR52qd6s_3_13
/Users/rajsingh/Documents/ChatGPT/sahara/data/raw/desed/real/audio/eval/public/6sjz04nF7jQ_9_19.wav,background,desed,10.0,desed:public:6sjz04nF7jQ_9_19
/Users/rajsingh/Documents/ChatGPT/sahara/data/raw/desed/real/audio/eval/public/dfRtayqQAls_55_65.wav,background,desed,10.0,desed:public:dfRtayqQAls_55_65
/Users/rajsingh/Documents/ChatGPT/sahara/data/raw/desed/real/audio/eval/public/tXqF2NSqP9U_7_17.wav,background,desed,10.0,desed:public:tXqF2NSqP9U_7_17
/Users/rajsingh/Documents/ChatGPT/sahara/data/raw/desed/real/audio/eval/public/pM4YR0BpkbU_94_104.wav,background,desed,10.0,desed:public:pM4YR0BpkbU_94_104
/Users/rajsingh/Documents/ChatGPT/sahara/data/raw/desed/real/audio/eval/public/YMZ1Y6r_9Jc_205_215.wav,background,desed,10.0,desed:public:YMZ1Y6r_9Jc_205_215
/Users/rajsingh/Documents/ChatGPT/sahara/data/raw/desed/real/audio/eval/public/NtkJOtpnZXQ_118_128.wav,background,desed,10.0,desed:public:NtkJOtpnZXQ_118_128
/Users/rajsingh/Documents/ChatGPT/sahara/data/raw/desed/real/audio/eval/public/6bgTyN0q-ug_1_11.wav,background,desed,10.0,desed:public:6bgTyN0q-ug_1_11
/Users/rajsingh/Documents/ChatGPT/sahara/data/raw/desed/real/audio/eval/public/MsU_XyZisio_0_10.wav,background,desed,10.0,desed:public:MsU_XyZisio_0_10
/Users/rajsingh/Documents/ChatGPT/sahara/data/raw/desed/real/audio/eval/public/BFWN_OXjYM0_0_10.wav,background,desed,10.0,desed:public:BFWN_OXjYM0_0_10
/Users/rajsingh/Documents/ChatGPT/sahara/data/raw/desed/real/audio/eval/public/66ATwgFqM-U_0_10.wav,background,desed,10.0,desed:public:66ATwgFqM-U_0_10
/Users/rajsingh/Documents/ChatGPT/sahara/data/raw/desed/real/audio/eval/public/vXZ3ZG0ikaQ_30_40.wav,background,desed,10.0,desed:public:vXZ3ZG0ikaQ_30_40
/Users/rajsingh/Documents/ChatGPT/sahara/data/raw/desed/real/audio/eval/public/6ze6mWloUw8_144_154.wav,background,desed,10.0,desed:public:6ze6mWloUw8_144_154
/Users/rajsingh/Documents/ChatGPT/sahara/data/raw/desed/real/audio/eval/public/45OrmgLniPE_940_950.wav,background,desed,10.0,desed:public:45OrmgLniPE_940_950
/Users/rajsingh/Documents/ChatGPT/sahara/data/raw/desed/real/audio/eval/public/AW9ZKFZKhDE_49_59.wav,background,desed,10.0,desed:public:AW9ZKFZKhDE_49_59
/Users/rajsingh/Documents/ChatGPT/sahara/data/raw/desed/real/audio/eval/public/bI2PP0iHa9s_641_651.wav,background,desed,10.0,desed:public:bI2PP0iHa9s_641_651
/Users/rajsingh/Documents/ChatGPT/sahara/data/raw/desed/real/audio/eval/public/92DnfXg9Y6k_1200_1210.wav,background,desed,10.0,desed:public:92DnfXg9Y6k_1200_1210
/Users/rajsingh/Documents/ChatGPT/sahara/data/raw/desed/real/audio/eval/public/iff3u8br744_6_16.wav,background,desed,10.0,desed:public:iff3u8br744_6_16
/Users/rajsingh/Documents/ChatGPT/sahara/data/raw/desed/real/audio/eval/public/sd1gAgsXMsc_77_87.wav,background,desed,10.0,desed:public:sd1gAgsXMsc_77_87
/Users/rajsingh/Documents/ChatGPT/sahara/data/raw/desed/real/audio/eval/public/b8xOvC2KnOU_438_448.wav,background,desed,10.0,desed:public:b8xOvC2KnOU_438_448
/Users/rajsingh/Documents/ChatGPT/sahara/data/raw/desed/real/audio/eval/public/zIwj4kyPpzA_18_28.wav,background,desed,10.0,desed:public:zIwj4kyPpzA_18_28
/Users/rajsingh/Documents/ChatGPT/sahara/data/raw/desed/real/audio/eval/public/4MIDr6pY_80_8_18.wav,background,desed,10.0,desed:public:4MIDr6pY_80_8_18
/Users/rajsingh/Documents/ChatGPT/sahara/data/raw/desed/real/audio/eval/public/KBdxE1DmRUc_0_10.wav,background,desed,10.0,desed:public:KBdxE1DmRUc_0_10
/Users/rajsingh/Documents/ChatGPT/sahara/data/raw/desed/real/audio/eval/public/j_bFuiLtHzw_0_10.wav,background,desed,10.0,desed:public:j_bFuiLtHzw_0_10
/Users/rajsingh/Documents/ChatGPT/sahara/data/raw/desed/real/audio/eval/public/x_VAsM7Gq68_737_747.wav,background,desed,10.0,desed:public:x_VAsM7Gq68_737_747
/Users/rajsingh/Documents/ChatGPT/sahara/data/raw/desed/real/audio/eval/public/p3YlPiqoDYs_0_10.wav,background,desed,10.0,desed:public:p3YlPiqoDYs_0_10
/Users/rajsingh/Documents/ChatGPT/sahara/data/raw/desed/real/audio/eval/public/87wrn2pq0l0_19_29.wav,background,desed,10.0,desed:public:87wrn2pq0l0_19_29
/Users/rajsingh/Documents/ChatGPT/sahara/data/raw/desed/real/audio/eval/public/64zwMCsqdeM_106_116.wav,background,desed,10.0,desed:public:64zwMCsqdeM_106_116
/Users/rajsingh/Documents/ChatGPT/sahara/data/raw/desed/real/audio/eval/public/t9nEkbCWavs_263_273.wav,background,desed,10.0,desed:public:t9nEkbCWavs_263_273
/Users/rajsingh/Documents/ChatGPT/sahara/data/raw/desed/real/audio/eval/public/DxwTRNxB62g_0_4.wav,background,desed,4.0,desed:public:DxwTRNxB62g_0_4
/Users/rajsingh/Documents/ChatGPT/sahara/data/raw/desed/real/audio/eval/public/AtZDE37weFM_443_453.wav,background,desed,10.0,desed:public:AtZDE37weFM_443_453
/Users/rajsingh/Documents/ChatGPT/sahara/data/raw/desed/real/audio/eval/public/VonB8ACTcR4_77_87.wav,background,desed,10.0,desed:public:VonB8ACTcR4_77_87
/Users/rajsingh/Documents/ChatGPT/sahara/data/raw/desed/real/audio/eval/public/U_5Cm1DPu7U_887_897.wav,background,desed,10.0,desed:public:U_5Cm1DPu7U_887_897
/Users/rajsingh/Documents/ChatGPT/sahara/data/raw/desed/real/audio/eval/public/Rku_1ONjnG8_718_728.wav,background,desed,10.0,desed:public:Rku_1ONjnG8_718_728
/Users/rajsingh/Documents/ChatGPT/sahara/data/raw/desed/real/audio/eval/public/mAXX612xVqg_7_17.wav,background,desed,10.0,desed:public:mAXX612xVqg_7_17
/Users/rajsingh/Documents/ChatGPT/sahara/data/raw/desed/real/audio/eval/public/0-0MLvQfung_0_10.wav,background,desed,10.0,desed:public:0-0MLvQfung_0_10
/Users/rajsingh/Documents/ChatGPT/sahara/data/raw/desed/real/audio/eval/public/URBuec48buc_0_10.wav,background,desed,10.0,desed:public:URBuec48buc_0_10
/Users/rajsingh/Documents/ChatGPT/sahara/data/raw/desed/real/audio/eval/public/Nz-IhS2NT4k_7_17.wav,background,desed,10.0,desed:public:Nz-IhS2NT4k_7_17
/Users/rajsingh/Documents/ChatGPT/sahara/data/raw/desed/real/audio/eval/public/7qTsccKPPpA_0_10.wav,background,desed,10.0,desed:public:7qTsccKPPpA_0_10
/Users/rajsingh/Documents/ChatGPT/sahara/data/raw/desed/real/audio/eval/public/fDSn5YxCsJo_480_490.wav,background,desed,10.0,desed:public:fDSn5YxCsJo_480_490
/Users/rajsingh/Documents/ChatGPT/sahara/data/raw/desed/real/audio/eval/public/FRNo-gYhgbM_0_10.wav,background,desed,10.0,desed:public:FRNo-gYhgbM_0_10
/Users/rajsingh/Documents/ChatGPT/sahara/data/raw/desed/real/audio/eval/public/K88W29l8fA4_446_456.wav,background,desed,10.0,desed:public:K88W29l8fA4_446_456
/Users/rajsingh/Documents/ChatGPT/sahara/data/raw/desed/real/audio/eval/public/bytycbbtLdo_477_487.wav,background,desed,10.0,desed:public:bytycbbtLdo_477_487
/Users/rajsingh/Documents/ChatGPT/sahara/data/raw/desed/real/audio/eval/public/qoctnXzSYnk_0_7.wav,background,desed,7.0,desed:public:qoctnXzSYnk_0_7
/Users/rajsingh/Documents/ChatGPT/sahara/data/raw/desed/real/audio/eval/public/9VGkbXCgZwU_0_10.wav,background,desed,10.0,desed:public:9VGkbXCgZwU_0_10
/Users/rajsingh/Documents/ChatGPT/sahara/data/raw/desed/real/audio/eval/public/4KcGV2CMCRo_75_85.wav,background,desed,10.0,desed:public:4KcGV2CMCRo_75_85
/Users/rajsingh/Documents/ChatGPT/sahara/data/raw/desed/real/audio/eval/public/5dPr-ueDFRE_10_20.wav,background,desed,10.0,desed:public:5dPr-ueDFRE_10_20
/Users/rajsingh/Documents/ChatGPT/sahara/data/raw/desed/real/audio/eval/public/wz4HbL0JXl4_25_35.wav,background,desed,10.0,desed:public:wz4HbL0JXl4_25_35
/Users/rajsingh/Documents/ChatGPT/sahara/data/raw/desed/real/audio/eval/public/HDe9knU2h3I_0_10.wav,background,desed,10.0,desed:public:HDe9knU2h3I_0_10
/Users/rajsingh/Documents/ChatGPT/sahara/data/raw/desed/real/audio/eval/public/sreuIxHKt0E_33_43.wav,background,desed,10.0,desed:public:sreuIxHKt0E_33_43
/Users/rajsingh/Documents/ChatGPT/sahara/data/raw/desed/real/audio/eval/public/ZLdapxSVyV4_106_116.wav,background,desed,10.0,desed:public:ZLdapxSVyV4_106_116
/Users/rajsingh/Documents/ChatGPT/sahara/data/raw/desed/real/audio/eval/public/ZRzWsy0ASGA_0_10.wav,background,desed,10.0,desed:public:ZRzWsy0ASGA_0_10
/Users/rajsingh/Documents/ChatGPT/sahara/data/raw/desed/real/audio/eval/public/Mhtd0LawnIc_1_11.wav,background,desed,10.0,desed:public:Mhtd0LawnIc_1_11
/Users/rajsingh/Documents/ChatGPT/sahara/data/raw/desed/real/audio/eval/public/udvgswbGqyE_0_10.wav,background,desed,10.0,desed:public:udvgswbGqyE_0_10
/Users/rajsingh/Documents/ChatGPT/sahara/data/raw/desed/real/audio/eval/public/vjhnVB5GnUw_104_114.wav,background,desed,10.0,desed:public:vjhnVB5GnUw_104_114
/Users/rajsingh/Documents/ChatGPT/sahara/data/raw/desed/real/audio/eval/public/Sd3a4n-41cA_20_30.wav,background,desed,10.0,desed:public:Sd3a4n-41cA_20_30
/Users/rajsingh/Documents/ChatGPT/sahara/data/raw/desed/real/audio/eval/public/7DE3rPuroG0_65_75.wav,background,desed,10.0,desed:public:7DE3rPuroG0_65_75
/Users/rajsingh/Documents/ChatGPT/sahara/data/raw/desed/real/audio/eval/public/ontcp1fTR0w_0_10.wav,background,desed,10.0,desed:public:ontcp1fTR0w_0_10
/Users/rajsingh/Documents/ChatGPT/sahara/data/raw/desed/real/audio/eval/public/sO7U0uxgOcA_0_10.wav,background,desed,10.0,desed:public:sO7U0uxgOcA_0_10
/Users/rajsingh/Documents/ChatGPT/sahara/data/raw/desed/real/audio/eval/public/tdmvzbKM9iA_47_57.wav,background,desed,10.0,desed:public:tdmvzbKM9iA_47_57
/Users/rajsingh/Documents/ChatGPT/sahara/data/raw/desed/real/audio/eval/public/hypG3Tgf5A0_3_13.wav,background,desed,10.0,desed:public:hypG3Tgf5A0_3_13
/Users/rajsingh/Documents/ChatGPT/sahara/data/raw/desed/real/audio/eval/public/HU8-s-WlyTo_70_80.wav,background,desed,10.0,desed:public:HU8-s-WlyTo_70_80
/Users/rajsingh/Documents/ChatGPT/sahara/data/raw/desed/real/audio/eval/public/4Ue4_WhD6Mg_10_20.wav,background,desed,10.0,desed:public:4Ue4_WhD6Mg_10_20
/Users/rajsingh/Documents/ChatGPT/sahara/data/raw/desed/real/audio/eval/public/reaUmAg0M3Q_190_200.wav,background,desed,10.0,desed:public:reaUmAg0M3Q_190_200
/Users/rajsingh/Documents/ChatGPT/sahara/data/raw/desed/real/audio/eval/public/RWYy5pu4G8I_155_165.wav,background,desed,10.0,desed:public:RWYy5pu4G8I_155_165
/Users/rajsingh/Documents/ChatGPT/sahara/data/raw/desed/real/audio/eval/public/oe2WvuNIMEM_226_236.wav,background,desed,10.0,desed:public:oe2WvuNIMEM_226_236
/Users/rajsingh/Documents/ChatGPT/sahara/data/raw/desed/real/audio/eval/public/MOjL1UQxRfo_12_22.wav,background,desed,10.0,desed:public:MOjL1UQxRfo_12_22
/Users/rajsingh/Documents/ChatGPT/sahara/data/raw/desed/real/audio/eval/public/D4S8gsjX0KQ_400_410.wav,background,desed,10.0,desed:public:D4S8gsjX0KQ_400_410
/Users/rajsingh/Documents/ChatGPT/sahara/data/raw/desed/real/audio/eval/public/vBShYV79LK0_782_792.wav,background,desed,10.0,desed:public:vBShYV79LK0_782_792
/Users/rajsingh/Documents/ChatGPT/sahara/data/raw/desed/real/audio/eval/public/WuTzULvSYPo_216_226.wav,background,desed,10.0,desed:public:WuTzULvSYPo_216_226
/Users/rajsingh/Documents/ChatGPT/sahara/data/raw/desed/real/audio/eval/public/vdOUWfSiIV4_2_12.wav,background,desed,10.0,desed:public:vdOUWfSiIV4_2_12
/Users/rajsingh/Documents/ChatGPT/sahara/data/raw/desed/real/audio/eval/public/uRLJKuTPoE0_160_170.wav,background,desed,10.0,desed:public:uRLJKuTPoE0_160_170
/Users/rajsingh/Documents/ChatGPT/sahara/data/raw/desed/real/audio/eval/public/EjOoZ3_3ADA_6_16.wav,background,desed,10.0,desed:public:EjOoZ3_3ADA_6_16
/Users/rajsingh/Documents/ChatGPT/sahara/data/raw/desed/real/audio/eval/public/zJUkqrYTmWE_164_174.wav,background,desed,10.0,desed:public:zJUkqrYTmWE_164_174
/Users/rajsingh/Documents/ChatGPT/sahara/data/raw/desed/real/audio/eval/public/xIZpF7kMWkY_40_50.wav,background,desed,10.0,desed:public:xIZpF7kMWkY_40_50
/Users/rajsingh/Documents/ChatGPT/sahara/data/raw/desed/real/audio/eval/public/qMJkDB06pjo_157_167.wav,background,desed,10.0,desed:public:qMJkDB06pjo_157_167
/Users/rajsingh/Documents/ChatGPT/sahara/data/raw/desed/real/audio/eval/public/2sMzNr0q_as_246_256.wav,background,desed,10.0,desed:public:2sMzNr0q_as_246_256
/Users/rajsingh/Documents/ChatGPT/sahara/data/raw/desed/real/audio/eval/public/OzeZPMiOQuk_316_326.wav,background,desed,10.0,desed:public:OzeZPMiOQuk_316_326
/Users/rajsingh/Documents/ChatGPT/sahara/data/raw/desed/real/audio/eval/public/oQ2ERbbqL34_14_24.wav,background,desed,10.0,desed:public:oQ2ERbbqL34_14_24
/Users/rajsingh/Documents/ChatGPT/sahara/data/raw/desed/real/audio/eval/public/MVx1F79YO3U_7_17.wav,background,desed,10.0,desed:public:MVx1F79YO3U_7_17
/Users/rajsingh/Documents/ChatGPT/sahara/data/raw/desed/real/audio/eval/public/S9ycqqStjmc_28_38.wav,background,desed,10.0,desed:public:S9ycqqStjmc_28_38
/Users/rajsingh/Documents/ChatGPT/sahara/data/raw/desed/real/audio/eval/public/MP2K-h1QQKo_232_242.wav,background,desed,10.0,desed:public:MP2K-h1QQKo_232_242
/Users/rajsingh/Documents/ChatGPT/sahara/data/raw/desed/real/audio/eval/public/AeCMD0ldMBQ_0_10.wav,background,desed,10.0,desed:public:AeCMD0ldMBQ_0_10
/Users/rajsingh/Documents/ChatGPT/sahara/data/raw/desed/real/audio/eval/public/Cs9bkMQ4yuc_5_10.wav,background,desed,5.0,desed:public:Cs9bkMQ4yuc_5_10
/Users/rajsingh/Documents/ChatGPT/sahara/data/raw/desed/real/audio/eval/public/YeEcxJ5a0uY_0_10.wav,background,desed,10.0,desed:public:YeEcxJ5a0uY_0_10
/Users/rajsingh/Documents/ChatGPT/sahara/data/raw/desed/real/audio/eval/public/yoBlzwzynHI_0_10.wav,background,desed,10.0,desed:public:yoBlzwzynHI_0_10
/Users/rajsingh/Documents/ChatGPT/sahara/data/raw/desed/real/audio/eval/public/HViD2ghRNs4_0_4.wav,background,desed,4.0,desed:public:HViD2ghRNs4_0_4
/Users/rajsingh/Documents/ChatGPT/sahara/data/raw/desed/real/audio/eval/public/onBPLjN7vGg_63_73.wav,background,desed,10.0,desed:public:onBPLjN7vGg_63_73
/Users/rajsingh/Documents/ChatGPT/sahara/data/raw/desed/real/audio/eval/public/HnfGqtJpem8_33_43.wav,background,desed,10.0,desed:public:HnfGqtJpem8_33_43
/Users/rajsingh/Documents/ChatGPT/sahara/data/raw/desed/real/audio/eval/public/QVzRDG3pkE8_23_33.wav,background,desed,10.0,desed:public:QVzRDG3pkE8_23_33
/Users/rajsingh/Documents/ChatGPT/sahara/data/raw/desed/real/audio/eval/public/jGyZ1IcmZn8_19_29.wav,background,desed,10.0,desed:public:jGyZ1IcmZn8_19_29
/Users/rajsingh/Documents/ChatGPT/sahara/data/raw/desed/real/audio/eval/public/PERVXXw9le4_758_768.wav,background,desed,10.0,desed:public:PERVXXw9le4_758_768
/Users/rajsingh/Documents/ChatGPT/sahara/data/raw/desed/real/audio/eval/public/QhOdmJMwYvw_456_466.wav,background,desed,10.0,desed:public:QhOdmJMwYvw_456_466
/Users/rajsingh/Documents/ChatGPT/sahara/data/raw/desed/real/audio/eval/public/9xcpJJiNtX4_1470_1480.wav,background,desed,10.0,desed:public:9xcpJJiNtX4_1470_1480
/Users/rajsingh/Documents/ChatGPT/sahara/data/raw/desed/real/audio/eval/public/OqjVHCRdKh0_0_10.wav,background,desed,10.0,desed:public:OqjVHCRdKh0_0_10
/Users/rajsingh/Documents/ChatGPT/sahara/data/raw/desed/real/audio/eval/public/KDzI6pGdsY4_278_288.wav,background,desed,10.0,desed:public:KDzI6pGdsY4_278_288
/Users/rajsingh/Documents/ChatGPT/sahara/data/raw/desed/real/audio/eval/public/t4nbHLc79wM_265_275.wav,background,desed,10.0,desed:public:t4nbHLc79wM_265_275
/Users/rajsingh/Documents/ChatGPT/sahara/data/raw/desed/real/audio/eval/public/CZX4OfrejSU_118_128.wav,background,desed,10.0,desed:public:CZX4OfrejSU_118_128
/Users/rajsingh/Documents/ChatGPT/sahara/data/raw/desed/real/audio/eval/public/0JPrU0UV6cQ_185_195.wav,background,desed,10.0,desed:public:0JPrU0UV6cQ_185_195
/Users/rajsingh/Documents/ChatGPT/sahara/data/raw/desed/real/audio/eval/public/wpk1UzDQo98_2_12.wav,background,desed,10.0,desed:public:wpk1UzDQo98_2_12
/Users/rajsingh/Documents/ChatGPT/sahara/data/raw/desed/real/audio/eval/public/L7voeglj11E_47_57.wav,background,desed,10.0,desed:public:L7voeglj11E_47_57
/Users/rajsingh/Documents/ChatGPT/sahara/data/raw/desed/real/audio/eval/public/2w96QJ7UvhQ_133_143.wav,background,desed,10.0,desed:public:2w96QJ7UvhQ_133_143
/Users/rajsingh/Documents/ChatGPT/sahara/data/raw/desed/real/audio/eval/public/FW1DWiIHmAE_0_10.wav,background,desed,10.0,desed:public:FW1DWiIHmAE_0_10
/Users/rajsingh/Documents/ChatGPT/sahara/data/raw/desed/real/audio/eval/public/ea8HGPkBy40_455_465.wav,background,desed,10.0,desed:public:ea8HGPkBy40_455_465
/Users/rajsingh/Documents/ChatGPT/sahara/data/raw/desed/real/audio/eval/public/nkok_5SBhRo_0_10.wav,background,desed,10.0,desed:public:nkok_5SBhRo_0_10
/Users/rajsingh/Documents/ChatGPT/sahara/data/raw/desed/real/audio/eval/public/o3nM5DO4wf8_7_17.wav,background,desed,10.0,desed:public:o3nM5DO4wf8_7_17
/Users/rajsingh/Documents/ChatGPT/sahara/data/raw/desed/real/audio/eval/public/eExY5ysxeCc_0_10.wav,background,desed,10.0,desed:public:eExY5ysxeCc_0_10
/Users/rajsingh/Documents/ChatGPT/sahara/data/raw/desed/real/audio/eval/public/oGrS0avLh8I_0_10.wav,background,desed,10.0,desed:public:oGrS0avLh8I_0_10
/Users/rajsingh/Documents/ChatGPT/sahara/data/raw/desed/real/audio/eval/public/bqsGJ1_SbcI_123_133.wav,background,desed,10.0,desed:public:bqsGJ1_SbcI_123_133
/Users/rajsingh/Documents/ChatGPT/sahara/data/raw/desed/real/audio/eval/public/Eylcb4rbLSo_242_252.wav,background,desed,10.0,desed:public:Eylcb4rbLSo_242_252
/Users/rajsingh/Documents/ChatGPT/sahara/data/raw/desed/real/audio/eval/public/e8jhGkgHG44_0_10.wav,background,desed,10.0,desed:public:e8jhGkgHG44_0_10
/Users/rajsingh/Documents/ChatGPT/sahara/data/raw/desed/real/audio/eval/public/u9QePTCbeSs_106_116.wav,background,desed,10.0,desed:public:u9QePTCbeSs_106_116
/Users/rajsingh/Documents/ChatGPT/sahara/data/raw/desed/real/audio/eval/public/CS5klzZwjq8_0_10.wav,background,desed,10.0,desed:public:CS5klzZwjq8_0_10
/Users/rajsingh/Documents/ChatGPT/sahara/data/raw/desed/real/audio/eval/public/r2-AbDBVENw_64_74.wav,background,desed,10.0,desed:public:r2-AbDBVENw_64_74
/Users/rajsingh/Documents/ChatGPT/sahara/data/raw/desed/real/audio/eval/public/Vff26iSqK9I_13_23.wav,background,desed,10.0,desed:public:Vff26iSqK9I_13_23
/Users/rajsingh/Documents/ChatGPT/sahara/data/raw/desed/real/audio/eval/public/_zxgEGoVLAE_11_21.wav,background,desed,10.0,desed:public:_zxgEGoVLAE_11_21
/Users/rajsingh/Documents/ChatGPT/sahara/data/raw/desed/real/audio/eval/public/aBA1eEsIktM_19_29.wav,background,desed,10.0,desed:public:aBA1eEsIktM_19_29
/Users/rajsingh/Documents/ChatGPT/sahara/data/raw/desed/real/audio/eval/public/ftsYcYnaOSc_0_5.wav,background,desed,5.0,desed:public:ftsYcYnaOSc_0_5
/Users/rajsingh/Documents/ChatGPT/sahara/data/raw/desed/real/audio/eval/public/y6IX4j4R_Fk_744_754.wav,background,desed,10.0,desed:public:y6IX4j4R_Fk_744_754
/Users/rajsingh/Documents/ChatGPT/sahara/data/raw/desed/real/audio/eval/public/Qo_LHgcj0ao_34_44.wav,background,desed,10.0,desed:public:Qo_LHgcj0ao_34_44
/Users/rajsingh/Documents/ChatGPT/sahara/data/raw/desed/real/audio/eval/public/zD6DnESj7Cc_1182_1192.wav,background,desed,10.0,desed:public:zD6DnESj7Cc_1182_1192
/Users/rajsingh/Documents/ChatGPT/sahara/data/raw/desed/real/audio/eval/public/mCQp3NzQ_TM_95_105.wav,background,desed,10.0,desed:public:mCQp3NzQ_TM_95_105
/Users/rajsingh/Documents/ChatGPT/sahara/data/raw/desed/real/audio/eval/public/eg0DFT3qpKo_497_507.wav,background,desed,10.0,desed:public:eg0DFT3qpKo_497_507
/Users/rajsingh/Documents/ChatGPT/sahara/data/raw/desed/real/audio/eval/public/oCajJ7h0Ze8_34_44.wav,background,desed,10.0,desed:public:oCajJ7h0Ze8_34_44
/Users/rajsingh/Documents/ChatGPT/sahara/data/raw/desed/real/audio/eval/public/YYqaGwN2epw_46_56.wav,background,desed,10.0,desed:public:YYqaGwN2epw_46_56
/Users/rajsingh/Documents/ChatGPT/sahara/data/raw/desed/real/audio/eval/public/xUike2Aiwzw_72_82.wav,background,desed,10.0,desed:public:xUike2Aiwzw_72_82
/Users/rajsingh/Documents/ChatGPT/sahara/data/raw/desed/real/audio/eval/public/9FuBQiBH2mg_0_10.wav,background,desed,10.0,desed:public:9FuBQiBH2mg_0_10
/Users/rajsingh/Documents/ChatGPT/sahara/data/raw/desed/real/audio/eval/public/l80bnVwIkn4_23_33.wav,background,desed,10.0,desed:public:l80bnVwIkn4_23_33
/Users/rajsingh/Documents/ChatGPT/sahara/data/raw/desed/real/audio/eval/public/X7b5DITgHCQ_174_184.wav,background,desed,10.0,desed:public:X7b5DITgHCQ_174_184
/Users/rajsingh/Documents/ChatGPT/sahara/data/raw/desed/real/audio/eval/public/tWSiJKKZhNc_1070_1080.wav,background,desed,10.0,desed:public:tWSiJKKZhNc_1070_1080
/Users/rajsingh/Documents/ChatGPT/sahara/data/raw/desed/real/audio/eval/public/dmvo5XxvvAk_180_190.wav,background,desed,10.0,desed:public:dmvo5XxvvAk_180_190
/Users/rajsingh/Documents/ChatGPT/sahara/data/raw/desed/real/audio/eval/public/JuxXzuhHtC8_8_18.wav,background,desed,10.0,desed:public:JuxXzuhHtC8_8_18
/Users/rajsingh/Documents/ChatGPT/sahara/data/raw/desed/real/audio/eval/public/vyaGzy07daw_212_222.wav,background,desed,10.0,desed:public:vyaGzy07daw_212_222
/Users/rajsingh/Documents/ChatGPT/sahara/data/raw/desed/real/audio/eval/public/WP8aI1IXNCQ_0_5.wav,background,desed,4.174512471655329,desed:public:WP8aI1IXNCQ_0_5
/Users/rajsingh/Documents/ChatGPT/sahara/data/raw/desed/real/audio/eval/public/WihQCnmBSJo_0_10.wav,background,desed,10.0,desed:public:WihQCnmBSJo_0_10
/Users/rajsingh/Documents/ChatGPT/sahara/data/raw/desed/real/audio/eval/public/xsuC1pxCDr4_275_285.wav,background,desed,10.0,desed:public:xsuC1pxCDr4_275_285
/Users/rajsingh/Documents/ChatGPT/sahara/data/raw/desed/real/audio/eval/public/wPqpto9P1fU_0_10.wav,background,desed,10.0,desed:public:wPqpto9P1fU_0_10
/Users/rajsingh/Documents/ChatGPT/sahara/data/raw/desed/real/audio/eval/public/y06xeitDfcs_0_10.wav,background,desed,10.0,desed:public:y06xeitDfcs_0_10
/Users/rajsingh/Documents/ChatGPT/sahara/data/raw/desed/real/audio/eval/public/0DEKat97psc_27_37.wav,background,desed,10.0,desed:public:0DEKat97psc_27_37
/Users/rajsingh/Documents/ChatGPT/sahara/data/raw/desed/real/audio/eval/public/CSQ6df2KWqE_417_427.wav,background,desed,10.0,desed:public:CSQ6df2KWqE_417_427
/Users/rajsingh/Documents/ChatGPT/sahara/data/raw/desed/real/audio/eval/public/zU55Hp2Hx40_540_550.wav,background,desed,10.0,desed:public:zU55Hp2Hx40_540_550
/Users/rajsingh/Documents/ChatGPT/sahara/data/raw/desed/real/audio/eval/public/28J2wfnCVwI_85_95.wav,background,desed,10.0,desed:public:28J2wfnCVwI_85_95
/Users/rajsingh/Documents/ChatGPT/sahara/data/raw/desed/real/audio/eval/public/jbstZWZDQvU_0_10.wav,background,desed,10.0,desed:public:jbstZWZDQvU_0_10
/Users/rajsingh/Documents/ChatGPT/sahara/data/raw/desed/real/audio/eval/public/uQgCaxTs6CM_0_10.wav,background,desed,10.0,desed:public:uQgCaxTs6CM_0_10
/Users/rajsingh/Documents/ChatGPT/sahara/data/raw/desed/real/audio/eval/public/ladKyOxydd4_251_261.wav,background,desed,10.0,desed:public:ladKyOxydd4_251_261
/Users/rajsingh/Documents/ChatGPT/sahara/data/raw/desed/real/audio/eval/public/CMqILvK7m0M_0_10.wav,background,desed,10.0,desed:public:CMqILvK7m0M_0_10
/Users/rajsingh/Documents/ChatGPT/sahara/data/raw/desed/real/audio/eval/public/ljRFJz8idEY_325_335.wav,background,desed,10.0,desed:public:ljRFJz8idEY_325_335
/Users/rajsingh/Documents/ChatGPT/sahara/data/raw/desed/real/audio/eval/public/Ro2eFC33MnY_22_32.wav,background,desed,10.0,desed:public:Ro2eFC33MnY_22_32
/Users/rajsingh/Documents/ChatGPT/sahara/data/raw/desed/real/audio/eval/public/yTTiQEZzNBc_0_5.wav,background,desed,5.0,desed:public:yTTiQEZzNBc_0_5
/Users/rajsingh/Documents/ChatGPT/sahara/data/raw/desed/real/audio/eval/public/ogdlN42LL-o_287_297.wav,background,desed,10.0,desed:public:ogdlN42LL-o_287_297
/Users/rajsingh/Documents/ChatGPT/sahara/data/raw/desed/real/audio/eval/public/OamG3HMmwEs_175_185.wav,background,desed,10.0,desed:public:OamG3HMmwEs_175_185
/Users/rajsingh/Documents/ChatGPT/sahara/data/raw/desed/real/audio/eval/public/FkQ12ZSWlcQ_162_172.wav,background,desed,10.0,desed:public:FkQ12ZSWlcQ_162_172
/Users/rajsingh/Documents/ChatGPT/sahara/data/raw/desed/real/audio/eval/public/D8N1fJ81wE4_156_166.wav,background,desed,10.0,desed:public:D8N1fJ81wE4_156_166
/Users/rajsingh/Documents/ChatGPT/sahara/data/raw/desed/real/audio/eval/public/KYslcyTKq4Q_33_43.wav,background,desed,10.0,desed:public:KYslcyTKq4Q_33_43
/Users/rajsingh/Documents/ChatGPT/sahara/data/raw/desed/real/audio/eval/public/FX1emZuec5w_7_17.wav,background,desed,10.0,desed:public:FX1emZuec5w_7_17
/Users/rajsingh/Documents/ChatGPT/sahara/data/raw/desed/real/audio/eval/public/UhN2G4YdzHw_0_10.wav,background,desed,10.0,desed:public:UhN2G4YdzHw_0_10
/Users/rajsingh/Documents/ChatGPT/sahara/data/raw/desed/real/audio/eval/public/6CLqqCp8Jfo_138_148.wav,background,desed,10.0,desed:public:6CLqqCp8Jfo_138_148
/Users/rajsingh/Documents/ChatGPT/sahara/data/raw/desed/real/audio/eval/public/xkMBZ3Vrga8_78_88.wav,background,desed,10.0,desed:public:xkMBZ3Vrga8_78_88
/Users/rajsingh/Documents/ChatGPT/sahara/data/raw/desed/real/audio/eval/public/S8jo1eJRSvA_104_114.wav,background,desed,10.0,desed:public:S8jo1eJRSvA_104_114
/Users/rajsingh/Documents/ChatGPT/sahara/data/raw/desed/real/audio/eval/public/ej9V6yE1kzs_0_10.wav,background,desed,10.0,desed:public:ej9V6yE1kzs_0_10
/Users/rajsingh/Documents/ChatGPT/sahara/data/raw/desed/real/audio/eval/public/_goqHkoPoro_0_10.wav,background,desed,10.0,desed:public:_goqHkoPoro_0_10
/Users/rajsingh/Documents/ChatGPT/sahara/data/raw/desed/real/audio/eval/public/Es3u8oGkQeU_0_10.wav,background,desed,10.0,desed:public:Es3u8oGkQeU_0_10
/Users/rajsingh/Documents/ChatGPT/sahara/data/raw/desed/real/audio/eval/public/QsnRCPlG2WI_7_17.wav,background,desed,10.0,desed:public:QsnRCPlG2WI_7_17
/Users/rajsingh/Documents/ChatGPT/sahara/data/raw/desed/real/audio/eval/public/3p3u-Utoj8Y_0_10.wav,background,desed,10.0,desed:public:3p3u-Utoj8Y_0_10
/Users/rajsingh/Documents/ChatGPT/sahara/data/raw/desed/real/audio/eval/public/2rscFDAe1qI_0_10.wav,background,desed,10.0,desed:public:2rscFDAe1qI_0_10
/Users/rajsingh/Documents/ChatGPT/sahara/data/raw/desed/real/audio/eval/public/-EIf0pkjwm8_22_32.wav,background,desed,10.0,desed:public:-EIf0pkjwm8_22_32
/Users/rajsingh/Documents/ChatGPT/sahara/data/raw/desed/real/audio/eval/public/hawAni0E3cI_0_10.wav,background,desed,10.0,desed:public:hawAni0E3cI_0_10
/Users/rajsingh/Documents/ChatGPT/sahara/data/raw/desed/real/audio/eval/public/jsP5oinHnMs_81_91.wav,background,desed,10.0,desed:public:jsP5oinHnMs_81_91
/Users/rajsingh/Documents/ChatGPT/sahara/data/raw/desed/real/audio/eval/public/r2aKAbMtan0_0_10.wav,background,desed,10.0,desed:public:r2aKAbMtan0_0_10
/Users/rajsingh/Documents/ChatGPT/sahara/data/raw/desed/real/audio/eval/public/SFiS2PQxfKg_0_10.wav,background,desed,10.0,desed:public:SFiS2PQxfKg_0_10
/Users/rajsingh/Documents/ChatGPT/sahara/data/raw/desed/real/audio/eval/public/hwGxTuO5DNo_57_67.wav,background,desed,10.0,desed:public:hwGxTuO5DNo_57_67
/Users/rajsingh/Documents/ChatGPT/sahara/data/raw/desed/real/audio/eval/public/vbk65s3inHM_0_10.wav,background,desed,10.0,desed:public:vbk65s3inHM_0_10
/Users/rajsingh/Documents/ChatGPT/sahara/data/raw/desed/real/audio/eval/public/_U8mQlib8Do_23_33.wav,background,desed,10.0,desed:public:_U8mQlib8Do_23_33
/Users/rajsingh/Documents/ChatGPT/sahara/data/raw/desed/real/audio/eval/public/fQGv7ZJEd3g_117_127.wav,background,desed,10.0,desed:public:fQGv7ZJEd3g_117_127
/Users/rajsingh/Documents/ChatGPT/sahara/data/raw/desed/real/audio/eval/public/dm_yucoFC_M_60_70.wav,background,desed,10.0,desed:public:dm_yucoFC_M_60_70
/Users/rajsingh/Documents/ChatGPT/sahara/data/raw/desed/real/audio/eval/public/Vh7YjTK2DMc_10_20.wav,background,desed,10.0,desed:public:Vh7YjTK2DMc_10_20
/Users/rajsingh/Documents/ChatGPT/sahara/data/raw/desed/real/audio/eval/public/Bl47fI-jiIk_0_10.wav,background,desed,10.0,desed:public:Bl47fI-jiIk_0_10
/Users/rajsingh/Documents/ChatGPT/sahara/data/raw/desed/real/audio/eval/public/q5iYRhmXIdI_0_10.wav,background,desed,10.0,desed:public:q5iYRhmXIdI_0_10
/Users/rajsingh/Documents/ChatGPT/sahara/data/raw/desed/real/audio/eval/public/Ghfu0VBN1zY_0_10.wav,background,desed,10.0,desed:public:Ghfu0VBN1zY_0_10
/Users/rajsingh/Documents/ChatGPT/sahara/data/raw/desed/real/audio/eval/public/-0H7vrzA80U_4_14.wav,background,desed,10.0,desed:public:-0H7vrzA80U_4_14
/Users/rajsingh/Documents/ChatGPT/sahara/data/raw/desed/real/audio/eval/public/A5bC6KJD6l8_0_10.wav,background,desed,10.0,desed:public:A5bC6KJD6l8_0_10
/Users/rajsingh/Documents/ChatGPT/sahara/data/raw/desed/real/audio/eval/public/ly1dAtX0_uU_50_60.wav,background,desed,10.0,desed:public:ly1dAtX0_uU_50_60
/Users/rajsingh/Documents/ChatGPT/sahara/data/raw/desed/real/audio/eval/public/zqH2H6OYy_M_107_117.wav,background,desed,10.0,desed:public:zqH2H6OYy_M_107_117
/Users/rajsingh/Documents/ChatGPT/sahara/data/raw/desed/real/audio/eval/public/3biuAIzVauw_375_385.wav,background,desed,10.0,desed:public:3biuAIzVauw_375_385
/Users/rajsingh/Documents/ChatGPT/sahara/data/raw/desed/real/audio/eval/public/FrbI9OVmnOs_255_265.wav,background,desed,10.0,desed:public:FrbI9OVmnOs_255_265
/Users/rajsingh/Documents/ChatGPT/sahara/data/raw/desed/real/audio/eval/public/8RObHsG-C1M_0_10.wav,background,desed,10.0,desed:public:8RObHsG-C1M_0_10
/Users/rajsingh/Documents/ChatGPT/sahara/data/raw/desed/real/audio/eval/public/J0CeoQ_BqSw_0_10.wav,background,desed,10.0,desed:public:J0CeoQ_BqSw_0_10
/Users/rajsingh/Documents/ChatGPT/sahara/data/raw/desed/real/audio/eval/public/OPNy0wF5Yc4_297_307.wav,background,desed,10.0,desed:public:OPNy0wF5Yc4_297_307
/Users/rajsingh/Documents/ChatGPT/sahara/data/raw/desed/real/audio/eval/public/86ekc_OvaCI_192_202.wav,background,desed,10.0,desed:public:86ekc_OvaCI_192_202
/Users/rajsingh/Documents/ChatGPT/sahara/data/raw/desed/real/audio/eval/public/Dtd-R_MjDp8_148_158.wav,background,desed,10.0,desed:public:Dtd-R_MjDp8_148_158
/Users/rajsingh/Documents/ChatGPT/sahara/data/raw/desed/real/audio/eval/public/EsRJ9-4deo8_20_30.wav,background,desed,10.0,desed:public:EsRJ9-4deo8_20_30
/Users/rajsingh/Documents/ChatGPT/sahara/data/raw/desed/real/audio/eval/public/6VmWlDdKsLQ_104_114.wav,background,desed,10.0,desed:public:6VmWlDdKsLQ_104_114
/Users/rajsingh/Documents/ChatGPT/sahara/data/raw/desed/real/audio/eval/public/XF5G745zjww_370_380.wav,background,desed,10.0,desed:public:XF5G745zjww_370_380
/Users/rajsingh/Documents/ChatGPT/sahara/data/raw/desed/real/audio/eval/public/PeNwCvGYEtg_130_140.wav,background,desed,10.0,desed:public:PeNwCvGYEtg_130_140
/Users/rajsingh/Documents/ChatGPT/sahara/data/raw/desed/real/audio/eval/public/ySdXyt_XR9Y_210_220.wav,background,desed,10.0,desed:public:ySdXyt_XR9Y_210_220
/Users/rajsingh/Documents/ChatGPT/sahara/data/raw/desed/real/audio/eval/public/ii9Y1lLhL5E_322_332.wav,background,desed,10.0,desed:public:ii9Y1lLhL5E_322_332
/Users/rajsingh/Documents/ChatGPT/sahara/data/raw/desed/real/audio/eval/public/mlbH4LQA_fU_541_551.wav,background,desed,10.0,desed:public:mlbH4LQA_fU_541_551
/Users/rajsingh/Documents/ChatGPT/sahara/data/raw/desed/real/audio/eval/public/QE463qYkj8c_997_1007.wav,background,desed,10.0,desed:public:QE463qYkj8c_997_1007
/Users/rajsingh/Documents/ChatGPT/sahara/data/raw/desed/real/audio/eval/public/YjCpZa3ZgxI_0_10.wav,background,desed,10.0,desed:public:YjCpZa3ZgxI_0_10
/Users/rajsingh/Documents/ChatGPT/sahara/data/raw/desed/real/audio/eval/public/tOFElZgkMeo_2_12.wav,background,desed,10.0,desed:public:tOFElZgkMeo_2_12
/Users/rajsingh/Documents/ChatGPT/sahara/data/raw/desed/real/audio/eval/public/OULuMUbLmLw_0_10.wav,background,desed,10.0,desed:public:OULuMUbLmLw_0_10
/Users/rajsingh/Documents/ChatGPT/sahara/data/raw/desed/real/audio/eval/public/aUf48Qu6TaE_1_11.wav,background,desed,10.0,desed:public:aUf48Qu6TaE_1_11
/Users/rajsingh/Documents/ChatGPT/sahara/data/raw/desed/real/audio/eval/public/4Kt1aojcpdU_0_10.wav,background,desed,10.0,desed:public:4Kt1aojcpdU_0_10
/Users/rajsingh/Documents/ChatGPT/sahara/data/raw/desed/real/audio/eval/public/y20jn1ziJtE_25_35.wav,background,desed,10.0,desed:public:y20jn1ziJtE_25_35
/Users/rajsingh/Documents/ChatGPT/sahara/data/raw/desed/real/audio/eval/public/owLBsoC9DT0_7_17.wav,background,desed,10.0,desed:public:owLBsoC9DT0_7_17
/Users/rajsingh/Documents/ChatGPT/sahara/data/raw/desed/real/audio/eval/public/Bnb3svkwpdY_550_560.wav,background,desed,10.0,desed:public:Bnb3svkwpdY_550_560
/Users/rajsingh/Documents/ChatGPT/sahara/data/raw/desed/real/audio/eval/public/O95I3N_hkA4_0_8.wav,background,desed,8.0,desed:public:O95I3N_hkA4_0_8
/Users/rajsingh/Documents/ChatGPT/sahara/data/raw/desed/real/audio/eval/public/GzCLnzHFefY_0_10.wav,background,desed,10.0,desed:public:GzCLnzHFefY_0_10
/Users/rajsingh/Documents/ChatGPT/sahara/data/raw/desed/real/audio/eval/public/bArpayhy7Mw_0_10.wav,background,desed,10.0,desed:public:bArpayhy7Mw_0_10
/Users/rajsingh/Documents/ChatGPT/sahara/data/raw/desed/real/audio/eval/public/ccAEoJfRLcc_0_10.wav,background,desed,10.0,desed:public:ccAEoJfRLcc_0_10
/Users/rajsingh/Documents/ChatGPT/sahara/data/raw/desed/real/audio/eval/public/TjnpILW-m-Y_110_120.wav,background,desed,10.0,desed:public:TjnpILW-m-Y_110_120
/Users/rajsingh/Documents/ChatGPT/sahara/data/raw/desed/real/audio/eval/public/DzyrGWN8GOU_335_345.wav,background,desed,10.0,desed:public:DzyrGWN8GOU_335_345
/Users/rajsingh/Documents/ChatGPT/sahara/data/raw/desed/real/audio/eval/public/R85OVJX6fAo_9_19.wav,background,desed,10.0,desed:public:R85OVJX6fAo_9_19
/Users/rajsingh/Documents/ChatGPT/sahara/data/raw/desed/real/audio/eval/public/kHDjKy40rWE_50_60.wav,background,desed,10.0,desed:public:kHDjKy40rWE_50_60
/Users/rajsingh/Documents/ChatGPT/sahara/data/raw/desed/real/audio/eval/public/3ssQMGnK118_364_374.wav,background,desed,10.0,desed:public:3ssQMGnK118_364_374
/Users/rajsingh/Documents/ChatGPT/sahara/data/raw/desed/real/audio/eval/public/8ykvfuAfh3Q_23_33.wav,background,desed,10.0,desed:public:8ykvfuAfh3Q_23_33
/Users/rajsingh/Documents/ChatGPT/sahara/data/raw/desed/real/audio/eval/public/SqqqRqA2caA_0_10.wav,background,desed,10.0,desed:public:SqqqRqA2caA_0_10
/Users/rajsingh/Documents/ChatGPT/sahara/data/raw/desed/real/audio/eval/public/9Buwu9vuQEY_0_10.wav,background,desed,10.0,desed:public:9Buwu9vuQEY_0_10
/Users/rajsingh/Documents/ChatGPT/sahara/data/raw/desed/real/audio/eval/public/1PG36qCNq-8_598_608.wav,background,desed,10.0,desed:public:1PG36qCNq-8_598_608
/Users/rajsingh/Documents/ChatGPT/sahara/data/raw/desed/real/audio/eval/public/myRr2k_ktMU_0_8.wav,background,desed,8.0,desed:public:myRr2k_ktMU_0_8
/Users/rajsingh/Documents/ChatGPT/sahara/data/raw/desed/real/audio/eval/public/aYZXb_sJn3s_0_10.wav,background,desed,10.0,desed:public:aYZXb_sJn3s_0_10
/Users/rajsingh/Documents/ChatGPT/sahara/data/raw/desed/real/audio/eval/public/F0IyisQUTnE_934_944.wav,background,desed,10.0,desed:public:F0IyisQUTnE_934_944
/Users/rajsingh/Documents/ChatGPT/sahara/data/raw/desed/real/audio/eval/public/2sEIY7mDmgg_21_31.wav,background,desed,10.0,desed:public:2sEIY7mDmgg_21_31
/Users/rajsingh/Documents/ChatGPT/sahara/data/raw/desed/real/audio/eval/public/eLQHmLaMOOI_0_10.wav,background,desed,10.0,desed:public:eLQHmLaMOOI_0_10
/Users/rajsingh/Documents/ChatGPT/sahara/data/raw/desed/real/audio/eval/public/Hf4kYKulvWU_0_10.wav,background,desed,10.0,desed:public:Hf4kYKulvWU_0_10
/Users/rajsingh/Documents/ChatGPT/sahara/data/raw/desed/real/audio/eval/public/4IEUeikTp2A_13_23.wav,background,desed,10.0,desed:public:4IEUeikTp2A_13_23
/Users/rajsingh/Documents/ChatGPT/sahara/data/raw/desed/real/audio/eval/public/Df7veBP0Wu4_28_38.wav,background,desed,10.0,desed:public:Df7veBP0Wu4_28_38
/Users/rajsingh/Documents/ChatGPT/sahara/data/raw/desed/real/audio/eval/public/PL-28v8vvjc_62_72.wav,background,desed,10.0,desed:public:PL-28v8vvjc_62_72
/Users/rajsingh/Documents/ChatGPT/sahara/data/raw/desed/real/audio/eval/public/lzTdrHywGQc_61_71.wav,background,desed,10.0,desed:public:lzTdrHywGQc_61_71
/Users/rajsingh/Documents/ChatGPT/sahara/data/raw/desed/real/audio/eval/public/G8TArh9GA4U_60_70.wav,background,desed,10.0,desed:public:G8TArh9GA4U_60_70
/Users/rajsingh/Documents/ChatGPT/sahara/data/raw/desed/real/audio/eval/public/gTMOPHZhCXk_118_128.wav,background,desed,10.0,desed:public:gTMOPHZhCXk_118_128
/Users/rajsingh/Documents/ChatGPT/sahara/data/raw/desed/real/audio/eval/public/FylrKbeMdIg_303_313.wav,background,desed,10.0,desed:public:FylrKbeMdIg_303_313
/Users/rajsingh/Documents/ChatGPT/sahara/data/raw/desed/real/audio/eval/public/assKHwJYvH4_208_218.wav,background,desed,10.0,desed:public:assKHwJYvH4_208_218
/Users/rajsingh/Documents/ChatGPT/sahara/data/raw/desed/real/audio/eval/public/uaLUc0oVXdk_62_72.wav,background,desed,10.0,desed:public:uaLUc0oVXdk_62_72
/Users/rajsingh/Documents/ChatGPT/sahara/data/raw/desed/real/audio/eval/public/ANFAQvPgg-8_0_10.wav,background,desed,10.0,desed:public:ANFAQvPgg-8_0_10
/Users/rajsingh/Documents/ChatGPT/sahara/data/raw/desed/real/audio/eval/public/K5NIxYokRv4_4_14.wav,background,desed,10.0,desed:public:K5NIxYokRv4_4_14
/Users/rajsingh/Documents/ChatGPT/sahara/data/raw/desed/real/audio/eval/public/7YB8tx4ug1E_0_10.wav,background,desed,10.0,desed:public:7YB8tx4ug1E_0_10
/Users/rajsingh/Documents/ChatGPT/sahara/data/raw/desed/real/audio/eval/public/t2XGcLwnMww_0_10.wav,background,desed,10.0,desed:public:t2XGcLwnMww_0_10
/Users/rajsingh/Documents/ChatGPT/sahara/data/raw/desed/real/audio/eval/public/lR9fFjPFZ4g_0_10.wav,background,desed,10.0,desed:public:lR9fFjPFZ4g_0_10
/Users/rajsingh/Documents/ChatGPT/sahara/data/raw/desed/real/audio/eval/public/VCCRNTbfc_c_0_10.wav,background,desed,10.0,desed:public:VCCRNTbfc_c_0_10
/Users/rajsingh/Documents/ChatGPT/sahara/data/raw/desed/real/audio/eval/public/MILjiC6Md54_140_150.wav,background,desed,10.0,desed:public:MILjiC6Md54_140_150
/Users/rajsingh/Documents/ChatGPT/sahara/data/raw/desed/real/audio/eval/public/LU0ZWTmamKI_118_128.wav,background,desed,10.0,desed:public:LU0ZWTmamKI_118_128
/Users/rajsingh/Documents/ChatGPT/sahara/data/raw/desed/real/audio/eval/public/k-2RZwDArWw_288_298.wav,background,desed,10.0,desed:public:k-2RZwDArWw_288_298
/Users/rajsingh/Documents/ChatGPT/sahara/data/raw/desed/real/audio/eval/public/fy78k_pwDzc_2_12.wav,background,desed,10.0,desed:public:fy78k_pwDzc_2_12
/Users/rajsingh/Documents/ChatGPT/sahara/data/raw/desed/real/audio/eval/public/n3vIcDGmD3s_33_43.wav,background,desed,10.0,desed:public:n3vIcDGmD3s_33_43
/Users/rajsingh/Documents/ChatGPT/sahara/data/raw/desed/real/audio/eval/public/9VrPJEGvXXQ_510_520.wav,background,desed,10.0,desed:public:9VrPJEGvXXQ_510_520
/Users/rajsingh/Documents/ChatGPT/sahara/data/raw/desed/real/audio/eval/public/qwsvajRqeTk_238_248.wav,background,desed,10.0,desed:public:qwsvajRqeTk_238_248
/Users/rajsingh/Documents/ChatGPT/sahara/data/raw/desed/real/audio/eval/public/K1Ryqf0RWpc_0_10.wav,background,desed,10.0,desed:public:K1Ryqf0RWpc_0_10
/Users/rajsingh/Documents/ChatGPT/sahara/data/raw/desed/real/audio/eval/public/68BYINd-Wr8_329_339.wav,background,desed,10.0,desed:public:68BYINd-Wr8_329_339
/Users/rajsingh/Documents/ChatGPT/sahara/data/raw/desed/real/audio/eval/public/NrdkLZFWwr0_102_112.wav,background,desed,10.0,desed:public:NrdkLZFWwr0_102_112
/Users/rajsingh/Documents/ChatGPT/sahara/data/raw/desed/real/audio/eval/public/PFPzBVXoawI_1607_1617.wav,background,desed,10.0,desed:public:PFPzBVXoawI_1607_1617
/Users/rajsingh/Documents/ChatGPT/sahara/data/raw/desed/real/audio/eval/public/fhOMBfXlvwM_30_40.wav,background,desed,10.0,desed:public:fhOMBfXlvwM_30_40
/Users/rajsingh/Documents/ChatGPT/sahara/data/raw/desed/real/audio/eval/public/rVzDnzjvivA_0_10.wav,background,desed,10.0,desed:public:rVzDnzjvivA_0_10
/Users/rajsingh/Documents/ChatGPT/sahara/data/raw/desed/real/audio/eval/public/HTVUJA1_yss_31_41.wav,background,desed,10.0,desed:public:HTVUJA1_yss_31_41
/Users/rajsingh/Documents/ChatGPT/sahara/data/raw/desed/real/audio/eval/public/YVe9cQaEVLA_90_100.wav,background,desed,10.0,desed:public:YVe9cQaEVLA_90_100
/Users/rajsingh/Documents/ChatGPT/sahara/data/raw/desed/real/audio/eval/public/Q48FfV6udXs_296_306.wav,background,desed,10.0,desed:public:Q48FfV6udXs_296_306
/Users/rajsingh/Documents/ChatGPT/sahara/data/raw/desed/real/audio/eval/public/g545Eng40hc_705_715.wav,background,desed,10.0,desed:public:g545Eng40hc_705_715
/Users/rajsingh/Documents/ChatGPT/sahara/data/raw/desed/real/audio/eval/public/Q1SONPdUnww_0_10.wav,background,desed,10.0,desed:public:Q1SONPdUnww_0_10
/Users/rajsingh/Documents/ChatGPT/sahara/data/raw/desed/real/audio/eval/public/uAX5C9HzVyQ_46_56.wav,background,desed,10.0,desed:public:uAX5C9HzVyQ_46_56
/Users/rajsingh/Documents/ChatGPT/sahara/data/raw/desed/real/audio/eval/public/T4AV7CwofLM_180_190.wav,background,desed,10.0,desed:public:T4AV7CwofLM_180_190
/Users/rajsingh/Documents/ChatGPT/sahara/data/raw/desed/real/audio/eval/public/E7G8TNZVi88_2_12.wav,background,desed,7.148662131519274,desed:public:E7G8TNZVi88_2_12
/Users/rajsingh/Documents/ChatGPT/sahara/data/raw/desed/real/audio/eval/public/oOY8XDS9AXE_25_35.wav,background,desed,10.0,desed:public:oOY8XDS9AXE_25_35
/Users/rajsingh/Documents/ChatGPT/sahara/data/raw/desed/real/audio/eval/public/h8c3djjWsMo_100_110.wav,background,desed,10.0,desed:public:h8c3djjWsMo_100_110
/Users/rajsingh/Documents/ChatGPT/sahara/data/raw/desed/real/audio/eval/public/pSC4lM8JY38_0_10.wav,background,desed,10.0,desed:public:pSC4lM8JY38_0_10
/Users/rajsingh/Documents/ChatGPT/sahara/data/raw/desed/real/audio/eval/public/BlrC0i8_67g_9_19.wav,background,desed,10.0,desed:public:BlrC0i8_67g_9_19
/Users/rajsingh/Documents/ChatGPT/sahara/data/raw/desed/real/audio/eval/public/s_O7NfbFRog_24_34.wav,background,desed,10.0,desed:public:s_O7NfbFRog_24_34
/Users/rajsingh/Documents/ChatGPT/sahara/data/raw/desed/real/audio/eval/public/PssP_Xz1cCs_329_339.wav,background,desed,10.0,desed:public:PssP_Xz1cCs_329_339
/Users/rajsingh/Documents/ChatGPT/sahara/data/raw/desed/real/audio/eval/public/Xw5WmltvSrA_0_10.wav,background,desed,10.0,desed:public:Xw5WmltvSrA_0_10
/Users/rajsingh/Documents/ChatGPT/sahara/data/raw/desed/real/audio/eval/public/DiakukOAAms_17_27.wav,background,desed,10.0,desed:public:DiakukOAAms_17_27
/Users/rajsingh/Documents/ChatGPT/sahara/data/raw/desed/real/audio/eval/public/w_cy-aa4JGo_182_192.wav,background,desed,10.0,desed:public:w_cy-aa4JGo_182_192
/Users/rajsingh/Documents/ChatGPT/sahara/data/raw/desed/real/audio/eval/public/3IolIoLZBCQ_25_35.wav,background,desed,10.0,desed:public:3IolIoLZBCQ_25_35
/Users/rajsingh/Documents/ChatGPT/sahara/data/raw/desed/real/audio/eval/public/k4KTVStLxF0_91_101.wav,background,desed,10.0,desed:public:k4KTVStLxF0_91_101
/Users/rajsingh/Documents/ChatGPT/sahara/data/raw/desed/real/audio/eval/public/dN_t0pCr134_30_40.wav,background,desed,10.0,desed:public:dN_t0pCr134_30_40
/Users/rajsingh/Documents/ChatGPT/sahara/data/raw/desed/real/audio/eval/public/Wa2bJ45eazw_5_15.wav,background,desed,10.0,desed:public:Wa2bJ45eazw_5_15
/Users/rajsingh/Documents/ChatGPT/sahara/data/raw/desed/real/audio/eval/public/zGkKbB44eUc_120_130.wav,background,desed,10.0,desed:public:zGkKbB44eUc_120_130
/Users/rajsingh/Documents/ChatGPT/sahara/data/raw/desed/real/audio/eval/public/W7GdMZgJy64_480_490.wav,background,desed,10.0,desed:public:W7GdMZgJy64_480_490
/Users/rajsingh/Documents/ChatGPT/sahara/data/raw/desed/real/audio/eval/public/FRJa9ibKm_U_0_10.wav,background,desed,10.0,desed:public:FRJa9ibKm_U_0_10
/Users/rajsingh/Documents/ChatGPT/sahara/data/raw/desed/real/audio/eval/public/LTQkBZeV07w_459_469.wav,background,desed,10.0,desed:public:LTQkBZeV07w_459_469
/Users/rajsingh/Documents/ChatGPT/sahara/data/raw/desed/real/audio/eval/public/sf-6rGMBs1c_95_105.wav,background,desed,10.0,desed:public:sf-6rGMBs1c_95_105
/Users/rajsingh/Documents/ChatGPT/sahara/data/raw/desed/real/audio/eval/public/4fyWleU80yY_366_376.wav,background,desed,10.0,desed:public:4fyWleU80yY_366_376
/Users/rajsingh/Documents/ChatGPT/sahara/data/raw/desed/real/audio/eval/public/kEiFeL7Qytg_90_100.wav,background,desed,10.0,desed:public:kEiFeL7Qytg_90_100
/Users/rajsingh/Documents/ChatGPT/sahara/data/raw/desed/real/audio/eval/public/RVBXpQz_vQg_0_10.wav,background,desed,10.0,desed:public:RVBXpQz_vQg_0_10
/Users/rajsingh/Documents/ChatGPT/sahara/data/raw/desed/real/audio/eval/public/DaPDBXyAwtc_315_325.wav,background,desed,10.0,desed:public:DaPDBXyAwtc_315_325
/Users/rajsingh/Documents/ChatGPT/sahara/data/raw/desed/real/audio/eval/public/cYdIxGnf2_w_30_40.wav,background,desed,10.0,desed:public:cYdIxGnf2_w_30_40
/Users/rajsingh/Documents/ChatGPT/sahara/data/raw/desed/real/audio/eval/public/nPS9ED01s3I_0_10.wav,background,desed,10.0,desed:public:nPS9ED01s3I_0_10
/Users/rajsingh/Documents/ChatGPT/sahara/data/raw/desed/real/audio/eval/public/P3cmac5TYYY_368_378.wav,background,desed,10.0,desed:public:P3cmac5TYYY_368_378
/Users/rajsingh/Documents/ChatGPT/sahara/data/raw/desed/real/audio/eval/public/2UB7ZxVjpNU_0_10.wav,background,desed,10.0,desed:public:2UB7ZxVjpNU_0_10
/Users/rajsingh/Documents/ChatGPT/sahara/data/raw/desed/real/audio/eval/public/LymixehBI68_36_46.wav,background,desed,10.0,desed:public:LymixehBI68_36_46
/Users/rajsingh/Documents/ChatGPT/sahara/data/raw/desed/real/audio/eval/public/UzEJz__Y9zE_67_77.wav,background,desed,10.0,desed:public:UzEJz__Y9zE_67_77
/Users/rajsingh/Documents/ChatGPT/sahara/data/raw/desed/real/audio/eval/public/koJve7Bst98_0_10.wav,background,desed,10.0,desed:public:koJve7Bst98_0_10
/Users/rajsingh/Documents/ChatGPT/sahara/data/raw/desed/real/audio/eval/public/uZNFZEVVFcQ_120_130.wav,background,desed,10.0,desed:public:uZNFZEVVFcQ_120_130
/Users/rajsingh/Documents/ChatGPT/sahara/data/raw/desed/real/audio/eval/public/PDd0Id1uk58_33_43.wav,background,desed,10.0,desed:public:PDd0Id1uk58_33_43
/Users/rajsingh/Documents/ChatGPT/sahara/data/raw/desed/real/audio/eval/public/TqMRd9pxWao_169_179.wav,background,desed,10.0,desed:public:TqMRd9pxWao_169_179
/Users/rajsingh/Documents/ChatGPT/sahara/data/raw/desed/real/audio/eval/public/mR1Bz7Vp_Zg_225_235.wav,background,desed,10.0,desed:public:mR1Bz7Vp_Zg_225_235
/Users/rajsingh/Documents/ChatGPT/sahara/data/raw/desed/real/audio/eval/public/Ud1jzeVkTVE_0_10.wav,background,desed,10.0,desed:public:Ud1jzeVkTVE_0_10
/Users/rajsingh/Documents/ChatGPT/sahara/data/raw/desed/real/audio/eval/public/IZ9UM4zuOC0_60_70.wav,background,desed,10.0,desed:public:IZ9UM4zuOC0_60_70
/Users/rajsingh/Documents/ChatGPT/sahara/data/raw/desed/real/audio/eval/public/qWPuyhb3iu4_19_29.wav,background,desed,10.0,desed:public:qWPuyhb3iu4_19_29
/Users/rajsingh/Documents/ChatGPT/sahara/data/raw/desed/real/audio/eval/public/1gb4ATePtAM_100_110.wav,background,desed,10.0,desed:public:1gb4ATePtAM_100_110
/Users/rajsingh/Documents/ChatGPT/sahara/data/raw/desed/real/audio/eval/public/_JuGeQeAx0g_1150_1160.wav,background,desed,10.0,desed:public:_JuGeQeAx0g_1150_1160
/Users/rajsingh/Documents/ChatGPT/sahara/data/raw/desed/real/audio/eval/public/W60T03W7gsw_150_160.wav,background,desed,10.0,desed:public:W60T03W7gsw_150_160
/Users/rajsingh/Documents/ChatGPT/sahara/data/raw/desed/real/audio/eval/public/IzxcAbblWco_3_13.wav,background,desed,10.0,desed:public:IzxcAbblWco_3_13
/Users/rajsingh/Documents/ChatGPT/sahara/data/raw/desed/real/audio/eval/public/E19MFHRAJB8_516_526.wav,background,desed,10.0,desed:public:E19MFHRAJB8_516_526
/Users/rajsingh/Documents/ChatGPT/sahara/data/raw/desed/real/audio/eval/public/KkyFhpZOikA_0_10.wav,background,desed,10.0,desed:public:KkyFhpZOikA_0_10
/Users/rajsingh/Documents/ChatGPT/sahara/data/raw/desed/real/audio/eval/public/L5jZgm0Xd2w_269_279.wav,background,desed,10.0,desed:public:L5jZgm0Xd2w_269_279
/Users/rajsingh/Documents/ChatGPT/sahara/data/raw/desed/real/audio/eval/public/4e__S9UXOMM_740_750.wav,background,desed,10.0,desed:public:4e__S9UXOMM_740_750
/Users/rajsingh/Documents/ChatGPT/sahara/data/raw/desed/real/audio/eval/public/4_1zk1dkwfE_0_9.wav,background,desed,9.0,desed:public:4_1zk1dkwfE_0_9
/Users/rajsingh/Documents/ChatGPT/sahara/data/raw/desed/real/audio/eval/public/eXg3xAdtBNY_957_967.wav,background,desed,10.0,desed:public:eXg3xAdtBNY_957_967
/Users/rajsingh/Documents/ChatGPT/sahara/data/raw/desed/real/audio/eval/public/QKun98Y1mt4_14_24.wav,background,desed,10.0,desed:public:QKun98Y1mt4_14_24
/Users/rajsingh/Documents/ChatGPT/sahara/data/raw/desed/real/audio/eval/public/_HT3yHP910c_0_10.wav,background,desed,10.0,desed:public:_HT3yHP910c_0_10
/Users/rajsingh/Documents/ChatGPT/sahara/data/raw/desed/real/audio/eval/public/MRq8k-y8-oI_7_17.wav,background,desed,10.0,desed:public:MRq8k-y8-oI_7_17
/Users/rajsingh/Documents/ChatGPT/sahara/data/raw/desed/real/audio/eval/public/0qo-ZXw2k-4_21_31.wav,background,desed,10.0,desed:public:0qo-ZXw2k-4_21_31
/Users/rajsingh/Documents/ChatGPT/sahara/data/raw/desed/real/audio/eval/public/eEX5cg27rYs_557_567.wav,background,desed,10.0,desed:public:eEX5cg27rYs_557_567
/Users/rajsingh/Documents/ChatGPT/sahara/data/raw/desed/real/audio/eval/public/NiY7nu3xu5Q_290_300.wav,background,desed,10.0,desed:public:NiY7nu3xu5Q_290_300
/Users/rajsingh/Documents/ChatGPT/sahara/data/raw/desed/real/audio/eval/public/e_c68m8q0og_102_112.wav,background,desed,10.0,desed:public:e_c68m8q0og_102_112
/Users/rajsingh/Documents/ChatGPT/sahara/data/raw/desed/real/audio/eval/public/O84_jiiacic_180_190.wav,background,desed,10.0,desed:public:O84_jiiacic_180_190
/Users/rajsingh/Documents/ChatGPT/sahara/data/raw/desed/real/audio/eval/public/P_dXuddk3fE_67_77.wav,background,desed,10.0,desed:public:P_dXuddk3fE_67_77
/Users/rajsingh/Documents/ChatGPT/sahara/data/raw/desed/real/audio/eval/public/rNhv6U3mT4Y_9_19.wav,background,desed,10.0,desed:public:rNhv6U3mT4Y_9_19
/Users/rajsingh/Documents/ChatGPT/sahara/data/raw/desed/real/audio/eval/public/AvljQ2XyOOE_0_9.wav,background,desed,9.0,desed:public:AvljQ2XyOOE_0_9
/Users/rajsingh/Documents/ChatGPT/sahara/data/raw/desed/real/audio/eval/public/9DYcovm9i0M_741_751.wav,background,desed,10.0,desed:public:9DYcovm9i0M_741_751
/Users/rajsingh/Documents/ChatGPT/sahara/data/raw/desed/real/audio/eval/public/wRG8xtPnRpI_145_155.wav,background,desed,10.0,desed:public:wRG8xtPnRpI_145_155
/Users/rajsingh/Documents/ChatGPT/sahara/data/raw/desed/real/audio/eval/public/bM6UNykqP3Q_127_137.wav,background,desed,10.0,desed:public:bM6UNykqP3Q_127_137
/Users/rajsingh/Documents/ChatGPT/sahara/data/raw/desed/real/audio/eval/public/dysBsinlxm8_136_146.wav,background,desed,10.0,desed:public:dysBsinlxm8_136_146
/Users/rajsingh/Documents/ChatGPT/sahara/data/raw/desed/real/audio/eval/public/E-z3SON0wXs_110_120.wav,background,desed,10.0,desed:public:E-z3SON0wXs_110_120
/Users/rajsingh/Documents/ChatGPT/sahara/data/raw/desed/real/audio/eval/public/67MbfbSyW-A_0_10.wav,background,desed,10.0,desed:public:67MbfbSyW-A_0_10
/Users/rajsingh/Documents/ChatGPT/sahara/data/raw/desed/real/audio/eval/public/v24byJkyIXo_166_176.wav,background,desed,10.0,desed:public:v24byJkyIXo_166_176
/Users/rajsingh/Documents/ChatGPT/sahara/data/raw/desed/real/audio/eval/public/8eaysdvS-0I_30_40.wav,background,desed,10.0,desed:public:8eaysdvS-0I_30_40
/Users/rajsingh/Documents/ChatGPT/sahara/data/raw/desed/real/audio/eval/public/2cu67vMHb8M_290_300.wav,background,desed,10.0,desed:public:2cu67vMHb8M_290_300
/Users/rajsingh/Documents/ChatGPT/sahara/data/raw/desed/real/audio/eval/public/BFWN_OXjYM0_14_24.wav,background,desed,10.0,desed:public:BFWN_OXjYM0_14_24
/Users/rajsingh/Documents/ChatGPT/sahara/data/raw/desed/real/audio/eval/public/r_CUAdmKG7Q_24_34.wav,background,desed,10.0,desed:public:r_CUAdmKG7Q_24_34
/Users/rajsingh/Documents/ChatGPT/sahara/data/raw/desed/real/audio/eval/public/TptPmlpVcgo_90_100.wav,background,desed,10.0,desed:public:TptPmlpVcgo_90_100
/Users/rajsingh/Documents/ChatGPT/sahara/data/raw/desed/real/audio/eval/public/RrxUPpJ9zaM_84_94.wav,background,desed,10.0,desed:public:RrxUPpJ9zaM_84_94
/Users/rajsingh/Documents/ChatGPT/sahara/data/raw/desed/real/audio/eval/public/VDMOFa8iRqo_396_406.wav,background,desed,10.0,desed:public:VDMOFa8iRqo_396_406
/Users/rajsingh/Documents/ChatGPT/sahara/data/raw/desed/real/audio/eval/public/qDKmulbXO6k_0_10.wav,background,desed,10.0,desed:public:qDKmulbXO6k_0_10
/Users/rajsingh/Documents/ChatGPT/sahara/data/raw/desed/real/audio/eval/public/Dem5wyK9wXw_328_338.wav,background,desed,10.0,desed:public:Dem5wyK9wXw_328_338
/Users/rajsingh/Documents/ChatGPT/sahara/data/raw/desed/real/audio/eval/public/pUt70ybOg10_0_10.wav,background,desed,10.0,desed:public:pUt70ybOg10_0_10
/Users/rajsingh/Documents/ChatGPT/sahara/data/raw/desed/real/audio/eval/public/31etSiozBZ4_56_66.wav,background,desed,10.0,desed:public:31etSiozBZ4_56_66
/Users/rajsingh/Documents/ChatGPT/sahara/data/raw/desed/real/audio/eval/public/-uQVTqZ1MAQ_35_45.wav,background,desed,10.0,desed:public:-uQVTqZ1MAQ_35_45
/Users/rajsingh/Documents/ChatGPT/sahara/data/raw/desed/real/audio/eval/public/tuZU_AwIQ4k_420_430.wav,background,desed,10.0,desed:public:tuZU_AwIQ4k_420_430
/Users/rajsingh/Documents/ChatGPT/sahara/data/raw/desed/real/audio/eval/public/zboVHF0pq9A_50_60.wav,background,desed,10.0,desed:public:zboVHF0pq9A_50_60
/Users/rajsingh/Documents/ChatGPT/sahara/data/raw/desed/real/audio/eval/public/DVIjBBhCn5Q_210_220.wav,background,desed,10.0,desed:public:DVIjBBhCn5Q_210_220
/Users/rajsingh/Documents/ChatGPT/sahara/data/raw/desed/real/audio/eval/public/mTZE86_uuno_166_176.wav,background,desed,10.0,desed:public:mTZE86_uuno_166_176
/Users/rajsingh/Documents/ChatGPT/sahara/data/raw/desed/real/audio/eval/public/O8G-xGF3gsU_0_10.wav,background,desed,10.0,desed:public:O8G-xGF3gsU_0_10
/Users/rajsingh/Documents/ChatGPT/sahara/data/raw/desed/real/audio/eval/public/-6Vtt4ubkC8_78_88.wav,background,desed,10.0,desed:public:-6Vtt4ubkC8_78_88
/Users/rajsingh/Documents/ChatGPT/sahara/data/raw/desed/real/audio/eval/public/Z6UoQm2Lc-w_122_132.wav,background,desed,10.0,desed:public:Z6UoQm2Lc-w_122_132
/Users/rajsingh/Documents/ChatGPT/sahara/data/raw/desed/real/audio/validation/validation/YSktlw1AytXw_0.000_3.000.wav,background,desed,2.4380952380952383,desed:validation:YSktlw1AytXw_0.000_3.000
/Users/rajsingh/Documents/ChatGPT/sahara/data/raw/desed/real/audio/validation/validation/YwK3BpK1-Apw_30.000_40.000.wav,background,desed,10.0,desed:validation:YwK3BpK1-Apw_30.000_40.000
/Users/rajsingh/Documents/ChatGPT/sahara/data/raw/desed/real/audio/validation/validation/Y1tFkjBMoUkM_90.000_100.000.wav,background,desed,10.0,desed:validation:Y1tFkjBMoUkM_90.000_100.000
/Users/rajsingh/Documents/ChatGPT/sahara/data/raw/desed/real/audio/validation/validation/Y3AzacBprTzU_60.000_70.000.wav,background,desed,10.0,desed:validation:Y3AzacBprTzU_60.000_70.000
