filepath,label,source_dataset,source_type,duration_sec,recording_id
C:\Users\tprac\Downloads\sahara\sahara\data\raw\fsd50k\FSD50K.dev_audio\341398.wav,glass_break,fsd50k,real,0.0,fsd50k:341398
C:\Users\tprac\Downloads\sahara\sahara\data\raw\fsd50k\FSD50K.dev_audio\341399.wav,glass_break,fsd50k,real,0.0,fsd50k:341399
C:\Users\tprac\Downloads\sahara\sahara\data\raw\fsd50k\FSD50K.dev_audio\341400.wav,glass_break,fsd50k,real,0.0,fsd50k:341400
C:\Users\tprac\Downloads\sahara\sahara\data\raw\fsd50k\FSD50K.dev_audio\341401.wav,glass_break,fsd50k,real,0.0,fsd50k:341401
C:\Users\tprac\Downloads\sahara\sahara\data\raw\fsd50k\FSD50K.dev_audio\341403.wav,glass_break,fsd50k,real,0.0,fsd50k:341403
C:\Users\tprac\Downloads\sahara\sahara\data\raw\fsd50k\FSD50K.dev_audio\341404.wav,glass_break,fsd50k,real,0.0,fsd50k:341404
C:\Users\tprac\Downloads\sahara\sahara\data\raw\fsd50k\FSD50K.dev_audio\341409.wav,glass_break,fsd50k,real,0.0,fsd50k:341409
C:\Users\tprac\Downloads\sahara\sahara\data\raw\fsd50k\FSD50K.dev_audio\341411.wav,glass_break,fsd50k,real,0.0,fsd50k:341411
C:\Users\tprac\Downloads\sahara\sahara\data\raw\fsd50k\FSD50K.dev_audio\341412.wav,glass_break,fsd50k,real,0.0,fsd50k:341412
C:\Users\tprac\Downloads\sahara\sahara\data\raw\fsd50k\FSD50K.dev_audio\341413.wav,glass_break,fsd50k,real,0.0,fsd50k:341413
C:\Users\tprac\Downloads\sahara\sahara\data\raw\fsd50k\FSD50K.dev_audio\341418.wav,glass_break,fsd50k,real,0.0,fsd50k:341418
C:\Users\tprac\Downloads\sahara\sahara\data\raw\fsd50k\FSD50K.dev_audio\341407.wav,glass_break,fsd50k,real,0.0,fsd50k:341407
C:\Users\tprac\Downloads\sahara\sahara\data\raw\fsd50k\FSD50K.dev_audio\341416.wav,glass_break,fsd50k,real,0.0,fsd50k:341416
C:\Users\tprac\Downloads\sahara\sahara\data\raw\fsd50k\FSD50K.dev_audio\341417.wav,glass_break,fsd50k,real,0.0,fsd50k:341417
C:\Users\tprac\Downloads\sahara\sahara\data\raw\fsd50k\FSD50K.dev_audio\66434.wav,glass_break,fsd50k,real,0.0,fsd50k:66434
C:\Users\tprac\Downloads\sahara\sahara\data\raw\fsd50k\FSD50K.dev_audio\326991.wav,glass_break,fsd50k,real,0.0,fsd50k:326991
C:\Users\tprac\Downloads\sahara\sahara\data\raw\fsd50k\FSD50K.dev_audio\195607.wav,glass_break,fsd50k,real,0.0,fsd50k:195607
C:\Users\tprac\Downloads\sahara\sahara\data\raw\fsd50k\FSD50K.dev_audio\14363.wav,glass_break,fsd50k,real,0.0,fsd50k:14363
C:\Users\tprac\Downloads\sahara\sahara\data\raw\fsd50k\FSD50K.dev_audio\267290.wav,glass_break,fsd50k,real,0.0,fsd50k:267290
C:\Users\tprac\Downloads\sahara\sahara\data\raw\fsd50k\FSD50K.dev_audio\15394.wav,glass_break,fsd50k,real,0.0,fsd50k:15394
C:\Users\tprac\Downloads\sahara\sahara\data\raw\fsd50k\FSD50K.dev_audio\179237.wav,glass_break,fsd50k,real,0.0,fsd50k:179237
C:\Users\tprac\Downloads\sahara\sahara\data\raw\fsd50k\FSD50K.dev_audio\68653.wav,glass_break,fsd50k,real,0.0,fsd50k:68653
C:\Users\tprac\Downloads\sahara\sahara\data\raw\fsd50k\FSD50K.dev_audio\27701.wav,glass_break,fsd50k,real,0.0,fsd50k:27701
C:\Users\tprac\Downloads\sahara\sahara\data\raw\fsd50k\FSD50K.dev_audio\179267.wav,glass_break,fsd50k,real,0.0,fsd50k:179267
C:\Users\tprac\Downloads\sahara\sahara\data\raw\fsd50k\FSD50K.dev_audio\68694.wav,glass_break,fsd50k,real,0.0,fsd50k:68694
C:\Users\tprac\Downloads\sahara\sahara\data\raw\fsd50k\FSD50K.dev_audio\418912.wav,glass_break,fsd50k,real,0.0,fsd50k:418912
C:\Users\tprac\Downloads\sahara\sahara\data\raw\fsd50k\FSD50K.dev_audio\194657.wav,glass_break,fsd50k,real,0.0,fsd50k:194657
C:\Users\tprac\Downloads\sahara\sahara\data\raw\fsd50k\FSD50K.dev_audio\145513.wav,glass_break,fsd50k,real,0.0,fsd50k:145513
C:\Users\tprac\Downloads\sahara\sahara\data\raw\fsd50k\FSD50K.dev_audio\188524.wav,glass_break,fsd50k,real,0.0,fsd50k:188524
C:\Users\tprac\Downloads\sahara\sahara\data\raw\fsd50k\FSD50K.dev_audio\377987.wav,glass_break,fsd50k,real,0.0,fsd50k:377987
C:\Users\tprac\Downloads\sahara\sahara\data\raw\fsd50k\FSD50K.dev_audio\379012.wav,glass_break,fsd50k,real,0.0,fsd50k:379012
C:\Users\tprac\Downloads\sahara\sahara\data\raw\fsd50k\FSD50K.dev_audio\396423.wav,glass_break,fsd50k,real,0.0,fsd50k:396423
C:\Users\tprac\Downloads\sahara\sahara\data\raw\fsd50k\FSD50K.dev_audio\194698.wav,glass_break,fsd50k,real,0.0,fsd50k:194698
C:\Users\tprac\Downloads\sahara\sahara\data\raw\fsd50k\FSD50K.dev_audio\32912.wav,glass_break,fsd50k,real,0.0,fsd50k:32912
C:\Users\tprac\Downloads\sahara\sahara\data\raw\fsd50k\FSD50K.dev_audio\331922.wav,glass_break,fsd50k,real,0.0,fsd50k:331922
C:\Users\tprac\Downloads\sahara\sahara\data\raw\fsd50k\FSD50K.dev_audio\331924.wav,glass_break,fsd50k,real,0.0,fsd50k:331924
C:\Users\tprac\Downloads\sahara\sahara\data\raw\fsd50k\FSD50K.dev_audio\331925.wav,glass_break,fsd50k,real,0.0,fsd50k:331925
C:\Users\tprac\Downloads\sahara\sahara\data\raw\fsd50k\FSD50K.dev_audio\331926.wav,glass_break,fsd50k,real,0.0,fsd50k:331926
C:\Users\tprac\Downloads\sahara\sahara\data\raw\fsd50k\FSD50K.dev_audio\331927.wav,glass_break,fsd50k,real,0.0,fsd50k:331927
C:\Users\tprac\Downloads\sahara\sahara\data\raw\fsd50k\FSD50K.dev_audio\213166.wav,glass_break,fsd50k,real,0.0,fsd50k:213166
C:\Users\tprac\Downloads\sahara\sahara\data\raw\fsd50k\FSD50K.dev_audio\152753.wav,glass_break,fsd50k,real,0.0,fsd50k:152753
C:\Users\tprac\Downloads\sahara\sahara\data\raw\fsd50k\FSD50K.dev_audio\152754.wav,glass_break,fsd50k,real,0.0,fsd50k:152754
C:\Users\tprac\Downloads\sahara\sahara\data\raw\fsd50k\FSD50K.dev_audio\152758.wav,glass_break,fsd50k,real,0.0,fsd50k:152758
C:\Users\tprac\Downloads\sahara\sahara\data\raw\fsd50k\FSD50K.dev_audio\26832.wav,glass_break,fsd50k,real,0.0,fsd50k:26832
C:\Users\tprac\Downloads\sahara\sahara\data\raw\fsd50k\FSD50K.dev_audio\344272.wav,glass_break,fsd50k,real,0.0,fsd50k:344272
C:\Users\tprac\Downloads\sahara\sahara\data\raw\fsd50k\FSD50K.dev_audio\216279.wav,glass_break,fsd50k,real,0.0,fsd50k:216279
C:\Users\tprac\Downloads\sahara\sahara\data\raw\fsd50k\FSD50K.dev_audio\216280.wav,glass_break,fsd50k,real,0.0,fsd50k:216280
C:\Users\tprac\Downloads\sahara\sahara\data\raw\fsd50k\FSD50K.dev_audio\211162.wav,glass_break,fsd50k,real,0.0,fsd50k:211162
C:\Users\tprac\Downloads\sahara\sahara\data\raw\fsd50k\FSD50K.dev_audio\256222.wav,glass_break,fsd50k,real,0.0,fsd50k:256222
C:\Users\tprac\Downloads\sahara\sahara\data\raw\fsd50k\FSD50K.dev_audio\396536.wav,glass_break,fsd50k,real,0.0,fsd50k:396536
C:\Users\tprac\Downloads\sahara\sahara\data\raw\fsd50k\FSD50K.dev_audio\379130.wav,glass_break,fsd50k,real,0.0,fsd50k:379130
C:\Users\tprac\Downloads\sahara\sahara\data\raw\fsd50k\FSD50K.dev_audio\379138.wav,glass_break,fsd50k,real,0.0,fsd50k:379138
C:\Users\tprac\Downloads\sahara\sahara\data\raw\fsd50k\FSD50K.dev_audio\368943.wav,glass_break,fsd50k,real,0.0,fsd50k:368943
C:\Users\tprac\Downloads\sahara\sahara\data\raw\fsd50k\FSD50K.dev_audio\66876.wav,glass_break,fsd50k,real,0.0,fsd50k:66876
C:\Users\tprac\Downloads\sahara\sahara\data\raw\fsd50k\FSD50K.dev_audio\319806.wav,glass_break,fsd50k,real,0.0,fsd50k:319806
C:\Users\tprac\Downloads\sahara\sahara\data\raw\fsd50k\FSD50K.dev_audio\11585.wav,glass_break,fsd50k,real,0.0,fsd50k:11585
C:\Users\tprac\Downloads\sahara\sahara\data\raw\fsd50k\FSD50K.dev_audio\319813.wav,glass_break,fsd50k,real,0.0,fsd50k:319813
C:\Users\tprac\Downloads\sahara\sahara\data\raw\fsd50k\FSD50K.dev_audio\140613.wav,glass_break,fsd50k,real,0.0,fsd50k:140613
C:\Users\tprac\Downloads\sahara\sahara\data\raw\fsd50k\FSD50K.dev_audio\257350.wav,glass_break,fsd50k,real,0.0,fsd50k:257350
C:\Users\tprac\Downloads\sahara\sahara\data\raw\fsd50k\FSD50K.dev_audio\39241.wav,glass_break,fsd50k,real,0.0,fsd50k:39241
C:\Users\tprac\Downloads\sahara\sahara\data\raw\fsd50k\FSD50K.dev_audio\39242.wav,glass_break,fsd50k,real,0.0,fsd50k:39242
C:\Users\tprac\Downloads\sahara\sahara\data\raw\fsd50k\FSD50K.dev_audio\140616.wav,glass_break,fsd50k,real,0.0,fsd50k:140616
C:\Users\tprac\Downloads\sahara\sahara\data\raw\fsd50k\FSD50K.dev_audio\39244.wav,glass_break,fsd50k,real,0.0,fsd50k:39244
C:\Users\tprac\Downloads\sahara\sahara\data\raw\fsd50k\FSD50K.dev_audio\140617.wav,glass_break,fsd50k,real,0.0,fsd50k:140617
C:\Users\tprac\Downloads\sahara\sahara\data\raw\fsd50k\FSD50K.dev_audio\204118.wav,glass_break,fsd50k,real,0.0,fsd50k:204118
C:\Users\tprac\Downloads\sahara\sahara\data\raw\fsd50k\FSD50K.dev_audio\204124.wav,glass_break,fsd50k,real,0.0,fsd50k:204124
C:\Users\tprac\Downloads\sahara\sahara\data\raw\fsd50k\FSD50K.dev_audio\204128.wav,glass_break,fsd50k,real,0.0,fsd50k:204128
C:\Users\tprac\Downloads\sahara\sahara\data\raw\fsd50k\FSD50K.dev_audio\204135.wav,glass_break,fsd50k,real,0.0,fsd50k:204135
C:\Users\tprac\Downloads\sahara\sahara\data\raw\fsd50k\FSD50K.dev_audio\100733.wav,glass_break,fsd50k,real,0.0,fsd50k:100733
C:\Users\tprac\Downloads\sahara\sahara\data\raw\fsd50k\FSD50K.dev_audio\380285.wav,glass_break,fsd50k,real,0.0,fsd50k:380285
C:\Users\tprac\Downloads\sahara\sahara\data\raw\fsd50k\FSD50K.dev_audio\156031.wav,glass_break,fsd50k,real,0.0,fsd50k:156031
C:\Users\tprac\Downloads\sahara\sahara\data\raw\fsd50k\FSD50K.dev_audio\100738.wav,glass_break,fsd50k,real,0.0,fsd50k:100738
C:\Users\tprac\Downloads\sahara\sahara\data\raw\fsd50k\FSD50K.dev_audio\350617.wav,glass_break,fsd50k,real,0.0,fsd50k:350617
C:\Users\tprac\Downloads\sahara\sahara\data\raw\fsd50k\FSD50K.dev_audio\219551.wav,glass_break,fsd50k,real,0.0,fsd50k:219551
C:\Users\tprac\Downloads\sahara\sahara\data\raw\fsd50k\FSD50K.dev_audio\245167.wav,glass_break,fsd50k,real,0.0,fsd50k:245167
C:\Users\tprac\Downloads\sahara\sahara\data\raw\fsd50k\FSD50K.dev_audio\72113.wav,glass_break,fsd50k,real,0.0,fsd50k:72113
C:\Users\tprac\Downloads\sahara\sahara\data\raw\fsd50k\FSD50K.dev_audio\427459.wav,glass_break,fsd50k,real,0.0,fsd50k:427459
C:\Users\tprac\Downloads\sahara\sahara\data\raw\fsd50k\FSD50K.dev_audio\62936.wav,glass_break,fsd50k,real,0.0,fsd50k:62936
C:\Users\tprac\Downloads\sahara\sahara\data\raw\fsd50k\FSD50K.dev_audio\378330.wav,glass_break,fsd50k,real,0.0,fsd50k:378330
C:\Users\tprac\Downloads\sahara\sahara\data\raw\fsd50k\FSD50K.dev_audio\62940.wav,glass_break,fsd50k,real,0.0,fsd50k:62940
C:\Users\tprac\Downloads\sahara\sahara\data\raw\fsd50k\FSD50K.dev_audio\62942.wav,glass_break,fsd50k,real,0.0,fsd50k:62942
C:\Users\tprac\Downloads\sahara\sahara\data\raw\fsd50k\FSD50K.dev_audio\244193.wav,glass_break,fsd50k,real,0.0,fsd50k:244193
C:\Users\tprac\Downloads\sahara\sahara\data\raw\fsd50k\FSD50K.dev_audio\188903.wav,glass_break,fsd50k,real,0.0,fsd50k:188903
C:\Users\tprac\Downloads\sahara\sahara\data\raw\fsd50k\FSD50K.dev_audio\75252.wav,glass_break,fsd50k,real,0.0,fsd50k:75252
C:\Users\tprac\Downloads\sahara\sahara\data\raw\fsd50k\FSD50K.dev_audio\88567.wav,glass_break,fsd50k,real,0.0,fsd50k:88567
C:\Users\tprac\Downloads\sahara\sahara\data\raw\fsd50k\FSD50K.dev_audio\176650.wav,glass_break,fsd50k,real,0.0,fsd50k:176650
C:\Users\tprac\Downloads\sahara\sahara\data\raw\fsd50k\FSD50K.dev_audio\114193.wav,glass_break,fsd50k,real,0.0,fsd50k:114193
C:\Users\tprac\Downloads\sahara\sahara\data\raw\fsd50k\FSD50K.dev_audio\121366.wav,glass_break,fsd50k,real,0.0,fsd50k:121366
C:\Users\tprac\Downloads\sahara\sahara\data\raw\fsd50k\FSD50K.dev_audio\114203.wav,glass_break,fsd50k,real,0.0,fsd50k:114203
C:\Users\tprac\Downloads\sahara\sahara\data\raw\fsd50k\FSD50K.dev_audio\24103.wav,glass_break,fsd50k,real,0.0,fsd50k:24103
C:\Users\tprac\Downloads\sahara\sahara\data\raw\fsd50k\FSD50K.dev_audio\89875.wav,glass_break,fsd50k,real,0.0,fsd50k:89875
C:\Users\tprac\Downloads\sahara\sahara\data\raw\fsd50k\FSD50K.dev_audio\242269.wav,glass_break,fsd50k,real,0.0,fsd50k:242269
C:\Users\tprac\Downloads\sahara\sahara\data\raw\fsd50k\FSD50K.dev_audio\242270.wav,glass_break,fsd50k,real,0.0,fsd50k:242270
C:\Users\tprac\Downloads\sahara\sahara\data\raw\fsd50k\FSD50K.dev_audio\242272.wav,glass_break,fsd50k,real,0.0,fsd50k:242272
C:\Users\tprac\Downloads\sahara\sahara\data\raw\fsd50k\FSD50K.dev_audio\275065.wav,glass_break,fsd50k,real,0.0,fsd50k:275065
C:\Users\tprac\Downloads\sahara\sahara\data\raw\fsd50k\FSD50K.dev_audio\255617.wav,glass_break,fsd50k,real,0.0,fsd50k:255617
C:\Users\tprac\Downloads\sahara\sahara\data\raw\fsd50k\FSD50K.dev_audio\255624.wav,glass_break,fsd50k,real,0.0,fsd50k:255624
C:\Users\tprac\Downloads\sahara\sahara\data\raw\fsd50k\FSD50K.dev_audio\212633.wav,glass_break,fsd50k,real,0.0,fsd50k:212633
C:\Users\tprac\Downloads\sahara\sahara\data\raw\fsd50k\FSD50K.dev_audio\242338.wav,glass_break,fsd50k,real,0.0,fsd50k:242338
C:\Users\tprac\Downloads\sahara\sahara\data\raw\fsd50k\FSD50K.dev_audio\242339.wav,glass_break,fsd50k,real,0.0,fsd50k:242339
C:\Users\tprac\Downloads\sahara\sahara\data\raw\fsd50k\FSD50K.dev_audio\242340.wav,glass_break,fsd50k,real,0.0,fsd50k:242340
C:\Users\tprac\Downloads\sahara\sahara\data\raw\fsd50k\FSD50K.dev_audio\255652.wav,glass_break,fsd50k,real,0.0,fsd50k:255652
C:\Users\tprac\Downloads\sahara\sahara\data\raw\fsd50k\FSD50K.dev_audio\242345.wav,glass_break,fsd50k,real,0.0,fsd50k:242345
C:\Users\tprac\Downloads\sahara\sahara\data\raw\fsd50k\FSD50K.dev_audio\255654.wav,glass_break,fsd50k,real,0.0,fsd50k:255654
C:\Users\tprac\Downloads\sahara\sahara\data\raw\fsd50k\FSD50K.dev_audio\255658.wav,glass_break,fsd50k,real,0.0,fsd50k:255658
C:\Users\tprac\Downloads\sahara\sahara\data\raw\fsd50k\FSD50K.dev_audio\255659.wav,glass_break,fsd50k,real,0.0,fsd50k:255659
C:\Users\tprac\Downloads\sahara\sahara\data\raw\fsd50k\FSD50K.dev_audio\255662.wav,glass_break,fsd50k,real,0.0,fsd50k:255662
C:\Users\tprac\Downloads\sahara\sahara\data\raw\fsd50k\FSD50K.dev_audio\255668.wav,glass_break,fsd50k,real,0.0,fsd50k:255668
C:\Users\tprac\Downloads\sahara\sahara\data\raw\fsd50k\FSD50K.dev_audio\242359.wav,glass_break,fsd50k,real,0.0,fsd50k:242359
C:\Users\tprac\Downloads\sahara\sahara\data\raw\fsd50k\FSD50K.dev_audio\242360.wav,glass_break,fsd50k,real,0.0,fsd50k:242360
C:\Users\tprac\Downloads\sahara\sahara\data\raw\fsd50k\FSD50K.dev_audio\242361.wav,glass_break,fsd50k,real,0.0,fsd50k:242361
C:\Users\tprac\Downloads\sahara\sahara\data\raw\fsd50k\FSD50K.dev_audio\242362.wav,glass_break,fsd50k,real,0.0,fsd50k:242362
C:\Users\tprac\Downloads\sahara\sahara\data\raw\fsd50k\FSD50K.dev_audio\242363.wav,glass_break,fsd50k,real,0.0,fsd50k:242363
C:\Users\tprac\Downloads\sahara\sahara\data\raw\fsd50k\FSD50K.dev_audio\242367.wav,glass_break,fsd50k,real,0.0,fsd50k:242367
C:\Users\tprac\Downloads\sahara\sahara\data\raw\fsd50k\FSD50K.dev_audio\114371.wav,glass_break,fsd50k,real,0.0,fsd50k:114371
C:\Users\tprac\Downloads\sahara\sahara\data\raw\fsd50k\FSD50K.dev_audio\114374.wav,glass_break,fsd50k,real,0.0,fsd50k:114374
C:\Users\tprac\Downloads\sahara\sahara\data\raw\fsd50k\FSD50K.dev_audio\242376.wav,glass_break,fsd50k,real,0.0,fsd50k:242376
C:\Users\tprac\Downloads\sahara\sahara\data\raw\fsd50k\FSD50K.dev_audio\242377.wav,glass_break,fsd50k,real,0.0,fsd50k:242377
C:\Users\tprac\Downloads\sahara\sahara\data\raw\fsd50k\FSD50K.dev_audio\368330.wav,glass_break,fsd50k,real,0.0,fsd50k:368330
C:\Users\tprac\Downloads\sahara\sahara\data\raw\fsd50k\FSD50K.dev_audio\89809.wav,glass_break,fsd50k,real,0.0,fsd50k:89809
C:\Users\tprac\Downloads\sahara\sahara\data\raw\fsd50k\FSD50K.dev_audio\89811.wav,glass_break,fsd50k,real,0.0,fsd50k:89811
C:\Users\tprac\Downloads\sahara\sahara\data\raw\fsd50k\FSD50K.dev_audio\89812.wav,glass_break,fsd50k,real,0.0,fsd50k:89812
C:\Users\tprac\Downloads\sahara\sahara\data\raw\fsd50k\FSD50K.dev_audio\242394.wav,glass_break,fsd50k,real,0.0,fsd50k:242394
C:\Users\tprac\Downloads\sahara\sahara\data\raw\fsd50k\FSD50K.dev_audio\242395.wav,glass_break,fsd50k,real,0.0,fsd50k:242395
C:\Users\tprac\Downloads\sahara\sahara\data\raw\fsd50k\FSD50K.dev_audio\89821.wav,glass_break,fsd50k,real,0.0,fsd50k:89821
C:\Users\tprac\Downloads\sahara\sahara\data\raw\fsd50k\FSD50K.dev_audio\368352.wav,glass_break,fsd50k,real,0.0,fsd50k:368352
C:\Users\tprac\Downloads\sahara\sahara\data\raw\fsd50k\FSD50K.dev_audio\89825.wav,glass_break,fsd50k,real,0.0,fsd50k:89825
C:\Users\tprac\Downloads\sahara\sahara\data\raw\fsd50k\FSD50K.dev_audio\199400.wav,glass_break,fsd50k,real,0.0,fsd50k:199400
C:\Users\tprac\Downloads\sahara\sahara\data\raw\fsd50k\FSD50K.dev_audio\406249.wav,glass_break,fsd50k,real,0.0,fsd50k:406249
C:\Users\tprac\Downloads\sahara\sahara\data\raw\fsd50k\FSD50K.dev_audio\89834.wav,glass_break,fsd50k,real,0.0,fsd50k:89834
C:\Users\tprac\Downloads\sahara\sahara\data\raw\fsd50k\FSD50K.dev_audio\88811.wav,glass_break,fsd50k,real,0.0,fsd50k:88811
C:\Users\tprac\Downloads\sahara\sahara\data\raw\fsd50k\FSD50K.dev_audio\88820.wav,glass_break,fsd50k,real,0.0,fsd50k:88820
C:\Users\tprac\Downloads\sahara\sahara\data\raw\fsd50k\FSD50K.dev_audio\88821.wav,glass_break,fsd50k,real,0.0,fsd50k:88821
C:\Users\tprac\Downloads\sahara\sahara\data\raw\fsd50k\FSD50K.dev_audio\88822.wav,glass_break,fsd50k,real,0.0,fsd50k:88822
C:\Users\tprac\Downloads\sahara\sahara\data\raw\fsd50k\FSD50K.dev_audio\88826.wav,glass_break,fsd50k,real,0.0,fsd50k:88826
C:\Users\tprac\Downloads\sahara\sahara\data\raw\fsd50k\FSD50K.dev_audio\88829.wav,glass_break,fsd50k,real,0.0,fsd50k:88829
C:\Users\tprac\Downloads\sahara\sahara\data\raw\fsd50k\FSD50K.dev_audio\242433.wav,glass_break,fsd50k,real,0.0,fsd50k:242433
C:\Users\tprac\Downloads\sahara\sahara\data\raw\fsd50k\FSD50K.dev_audio\89859.wav,glass_break,fsd50k,real,0.0,fsd50k:89859
C:\Users\tprac\Downloads\sahara\sahara\data\raw\fsd50k\FSD50K.dev_audio\88837.wav,glass_break,fsd50k,real,0.0,fsd50k:88837
C:\Users\tprac\Downloads\sahara\sahara\data\raw\fsd50k\FSD50K.dev_audio\88838.wav,glass_break,fsd50k,real,0.0,fsd50k:88838
C:\Users\tprac\Downloads\sahara\sahara\data\raw\fsd50k\FSD50K.dev_audio\88839.wav,glass_break,fsd50k,real,0.0,fsd50k:88839
C:\Users\tprac\Downloads\sahara\sahara\data\raw\fsd50k\FSD50K.dev_audio\197383.wav,glass_break,fsd50k,real,0.0,fsd50k:197383
C:\Users\tprac\Downloads\sahara\sahara\data\raw\fsd50k\FSD50K.dev_audio\88841.wav,glass_break,fsd50k,real,0.0,fsd50k:88841
C:\Users\tprac\Downloads\sahara\sahara\data\raw\fsd50k\FSD50K.dev_audio\89860.wav,glass_break,fsd50k,real,0.0,fsd50k:89860
C:\Users\tprac\Downloads\sahara\sahara\data\raw\fsd50k\FSD50K.dev_audio\242444.wav,glass_break,fsd50k,real,0.0,fsd50k:242444
C:\Users\tprac\Downloads\sahara\sahara\data\raw\fsd50k\FSD50K.dev_audio\88843.wav,glass_break,fsd50k,real,0.0,fsd50k:88843
C:\Users\tprac\Downloads\sahara\sahara\data\raw\fsd50k\FSD50K.dev_audio\94987.wav,glass_break,fsd50k,real,0.0,fsd50k:94987
C:\Users\tprac\Downloads\sahara\sahara\data\raw\fsd50k\FSD50K.dev_audio\89862.wav,glass_break,fsd50k,real,0.0,fsd50k:89862
C:\Users\tprac\Downloads\sahara\sahara\data\raw\fsd50k\FSD50K.dev_audio\89866.wav,glass_break,fsd50k,real,0.0,fsd50k:89866
C:\Users\tprac\Downloads\sahara\sahara\data\raw\fsd50k\FSD50K.dev_audio\89870.wav,glass_break,fsd50k,real,0.0,fsd50k:89870
C:\Users\tprac\Downloads\sahara\sahara\data\raw\fsd50k\FSD50K.dev_audio\88855.wav,glass_break,fsd50k,real,0.0,fsd50k:88855
C:\Users\tprac\Downloads\sahara\sahara\data\raw\fsd50k\FSD50K.dev_audio\88856.wav,glass_break,fsd50k,real,0.0,fsd50k:88856
C:\Users\tprac\Downloads\sahara\sahara\data\raw\fsd50k\FSD50K.dev_audio\88857.wav,glass_break,fsd50k,real,0.0,fsd50k:88857
C:\Users\tprac\Downloads\sahara\sahara\data\raw\fsd50k\FSD50K.dev_audio\88858.wav,glass_break,fsd50k,real,0.0,fsd50k:88858
C:\Users\tprac\Downloads\sahara\sahara\data\raw\fsd50k\FSD50K.dev_audio\88859.wav,glass_break,fsd50k,real,0.0,fsd50k:88859
C:\Users\tprac\Downloads\sahara\sahara\data\raw\fsd50k\FSD50K.dev_audio\242460.wav,glass_break,fsd50k,real,0.0,fsd50k:242460
C:\Users\tprac\Downloads\sahara\sahara\data\raw\fsd50k\FSD50K.dev_audio\89886.wav,glass_break,fsd50k,real,0.0,fsd50k:89886
C:\Users\tprac\Downloads\sahara\sahara\data\raw\fsd50k\FSD50K.dev_audio\88866.wav,glass_break,fsd50k,real,0.0,fsd50k:88866
C:\Users\tprac\Downloads\sahara\sahara\data\raw\fsd50k\FSD50K.dev_audio\88876.wav,glass_break,fsd50k,real,0.0,fsd50k:88876
C:\Users\tprac\Downloads\sahara\sahara\data\raw\fsd50k\FSD50K.dev_audio\88881.wav,glass_break,fsd50k,real,0.0,fsd50k:88881
C:\Users\tprac\Downloads\sahara\sahara\data\raw\fsd50k\FSD50K.dev_audio\88884.wav,glass_break,fsd50k,real,0.0,fsd50k:88884
C:\Users\tprac\Downloads\sahara\sahara\data\raw\fsd50k\FSD50K.dev_audio\89909.wav,glass_break,fsd50k,real,0.0,fsd50k:89909
C:\Users\tprac\Downloads\sahara\sahara\data\raw\fsd50k\FSD50K.dev_audio\88888.wav,glass_break,fsd50k,real,0.0,fsd50k:88888
C:\Users\tprac\Downloads\sahara\sahara\data\raw\fsd50k\FSD50K.dev_audio\132918.wav,glass_break,fsd50k,real,0.0,fsd50k:132918
C:\Users\tprac\Downloads\sahara\sahara\data\raw\fsd50k\FSD50K.dev_audio\88891.wav,glass_break,fsd50k,real,0.0,fsd50k:88891
C:\Users\tprac\Downloads\sahara\sahara\data\raw\fsd50k\FSD50K.dev_audio\88892.wav,glass_break,fsd50k,real,0.0,fsd50k:88892
C:\Users\tprac\Downloads\sahara\sahara\data\raw\fsd50k\FSD50K.dev_audio\88893.wav,glass_break,fsd50k,real,0.0,fsd50k:88893
C:\Users\tprac\Downloads\sahara\sahara\data\raw\fsd50k\FSD50K.dev_audio\89914.wav,glass_break,fsd50k,real,0.0,fsd50k:89914
C:\Users\tprac\Downloads\sahara\sahara\data\raw\fsd50k\FSD50K.dev_audio\89915.wav,glass_break,fsd50k,real,0.0,fsd50k:89915
C:\Users\tprac\Downloads\sahara\sahara\data\raw\fsd50k\FSD50K.dev_audio\88898.wav,glass_break,fsd50k,real,0.0,fsd50k:88898
C:\Users\tprac\Downloads\sahara\sahara\data\raw\fsd50k\FSD50K.dev_audio\89916.wav,glass_break,fsd50k,real,0.0,fsd50k:89916
C:\Users\tprac\Downloads\sahara\sahara\data\raw\fsd50k\FSD50K.dev_audio\88900.wav,glass_break,fsd50k,real,0.0,fsd50k:88900
C:\Users\tprac\Downloads\sahara\sahara\data\raw\fsd50k\FSD50K.dev_audio\89921.wav,glass_break,fsd50k,real,0.0,fsd50k:89921
C:\Users\tprac\Downloads\sahara\sahara\data\raw\fsd50k\FSD50K.dev_audio\88903.wav,glass_break,fsd50k,real,0.0,fsd50k:88903
C:\Users\tprac\Downloads\sahara\sahara\data\raw\fsd50k\FSD50K.dev_audio\89922.wav,glass_break,fsd50k,real,0.0,fsd50k:89922
C:\Users\tprac\Downloads\sahara\sahara\data\raw\fsd50k\FSD50K.dev_audio\89924.wav,glass_break,fsd50k,real,0.0,fsd50k:89924
C:\Users\tprac\Downloads\sahara\sahara\data\raw\fsd50k\FSD50K.dev_audio\166732.wav,glass_break,fsd50k,real,0.0,fsd50k:166732
C:\Users\tprac\Downloads\sahara\sahara\data\raw\fsd50k\FSD50K.dev_audio\89925.wav,glass_break,fsd50k,real,0.0,fsd50k:89925
C:\Users\tprac\Downloads\sahara\sahara\data\raw\fsd50k\FSD50K.dev_audio\88910.wav,glass_break,fsd50k,real,0.0,fsd50k:88910
C:\Users\tprac\Downloads\sahara\sahara\data\raw\fsd50k\FSD50K.dev_audio\88912.wav,glass_break,fsd50k,real,0.0,fsd50k:88912
C:\Users\tprac\Downloads\sahara\sahara\data\raw\fsd50k\FSD50K.dev_audio\88914.wav,glass_break,fsd50k,real,0.0,fsd50k:88914
C:\Users\tprac\Downloads\sahara\sahara\data\raw\fsd50k\FSD50K.dev_audio\88915.wav,glass_break,fsd50k,real,0.0,fsd50k:88915
C:\Users\tprac\Downloads\sahara\sahara\data\raw\fsd50k\FSD50K.dev_audio\238418.wav,glass_break,fsd50k,real,0.0,fsd50k:238418
C:\Users\tprac\Downloads\sahara\sahara\data\raw\fsd50k\FSD50K.dev_audio\71510.wav,glass_break,fsd50k,real,0.0,fsd50k:71510
C:\Users\tprac\Downloads\sahara\sahara\data\raw\fsd50k\FSD50K.dev_audio\208740.wav,glass_break,fsd50k,real,0.0,fsd50k:208740
C:\Users\tprac\Downloads\sahara\sahara\data\raw\fsd50k\FSD50K.dev_audio\208741.wav,glass_break,fsd50k,real,0.0,fsd50k:208741
C:\Users\tprac\Downloads\sahara\sahara\data\raw\fsd50k\FSD50K.dev_audio\259949.wav,glass_break,fsd50k,real,0.0,fsd50k:259949
C:\Users\tprac\Downloads\sahara\sahara\data\raw\fsd50k\FSD50K.dev_audio\88951.wav,glass_break,fsd50k,real,0.0,fsd50k:88951
C:\Users\tprac\Downloads\sahara\sahara\data\raw\fsd50k\FSD50K.dev_audio\88953.wav,glass_break,fsd50k,real,0.0,fsd50k:88953
C:\Users\tprac\Downloads\sahara\sahara\data\raw\fsd50k\FSD50K.dev_audio\63353.wav,glass_break,fsd50k,real,0.0,fsd50k:63353
C:\Users\tprac\Downloads\sahara\sahara\data\raw\fsd50k\FSD50K.dev_audio\88958.wav,glass_break,fsd50k,real,0.0,fsd50k:88958
C:\Users\tprac\Downloads\sahara\sahara\data\raw\fsd50k\FSD50K.dev_audio\88962.wav,glass_break,fsd50k,real,0.0,fsd50k:88962
C:\Users\tprac\Downloads\sahara\sahara\data\raw\fsd50k\FSD50K.dev_audio\353155.wav,glass_break,fsd50k,real,0.0,fsd50k:353155
C:\Users\tprac\Downloads\sahara\sahara\data\raw\fsd50k\FSD50K.dev_audio\88969.wav,glass_break,fsd50k,real,0.0,fsd50k:88969
C:\Users\tprac\Downloads\sahara\sahara\data\raw\fsd50k\FSD50K.dev_audio\65418.wav,glass_break,fsd50k,real,0.0,fsd50k:65418
C:\Users\tprac\Downloads\sahara\sahara\data\raw\fsd50k\FSD50K.dev_audio\88971.wav,glass_break,fsd50k,real,0.0,fsd50k:88971
C:\Users\tprac\Downloads\sahara\sahara\data\raw\fsd50k\FSD50K.dev_audio\88976.wav,glass_break,fsd50k,real,0.0,fsd50k:88976
C:\Users\tprac\Downloads\sahara\sahara\data\raw\fsd50k\FSD50K.dev_audio\112546.wav,glass_break,fsd50k,real,0.0,fsd50k:112546
C:\Users\tprac\Downloads\sahara\sahara\data\raw\fsd50k\FSD50K.dev_audio\126889.wav,glass_break,fsd50k,real,0.0,fsd50k:126889
C:\Users\tprac\Downloads\sahara\sahara\data\raw\fsd50k\FSD50K.dev_audio\324555.wav,glass_break,fsd50k,real,0.0,fsd50k:324555
C:\Users\tprac\Downloads\sahara\sahara\data\raw\fsd50k\FSD50K.dev_audio\9164.wav,glass_break,fsd50k,real,0.0,fsd50k:9164
C:\Users\tprac\Downloads\sahara\sahara\data\raw\fsd50k\FSD50K.dev_audio\324557.wav,glass_break,fsd50k,real,0.0,fsd50k:324557
C:\Users\tprac\Downloads\sahara\sahara\data\raw\fsd50k\FSD50K.dev_audio\377805.wav,glass_break,fsd50k,real,0.0,fsd50k:377805
C:\Users\tprac\Downloads\sahara\sahara\data\raw\fsd50k\FSD50K.dev_audio\219090.wav,glass_break,fsd50k,real,0.0,fsd50k:219090
C:\Users\tprac\Downloads\sahara\sahara\data\raw\fsd50k\FSD50K.dev_audio\378850.wav,glass_break,fsd50k,real,0.0,fsd50k:378850
C:\Users\tprac\Downloads\sahara\sahara\data\raw\fsd50k\FSD50K.dev_audio\179171.wav,glass_break,fsd50k,real,0.0,fsd50k:179171
C:\Users\tprac\Downloads\sahara\sahara\data\raw\fsd50k\FSD50K.dev_audio\179172.wav,glass_break,fsd50k,real,0.0,fsd50k:179172
C:\Users\tprac\Downloads\sahara\sahara\data\raw\fsd50k\FSD50K.dev_audio\179173.wav,glass_break,fsd50k,real,0.0,fsd50k:179173
C:\Users\tprac\Downloads\sahara\sahara\data\raw\fsd50k\FSD50K.dev_audio\179174.wav,glass_break,fsd50k,real,0.0,fsd50k:179174
C:\Users\tprac\Downloads\sahara\sahara\data\raw\fsd50k\FSD50K.dev_audio\179175.wav,glass_break,fsd50k,real,0.0,fsd50k:179175
C:\Users\tprac\Downloads\sahara\sahara\data\raw\fsd50k\FSD50K.dev_audio\9205.wav,glass_break,fsd50k,real,0.0,fsd50k:9205
C:\Users\tprac\Downloads\sahara\sahara\data\raw\fsd50k\FSD50K.dev_audio\360438.wav,glass_break,fsd50k,real,0.0,fsd50k:360438
C:\Users\tprac\Downloads\sahara\sahara\data\raw\fsd50k\FSD50K.dev_audio\120527.wav,glass_break,fsd50k,real,0.0,fsd50k:120527
C:\Users\tprac\Downloads\sahara\sahara\data\raw\fsd50k\FSD50K.dev_audio\120528.wav,glass_break,fsd50k,real,0.0,fsd50k:120528
C:\Users\tprac\Downloads\sahara\sahara\data\raw\fsd50k\FSD50K.dev_audio\163731.wav,glass_break,fsd50k,real,0.0,fsd50k:163731
C:\Users\tprac\Downloads\sahara\sahara\data\raw\fsd50k\FSD50K.dev_audio\434144.wav,glass_break,fsd50k,real,0.0,fsd50k:434144
C:\Users\tprac\Downloads\sahara\sahara\data\raw\fsd50k\FSD50K.dev_audio\109754.wav,glass_break,fsd50k,real,0.0,fsd50k:109754
C:\Users\tprac\Downloads\sahara\sahara\data\raw\fsd50k\FSD50K.dev_audio\416732.wav,glass_break,fsd50k,real,0.0,fsd50k:416732
C:\Users\tprac\Downloads\sahara\sahara\data\raw\fsd50k\FSD50K.dev_audio\433721.wav,glass_break,fsd50k,real,0.0,fsd50k:433721
C:\Users\tprac\Downloads\sahara\sahara\data\raw\fsd50k\FSD50K.dev_audio\367624.wav,glass_break,fsd50k,real,0.0,fsd50k:367624
C:\Users\tprac\Downloads\sahara\sahara\data\raw\fsd50k\FSD50K.dev_audio\355340.wav,glass_break,fsd50k,real,0.0,fsd50k:355340
C:\Users\tprac\Downloads\sahara\sahara\data\raw\fsd50k\FSD50K.dev_audio\249873.wav,glass_break,fsd50k,real,0.0,fsd50k:249873
C:\Users\tprac\Downloads\sahara\sahara\data\raw\fsd50k\FSD50K.dev_audio\254993.wav,glass_break,fsd50k,real,0.0,fsd50k:254993
C:\Users\tprac\Downloads\sahara\sahara\data\raw\fsd50k\FSD50K.dev_audio\179228.wav,glass_break,fsd50k,real,0.0,fsd50k:179228
C:\Users\tprac\Downloads\sahara\sahara\data\raw\fsd50k\FSD50K.dev_audio\179229.wav,glass_break,fsd50k,real,0.0,fsd50k:179229
C:\Users\tprac\Downloads\sahara\sahara\data\raw\fsd50k\FSD50K.dev_audio\179230.wav,glass_break,fsd50k,real,0.0,fsd50k:179230
C:\Users\tprac\Downloads\sahara\sahara\data\raw\fsd50k\FSD50K.dev_audio\179231.wav,glass_break,fsd50k,real,0.0,fsd50k:179231
C:\Users\tprac\Downloads\sahara\sahara\data\raw\fsd50k\FSD50K.dev_audio\179232.wav,glass_break,fsd50k,real,0.0,fsd50k:179232
C:\Users\tprac\Downloads\sahara\sahara\data\raw\fsd50k\FSD50K.dev_audio\179233.wav,glass_break,fsd50k,real,0.0,fsd50k:179233
C:\Users\tprac\Downloads\sahara\sahara\data\raw\fsd50k\FSD50K.dev_audio\179235.wav,glass_break,fsd50k,real,0.0,fsd50k:179235
C:\Users\tprac\Downloads\sahara\sahara\data\raw\fsd50k\FSD50K.dev_audio\179236.wav,glass_break,fsd50k,real,0.0,fsd50k:179236
C:\Users\tprac\Downloads\sahara\sahara\data\raw\fsd50k\FSD50K.dev_audio\324645.wav,glass_break,fsd50k,real,0.0,fsd50k:324645
C:\Users\tprac\Downloads\sahara\sahara\data\raw\fsd50k\FSD50K.dev_audio\179239.wav,glass_break,fsd50k,real,0.0,fsd50k:179239
C:\Users\tprac\Downloads\sahara\sahara\data\raw\fsd50k\FSD50K.dev_audio\179241.wav,glass_break,fsd50k,real,0.0,fsd50k:179241
C:\Users\tprac\Downloads\sahara\sahara\data\raw\fsd50k\FSD50K.dev_audio\179242.wav,glass_break,fsd50k,real,0.0,fsd50k:179242
C:\Users\tprac\Downloads\sahara\sahara\data\raw\fsd50k\FSD50K.dev_audio\322603.wav,glass_break,fsd50k,real,0.0,fsd50k:322603
C:\Users\tprac\Downloads\sahara\sahara\data\raw\fsd50k\FSD50K.dev_audio\195624.wav,glass_break,fsd50k,real,0.0,fsd50k:195624
C:\Users\tprac\Downloads\sahara\sahara\data\raw\fsd50k\FSD50K.dev_audio\68654.wav,glass_break,fsd50k,real,0.0,fsd50k:68654
C:\Users\tprac\Downloads\sahara\sahara\data\raw\fsd50k\FSD50K.dev_audio\179250.wav,glass_break,fsd50k,real,0.0,fsd50k:179250
C:\Users\tprac\Downloads\sahara\sahara\data\raw\fsd50k\FSD50K.dev_audio\179251.wav,glass_break,fsd50k,real,0.0,fsd50k:179251
C:\Users\tprac\Downloads\sahara\sahara\data\raw\fsd50k\FSD50K.dev_audio\179259.wav,glass_break,fsd50k,real,0.0,fsd50k:179259
C:\Users\tprac\Downloads\sahara\sahara\data\raw\fsd50k\FSD50K.dev_audio\179263.wav,glass_break,fsd50k,real,0.0,fsd50k:179263
C:\Users\tprac\Downloads\sahara\sahara\data\raw\fsd50k\FSD50K.dev_audio\179264.wav,glass_break,fsd50k,real,0.0,fsd50k:179264
C:\Users\tprac\Downloads\sahara\sahara\data\raw\fsd50k\FSD50K.dev_audio\371786.wav,glass_break,fsd50k,real,0.0,fsd50k:371786
C:\Users\tprac\Downloads\sahara\sahara\data\raw\fsd50k\FSD50K.dev_audio\272489.wav,glass_break,fsd50k,real,0.0,fsd50k:272489
C:\Users\tprac\Downloads\sahara\sahara\data\raw\fsd50k\FSD50K.dev_audio\85107.wav,glass_break,fsd50k,real,0.0,fsd50k:85107
C:\Users\tprac\Downloads\sahara\sahara\data\raw\fsd50k\FSD50K.dev_audio\194682.wav,glass_break,fsd50k,real,0.0,fsd50k:194682
C:\Users\tprac\Downloads\sahara\sahara\data\raw\fsd50k\FSD50K.dev_audio\194683.wav,glass_break,fsd50k,real,0.0,fsd50k:194683
C:\Users\tprac\Downloads\sahara\sahara\data\raw\fsd50k\FSD50K.dev_audio\194684.wav,glass_break,fsd50k,real,0.0,fsd50k:194684
C:\Users\tprac\Downloads\sahara\sahara\data\raw\fsd50k\FSD50K.dev_audio\194685.wav,glass_break,fsd50k,real,0.0,fsd50k:194685
C:\Users\tprac\Downloads\sahara\sahara\data\raw\fsd50k\FSD50K.dev_audio\233605.wav,glass_break,fsd50k,real,0.0,fsd50k:233605
C:\Users\tprac\Downloads\sahara\sahara\data\raw\fsd50k\FSD50K.dev_audio\233606.wav,glass_break,fsd50k,real,0.0,fsd50k:233606
C:\Users\tprac\Downloads\sahara\sahara\data\raw\fsd50k\FSD50K.dev_audio\233607.wav,glass_break,fsd50k,real,0.0,fsd50k:233607
C:\Users\tprac\Downloads\sahara\sahara\data\raw\fsd50k\FSD50K.dev_audio\255114.wav,glass_break,fsd50k,real,0.0,fsd50k:255114
C:\Users\tprac\Downloads\sahara\sahara\data\raw\fsd50k\FSD50K.dev_audio\145563.wav,glass_break,fsd50k,real,0.0,fsd50k:145563
C:\Users\tprac\Downloads\sahara\sahara\data\raw\fsd50k\FSD50K.dev_audio\213153.wav,glass_break,fsd50k,real,0.0,fsd50k:213153
C:\Users\tprac\Downloads\sahara\sahara\data\raw\fsd50k\FSD50K.dev_audio\213154.wav,glass_break,fsd50k,real,0.0,fsd50k:213154
C:\Users\tprac\Downloads\sahara\sahara\data\raw\fsd50k\FSD50K.dev_audio\213156.wav,glass_break,fsd50k,real,0.0,fsd50k:213156
C:\Users\tprac\Downloads\sahara\sahara\data\raw\fsd50k\FSD50K.dev_audio\213158.wav,glass_break,fsd50k,real,0.0,fsd50k:213158
C:\Users\tprac\Downloads\sahara\sahara\data\raw\fsd50k\FSD50K.dev_audio\213159.wav,glass_break,fsd50k,real,0.0,fsd50k:213159
C:\Users\tprac\Downloads\sahara\sahara\data\raw\fsd50k\FSD50K.dev_audio\213160.wav,glass_break,fsd50k,real,0.0,fsd50k:213160
C:\Users\tprac\Downloads\sahara\sahara\data\raw\fsd50k\FSD50K.dev_audio\213164.wav,glass_break,fsd50k,real,0.0,fsd50k:213164
C:\Users\tprac\Downloads\sahara\sahara\data\raw\fsd50k\FSD50K.dev_audio\213165.wav,glass_break,fsd50k,real,0.0,fsd50k:213165
C:\Users\tprac\Downloads\sahara\sahara\data\raw\fsd50k\FSD50K.dev_audio\85168.wav,glass_break,fsd50k,real,0.0,fsd50k:85168
C:\Users\tprac\Downloads\sahara\sahara\data\raw\fsd50k\FSD50K.dev_audio\270515.wav,glass_break,fsd50k,real,0.0,fsd50k:270515
C:\Users\tprac\Downloads\sahara\sahara\data\raw\fsd50k\FSD50K.dev_audio\270516.wav,glass_break,fsd50k,real,0.0,fsd50k:270516
C:\Users\tprac\Downloads\sahara\sahara\data\raw\fsd50k\FSD50K.dev_audio\270517.wav,glass_break,fsd50k,real,0.0,fsd50k:270517
C:\Users\tprac\Downloads\sahara\sahara\data\raw\fsd50k\FSD50K.dev_audio\270518.wav,glass_break,fsd50k,real,0.0,fsd50k:270518
C:\Users\tprac\Downloads\sahara\sahara\data\raw\fsd50k\FSD50K.dev_audio\344265.wav,glass_break,fsd50k,real,0.0,fsd50k:344265
C:\Users\tprac\Downloads\sahara\sahara\data\raw\fsd50k\FSD50K.dev_audio\344266.wav,glass_break,fsd50k,real,0.0,fsd50k:344266
C:\Users\tprac\Downloads\sahara\sahara\data\raw\fsd50k\FSD50K.dev_audio\344267.wav,glass_break,fsd50k,real,0.0,fsd50k:344267
C:\Users\tprac\Downloads\sahara\sahara\data\raw\fsd50k\FSD50K.dev_audio\344268.wav,glass_break,fsd50k,real,0.0,fsd50k:344268
C:\Users\tprac\Downloads\sahara\sahara\data\raw\fsd50k\FSD50K.dev_audio\344269.wav,glass_break,fsd50k,real,0.0,fsd50k:344269
C:\Users\tprac\Downloads\sahara\sahara\data\raw\fsd50k\FSD50K.dev_audio\115916.wav,glass_break,fsd50k,real,0.0,fsd50k:115916
C:\Users\tprac\Downloads\sahara\sahara\data\raw\fsd50k\FSD50K.dev_audio\255182.wav,glass_break,fsd50k,real,0.0,fsd50k:255182
C:\Users\tprac\Downloads\sahara\sahara\data\raw\fsd50k\FSD50K.dev_audio\115922.wav,glass_break,fsd50k,real,0.0,fsd50k:115922
C:\Users\tprac\Downloads\sahara\sahara\data\raw\fsd50k\FSD50K.dev_audio\71897.wav,glass_break,fsd50k,real,0.0,fsd50k:71897
C:\Users\tprac\Downloads\sahara\sahara\data\raw\fsd50k\FSD50K.dev_audio\216281.wav,glass_break,fsd50k,real,0.0,fsd50k:216281
C:\Users\tprac\Downloads\sahara\sahara\data\raw\fsd50k\FSD50K.dev_audio\216282.wav,glass_break,fsd50k,real,0.0,fsd50k:216282
C:\Users\tprac\Downloads\sahara\sahara\data\raw\fsd50k\FSD50K.dev_audio\426204.wav,glass_break,fsd50k,real,0.0,fsd50k:426204
C:\Users\tprac\Downloads\sahara\sahara\data\raw\fsd50k\FSD50K.dev_audio\426205.wav,glass_break,fsd50k,real,0.0,fsd50k:426205
C:\Users\tprac\Downloads\sahara\sahara\data\raw\fsd50k\FSD50K.dev_audio\216283.wav,glass_break,fsd50k,real,0.0,fsd50k:216283
C:\Users\tprac\Downloads\sahara\sahara\data\raw\fsd50k\FSD50K.dev_audio\216286.wav,glass_break,fsd50k,real,0.0,fsd50k:216286
C:\Users\tprac\Downloads\sahara\sahara\data\raw\fsd50k\FSD50K.dev_audio\216287.wav,glass_break,fsd50k,real,0.0,fsd50k:216287
C:\Users\tprac\Downloads\sahara\sahara\data\raw\fsd50k\FSD50K.dev_audio\216288.wav,glass_break,fsd50k,real,0.0,fsd50k:216288
C:\Users\tprac\Downloads\sahara\sahara\data\raw\fsd50k\FSD50K.dev_audio\216289.wav,glass_break,fsd50k,real,0.0,fsd50k:216289
C:\Users\tprac\Downloads\sahara\sahara\data\raw\fsd50k\FSD50K.dev_audio\199906.wav,glass_break,fsd50k,real,0.0,fsd50k:199906
C:\Users\tprac\Downloads\sahara\sahara\data\raw\fsd50k\FSD50K.dev_audio\216291.wav,glass_break,fsd50k,real,0.0,fsd50k:216291
C:\Users\tprac\Downloads\sahara\sahara\data\raw\fsd50k\FSD50K.dev_audio\216290.wav,glass_break,fsd50k,real,0.0,fsd50k:216290
C:\Users\tprac\Downloads\sahara\sahara\data\raw\fsd50k\FSD50K.dev_audio\216293.wav,glass_break,fsd50k,real,0.0,fsd50k:216293
C:\Users\tprac\Downloads\sahara\sahara\data\raw\fsd50k\FSD50K.dev_audio\216292.wav,glass_break,fsd50k,real,0.0,fsd50k:216292
C:\Users\tprac\Downloads\sahara\sahara\data\raw\fsd50k\FSD50K.dev_audio\216294.wav,glass_break,fsd50k,real,0.0,fsd50k:216294
C:\Users\tprac\Downloads\sahara\sahara\data\raw\fsd50k\FSD50K.dev_audio\216296.wav,glass_break,fsd50k,real,0.0,fsd50k:216296
C:\Users\tprac\Downloads\sahara\sahara\data\raw\fsd50k\FSD50K.dev_audio\216298.wav,glass_break,fsd50k,real,0.0,fsd50k:216298
C:\Users\tprac\Downloads\sahara\sahara\data\raw\fsd50k\FSD50K.dev_audio\434438.wav,glass_break,fsd50k,real,0.0,fsd50k:434438
C:\Users\tprac\Downloads\sahara\sahara\data\raw\fsd50k\FSD50K.dev_audio\434439.wav,glass_break,fsd50k,real,0.0,fsd50k:434439
C:\Users\tprac\Downloads\sahara\sahara\data\raw\fsd50k\FSD50K.dev_audio\434440.wav,glass_break,fsd50k,real,0.0,fsd50k:434440
C:\Users\tprac\Downloads\sahara\sahara\data\raw\fsd50k\FSD50K.dev_audio\93449.wav,glass_break,fsd50k,real,0.0,fsd50k:93449
C:\Users\tprac\Downloads\sahara\sahara\data\raw\fsd50k\FSD50K.dev_audio\434441.wav,glass_break,fsd50k,real,0.0,fsd50k:434441
C:\Users\tprac\Downloads\sahara\sahara\data\raw\fsd50k\FSD50K.dev_audio\434443.wav,glass_break,fsd50k,real,0.0,fsd50k:434443
C:\Users\tprac\Downloads\sahara\sahara\data\raw\fsd50k\FSD50K.dev_audio\434444.wav,glass_break,fsd50k,real,0.0,fsd50k:434444
C:\Users\tprac\Downloads\sahara\sahara\data\raw\fsd50k\FSD50K.dev_audio\368905.wav,glass_break,fsd50k,real,0.0,fsd50k:368905
C:\Users\tprac\Downloads\sahara\sahara\data\raw\fsd50k\FSD50K.dev_audio\434448.wav,glass_break,fsd50k,real,0.0,fsd50k:434448
C:\Users\tprac\Downloads\sahara\sahara\data\raw\fsd50k\FSD50K.dev_audio\434451.wav,glass_break,fsd50k,real,0.0,fsd50k:434451
C:\Users\tprac\Downloads\sahara\sahara\data\raw\fsd50k\FSD50K.dev_audio\387349.wav,glass_break,fsd50k,real,0.0,fsd50k:387349
C:\Users\tprac\Downloads\sahara\sahara\data\raw\fsd50k\FSD50K.dev_audio\434447.wav,glass_break,fsd50k,real,0.0,fsd50k:434447
C:\Users\tprac\Downloads\sahara\sahara\data\raw\fsd50k\FSD50K.dev_audio\368944.wav,glass_break,fsd50k,real,0.0,fsd50k:368944
C:\Users\tprac\Downloads\sahara\sahara\data\raw\fsd50k\FSD50K.dev_audio\223552.wav,glass_break,fsd50k,real,0.0,fsd50k:223552
C:\Users\tprac\Downloads\sahara\sahara\data\raw\fsd50k\FSD50K.dev_audio\214336.wav,glass_break,fsd50k,real,0.0,fsd50k:214336
C:\Users\tprac\Downloads\sahara\sahara\data\raw\fsd50k\FSD50K.dev_audio\260432.wav,glass_break,fsd50k,real,0.0,fsd50k:260432
C:\Users\tprac\Downloads\sahara\sahara\data\raw\fsd50k\FSD50K.dev_audio\260433.wav,glass_break,fsd50k,real,0.0,fsd50k:260433
C:\Users\tprac\Downloads\sahara\sahara\data\raw\fsd50k\FSD50K.dev_audio\204115.wav,glass_break,fsd50k,real,0.0,fsd50k:204115
C:\Users\tprac\Downloads\sahara\sahara\data\raw\fsd50k\FSD50K.dev_audio\204119.wav,glass_break,fsd50k,real,0.0,fsd50k:204119
C:\Users\tprac\Downloads\sahara\sahara\data\raw\fsd50k\FSD50K.dev_audio\204121.wav,glass_break,fsd50k,real,0.0,fsd50k:204121
C:\Users\tprac\Downloads\sahara\sahara\data\raw\fsd50k\FSD50K.dev_audio\221531.wav,glass_break,fsd50k,real,0.0,fsd50k:221531
C:\Users\tprac\Downloads\sahara\sahara\data\raw\fsd50k\FSD50K.dev_audio\221532.wav,glass_break,fsd50k,real,0.0,fsd50k:221532
C:\Users\tprac\Downloads\sahara\sahara\data\raw\fsd50k\FSD50K.dev_audio\221533.wav,glass_break,fsd50k,real,0.0,fsd50k:221533
C:\Users\tprac\Downloads\sahara\sahara\data\raw\fsd50k\FSD50K.dev_audio\204123.wav,glass_break,fsd50k,real,0.0,fsd50k:204123
C:\Users\tprac\Downloads\sahara\sahara\data\raw\fsd50k\FSD50K.dev_audio\204133.wav,glass_break,fsd50k,real,0.0,fsd50k:204133
C:\Users\tprac\Downloads\sahara\sahara\data\raw\fsd50k\FSD50K.dev_audio\347496.wav,glass_break,fsd50k,real,0.0,fsd50k:347496
C:\Users\tprac\Downloads\sahara\sahara\data\raw\fsd50k\FSD50K.dev_audio\204140.wav,glass_break,fsd50k,real,0.0,fsd50k:204140
C:\Users\tprac\Downloads\sahara\sahara\data\raw\fsd50k\FSD50K.dev_audio\204141.wav,glass_break,fsd50k,real,0.0,fsd50k:204141
C:\Users\tprac\Downloads\sahara\sahara\data\raw\fsd50k\FSD50K.dev_audio\204143.wav,glass_break,fsd50k,real,0.0,fsd50k:204143
C:\Users\tprac\Downloads\sahara\sahara\data\raw\fsd50k\FSD50K.dev_audio\204142.wav,glass_break,fsd50k,real,0.0,fsd50k:204142
C:\Users\tprac\Downloads\sahara\sahara\data\raw\fsd50k\FSD50K.dev_audio\162169.wav,glass_break,fsd50k,real,0.0,fsd50k:162169
C:\Users\tprac\Downloads\sahara\sahara\data\raw\fsd50k\FSD50K.dev_audio\65918.wav,glass_break,fsd50k,real,0.0,fsd50k:65918
C:\Users\tprac\Downloads\sahara\sahara\data\raw\fsd50k\FSD50K.dev_audio\371091.wav,glass_break,fsd50k,real,0.0,fsd50k:371091
C:\Users\tprac\Downloads\sahara\sahara\data\raw\fsd50k\FSD50K.dev_audio\371092.wav,glass_break,fsd50k,real,0.0,fsd50k:371092
C:\Users\tprac\Downloads\sahara\sahara\data\raw\fsd50k\FSD50K.dev_audio\378289.wav,glass_break,fsd50k,real,0.0,fsd50k:378289
C:\Users\tprac\Downloads\sahara\sahara\data\raw\fsd50k\FSD50K.dev_audio\158142.wav,glass_break,fsd50k,real,0.0,fsd50k:158142
C:\Users\tprac\Downloads\sahara\sahara\data\raw\fsd50k\FSD50K.dev_audio\378321.wav,glass_break,fsd50k,real,0.0,fsd50k:378321
C:\Users\tprac\Downloads\sahara\sahara\data\raw\fsd50k\FSD50K.dev_audio\270815.wav,glass_break,fsd50k,real,0.0,fsd50k:270815
C:\Users\tprac\Downloads\sahara\sahara\data\raw\fsd50k\FSD50K.dev_audio\270816.wav,glass_break,fsd50k,real,0.0,fsd50k:270816
C:\Users\tprac\Downloads\sahara\sahara\data\raw\fsd50k\FSD50K.dev_audio\92644.wav,glass_break,fsd50k,real,0.0,fsd50k:92644
C:\Users\tprac\Downloads\sahara\sahara\data\raw\fsd50k\FSD50K.dev_audio\164328.wav,glass_break,fsd50k,real,0.0,fsd50k:164328
C:\Users\tprac\Downloads\sahara\sahara\data\raw\fsd50k\FSD50K.dev_audio\164329.wav,glass_break,fsd50k,real,0.0,fsd50k:164329
C:\Users\tprac\Downloads\sahara\sahara\data\raw\fsd50k\FSD50K.dev_audio\164330.wav,glass_break,fsd50k,real,0.0,fsd50k:164330
C:\Users\tprac\Downloads\sahara\sahara\data\raw\fsd50k\FSD50K.dev_audio\173557.wav,glass_break,fsd50k,real,0.0,fsd50k:173557
C:\Users\tprac\Downloads\sahara\sahara\data\raw\fsd50k\FSD50K.dev_audio\173558.wav,glass_break,fsd50k,real,0.0,fsd50k:173558
C:\Users\tprac\Downloads\sahara\sahara\data\raw\fsd50k\FSD50K.dev_audio\173559.wav,glass_break,fsd50k,real,0.0,fsd50k:173559
C:\Users\tprac\Downloads\sahara\sahara\data\raw\fsd50k\FSD50K.dev_audio\246273.wav,glass_break,fsd50k,real,0.0,fsd50k:246273
C:\Users\tprac\Downloads\sahara\sahara\data\raw\fsd50k\FSD50K.dev_audio\420356.wav,glass_break,fsd50k,real,0.0,fsd50k:420356
C:\Users\tprac\Downloads\sahara\sahara\data\raw\fsd50k\FSD50K.dev_audio\323077.wav,glass_break,fsd50k,real,0.0,fsd50k:323077
C:\Users\tprac\Downloads\sahara\sahara\data\raw\fsd50k\FSD50K.dev_audio\173577.wav,glass_break,fsd50k,real,0.0,fsd50k:173577
C:\Users\tprac\Downloads\sahara\sahara\data\raw\fsd50k\FSD50K.dev_audio\173579.wav,glass_break,fsd50k,real,0.0,fsd50k:173579
C:\Users\tprac\Downloads\sahara\sahara\data\raw\fsd50k\FSD50K.dev_audio\173581.wav,glass_break,fsd50k,real,0.0,fsd50k:173581
C:\Users\tprac\Downloads\sahara\sahara\data\raw\fsd50k\FSD50K.dev_audio\244238.wav,glass_break,fsd50k,real,0.0,fsd50k:244238
C:\Users\tprac\Downloads\sahara\sahara\data\raw\fsd50k\FSD50K.dev_audio\173585.wav,glass_break,fsd50k,real,0.0,fsd50k:173585
C:\Users\tprac\Downloads\sahara\sahara\data\raw\fsd50k\FSD50K.dev_audio\173591.wav,glass_break,fsd50k,real,0.0,fsd50k:173591
C:\Users\tprac\Downloads\sahara\sahara\data\raw\fsd50k\FSD50K.dev_audio\173592.wav,glass_break,fsd50k,real,0.0,fsd50k:173592
C:\Users\tprac\Downloads\sahara\sahara\data\raw\fsd50k\FSD50K.dev_audio\173593.wav,glass_break,fsd50k,real,0.0,fsd50k:173593
C:\Users\tprac\Downloads\sahara\sahara\data\raw\fsd50k\FSD50K.dev_audio\173594.wav,glass_break,fsd50k,real,0.0,fsd50k:173594
C:\Users\tprac\Downloads\sahara\sahara\data\raw\fsd50k\FSD50K.dev_audio\173601.wav,glass_break,fsd50k,real,0.0,fsd50k:173601
C:\Users\tprac\Downloads\sahara\sahara\data\raw\fsd50k\FSD50K.dev_audio\173602.wav,glass_break,fsd50k,real,0.0,fsd50k:173602
C:\Users\tprac\Downloads\sahara\sahara\data\raw\fsd50k\FSD50K.dev_audio\173604.wav,glass_break,fsd50k,real,0.0,fsd50k:173604
C:\Users\tprac\Downloads\sahara\sahara\data\raw\fsd50k\FSD50K.dev_audio\173605.wav,glass_break,fsd50k,real,0.0,fsd50k:173605
C:\Users\tprac\Downloads\sahara\sahara\data\raw\fsd50k\FSD50K.dev_audio\173606.wav,glass_break,fsd50k,real,0.0,fsd50k:173606
C:\Users\tprac\Downloads\sahara\sahara\data\raw\fsd50k\FSD50K.dev_audio\173608.wav,glass_break,fsd50k,real,0.0,fsd50k:173608
C:\Users\tprac\Downloads\sahara\sahara\data\raw\fsd50k\FSD50K.dev_audio\173609.wav,glass_break,fsd50k,real,0.0,fsd50k:173609
C:\Users\tprac\Downloads\sahara\sahara\data\raw\fsd50k\FSD50K.dev_audio\173610.wav,glass_break,fsd50k,real,0.0,fsd50k:173610
C:\Users\tprac\Downloads\sahara\sahara\data\raw\fsd50k\FSD50K.dev_audio\173611.wav,glass_break,fsd50k,real,0.0,fsd50k:173611
C:\Users\tprac\Downloads\sahara\sahara\data\raw\fsd50k\FSD50K.dev_audio\390700.wav,glass_break,fsd50k,real,0.0,fsd50k:390700
C:\Users\tprac\Downloads\sahara\sahara\data\raw\fsd50k\FSD50K.dev_audio\85550.wav,glass_break,fsd50k,real,0.0,fsd50k:85550
C:\Users\tprac\Downloads\sahara\sahara\data\raw\fsd50k\FSD50K.dev_audio\173613.wav,glass_break,fsd50k,real,0.0,fsd50k:173613
C:\Users\tprac\Downloads\sahara\sahara\data\raw\fsd50k\FSD50K.dev_audio\173614.wav,glass_break,fsd50k,real,0.0,fsd50k:173614
C:\Users\tprac\Downloads\sahara\sahara\data\raw\fsd50k\FSD50K.dev_audio\390702.wav,glass_break,fsd50k,real,0.0,fsd50k:390702
C:\Users\tprac\Downloads\sahara\sahara\data\raw\fsd50k\FSD50K.dev_audio\173618.wav,glass_break,fsd50k,real,0.0,fsd50k:173618
C:\Users\tprac\Downloads\sahara\sahara\data\raw\fsd50k\FSD50K.dev_audio\390701.wav,glass_break,fsd50k,real,0.0,fsd50k:390701
C:\Users\tprac\Downloads\sahara\sahara\data\raw\fsd50k\FSD50K.dev_audio\390703.wav,glass_break,fsd50k,real,0.0,fsd50k:390703
C:\Users\tprac\Downloads\sahara\sahara\data\raw\fsd50k\FSD50K.dev_audio\390706.wav,glass_break,fsd50k,real,0.0,fsd50k:390706
C:\Users\tprac\Downloads\sahara\sahara\data\raw\fsd50k\FSD50K.dev_audio\173619.wav,glass_break,fsd50k,real,0.0,fsd50k:173619
C:\Users\tprac\Downloads\sahara\sahara\data\raw\fsd50k\FSD50K.dev_audio\127543.wav,glass_break,fsd50k,real,0.0,fsd50k:127543
C:\Users\tprac\Downloads\sahara\sahara\data\raw\fsd50k\FSD50K.dev_audio\84536.wav,glass_break,fsd50k,real,0.0,fsd50k:84536
C:\Users\tprac\Downloads\sahara\sahara\data\raw\fsd50k\FSD50K.dev_audio\173623.wav,glass_break,fsd50k,real,0.0,fsd50k:173623
C:\Users\tprac\Downloads\sahara\sahara\data\raw\fsd50k\FSD50K.dev_audio\173621.wav,glass_break,fsd50k,real,0.0,fsd50k:173621
C:\Users\tprac\Downloads\sahara\sahara\data\raw\fsd50k\FSD50K.dev_audio\173622.wav,glass_break,fsd50k,real,0.0,fsd50k:173622
C:\Users\tprac\Downloads\sahara\sahara\data\raw\fsd50k\FSD50K.dev_audio\390714.wav,glass_break,fsd50k,real,0.0,fsd50k:390714
C:\Users\tprac\Downloads\sahara\sahara\data\raw\fsd50k\FSD50K.dev_audio\390716.wav,glass_break,fsd50k,real,0.0,fsd50k:390716
C:\Users\tprac\Downloads\sahara\sahara\data\raw\fsd50k\FSD50K.dev_audio\390715.wav,glass_break,fsd50k,real,0.0,fsd50k:390715
C:\Users\tprac\Downloads\sahara\sahara\data\raw\fsd50k\FSD50K.dev_audio\390718.wav,glass_break,fsd50k,real,0.0,fsd50k:390718
C:\Users\tprac\Downloads\sahara\sahara\data\raw\fsd50k\FSD50K.dev_audio\390720.wav,glass_break,fsd50k,real,0.0,fsd50k:390720
C:\Users\tprac\Downloads\sahara\sahara\data\raw\fsd50k\FSD50K.dev_audio\390723.wav,glass_break,fsd50k,real,0.0,fsd50k:390723
C:\Users\tprac\Downloads\sahara\sahara\data\raw\fsd50k\FSD50K.dev_audio\390727.wav,glass_break,fsd50k,real,0.0,fsd50k:390727
C:\Users\tprac\Downloads\sahara\sahara\data\raw\fsd50k\FSD50K.dev_audio\390728.wav,glass_break,fsd50k,real,0.0,fsd50k:390728
C:\Users\tprac\Downloads\sahara\sahara\data\raw\fsd50k\FSD50K.dev_audio\366179.wav,glass_break,fsd50k,real,0.0,fsd50k:366179
C:\Users\tprac\Downloads\sahara\sahara\data\raw\fsd50k\FSD50K.dev_audio\203368.wav,glass_break,fsd50k,real,0.0,fsd50k:203368
C:\Users\tprac\Downloads\sahara\sahara\data\raw\fsd50k\FSD50K.dev_audio\203369.wav,glass_break,fsd50k,real,0.0,fsd50k:203369
C:\Users\tprac\Downloads\sahara\sahara\data\raw\fsd50k\FSD50K.dev_audio\203372.wav,glass_break,fsd50k,real,0.0,fsd50k:203372
C:\Users\tprac\Downloads\sahara\sahara\data\raw\fsd50k\FSD50K.dev_audio\203373.wav,glass_break,fsd50k,real,0.0,fsd50k:203373
C:\Users\tprac\Downloads\sahara\sahara\data\raw\fsd50k\FSD50K.dev_audio\203374.wav,glass_break,fsd50k,real,0.0,fsd50k:203374
C:\Users\tprac\Downloads\sahara\sahara\data\raw\fsd50k\FSD50K.dev_audio\430702.wav,glass_break,fsd50k,real,0.0,fsd50k:430702
C:\Users\tprac\Downloads\sahara\sahara\data\raw\fsd50k\FSD50K.dev_audio\148075.wav,glass_break,fsd50k,real,0.0,fsd50k:148075
C:\Users\tprac\Downloads\sahara\sahara\data\raw\fsd50k\FSD50K.dev_audio\203370.wav,glass_break,fsd50k,real,0.0,fsd50k:203370
C:\Users\tprac\Downloads\sahara\sahara\data\raw\fsd50k\FSD50K.dev_audio\203379.wav,glass_break,fsd50k,real,0.0,fsd50k:203379
C:\Users\tprac\Downloads\sahara\sahara\data\raw\fsd50k\FSD50K.dev_audio\203377.wav,glass_break,fsd50k,real,0.0,fsd50k:203377
C:\Users\tprac\Downloads\sahara\sahara\data\raw\fsd50k\FSD50K.dev_audio\321139.wav,glass_break,fsd50k,real,0.0,fsd50k:321139
C:\Users\tprac\Downloads\sahara\sahara\data\raw\fsd50k\FSD50K.dev_audio\320128.wav,glass_break,fsd50k,real,0.0,fsd50k:320128
C:\Users\tprac\Downloads\sahara\sahara\data\raw\fsd50k\FSD50K.dev_audio\278152.wav,glass_break,fsd50k,real,0.0,fsd50k:278152
C:\Users\tprac\Downloads\sahara\sahara\data\raw\fsd50k\FSD50K.dev_audio\353928.wav,glass_break,fsd50k,real,0.0,fsd50k:353928
C:\Users\tprac\Downloads\sahara\sahara\data\raw\fsd50k\FSD50K.dev_audio\408218.wav,glass_break,fsd50k,real,0.0,fsd50k:408218
C:\Users\tprac\Downloads\sahara\sahara\data\raw\fsd50k\FSD50K.dev_audio\174747.wav,glass_break,fsd50k,real,0.0,fsd50k:174747
C:\Users\tprac\Downloads\sahara\sahara\data\raw\fsd50k\FSD50K.dev_audio\174750.wav,glass_break,fsd50k,real,0.0,fsd50k:174750
C:\Users\tprac\Downloads\sahara\sahara\data\raw\fsd50k\FSD50K.dev_audio\192060.wav,glass_break,fsd50k,real,0.0,fsd50k:192060
C:\Users\tprac\Downloads\sahara\sahara\data\raw\fsd50k\FSD50K.dev_audio\30368.wav,glass_break,fsd50k,real,0.0,fsd50k:30368
C:\Users\tprac\Downloads\sahara\sahara\data\raw\fsd50k\FSD50K.dev_audio\390704.wav,glass_break,fsd50k,real,0.0,fsd50k:390704
C:\Users\tprac\Downloads\sahara\sahara\data\raw\fsd50k\FSD50K.dev_audio\390705.wav,glass_break,fsd50k,real,0.0,fsd50k:390705
C:\Users\tprac\Downloads\sahara\sahara\data\raw\fsd50k\FSD50K.dev_audio\164539.wav,glass_break,fsd50k,real,0.0,fsd50k:164539
C:\Users\tprac\Downloads\sahara\sahara\data\raw\fsd50k\FSD50K.dev_audio\219837.wav,glass_break,fsd50k,real,0.0,fsd50k:219837
C:\Users\tprac\Downloads\sahara\sahara\data\raw\fsd50k\FSD50K.dev_audio\164542.wav,glass_break,fsd50k,real,0.0,fsd50k:164542
C:\Users\tprac\Downloads\sahara\sahara\data\raw\fsd50k\FSD50K.dev_audio\164541.wav,glass_break,fsd50k,real,0.0,fsd50k:164541
C:\Users\tprac\Downloads\sahara\sahara\data\raw\fsd50k\FSD50K.dev_audio\219838.wav,glass_break,fsd50k,real,0.0,fsd50k:219838
C:\Users\tprac\Downloads\sahara\sahara\data\raw\fsd50k\FSD50K.dev_audio\272065.wav,glass_break,fsd50k,real,0.0,fsd50k:272065
C:\Users\tprac\Downloads\sahara\sahara\data\raw\fsd50k\FSD50K.dev_audio\219842.wav,glass_break,fsd50k,real,0.0,fsd50k:219842
C:\Users\tprac\Downloads\sahara\sahara\data\raw\fsd50k\FSD50K.dev_audio\219843.wav,glass_break,fsd50k,real,0.0,fsd50k:219843
C:\Users\tprac\Downloads\sahara\sahara\data\raw\fsd50k\FSD50K.dev_audio\219845.wav,glass_break,fsd50k,real,0.0,fsd50k:219845
C:\Users\tprac\Downloads\sahara\sahara\data\raw\fsd50k\FSD50K.dev_audio\368324.wav,glass_break,fsd50k,real,0.0,fsd50k:368324
C:\Users\tprac\Downloads\sahara\sahara\data\raw\fsd50k\FSD50K.dev_audio\368328.wav,glass_break,fsd50k,real,0.0,fsd50k:368328
C:\Users\tprac\Downloads\sahara\sahara\data\raw\fsd50k\FSD50K.dev_audio\368331.wav,glass_break,fsd50k,real,0.0,fsd50k:368331
C:\Users\tprac\Downloads\sahara\sahara\data\raw\fsd50k\FSD50K.dev_audio\368333.wav,glass_break,fsd50k,real,0.0,fsd50k:368333
C:\Users\tprac\Downloads\sahara\sahara\data\raw\fsd50k\FSD50K.dev_audio\349905.wav,glass_break,fsd50k,real,0.0,fsd50k:349905
C:\Users\tprac\Downloads\sahara\sahara\data\raw\fsd50k\FSD50K.dev_audio\368338.wav,glass_break,fsd50k,real,0.0,fsd50k:368338
C:\Users\tprac\Downloads\sahara\sahara\data\raw\fsd50k\FSD50K.dev_audio\368337.wav,glass_break,fsd50k,real,0.0,fsd50k:368337
C:\Users\tprac\Downloads\sahara\sahara\data\raw\fsd50k\FSD50K.dev_audio\368342.wav,glass_break,fsd50k,real,0.0,fsd50k:368342
C:\Users\tprac\Downloads\sahara\sahara\data\raw\fsd50k\FSD50K.dev_audio\368344.wav,glass_break,fsd50k,real,0.0,fsd50k:368344
C:\Users\tprac\Downloads\sahara\sahara\data\raw\fsd50k\FSD50K.dev_audio\212698.wav,glass_break,fsd50k,real,0.0,fsd50k:212698
C:\Users\tprac\Downloads\sahara\sahara\data\raw\fsd50k\FSD50K.dev_audio\368345.wav,glass_break,fsd50k,real,0.0,fsd50k:368345
C:\Users\tprac\Downloads\sahara\sahara\data\raw\fsd50k\FSD50K.dev_audio\84702.wav,glass_break,fsd50k,real,0.0,fsd50k:84702
C:\Users\tprac\Downloads\sahara\sahara\data\raw\fsd50k\FSD50K.dev_audio\368350.wav,glass_break,fsd50k,real,0.0,fsd50k:368350
C:\Users\tprac\Downloads\sahara\sahara\data\raw\fsd50k\FSD50K.dev_audio\84704.wav,glass_break,fsd50k,real,0.0,fsd50k:84704
C:\Users\tprac\Downloads\sahara\sahara\data\raw\fsd50k\FSD50K.dev_audio\84705.wav,glass_break,fsd50k,real,0.0,fsd50k:84705
C:\Users\tprac\Downloads\sahara\sahara\data\raw\fsd50k\FSD50K.dev_audio\368354.wav,glass_break,fsd50k,real,0.0,fsd50k:368354
C:\Users\tprac\Downloads\sahara\sahara\data\raw\fsd50k\FSD50K.dev_audio\368355.wav,glass_break,fsd50k,real,0.0,fsd50k:368355
C:\Users\tprac\Downloads\sahara\sahara\data\raw\fsd50k\FSD50K.dev_audio\88806.wav,glass_break,fsd50k,real,0.0,fsd50k:88806
C:\Users\tprac\Downloads\sahara\sahara\data\raw\fsd50k\FSD50K.dev_audio\368356.wav,glass_break,fsd50k,real,0.0,fsd50k:368356
C:\Users\tprac\Downloads\sahara\sahara\data\raw\fsd50k\FSD50K.dev_audio\88808.wav,glass_break,fsd50k,real,0.0,fsd50k:88808
C:\Users\tprac\Downloads\sahara\sahara\data\raw\fsd50k\FSD50K.dev_audio\88809.wav,glass_break,fsd50k,real,0.0,fsd50k:88809
C:\Users\tprac\Downloads\sahara\sahara\data\raw\fsd50k\FSD50K.dev_audio\406256.wav,glass_break,fsd50k,real,0.0,fsd50k:406256
C:\Users\tprac\Downloads\sahara\sahara\data\raw\fsd50k\FSD50K.dev_audio\118515.wav,glass_break,fsd50k,real,0.0,fsd50k:118515
C:\Users\tprac\Downloads\sahara\sahara\data\raw\fsd50k\FSD50K.dev_audio\362238.wav,glass_break,fsd50k,real,0.0,fsd50k:362238
C:\Users\tprac\Downloads\sahara\sahara\data\raw\fsd50k\FSD50K.dev_audio\89887.wav,glass_break,fsd50k,real,0.0,fsd50k:89887
C:\Users\tprac\Downloads\sahara\sahara\data\raw\fsd50k\FSD50K.dev_audio\89888.wav,glass_break,fsd50k,real,0.0,fsd50k:89888
C:\Users\tprac\Downloads\sahara\sahara\data\raw\fsd50k\FSD50K.dev_audio\89889.wav,glass_break,fsd50k,real,0.0,fsd50k:89889
C:\Users\tprac\Downloads\sahara\sahara\data\raw\fsd50k\FSD50K.dev_audio\89891.wav,glass_break,fsd50k,real,0.0,fsd50k:89891
C:\Users\tprac\Downloads\sahara\sahara\data\raw\fsd50k\FSD50K.dev_audio\219940.wav,glass_break,fsd50k,real,0.0,fsd50k:219940
C:\Users\tprac\Downloads\sahara\sahara\data\raw\fsd50k\FSD50K.dev_audio\89900.wav,glass_break,fsd50k,real,0.0,fsd50k:89900
C:\Users\tprac\Downloads\sahara\sahara\data\raw\fsd50k\FSD50K.dev_audio\89901.wav,glass_break,fsd50k,real,0.0,fsd50k:89901
C:\Users\tprac\Downloads\sahara\sahara\data\raw\fsd50k\FSD50K.dev_audio\89902.wav,glass_break,fsd50k,real,0.0,fsd50k:89902
C:\Users\tprac\Downloads\sahara\sahara\data\raw\fsd50k\FSD50K.dev_audio\89903.wav,glass_break,fsd50k,real,0.0,fsd50k:89903
C:\Users\tprac\Downloads\sahara\sahara\data\raw\fsd50k\FSD50K.dev_audio\89904.wav,glass_break,fsd50k,real,0.0,fsd50k:89904
C:\Users\tprac\Downloads\sahara\sahara\data\raw\fsd50k\FSD50K.dev_audio\89905.wav,glass_break,fsd50k,real,0.0,fsd50k:89905
C:\Users\tprac\Downloads\sahara\sahara\data\raw\fsd50k\FSD50K.dev_audio\362310.wav,glass_break,fsd50k,real,0.0,fsd50k:362310
C:\Users\tprac\Downloads\sahara\sahara\data\raw\fsd50k\FSD50K.dev_audio\250709.wav,glass_break,fsd50k,real,0.0,fsd50k:250709
C:\Users\tprac\Downloads\sahara\sahara\data\raw\fsd50k\FSD50K.dev_audio\250710.wav,glass_break,fsd50k,real,0.0,fsd50k:250710
C:\Users\tprac\Downloads\sahara\sahara\data\raw\fsd50k\FSD50K.dev_audio\88920.wav,glass_break,fsd50k,real,0.0,fsd50k:88920
C:\Users\tprac\Downloads\sahara\sahara\data\raw\fsd50k\FSD50K.dev_audio\88921.wav,glass_break,fsd50k,real,0.0,fsd50k:88921
C:\Users\tprac\Downloads\sahara\sahara\data\raw\fsd50k\FSD50K.dev_audio\88925.wav,glass_break,fsd50k,real,0.0,fsd50k:88925
C:\Users\tprac\Downloads\sahara\sahara\data\raw\fsd50k\FSD50K.dev_audio\88927.wav,glass_break,fsd50k,real,0.0,fsd50k:88927
C:\Users\tprac\Downloads\sahara\sahara\data\raw\fsd50k\FSD50K.dev_audio\88928.wav,glass_break,fsd50k,real,0.0,fsd50k:88928
C:\Users\tprac\Downloads\sahara\sahara\data\raw\fsd50k\FSD50K.dev_audio\68449.wav,glass_break,fsd50k,real,0.0,fsd50k:68449
C:\Users\tprac\Downloads\sahara\sahara\data\raw\fsd50k\FSD50K.dev_audio\88931.wav,glass_break,fsd50k,real,0.0,fsd50k:88931
C:\Users\tprac\Downloads\sahara\sahara\data\raw\fsd50k\FSD50K.dev_audio\88933.wav,glass_break,fsd50k,real,0.0,fsd50k:88933
C:\Users\tprac\Downloads\sahara\sahara\data\raw\fsd50k\FSD50K.dev_audio\88935.wav,glass_break,fsd50k,real,0.0,fsd50k:88935
C:\Users\tprac\Downloads\sahara\sahara\data\raw\fsd50k\FSD50K.dev_audio\88937.wav,glass_break,fsd50k,real,0.0,fsd50k:88937
C:\Users\tprac\Downloads\sahara\sahara\data\raw\fsd50k\FSD50K.dev_audio\88941.wav,glass_break,fsd50k,real,0.0,fsd50k:88941
C:\Users\tprac\Downloads\sahara\sahara\data\raw\fsd50k\FSD50K.dev_audio\88942.wav,glass_break,fsd50k,real,0.0,fsd50k:88942
C:\Users\tprac\Downloads\sahara\sahara\data\raw\fsd50k\FSD50K.dev_audio\88944.wav,glass_break,fsd50k,real,0.0,fsd50k:88944
C:\Users\tprac\Downloads\sahara\sahara\data\raw\fsd50k\FSD50K.dev_audio\92019.wav,glass_break,fsd50k,real,0.0,fsd50k:92019
C:\Users\tprac\Downloads\sahara\sahara\data\raw\fsd50k\FSD50K.dev_audio\88948.wav,glass_break,fsd50k,real,0.0,fsd50k:88948
C:\Users\tprac\Downloads\sahara\sahara\data\raw\fsd50k\FSD50K.dev_audio\88949.wav,glass_break,fsd50k,real,0.0,fsd50k:88949
C:\Users\tprac\Downloads\sahara\sahara\data\raw\fsd50k\FSD50K.dev_audio\204685.wav,glass_break,fsd50k,real,0.0,fsd50k:204685
C:\Users\tprac\Downloads\sahara\sahara\data\raw\fsd50k\FSD50K.dev_audio\204686.wav,glass_break,fsd50k,real,0.0,fsd50k:204686
C:\Users\tprac\Downloads\sahara\sahara\data\raw\fsd50k\FSD50K.dev_audio\204687.wav,glass_break,fsd50k,real,0.0,fsd50k:204687
C:\Users\tprac\Downloads\sahara\sahara\data\raw\fsd50k\FSD50K.dev_audio\204692.wav,glass_break,fsd50k,real,0.0,fsd50k:204692
C:\Users\tprac\Downloads\sahara\sahara\data\raw\fsd50k\FSD50K.dev_audio\42900.wav,glass_break,fsd50k,real,0.0,fsd50k:42900
C:\Users\tprac\Downloads\sahara\sahara\data\raw\fsd50k\FSD50K.dev_audio\42902.wav,glass_break,fsd50k,real,0.0,fsd50k:42902
C:\Users\tprac\Downloads\sahara\sahara\data\raw\fsd50k\FSD50K.dev_audio\42901.wav,glass_break,fsd50k,real,0.0,fsd50k:42901
C:\Users\tprac\Downloads\sahara\sahara\data\raw\fsd50k\FSD50K.dev_audio\204694.wav,glass_break,fsd50k,real,0.0,fsd50k:204694
C:\Users\tprac\Downloads\sahara\sahara\data\raw\fsd50k\FSD50K.dev_audio\204695.wav,glass_break,fsd50k,real,0.0,fsd50k:204695
C:\Users\tprac\Downloads\sahara\sahara\data\raw\fsd50k\FSD50K.dev_audio\42904.wav,glass_break,fsd50k,real,0.0,fsd50k:42904
C:\Users\tprac\Downloads\sahara\sahara\data\raw\fsd50k\FSD50K.dev_audio\204697.wav,glass_break,fsd50k,real,0.0,fsd50k:204697
C:\Users\tprac\Downloads\sahara\sahara\data\raw\fsd50k\FSD50K.dev_audio\42906.wav,glass_break,fsd50k,real,0.0,fsd50k:42906
C:\Users\tprac\Downloads\sahara\sahara\data\raw\fsd50k\FSD50K.dev_audio\42907.wav,glass_break,fsd50k,real,0.0,fsd50k:42907
C:\Users\tprac\Downloads\sahara\sahara\data\raw\fsd50k\FSD50K.dev_audio\42903.wav,glass_break,fsd50k,real,0.0,fsd50k:42903
C:\Users\tprac\Downloads\sahara\sahara\data\raw\fsd50k\FSD50K.dev_audio\126877.wav,glass_break,fsd50k,real,0.0,fsd50k:126877
C:\Users\tprac\Downloads\sahara\sahara\data\raw\fsd50k\FSD50K.dev_audio\204699.wav,glass_break,fsd50k,real,0.0,fsd50k:204699
C:\Users\tprac\Downloads\sahara\sahara\data\raw\fsd50k\FSD50K.dev_audio\156578.wav,glass_break,fsd50k,real,0.0,fsd50k:156578
C:\Users\tprac\Downloads\sahara\sahara\data\raw\fsd50k\FSD50K.dev_audio\327591.wav,glass_break,fsd50k,real,0.0,fsd50k:327591
C:\Users\tprac\Downloads\sahara\sahara\data\raw\fsd50k\FSD50K.dev_audio\144321.wav,glass_break,fsd50k,real,0.0,fsd50k:144321
C:\Users\tprac\Downloads\sahara\sahara\data\raw\fsd50k\FSD50K.dev_audio\348106.wav,glass_break,fsd50k,real,0.0,fsd50k:348106
C:\Users\tprac\Downloads\sahara\sahara\data\raw\fsd50k\FSD50K.dev_audio\66519.wav,glass_break,fsd50k,real,0.0,fsd50k:66519
C:\Users\tprac\Downloads\sahara\sahara\data\raw\fsd50k\FSD50K.dev_audio\66520.wav,glass_break,fsd50k,real,0.0,fsd50k:66520
C:\Users\tprac\Downloads\sahara\sahara\data\raw\fsd50k\FSD50K.dev_audio\256993.wav,glass_break,fsd50k,real,0.0,fsd50k:256993
C:\Users\tprac\Downloads\sahara\sahara\data\raw\fsd50k\FSD50K.dev_audio\383988.wav,glass_break,fsd50k,real,0.0,fsd50k:383988
C:\Users\tprac\Downloads\sahara\sahara\data\raw\fsd50k\FSD50K.dev_audio\160759.wav,glass_break,fsd50k,real,0.0,fsd50k:160759
C:\Users\tprac\Downloads\sahara\sahara\data\raw\fsd50k\FSD50K.dev_audio\41348.wav,glass_break,fsd50k,real,0.0,fsd50k:41348
C:\Users\tprac\Downloads\sahara\sahara\data\raw\fsd50k\FSD50K.dev_audio\328611.wav,glass_break,fsd50k,real,0.0,fsd50k:328611
C:\Users\tprac\Downloads\sahara\sahara\data\raw\fsd50k\FSD50K.dev_audio\159197.wav,glass_break,fsd50k,real,0.0,fsd50k:159197
C:\Users\tprac\Downloads\sahara\sahara\data\raw\fsd50k\FSD50K.dev_audio\245410.wav,glass_break,fsd50k,real,0.0,fsd50k:245410
C:\Users\tprac\Downloads\sahara\sahara\data\raw\fsd50k\FSD50K.dev_audio\401619.wav,glass_break,fsd50k,real,0.0,fsd50k:401619
C:\Users\tprac\Downloads\sahara\sahara\data\raw\fsd50k\FSD50K.dev_audio\353626.wav,glass_break,fsd50k,real,0.0,fsd50k:353626
C:\Users\tprac\Downloads\sahara\sahara\data\raw\fsd50k\FSD50K.dev_audio\147867.wav,glass_break,fsd50k,real,0.0,fsd50k:147867
C:\Users\tprac\Downloads\sahara\sahara\data\raw\fsd50k\FSD50K.dev_audio\321143.wav,glass_break,fsd50k,real,0.0,fsd50k:321143
C:\Users\tprac\Downloads\sahara\sahara\data\raw\fsd50k\FSD50K.dev_audio\326422.wav,glass_break,fsd50k,real,0.0,fsd50k:326422
C:\Users\tprac\Downloads\sahara\sahara\data\raw\fsd50k\FSD50K.dev_audio\276938.wav,glass_break,fsd50k,real,0.0,fsd50k:276938
C:\Users\tprac\Downloads\sahara\sahara\data\raw\fsd50k\FSD50K.dev_audio\276939.wav,glass_break,fsd50k,real,0.0,fsd50k:276939
C:\Users\tprac\Downloads\sahara\sahara\data\raw\fsd50k\FSD50K.dev_audio\216001.wav,glass_break,fsd50k,real,0.0,fsd50k:216001
C:\Users\tprac\Downloads\sahara\sahara\data\raw\fsd50k\FSD50K.dev_audio\244925.wav,glass_break,fsd50k,real,0.0,fsd50k:244925
C:\Users\tprac\Downloads\sahara\sahara\data\raw\fsd50k\FSD50K.dev_audio\135039.wav,glass_break,fsd50k,real,0.0,fsd50k:135039
C:\Users\tprac\Downloads\sahara\sahara\data\raw\fsd50k\FSD50K.dev_audio\89604.wav,glass_break,fsd50k,real,0.0,fsd50k:89604
C:\Users\tprac\Downloads\sahara\sahara\data\raw\fsd50k\FSD50K.dev_audio\379440.wav,glass_break,fsd50k,real,0.0,fsd50k:379440
C:\Users\tprac\Downloads\sahara\sahara\data\raw\fsd50k\FSD50K.dev_audio\60475.wav,glass_break,fsd50k,real,0.0,fsd50k:60475
C:\Users\tprac\Downloads\sahara\sahara\data\raw\fsd50k\FSD50K.dev_audio\181716.wav,glass_break,fsd50k,real,0.0,fsd50k:181716
C:\Users\tprac\Downloads\sahara\sahara\data\raw\fsd50k\FSD50K.dev_audio\259553.wav,glass_break,fsd50k,real,0.0,fsd50k:259553
C:\Users\tprac\Downloads\sahara\sahara\data\raw\fsd50k\FSD50K.dev_audio\238409.wav,glass_break,fsd50k,real,0.0,fsd50k:238409
C:\Users\tprac\Downloads\sahara\sahara\data\raw\fsd50k\FSD50K.dev_audio\366205.wav,glass_break,fsd50k,real,0.0,fsd50k:366205
C:\Users\tprac\Downloads\sahara\sahara\data\raw\fsd50k\FSD50K.dev_audio\100021.wav,glass_break,fsd50k,real,0.0,fsd50k:100021
C:\Users\tprac\Downloads\sahara\sahara\data\raw\fsd50k\FSD50K.dev_audio\407434.wav,glass_break,fsd50k,real,0.0,fsd50k:407434
C:\Users\tprac\Downloads\sahara\sahara\data\raw\fsd50k\FSD50K.dev_audio\339017.wav,glass_break,fsd50k,real,0.0,fsd50k:339017
C:\Users\tprac\Downloads\sahara\sahara\data\raw\fsd50k\FSD50K.dev_audio\379408.wav,glass_break,fsd50k,real,0.0,fsd50k:379408
C:\Users\tprac\Downloads\sahara\sahara\data\raw\fsd50k\FSD50K.dev_audio\182510.wav,glass_break,fsd50k,real,0.0,fsd50k:182510
C:\Users\tprac\Downloads\sahara\sahara\data\raw\fsd50k\FSD50K.dev_audio\60470.wav,glass_break,fsd50k,real,0.0,fsd50k:60470
C:\Users\tprac\Downloads\sahara\sahara\data\raw\fsd50k\FSD50K.dev_audio\60471.wav,glass_break,fsd50k,real,0.0,fsd50k:60471
C:\Users\tprac\Downloads\sahara\sahara\data\raw\fsd50k\FSD50K.dev_audio\60473.wav,glass_break,fsd50k,real,0.0,fsd50k:60473
C:\Users\tprac\Downloads\sahara\sahara\data\raw\fsd50k\FSD50K.dev_audio\60477.wav,glass_break,fsd50k,real,0.0,fsd50k:60477
C:\Users\tprac\Downloads\sahara\sahara\data\raw\fsd50k\FSD50K.dev_audio\60476.wav,glass_break,fsd50k,real,0.0,fsd50k:60476
C:\Users\tprac\Downloads\sahara\sahara\data\raw\fsd50k\FSD50K.dev_audio\60474.wav,glass_break,fsd50k,real,0.0,fsd50k:60474
C:\Users\tprac\Downloads\sahara\sahara\data\raw\fsd50k\FSD50K.dev_audio\60469.wav,glass_break,fsd50k,real,0.0,fsd50k:60469
C:\Users\tprac\Downloads\sahara\sahara\data\raw\fsd50k\FSD50K.dev_audio\240785.wav,glass_break,fsd50k,real,0.0,fsd50k:240785
C:\Users\tprac\Downloads\sahara\sahara\data\raw\fsd50k\FSD50K.dev_audio\214189.wav,glass_break,fsd50k,real,0.0,fsd50k:214189
C:\Users\tprac\Downloads\sahara\sahara\data\raw\fsd50k\FSD50K.dev_audio\214190.wav,glass_break,fsd50k,real,0.0,fsd50k:214190
C:\Users\tprac\Downloads\sahara\sahara\data\raw\fsd50k\FSD50K.dev_audio\214191.wav,glass_break,fsd50k,real,0.0,fsd50k:214191
C:\Users\tprac\Downloads\sahara\sahara\data\raw\fsd50k\FSD50K.dev_audio\214192.wav,glass_break,fsd50k,real,0.0,fsd50k:214192
C:\Users\tprac\Downloads\sahara\sahara\data\raw\fsd50k\FSD50K.dev_audio\94681.wav,glass_break,fsd50k,real,0.0,fsd50k:94681
C:\Users\tprac\Downloads\sahara\sahara\data\raw\fsd50k\FSD50K.dev_audio\94686.wav,glass_break,fsd50k,real,0.0,fsd50k:94686
C:\Users\tprac\Downloads\sahara\sahara\data\raw\fsd50k\FSD50K.dev_audio\414218.wav,glass_break,fsd50k,real,0.0,fsd50k:414218
C:\Users\tprac\Downloads\sahara\sahara\data\raw\fsd50k\FSD50K.dev_audio\414220.wav,glass_break,fsd50k,real,0.0,fsd50k:414220
C:\Users\tprac\Downloads\sahara\sahara\data\raw\fsd50k\FSD50K.dev_audio\414221.wav,glass_break,fsd50k,real,0.0,fsd50k:414221
C:\Users\tprac\Downloads\sahara\sahara\data\raw\fsd50k\FSD50K.dev_audio\414222.wav,glass_break,fsd50k,real,0.0,fsd50k:414222
C:\Users\tprac\Downloads\sahara\sahara\data\raw\fsd50k\FSD50K.dev_audio\414223.wav,glass_break,fsd50k,real,0.0,fsd50k:414223
C:\Users\tprac\Downloads\sahara\sahara\data\raw\fsd50k\FSD50K.dev_audio\414225.wav,glass_break,fsd50k,real,0.0,fsd50k:414225
C:\Users\tprac\Downloads\sahara\sahara\data\raw\fsd50k\FSD50K.dev_audio\325254.wav,glass_break,fsd50k,real,0.0,fsd50k:325254
C:\Users\tprac\Downloads\sahara\sahara\data\raw\fsd50k\FSD50K.dev_audio\322406.wav,glass_break,fsd50k,real,0.0,fsd50k:322406
C:\Users\tprac\Downloads\sahara\sahara\data\raw\fsd50k\FSD50K.dev_audio\322407.wav,glass_break,fsd50k,real,0.0,fsd50k:322407
C:\Users\tprac\Downloads\sahara\sahara\data\raw\fsd50k\FSD50K.dev_audio\255208.wav,glass_break,fsd50k,real,0.0,fsd50k:255208
C:\Users\tprac\Downloads\sahara\sahara\data\raw\fsd50k\FSD50K.dev_audio\365519.wav,glass_break,fsd50k,real,0.0,fsd50k:365519
C:\Users\tprac\Downloads\sahara\sahara\data\raw\fsd50k\FSD50K.dev_audio\233381.wav,glass_break,fsd50k,real,0.0,fsd50k:233381
C:\Users\tprac\Downloads\sahara\sahara\data\raw\fsd50k\FSD50K.dev_audio\233586.wav,glass_break,fsd50k,real,0.0,fsd50k:233586
C:\Users\tprac\Downloads\sahara\sahara\data\raw\fsd50k\FSD50K.dev_audio\394795.wav,glass_break,fsd50k,real,0.0,fsd50k:394795
C:\Users\tprac\Downloads\sahara\sahara\data\raw\fsd50k\FSD50K.dev_audio\380669.wav,glass_break,fsd50k,real,0.0,fsd50k:380669
C:\Users\tprac\Downloads\sahara\sahara\data\raw\fsd50k\FSD50K.dev_audio\94202.wav,glass_break,fsd50k,real,0.0,fsd50k:94202
C:\Users\tprac\Downloads\sahara\sahara\data\raw\fsd50k\FSD50K.dev_audio\94203.wav,glass_break,fsd50k,real,0.0,fsd50k:94203
C:\Users\tprac\Downloads\sahara\sahara\data\raw\fsd50k\FSD50K.dev_audio\329557.wav,glass_break,fsd50k,real,0.0,fsd50k:329557
C:\Users\tprac\Downloads\sahara\sahara\data\raw\fsd50k\FSD50K.dev_audio\326669.wav,glass_break,fsd50k,real,0.0,fsd50k:326669
C:\Users\tprac\Downloads\sahara\sahara\data\raw\fsd50k\FSD50K.dev_audio\365734.wav,glass_break,fsd50k,real,0.0,fsd50k:365734
C:\Users\tprac\Downloads\sahara\sahara\data\raw\fsd50k\FSD50K.dev_audio\419471.wav,glass_break,fsd50k,real,0.0,fsd50k:419471
C:\Users\tprac\Downloads\sahara\sahara\data\raw\fsd50k\FSD50K.dev_audio\176227.wav,glass_break,fsd50k,real,0.0,fsd50k:176227
C:\Users\tprac\Downloads\sahara\sahara\data\raw\fsd50k\FSD50K.dev_audio\365194.wav,glass_break,fsd50k,real,0.0,fsd50k:365194
C:\Users\tprac\Downloads\sahara\sahara\data\raw\fsd50k\FSD50K.dev_audio\69245.wav,glass_break,fsd50k,real,0.0,fsd50k:69245
C:\Users\tprac\Downloads\sahara\sahara\data\raw\fsd50k\FSD50K.dev_audio\74753.wav,glass_break,fsd50k,real,0.0,fsd50k:74753
C:\Users\tprac\Downloads\sahara\sahara\data\raw\fsd50k\FSD50K.dev_audio\60468.wav,glass_break,fsd50k,real,0.0,fsd50k:60468
C:\Users\tprac\Downloads\sahara\sahara\data\raw\fsd50k\FSD50K.dev_audio\417339.wav,glass_break,fsd50k,real,0.0,fsd50k:417339
C:\Users\tprac\Downloads\sahara\sahara\data\raw\fsd50k\FSD50K.dev_audio\126531.wav,glass_break,fsd50k,real,0.0,fsd50k:126531
C:\Users\tprac\Downloads\sahara\sahara\data\raw\fsd50k\FSD50K.dev_audio\94790.wav,glass_break,fsd50k,real,0.0,fsd50k:94790
C:\Users\tprac\Downloads\sahara\sahara\data\raw\fsd50k\FSD50K.dev_audio\346697.wav,glass_break,fsd50k,real,0.0,fsd50k:346697
C:\Users\tprac\Downloads\sahara\sahara\data\raw\fsd50k\FSD50K.dev_audio\346698.wav,glass_break,fsd50k,real,0.0,fsd50k:346698
C:\Users\tprac\Downloads\sahara\sahara\data\raw\fsd50k\FSD50K.dev_audio\346701.wav,glass_break,fsd50k,real,0.0,fsd50k:346701
C:\Users\tprac\Downloads\sahara\sahara\data\raw\fsd50k\FSD50K.dev_audio\94792.wav,glass_break,fsd50k,real,0.0,fsd50k:94792
C:\Users\tprac\Downloads\sahara\sahara\data\raw\fsd50k\FSD50K.dev_audio\54362.wav,glass_break,fsd50k,real,0.0,fsd50k:54362
C:\Users\tprac\Downloads\sahara\sahara\data\raw\fsd50k\FSD50K.dev_audio\272478.wav,glass_break,fsd50k,real,0.0,fsd50k:272478
C:\Users\tprac\Downloads\sahara\sahara\data\raw\fsd50k\FSD50K.dev_audio\272480.wav,glass_break,fsd50k,real,0.0,fsd50k:272480
C:\Users\tprac\Downloads\sahara\sahara\data\raw\fsd50k\FSD50K.dev_audio\176226.wav,glass_break,fsd50k,real,0.0,fsd50k:176226
C:\Users\tprac\Downloads\sahara\sahara\data\raw\fsd50k\FSD50K.dev_audio\123008.wav,glass_break,fsd50k,real,0.0,fsd50k:123008
C:\Users\tprac\Downloads\sahara\sahara\data\raw\fsd50k\FSD50K.dev_audio\325252.wav,glass_break,fsd50k,real,0.0,fsd50k:325252
C:\Users\tprac\Downloads\sahara\sahara\data\raw\fsd50k\FSD50K.dev_audio\32905.wav,glass_break,fsd50k,real,0.0,fsd50k:32905
C:\Users\tprac\Downloads\sahara\sahara\data\raw\fsd50k\FSD50K.dev_audio\31373.wav,glass_break,fsd50k,real,0.0,fsd50k:31373
C:\Users\tprac\Downloads\sahara\sahara\data\raw\fsd50k\FSD50K.dev_audio\31374.wav,glass_break,fsd50k,real,0.0,fsd50k:31374
C:\Users\tprac\Downloads\sahara\sahara\data\raw\fsd50k\FSD50K.dev_audio\32918.wav,glass_break,fsd50k,real,0.0,fsd50k:32918
C:\Users\tprac\Downloads\sahara\sahara\data\raw\fsd50k\FSD50K.dev_audio\214186.wav,glass_break,fsd50k,real,0.0,fsd50k:214186
C:\Users\tprac\Downloads\sahara\sahara\data\raw\fsd50k\FSD50K.dev_audio\419503.wav,glass_break,fsd50k,real,0.0,fsd50k:419503
C:\Users\tprac\Downloads\sahara\sahara\data\raw\fsd50k\FSD50K.dev_audio\339638.wav,glass_break,fsd50k,real,0.0,fsd50k:339638
C:\Users\tprac\Downloads\sahara\sahara\data\raw\fsd50k\FSD50K.dev_audio\339639.wav,glass_break,fsd50k,real,0.0,fsd50k:339639
C:\Users\tprac\Downloads\sahara\sahara\data\raw\fsd50k\FSD50K.dev_audio\339640.wav,glass_break,fsd50k,real,0.0,fsd50k:339640
C:\Users\tprac\Downloads\sahara\sahara\data\raw\fsd50k\FSD50K.dev_audio\339641.wav,glass_break,fsd50k,real,0.0,fsd50k:339641
C:\Users\tprac\Downloads\sahara\sahara\data\raw\fsd50k\FSD50K.dev_audio\339642.wav,glass_break,fsd50k,real,0.0,fsd50k:339642
C:\Users\tprac\Downloads\sahara\sahara\data\raw\fsd50k\FSD50K.dev_audio\406718.wav,glass_break,fsd50k,real,0.0,fsd50k:406718
C:\Users\tprac\Downloads\sahara\sahara\data\raw\fsd50k\FSD50K.dev_audio\339645.wav,glass_break,fsd50k,real,0.0,fsd50k:339645
C:\Users\tprac\Downloads\sahara\sahara\data\raw\fsd50k\FSD50K.dev_audio\339648.wav,glass_break,fsd50k,real,0.0,fsd50k:339648
C:\Users\tprac\Downloads\sahara\sahara\data\raw\fsd50k\FSD50K.dev_audio\339653.wav,glass_break,fsd50k,real,0.0,fsd50k:339653
C:\Users\tprac\Downloads\sahara\sahara\data\raw\fsd50k\FSD50K.dev_audio\339654.wav,glass_break,fsd50k,real,0.0,fsd50k:339654
C:\Users\tprac\Downloads\sahara\sahara\data\raw\fsd50k\FSD50K.dev_audio\339655.wav,glass_break,fsd50k,real,0.0,fsd50k:339655
C:\Users\tprac\Downloads\sahara\sahara\data\raw\fsd50k\FSD50K.dev_audio\339656.wav,glass_break,fsd50k,real,0.0,fsd50k:339656
C:\Users\tprac\Downloads\sahara\sahara\data\raw\fsd50k\FSD50K.dev_audio\339657.wav,glass_break,fsd50k,real,0.0,fsd50k:339657
C:\Users\tprac\Downloads\sahara\sahara\data\raw\fsd50k\FSD50K.dev_audio\94405.wav,glass_break,fsd50k,real,0.0,fsd50k:94405
C:\Users\tprac\Downloads\sahara\sahara\data\raw\fsd50k\FSD50K.dev_audio\339651.wav,glass_break,fsd50k,real,0.0,fsd50k:339651
C:\Users\tprac\Downloads\sahara\sahara\data\raw\fsd50k\FSD50K.dev_audio\211156.wav,glass_break,fsd50k,real,0.0,fsd50k:211156
C:\Users\tprac\Downloads\sahara\sahara\data\raw\fsd50k\FSD50K.dev_audio\211159.wav,glass_break,fsd50k,real,0.0,fsd50k:211159
C:\Users\tprac\Downloads\sahara\sahara\data\raw\fsd50k\FSD50K.dev_audio\211160.wav,glass_break,fsd50k,real,0.0,fsd50k:211160
C:\Users\tprac\Downloads\sahara\sahara\data\raw\fsd50k\FSD50K.dev_audio\316643.wav,glass_break,fsd50k,real,0.0,fsd50k:316643
C:\Users\tprac\Downloads\sahara\sahara\data\raw\fsd50k\FSD50K.dev_audio\20197.wav,glass_break,fsd50k,real,0.0,fsd50k:20197
C:\Users\tprac\Downloads\sahara\sahara\data\raw\fsd50k\FSD50K.dev_audio\365799.wav,glass_break,fsd50k,real,0.0,fsd50k:365799
C:\Users\tprac\Downloads\sahara\sahara\data\raw\fsd50k\FSD50K.dev_audio\212721.wav,glass_break,fsd50k,real,0.0,fsd50k:212721
C:\Users\tprac\Downloads\sahara\sahara\data\raw\fsd50k\FSD50K.dev_audio\212722.wav,glass_break,fsd50k,real,0.0,fsd50k:212722
C:\Users\tprac\Downloads\sahara\sahara\data\raw\fsd50k\FSD50K.dev_audio\233715.wav,glass_break,fsd50k,real,0.0,fsd50k:233715
C:\Users\tprac\Downloads\sahara\sahara\data\raw\fsd50k\FSD50K.dev_audio\212723.wav,glass_break,fsd50k,real,0.0,fsd50k:212723
C:\Users\tprac\Downloads\sahara\sahara\data\raw\fsd50k\FSD50K.dev_audio\118520.wav,glass_break,fsd50k,real,0.0,fsd50k:118520
C:\Users\tprac\Downloads\sahara\sahara\data\raw\fsd50k\FSD50K.dev_audio\204045.wav,glass_break,fsd50k,real,0.0,fsd50k:204045
C:\Users\tprac\Downloads\sahara\sahara\data\raw\fsd50k\FSD50K.dev_audio\158991.wav,glass_break,fsd50k,real,0.0,fsd50k:158991
C:\Users\tprac\Downloads\sahara\sahara\data\raw\fsd50k\FSD50K.dev_audio\158995.wav,glass_break,fsd50k,real,0.0,fsd50k:158995
C:\Users\tprac\Downloads\sahara\sahara\data\raw\fsd50k\FSD50K.dev_audio\174863.wav,glass_break,fsd50k,real,0.0,fsd50k:174863
C:\Users\tprac\Downloads\sahara\sahara\data\raw\fsd50k\FSD50K.dev_audio\158997.wav,glass_break,fsd50k,real,0.0,fsd50k:158997
C:\Users\tprac\Downloads\sahara\sahara\data\raw\fsd50k\FSD50K.dev_audio\159002.wav,glass_break,fsd50k,real,0.0,fsd50k:159002
C:\Users\tprac\Downloads\sahara\sahara\data\raw\fsd50k\FSD50K.dev_audio\159004.wav,glass_break,fsd50k,real,0.0,fsd50k:159004
C:\Users\tprac\Downloads\sahara\sahara\data\raw\fsd50k\FSD50K.dev_audio\159005.wav,glass_break,fsd50k,real,0.0,fsd50k:159005
C:\Users\tprac\Downloads\sahara\sahara\data\raw\fsd50k\FSD50K.dev_audio\348958.wav,glass_break,fsd50k,real,0.0,fsd50k:348958
C:\Users\tprac\Downloads\sahara\sahara\data\raw\fsd50k\FSD50K.dev_audio\159008.wav,glass_break,fsd50k,real,0.0,fsd50k:159008
C:\Users\tprac\Downloads\sahara\sahara\data\raw\fsd50k\FSD50K.dev_audio\35631.wav,glass_break,fsd50k,real,0.0,fsd50k:35631
C:\Users\tprac\Downloads\sahara\sahara\data\raw\fsd50k\FSD50K.dev_audio\339647.wav,glass_break,fsd50k,real,0.0,fsd50k:339647
C:\Users\tprac\Downloads\sahara\sahara\data\raw\fsd50k\FSD50K.dev_audio\379189.wav,glass_break,fsd50k,real,0.0,fsd50k:379189
C:\Users\tprac\Downloads\sahara\sahara\data\raw\fsd50k\FSD50K.dev_audio\379192.wav,glass_break,fsd50k,real,0.0,fsd50k:379192
C:\Users\tprac\Downloads\sahara\sahara\data\raw\fsd50k\FSD50K.dev_audio\379198.wav,glass_break,fsd50k,real,0.0,fsd50k:379198
C:\Users\tprac\Downloads\sahara\sahara\data\raw\fsd50k\FSD50K.dev_audio\352065.wav,glass_break,fsd50k,real,0.0,fsd50k:352065
C:\Users\tprac\Downloads\sahara\sahara\data\raw\fsd50k\FSD50K.dev_audio\188225.wav,glass_break,fsd50k,real,0.0,fsd50k:188225
C:\Users\tprac\Downloads\sahara\sahara\data\raw\fsd50k\FSD50K.dev_audio\250695.wav,glass_break,fsd50k,real,0.0,fsd50k:250695
C:\Users\tprac\Downloads\sahara\sahara\data\raw\fsd50k\FSD50K.dev_audio\352071.wav,glass_break,fsd50k,real,0.0,fsd50k:352071
C:\Users\tprac\Downloads\sahara\sahara\data\raw\fsd50k\FSD50K.dev_audio\352069.wav,glass_break,fsd50k,real,0.0,fsd50k:352069
C:\Users\tprac\Downloads\sahara\sahara\data\raw\fsd50k\FSD50K.dev_audio\250692.wav,glass_break,fsd50k,real,0.0,fsd50k:250692
C:\Users\tprac\Downloads\sahara\sahara\data\raw\fsd50k\FSD50K.dev_audio\406716.wav,glass_break,fsd50k,real,0.0,fsd50k:406716
C:\Users\tprac\Downloads\sahara\sahara\data\raw\fsd50k\FSD50K.dev_audio\337235.wav,glass_break,fsd50k,real,0.0,fsd50k:337235
C:\Users\tprac\Downloads\sahara\sahara\data\raw\fsd50k\FSD50K.dev_audio\337234.wav,glass_break,fsd50k,real,0.0,fsd50k:337234
C:\Users\tprac\Downloads\sahara\sahara\data\raw\fsd50k\FSD50K.dev_audio\119133.wav,glass_break,fsd50k,real,0.0,fsd50k:119133
C:\Users\tprac\Downloads\sahara\sahara\data\raw\fsd50k\FSD50K.dev_audio\406719.wav,glass_break,fsd50k,real,0.0,fsd50k:406719
C:\Users\tprac\Downloads\sahara\sahara\data\raw\fsd50k\FSD50K.dev_audio\322405.wav,glass_break,fsd50k,real,0.0,fsd50k:322405
C:\Users\tprac\Downloads\sahara\sahara\data\raw\fsd50k\FSD50K.dev_audio\406720.wav,glass_break,fsd50k,real,0.0,fsd50k:406720
C:\Users\tprac\Downloads\sahara\sahara\data\raw\fsd50k\FSD50K.dev_audio\141680.wav,glass_break,fsd50k,real,0.0,fsd50k:141680
C:\Users\tprac\Downloads\sahara\sahara\data\raw\fsd50k\FSD50K.dev_audio\406722.wav,glass_break,fsd50k,real,0.0,fsd50k:406722
C:\Users\tprac\Downloads\sahara\sahara\data\raw\fsd50k\FSD50K.dev_audio\108408.wav,glass_break,fsd50k,real,0.0,fsd50k:108408
C:\Users\tprac\Downloads\sahara\sahara\data\raw\fsd50k\FSD50K.dev_audio\235903.wav,glass_break,fsd50k,real,0.0,fsd50k:235903
C:\Users\tprac\Downloads\sahara\sahara\data\raw\fsd50k\FSD50K.dev_audio\378275.wav,glass_break,fsd50k,real,0.0,fsd50k:378275
C:\Users\tprac\Downloads\sahara\sahara\data\raw\fsd50k\FSD50K.dev_audio\203172.wav,glass_break,fsd50k,real,0.0,fsd50k:203172
C:\Users\tprac\Downloads\sahara\sahara\data\raw\fsd50k\FSD50K.dev_audio\59317.wav,glass_break,fsd50k,real,0.0,fsd50k:59317
C:\Users\tprac\Downloads\sahara\sahara\data\raw\fsd50k\FSD50K.dev_audio\59318.wav,glass_break,fsd50k,real,0.0,fsd50k:59318
C:\Users\tprac\Downloads\sahara\sahara\data\raw\fsd50k\FSD50K.dev_audio\15285.wav,glass_break,fsd50k,real,0.0,fsd50k:15285
C:\Users\tprac\Downloads\sahara\sahara\data\raw\fsd50k\FSD50K.dev_audio\378328.wav,glass_break,fsd50k,real,0.0,fsd50k:378328
C:\Users\tprac\Downloads\sahara\sahara\data\raw\fsd50k\FSD50K.dev_audio\94683.wav,glass_break,fsd50k,real,0.0,fsd50k:94683
C:\Users\tprac\Downloads\sahara\sahara\data\raw\fsd50k\FSD50K.dev_audio\378332.wav,glass_break,fsd50k,real,0.0,fsd50k:378332
C:\Users\tprac\Downloads\sahara\sahara\data\raw\fsd50k\FSD50K.dev_audio\94684.wav,glass_break,fsd50k,real,0.0,fsd50k:94684
C:\Users\tprac\Downloads\sahara\sahara\data\raw\fsd50k\FSD50K.dev_audio\378846.wav,glass_break,fsd50k,real,0.0,fsd50k:378846
C:\Users\tprac\Downloads\sahara\sahara\data\raw\fsd50k\FSD50K.dev_audio\94689.wav,glass_break,fsd50k,real,0.0,fsd50k:94689
C:\Users\tprac\Downloads\sahara\sahara\data\raw\fsd50k\FSD50K.dev_audio\378852.wav,glass_break,fsd50k,real,0.0,fsd50k:378852
C:\Users\tprac\Downloads\sahara\sahara\data\raw\fsd50k\FSD50K.dev_audio\94688.wav,glass_break,fsd50k,real,0.0,fsd50k:94688
C:\Users\tprac\Downloads\sahara\sahara\data\raw\fsd50k\FSD50K.dev_audio\419303.wav,glass_break,fsd50k,real,0.0,fsd50k:419303
C:\Users\tprac\Downloads\sahara\sahara\data\raw\fsd50k\FSD50K.dev_audio\378867.wav,glass_break,fsd50k,real,0.0,fsd50k:378867
C:\Users\tprac\Downloads\sahara\sahara\data\raw\fsd50k\FSD50K.dev_audio\89588.wav,glass_break,fsd50k,real,0.0,fsd50k:89588
C:\Users\tprac\Downloads\sahara\sahara\data\raw\fsd50k\FSD50K.dev_audio\378868.wav,glass_break,fsd50k,real,0.0,fsd50k:378868
C:\Users\tprac\Downloads\sahara\sahara\data\raw\fsd50k\FSD50K.dev_audio\383926.wav,glass_break,fsd50k,real,0.0,fsd50k:383926
C:\Users\tprac\Downloads\sahara\sahara\data\raw\fsd50k\FSD50K.dev_audio\341068.wav,glass_break,fsd50k,real,0.0,fsd50k:341068
C:\Users\tprac\Downloads\sahara\sahara\data\raw\fsd50k\FSD50K.dev_audio\178178.wav,glass_break,fsd50k,real,0.0,fsd50k:178178
C:\Users\tprac\Downloads\sahara\sahara\data\raw\fsd50k\FSD50K.dev_audio\355336.wav,glass_break,fsd50k,real,0.0,fsd50k:355336
C:\Users\tprac\Downloads\sahara\sahara\data\raw\fsd50k\FSD50K.dev_audio\269483.wav,glass_break,fsd50k,real,0.0,fsd50k:269483
C:\Users\tprac\Downloads\sahara\sahara\data\raw\fsd50k\FSD50K.dev_audio\67041.wav,glass_break,fsd50k,real,0.0,fsd50k:67041
C:\Users\tprac\Downloads\sahara\sahara\data\raw\fsd50k\FSD50K.dev_audio\110459.wav,glass_break,fsd50k,real,0.0,fsd50k:110459
C:\Users\tprac\Downloads\sahara\sahara\data\raw\fsd50k\FSD50K.dev_audio\404477.wav,glass_break,fsd50k,real,0.0,fsd50k:404477
C:\Users\tprac\Downloads\sahara\sahara\data\raw\fsd50k\FSD50K.dev_audio\263619.wav,glass_break,fsd50k,real,0.0,fsd50k:263619
C:\Users\tprac\Downloads\sahara\sahara\data\raw\fsd50k\FSD50K.dev_audio\191489.wav,glass_break,fsd50k,real,0.0,fsd50k:191489
C:\Users\tprac\Downloads\sahara\sahara\data\raw\fsd50k\FSD50K.dev_audio\186531.wav,glass_break,fsd50k,real,0.0,fsd50k:186531
C:\Users\tprac\Downloads\sahara\sahara\data\raw\fsd50k\FSD50K.dev_audio\429234.wav,glass_break,fsd50k,real,0.0,fsd50k:429234
C:\Users\tprac\Downloads\sahara\sahara\data\raw\fsd50k\FSD50K.dev_audio\368130.wav,glass_break,fsd50k,real,0.0,fsd50k:368130
C:\Users\tprac\Downloads\sahara\sahara\data\raw\fsd50k\FSD50K.dev_audio\401620.wav,glass_break,fsd50k,real,0.0,fsd50k:401620
C:\Users\tprac\Downloads\sahara\sahara\data\raw\fsd50k\FSD50K.dev_audio\428165.wav,glass_break,fsd50k,real,0.0,fsd50k:428165
C:\Users\tprac\Downloads\sahara\sahara\data\raw\fsd50k\FSD50K.dev_audio\321283.wav,glass_break,fsd50k,real,0.0,fsd50k:321283
C:\Users\tprac\Downloads\sahara\sahara\data\raw\fsd50k\FSD50K.dev_audio\321290.wav,glass_break,fsd50k,real,0.0,fsd50k:321290
C:\Users\tprac\Downloads\sahara\sahara\data\raw\fsd50k\FSD50K.dev_audio\72203.wav,glass_break,fsd50k,real,0.0,fsd50k:72203
C:\Users\tprac\Downloads\sahara\sahara\data\raw\fsd50k\FSD50K.eval_audio\325534.wav,glass_break,fsd50k,real,0.0,fsd50k:325534
C:\Users\tprac\Downloads\sahara\sahara\data\raw\fsd50k\FSD50K.eval_audio\199922.wav,glass_break,fsd50k,real,0.0,fsd50k:199922
C:\Users\tprac\Downloads\sahara\sahara\data\raw\fsd50k\FSD50K.eval_audio\25458.wav,glass_break,fsd50k,real,0.0,fsd50k:25458
C:\Users\tprac\Downloads\sahara\sahara\data\raw\fsd50k\FSD50K.eval_audio\328146.wav,glass_break,fsd50k,real,0.0,fsd50k:328146
C:\Users\tprac\Downloads\sahara\sahara\data\raw\fsd50k\FSD50K.eval_audio\402935.wav,glass_break,fsd50k,real,0.0,fsd50k:402935
C:\Users\tprac\Downloads\sahara\sahara\data\raw\fsd50k\FSD50K.eval_audio\353105.wav,glass_break,fsd50k,real,0.0,fsd50k:353105
C:\Users\tprac\Downloads\sahara\sahara\data\raw\fsd50k\FSD50K.eval_audio\241880.wav,glass_break,fsd50k,real,0.0,fsd50k:241880
C:\Users\tprac\Downloads\sahara\sahara\data\raw\fsd50k\FSD50K.eval_audio\244245.wav,glass_break,fsd50k,real,0.0,fsd50k:244245
C:\Users\tprac\Downloads\sahara\sahara\data\raw\fsd50k\FSD50K.eval_audio\344396.wav,glass_break,fsd50k,real,0.0,fsd50k:344396
C:\Users\tprac\Downloads\sahara\sahara\data\raw\fsd50k\FSD50K.eval_audio\94641.wav,glass_break,fsd50k,real,0.0,fsd50k:94641
C:\Users\tprac\Downloads\sahara\sahara\data\raw\fsd50k\FSD50K.eval_audio\134747.wav,glass_break,fsd50k,real,0.0,fsd50k:134747
C:\Users\tprac\Downloads\sahara\sahara\data\raw\fsd50k\FSD50K.eval_audio\408708.wav,glass_break,fsd50k,real,0.0,fsd50k:408708
C:\Users\tprac\Downloads\sahara\sahara\data\raw\fsd50k\FSD50K.eval_audio\277530.wav,glass_break,fsd50k,real,0.0,fsd50k:277530
C:\Users\tprac\Downloads\sahara\sahara\data\raw\fsd50k\FSD50K.eval_audio\365562.wav,glass_break,fsd50k,real,0.0,fsd50k:365562
C:\Users\tprac\Downloads\sahara\sahara\data\raw\fsd50k\FSD50K.eval_audio\178398.wav,glass_break,fsd50k,real,0.0,fsd50k:178398
C:\Users\tprac\Downloads\sahara\sahara\data\raw\fsd50k\FSD50K.eval_audio\422263.wav,glass_break,fsd50k,real,0.0,fsd50k:422263
C:\Users\tprac\Downloads\sahara\sahara\data\raw\fsd50k\FSD50K.eval_audio\17146.wav,glass_break,fsd50k,real,0.0,fsd50k:17146
C:\Users\tprac\Downloads\sahara\sahara\data\raw\fsd50k\FSD50K.eval_audio\154466.wav,glass_break,fsd50k,real,0.0,fsd50k:154466
C:\Users\tprac\Downloads\sahara\sahara\data\raw\fsd50k\FSD50K.eval_audio\187463.wav,glass_break,fsd50k,real,0.0,fsd50k:187463
C:\Users\tprac\Downloads\sahara\sahara\data\raw\fsd50k\FSD50K.eval_audio\31462.wav,glass_break,fsd50k,real,0.0,fsd50k:31462
C:\Users\tprac\Downloads\sahara\sahara\data\raw\fsd50k\FSD50K.eval_audio\41461.wav,glass_break,fsd50k,real,0.0,fsd50k:41461
C:\Users\tprac\Downloads\sahara\sahara\data\raw\fsd50k\FSD50K.eval_audio\365964.wav,glass_break,fsd50k,real,0.0,fsd50k:365964
C:\Users\tprac\Downloads\sahara\sahara\data\raw\fsd50k\FSD50K.eval_audio\414297.wav,glass_break,fsd50k,real,0.0,fsd50k:414297
C:\Users\tprac\Downloads\sahara\sahara\data\raw\fsd50k\FSD50K.eval_audio\403578.wav,glass_break,fsd50k,real,0.0,fsd50k:403578
C:\Users\tprac\Downloads\sahara\sahara\data\raw\fsd50k\FSD50K.eval_audio\187468.wav,glass_break,fsd50k,real,0.0,fsd50k:187468
C:\Users\tprac\Downloads\sahara\sahara\data\raw\fsd50k\FSD50K.eval_audio\124287.wav,glass_break,fsd50k,real,0.0,fsd50k:124287
C:\Users\tprac\Downloads\sahara\sahara\data\raw\fsd50k\FSD50K.eval_audio\81121.wav,glass_break,fsd50k,real,0.0,fsd50k:81121
C:\Users\tprac\Downloads\sahara\sahara\data\raw\fsd50k\FSD50K.eval_audio\17118.wav,glass_break,fsd50k,real,0.0,fsd50k:17118
C:\Users\tprac\Downloads\sahara\sahara\data\raw\fsd50k\FSD50K.eval_audio\188009.wav,glass_break,fsd50k,real,0.0,fsd50k:188009
C:\Users\tprac\Downloads\sahara\sahara\data\raw\fsd50k\FSD50K.eval_audio\173946.wav,glass_break,fsd50k,real,0.0,fsd50k:173946
C:\Users\tprac\Downloads\sahara\sahara\data\raw\fsd50k\FSD50K.eval_audio\232176.wav,glass_break,fsd50k,real,0.0,fsd50k:232176
C:\Users\tprac\Downloads\sahara\sahara\data\raw\fsd50k\FSD50K.eval_audio\343756.wav,glass_break,fsd50k,real,0.0,fsd50k:343756
C:\Users\tprac\Downloads\sahara\sahara\data\raw\fsd50k\FSD50K.eval_audio\98054.wav,glass_break,fsd50k,real,0.0,fsd50k:98054
C:\Users\tprac\Downloads\sahara\sahara\data\raw\fsd50k\FSD50K.eval_audio\315647.wav,glass_break,fsd50k,real,0.0,fsd50k:315647
C:\Users\tprac\Downloads\sahara\sahara\data\raw\fsd50k\FSD50K.eval_audio\144115.wav,glass_break,fsd50k,real,0.0,fsd50k:144115
C:\Users\tprac\Downloads\sahara\sahara\data\raw\fsd50k\FSD50K.eval_audio\356312.wav,glass_break,fsd50k,real,0.0,fsd50k:356312
C:\Users\tprac\Downloads\sahara\sahara\data\raw\fsd50k\FSD50K.eval_audio\330800.wav,glass_break,fsd50k,real,0.0,fsd50k:330800
C:\Users\tprac\Downloads\sahara\sahara\data\raw\fsd50k\FSD50K.eval_audio\386906.wav,glass_break,fsd50k,real,0.0,fsd50k:386906
C:\Users\tprac\Downloads\sahara\sahara\data\raw\fsd50k\FSD50K.eval_audio\378568.wav,glass_break,fsd50k,real,0.0,fsd50k:378568
C:\Users\tprac\Downloads\sahara\sahara\data\raw\fsd50k\FSD50K.eval_audio\171998.wav,glass_break,fsd50k,real,0.0,fsd50k:171998
C:\Users\tprac\Downloads\sahara\sahara\data\raw\fsd50k\FSD50K.eval_audio\78484.wav,glass_break,fsd50k,real,0.0,fsd50k:78484
C:\Users\tprac\Downloads\sahara\sahara\data\raw\fsd50k\FSD50K.eval_audio\204185.wav,glass_break,fsd50k,real,0.0,fsd50k:204185
C:\Users\tprac\Downloads\sahara\sahara\data\raw\fsd50k\FSD50K.eval_audio\341070.wav,glass_break,fsd50k,real,0.0,fsd50k:341070
C:\Users\tprac\Downloads\sahara\sahara\data\raw\fsd50k\FSD50K.eval_audio\338691.wav,glass_break,fsd50k,real,0.0,fsd50k:338691
C:\Users\tprac\Downloads\sahara\sahara\data\raw\fsd50k\FSD50K.eval_audio\257642.wav,glass_break,fsd50k,real,0.0,fsd50k:257642
C:\Users\tprac\Downloads\sahara\sahara\data\raw\fsd50k\FSD50K.eval_audio\376462.wav,glass_break,fsd50k,real,0.0,fsd50k:376462
C:\Users\tprac\Downloads\sahara\sahara\data\raw\fsd50k\FSD50K.eval_audio\366595.wav,glass_break,fsd50k,real,0.0,fsd50k:366595
C:\Users\tprac\Downloads\sahara\sahara\data\raw\fsd50k\FSD50K.eval_audio\177959.wav,glass_break,fsd50k,real,0.0,fsd50k:177959
C:\Users\tprac\Downloads\sahara\sahara\data\raw\fsd50k\FSD50K.eval_audio\33629.wav,glass_break,fsd50k,real,0.0,fsd50k:33629
C:\Users\tprac\Downloads\sahara\sahara\data\raw\fsd50k\FSD50K.eval_audio\34201.wav,glass_break,fsd50k,real,0.0,fsd50k:34201
C:\Users\tprac\Downloads\sahara\sahara\data\raw\fsd50k\FSD50K.eval_audio\396270.wav,glass_break,fsd50k,real,0.0,fsd50k:396270
C:\Users\tprac\Downloads\sahara\sahara\data\raw\fsd50k\FSD50K.eval_audio\136629.wav,glass_break,fsd50k,real,0.0,fsd50k:136629
C:\Users\tprac\Downloads\sahara\sahara\data\raw\fsd50k\FSD50K.eval_audio\77529.wav,glass_break,fsd50k,real,0.0,fsd50k:77529
C:\Users\tprac\Downloads\sahara\sahara\data\raw\fsd50k\FSD50K.eval_audio\406112.wav,glass_break,fsd50k,real,0.0,fsd50k:406112
C:\Users\tprac\Downloads\sahara\sahara\data\raw\fsd50k\FSD50K.eval_audio\414047.wav,glass_break,fsd50k,real,0.0,fsd50k:414047
C:\Users\tprac\Downloads\sahara\sahara\data\raw\fsd50k\FSD50K.eval_audio\20133.wav,glass_break,fsd50k,real,0.0,fsd50k:20133
C:\Users\tprac\Downloads\sahara\sahara\data\raw\fsd50k\FSD50K.eval_audio\347648.wav,glass_break,fsd50k,real,0.0,fsd50k:347648
C:\Users\tprac\Downloads\sahara\sahara\data\raw\fsd50k\FSD50K.eval_audio\141563.wav,glass_break,fsd50k,real,0.0,fsd50k:141563
C:\Users\tprac\Downloads\sahara\sahara\data\raw\fsd50k\FSD50K.eval_audio\267573.wav,glass_break,fsd50k,real,0.0,fsd50k:267573
C:\Users\tprac\Downloads\sahara\sahara\data\raw\fsd50k\FSD50K.eval_audio\388526.wav,glass_break,fsd50k,real,0.0,fsd50k:388526
C:\Users\tprac\Downloads\sahara\sahara\data\raw\fsd50k\FSD50K.eval_audio\326565.wav,glass_break,fsd50k,real,0.0,fsd50k:326565
C:\Users\tprac\Downloads\sahara\sahara\data\raw\fsd50k\FSD50K.eval_audio\208656.wav,glass_break,fsd50k,real,0.0,fsd50k:208656
C:\Users\tprac\Downloads\sahara\sahara\data\raw\fsd50k\FSD50K.eval_audio\315648.wav,glass_break,fsd50k,real,0.0,fsd50k:315648
C:\Users\tprac\Downloads\sahara\sahara\data\raw\fsd50k\FSD50K.eval_audio\342568.wav,glass_break,fsd50k,real,0.0,fsd50k:342568
C:\Users\tprac\Downloads\sahara\sahara\data\raw\fsd50k\FSD50K.eval_audio\32880.wav,glass_break,fsd50k,real,0.0,fsd50k:32880
C:\Users\tprac\Downloads\sahara\sahara\data\raw\fsd50k\FSD50K.eval_audio\338692.wav,glass_break,fsd50k,real,0.0,fsd50k:338692
C:\Users\tprac\Downloads\sahara\sahara\data\raw\fsd50k\FSD50K.eval_audio\217172.wav,glass_break,fsd50k,real,0.0,fsd50k:217172
C:\Users\tprac\Downloads\sahara\sahara\data\raw\fsd50k\FSD50K.eval_audio\186767.wav,glass_break,fsd50k,real,0.0,fsd50k:186767
C:\Users\tprac\Downloads\sahara\sahara\data\raw\fsd50k\FSD50K.eval_audio\98055.wav,glass_break,fsd50k,real,0.0,fsd50k:98055
C:\Users\tprac\Downloads\sahara\sahara\data\raw\fsd50k\FSD50K.eval_audio\98378.wav,glass_break,fsd50k,real,0.0,fsd50k:98378
C:\Users\tprac\Downloads\sahara\sahara\data\raw\fsd50k\FSD50K.eval_audio\34202.wav,glass_break,fsd50k,real,0.0,fsd50k:34202
C:\Users\tprac\Downloads\sahara\sahara\data\raw\fsd50k\FSD50K.eval_audio\77533.wav,glass_break,fsd50k,real,0.0,fsd50k:77533
C:\Users\tprac\Downloads\sahara\sahara\data\raw\fsd50k\FSD50K.eval_audio\77530.wav,glass_break,fsd50k,real,0.0,fsd50k:77530
C:\Users\tprac\Downloads\sahara\sahara\data\raw\fsd50k\FSD50K.eval_audio\361341.wav,glass_break,fsd50k,real,0.0,fsd50k:361341
C:\Users\tprac\Downloads\sahara\sahara\data\raw\fsd50k\FSD50K.eval_audio\106881.wav,glass_break,fsd50k,real,0.0,fsd50k:106881
C:\Users\tprac\Downloads\sahara\sahara\data\raw\fsd50k\FSD50K.eval_audio\409297.wav,glass_break,fsd50k,real,0.0,fsd50k:409297
C:\Users\tprac\Downloads\sahara\sahara\data\raw\fsd50k\FSD50K.eval_audio\385946.wav,glass_break,fsd50k,real,0.0,fsd50k:385946
C:\Users\tprac\Downloads\sahara\sahara\data\raw\fsd50k\FSD50K.eval_audio\404923.wav,glass_break,fsd50k,real,0.0,fsd50k:404923
C:\Users\tprac\Downloads\sahara\sahara\data\raw\fsd50k\FSD50K.eval_audio\77531.wav,glass_break,fsd50k,real,0.0,fsd50k:77531
C:\Users\tprac\Downloads\sahara\sahara\data\raw\fsd50k\FSD50K.eval_audio\209996.wav,glass_break,fsd50k,real,0.0,fsd50k:209996
C:\Users\tprac\Downloads\sahara\sahara\data\raw\fsd50k\FSD50K.eval_audio\343391.wav,glass_break,fsd50k,real,0.0,fsd50k:343391
C:\Users\tprac\Downloads\sahara\sahara\data\raw\fsd50k\FSD50K.eval_audio\346173.wav,glass_break,fsd50k,real,0.0,fsd50k:346173
C:\Users\tprac\Downloads\sahara\sahara\data\raw\fsd50k\FSD50K.eval_audio\352746.wav,glass_break,fsd50k,real,0.0,fsd50k:352746
C:\Users\tprac\Downloads\sahara\sahara\data\raw\fsd50k\FSD50K.eval_audio\338694.wav,glass_break,fsd50k,real,0.0,fsd50k:338694
C:\Users\tprac\Downloads\sahara\sahara\data\raw\fsd50k\FSD50K.eval_audio\367448.wav,glass_break,fsd50k,real,0.0,fsd50k:367448
C:\Users\tprac\Downloads\sahara\sahara\data\raw\fsd50k\FSD50K.eval_audio\189575.wav,glass_break,fsd50k,real,0.0,fsd50k:189575
C:\Users\tprac\Downloads\sahara\sahara\data\raw\fsd50k\FSD50K.eval_audio\77528.wav,glass_break,fsd50k,real,0.0,fsd50k:77528
C:\Users\tprac\Downloads\sahara\sahara\data\raw\fsd50k\FSD50K.eval_audio\171994.wav,glass_break,fsd50k,real,0.0,fsd50k:171994
C:\Users\tprac\Downloads\sahara\sahara\data\raw\fsd50k\FSD50K.eval_audio\427788.wav,glass_break,fsd50k,real,0.0,fsd50k:427788
C:\Users\tprac\Downloads\sahara\sahara\data\raw\fsd50k\FSD50K.eval_audio\51734.wav,glass_break,fsd50k,real,0.0,fsd50k:51734
C:\Users\tprac\Downloads\sahara\sahara\data\raw\fsd50k\FSD50K.eval_audio\422240.wav,glass_break,fsd50k,real,0.0,fsd50k:422240
C:\Users\tprac\Downloads\sahara\sahara\data\raw\fsd50k\FSD50K.eval_audio\231297.wav,glass_break,fsd50k,real,0.0,fsd50k:231297
C:\Users\tprac\Downloads\sahara\sahara\data\raw\fsd50k\FSD50K.eval_audio\369070.wav,glass_break,fsd50k,real,0.0,fsd50k:369070
C:\Users\tprac\Downloads\sahara\sahara\data\raw\fsd50k\FSD50K.eval_audio\979.wav,glass_break,fsd50k,real,0.0,fsd50k:979
C:\Users\tprac\Downloads\sahara\sahara\data\raw\fsd50k\FSD50K.eval_audio\391327.wav,glass_break,fsd50k,real,0.0,fsd50k:391327
C:\Users\tprac\Downloads\sahara\sahara\data\raw\fsd50k\FSD50K.eval_audio\97669.wav,glass_break,fsd50k,real,0.0,fsd50k:97669
C:\Users\tprac\Downloads\sahara\sahara\data\raw\fsd50k\FSD50K.eval_audio\315646.wav,glass_break,fsd50k,real,0.0,fsd50k:315646
C:\Users\tprac\Downloads\sahara\sahara\data\raw\fsd50k\FSD50K.eval_audio\407589.wav,glass_break,fsd50k,real,0.0,fsd50k:407589
C:\Users\tprac\Downloads\sahara\sahara\data\raw\fsd50k\FSD50K.eval_audio\407431.wav,glass_break,fsd50k,real,0.0,fsd50k:407431
C:\Users\tprac\Downloads\sahara\sahara\data\raw\fsd50k\FSD50K.eval_audio\222763.wav,glass_break,fsd50k,real,0.0,fsd50k:222763
C:\Users\tprac\Downloads\sahara\sahara\data\raw\fsd50k\FSD50K.eval_audio\236291.wav,glass_break,fsd50k,real,0.0,fsd50k:236291
C:\Users\tprac\Downloads\sahara\sahara\data\raw\fsd50k\FSD50K.eval_audio\417998.wav,glass_break,fsd50k,real,0.0,fsd50k:417998
C:\Users\tprac\Downloads\sahara\sahara\data\raw\fsd50k\FSD50K.eval_audio\424740.wav,glass_break,fsd50k,real,0.0,fsd50k:424740
C:\Users\tprac\Downloads\sahara\sahara\data\raw\fsd50k\FSD50K.eval_audio\122814.wav,glass_break,fsd50k,real,0.0,fsd50k:122814
C:\Users\tprac\Downloads\sahara\sahara\data\raw\fsd50k\FSD50K.eval_audio\345134.wav,glass_break,fsd50k,real,0.0,fsd50k:345134
C:\Users\tprac\Downloads\sahara\sahara\data\raw\fsd50k\FSD50K.eval_audio\210299.wav,glass_break,fsd50k,real,0.0,fsd50k:210299
C:\Users\tprac\Downloads\sahara\sahara\data\raw\fsd50k\FSD50K.eval_audio\163419.wav,glass_break,fsd50k,real,0.0,fsd50k:163419
C:\Users\tprac\Downloads\sahara\sahara\data\raw\fsd50k\FSD50K.eval_audio\349691.wav,glass_break,fsd50k,real,0.0,fsd50k:349691
C:\Users\tprac\Downloads\sahara\sahara\data\raw\fsd50k\FSD50K.eval_audio\172364.wav,glass_break,fsd50k,real,0.0,fsd50k:172364
C:\Users\tprac\Downloads\sahara\sahara\data\raw\fsd50k\FSD50K.eval_audio\423005.wav,glass_break,fsd50k,real,0.0,fsd50k:423005
C:\Users\tprac\Downloads\sahara\sahara\data\raw\fsd50k\FSD50K.eval_audio\120028.wav,glass_break,fsd50k,real,0.0,fsd50k:120028
C:\Users\tprac\Downloads\sahara\sahara\data\raw\fsd50k\FSD50K.eval_audio\243654.wav,glass_break,fsd50k,real,0.0,fsd50k:243654
C:\Users\tprac\Downloads\sahara\sahara\data\raw\fsd50k\FSD50K.eval_audio\235605.wav,glass_break,fsd50k,real,0.0,fsd50k:235605
C:\Users\tprac\Downloads\sahara\sahara\data\raw\fsd50k\FSD50K.eval_audio\407188.wav,glass_break,fsd50k,real,0.0,fsd50k:407188
C:\Users\tprac\Downloads\sahara\sahara\data\raw\fsd50k\FSD50K.eval_audio\424461.wav,glass_break,fsd50k,real,0.0,fsd50k:424461
C:\Users\tprac\Downloads\sahara\sahara\data\raw\fsd50k\FSD50K.eval_audio\198395.wav,glass_break,fsd50k,real,0.0,fsd50k:198395
C:\Users\tprac\Downloads\sahara\sahara\data\raw\fsd50k\FSD50K.eval_audio\330300.wav,glass_break,fsd50k,real,0.0,fsd50k:330300
C:\Users\tprac\Downloads\sahara\sahara\data\raw\fsd50k\FSD50K.eval_audio\245204.wav,glass_break,fsd50k,real,0.0,fsd50k:245204
C:\Users\tprac\Downloads\sahara\sahara\data\raw\fsd50k\FSD50K.eval_audio\275580.wav,glass_break,fsd50k,real,0.0,fsd50k:275580
C:\Users\tprac\Downloads\sahara\sahara\data\raw\fsd50k\FSD50K.eval_audio\394057.wav,glass_break,fsd50k,real,0.0,fsd50k:394057
C:\Users\tprac\Downloads\sahara\sahara\data\raw\fsd50k\FSD50K.eval_audio\429494.wav,glass_break,fsd50k,real,0.0,fsd50k:429494
C:\Users\tprac\Downloads\sahara\sahara\data\raw\fsd50k\FSD50K.eval_audio\35213.wav,glass_break,fsd50k,real,0.0,fsd50k:35213
C:\Users\tprac\Downloads\sahara\sahara\data\raw\fsd50k\FSD50K.eval_audio\67273.wav,glass_break,fsd50k,real,0.0,fsd50k:67273
C:\Users\tprac\Downloads\sahara\sahara\data\raw\fsd50k\FSD50K.eval_audio\344131.wav,glass_break,fsd50k,real,0.0,fsd50k:344131
C:\Users\tprac\Downloads\sahara\sahara\data\raw\fsd50k\FSD50K.eval_audio\198397.wav,glass_break,fsd50k,real,0.0,fsd50k:198397
C:\Users\tprac\Downloads\sahara\sahara\data\raw\fsd50k\FSD50K.eval_audio\393140.wav,glass_break,fsd50k,real,0.0,fsd50k:393140
C:\Users\tprac\Downloads\sahara\sahara\data\raw\fsd50k\FSD50K.eval_audio\193060.wav,glass_break,fsd50k,real,0.0,fsd50k:193060
C:\Users\tprac\Downloads\sahara\sahara\data\raw\fsd50k\FSD50K.eval_audio\275581.wav,glass_break,fsd50k,real,0.0,fsd50k:275581
C:\Users\tprac\Downloads\sahara\sahara\data\raw\fsd50k\FSD50K.eval_audio\331965.wav,glass_break,fsd50k,real,0.0,fsd50k:331965
C:\Users\tprac\Downloads\sahara\sahara\data\raw\fsd50k\FSD50K.eval_audio\255565.wav,glass_break,fsd50k,real,0.0,fsd50k:255565
C:\Users\tprac\Downloads\sahara\sahara\data\raw\fsd50k\FSD50K.eval_audio\96030.wav,glass_break,fsd50k,real,0.0,fsd50k:96030
C:\Users\tprac\Downloads\sahara\sahara\data\raw\fsd50k\FSD50K.eval_audio\369910.wav,glass_break,fsd50k,real,0.0,fsd50k:369910
C:\Users\tprac\Downloads\sahara\sahara\data\raw\fsd50k\FSD50K.eval_audio\237230.wav,glass_break,fsd50k,real,0.0,fsd50k:237230
C:\Users\tprac\Downloads\sahara\sahara\data\raw\fsd50k\FSD50K.eval_audio\260721.wav,glass_break,fsd50k,real,0.0,fsd50k:260721
C:\Users\tprac\Downloads\sahara\sahara\data\raw\fsd50k\FSD50K.eval_audio\118796.wav,glass_break,fsd50k,real,0.0,fsd50k:118796
C:\Users\tprac\Downloads\sahara\sahara\data\raw\fsd50k\FSD50K.eval_audio\433539.wav,glass_break,fsd50k,real,0.0,fsd50k:433539
C:\Users\tprac\Downloads\sahara\sahara\data\raw\fsd50k\FSD50K.eval_audio\206144.wav,glass_break,fsd50k,real,0.0,fsd50k:206144
C:\Users\tprac\Downloads\sahara\sahara\data\raw\fsd50k\FSD50K.eval_audio\85704.wav,glass_break,fsd50k,real,0.0,fsd50k:85704
C:\Users\tprac\Downloads\sahara\sahara\data\raw\fsd50k\FSD50K.eval_audio\198394.wav,glass_break,fsd50k,real,0.0,fsd50k:198394
C:\Users\tprac\Downloads\sahara\sahara\data\raw\fsd50k\FSD50K.eval_audio\206153.wav,glass_break,fsd50k,real,0.0,fsd50k:206153
C:\Users\tprac\Downloads\sahara\sahara\data\raw\fsd50k\FSD50K.eval_audio\317012.wav,glass_break,fsd50k,real,0.0,fsd50k:317012
C:\Users\tprac\Downloads\sahara\sahara\data\raw\fsd50k\FSD50K.eval_audio\397270.wav,glass_break,fsd50k,real,0.0,fsd50k:397270
C:\Users\tprac\Downloads\sahara\sahara\data\raw\fsd50k\FSD50K.eval_audio\366957.wav,glass_break,fsd50k,real,0.0,fsd50k:366957
C:\Users\tprac\Downloads\sahara\sahara\data\raw\fsd50k\FSD50K.eval_audio\339464.wav,glass_break,fsd50k,real,0.0,fsd50k:339464
C:\Users\tprac\Downloads\sahara\sahara\data\raw\fsd50k\FSD50K.eval_audio\395079.wav,glass_break,fsd50k,real,0.0,fsd50k:395079
C:\Users\tprac\Downloads\sahara\sahara\data\raw\fsd50k\FSD50K.eval_audio\38542.wav,glass_break,fsd50k,real,0.0,fsd50k:38542
C:\Users\tprac\Downloads\sahara\sahara\data\raw\fsd50k\FSD50K.eval_audio\327668.wav,glass_break,fsd50k,real,0.0,fsd50k:327668
C:\Users\tprac\Downloads\sahara\sahara\data\raw\fsd50k\FSD50K.eval_audio\206151.wav,glass_break,fsd50k,real,0.0,fsd50k:206151
C:\Users\tprac\Downloads\sahara\sahara\data\raw\fsd50k\FSD50K.eval_audio\391496.wav,glass_break,fsd50k,real,0.0,fsd50k:391496
C:\Users\tprac\Downloads\sahara\sahara\data\raw\fsd50k\FSD50K.eval_audio\402166.wav,glass_break,fsd50k,real,0.0,fsd50k:402166
C:\Users\tprac\Downloads\sahara\sahara\data\raw\fsd50k\FSD50K.eval_audio\404410.wav,glass_break,fsd50k,real,0.0,fsd50k:404410
C:\Users\tprac\Downloads\sahara\sahara\data\raw\fsd50k\FSD50K.eval_audio\186419.wav,glass_break,fsd50k,real,0.0,fsd50k:186419
C:\Users\tprac\Downloads\sahara\sahara\data\raw\fsd50k\FSD50K.eval_audio\214356.wav,glass_break,fsd50k,real,0.0,fsd50k:214356
C:\Users\tprac\Downloads\sahara\sahara\data\raw\fsd50k\FSD50K.eval_audio\105385.wav,glass_break,fsd50k,real,0.0,fsd50k:105385
C:\Users\tprac\Downloads\sahara\sahara\data\raw\fsd50k\FSD50K.eval_audio\379506.wav,glass_break,fsd50k,real,0.0,fsd50k:379506
C:\Users\tprac\Downloads\sahara\sahara\data\raw\fsd50k\FSD50K.eval_audio\390340.wav,glass_break,fsd50k,real,0.0,fsd50k:390340
C:\Users\tprac\Downloads\sahara\sahara\data\raw\fsd50k\FSD50K.eval_audio\144187.wav,glass_break,fsd50k,real,0.0,fsd50k:144187
C:\Users\tprac\Downloads\sahara\sahara\data\raw\fsd50k\FSD50K.eval_audio\39319.wav,glass_break,fsd50k,real,0.0,fsd50k:39319
C:\Users\tprac\Downloads\sahara\sahara\data\raw\fsd50k\FSD50K.eval_audio\388272.wav,glass_break,fsd50k,real,0.0,fsd50k:388272
C:\Users\tprac\Downloads\sahara\sahara\data\raw\fsd50k\FSD50K.eval_audio\326978.wav,glass_break,fsd50k,real,0.0,fsd50k:326978
C:\Users\tprac\Downloads\sahara\sahara\data\raw\fsd50k\FSD50K.eval_audio\365987.wav,glass_break,fsd50k,real,0.0,fsd50k:365987
C:\Users\tprac\Downloads\sahara\sahara\data\raw\fsd50k\FSD50K.eval_audio\139768.wav,glass_break,fsd50k,real,0.0,fsd50k:139768
C:\Users\tprac\Downloads\sahara\sahara\data\raw\fsd50k\FSD50K.eval_audio\317664.wav,glass_break,fsd50k,real,0.0,fsd50k:317664
C:\Users\tprac\Downloads\sahara\sahara\data\raw\fsd50k\FSD50K.eval_audio\409825.wav,glass_break,fsd50k,real,0.0,fsd50k:409825
C:\Users\tprac\Downloads\sahara\sahara\data\raw\fsd50k\FSD50K.eval_audio\233067.wav,glass_break,fsd50k,real,0.0,fsd50k:233067
C:\Users\tprac\Downloads\sahara\sahara\data\raw\fsd50k\FSD50K.eval_audio\360673.wav,glass_break,fsd50k,real,0.0,fsd50k:360673
C:\Users\tprac\Downloads\sahara\sahara\data\raw\fsd50k\FSD50K.eval_audio\407565.wav,glass_break,fsd50k,real,0.0,fsd50k:407565
C:\Users\tprac\Downloads\sahara\sahara\data\raw\fsd50k\FSD50K.eval_audio\360680.wav,glass_break,fsd50k,real,0.0,fsd50k:360680
C:\Users\tprac\Downloads\sahara\sahara\data\raw\fsd50k\FSD50K.eval_audio\138961.wav,glass_break,fsd50k,real,0.0,fsd50k:138961
C:\Users\tprac\Downloads\sahara\sahara\data\raw\fsd50k\FSD50K.eval_audio\206154.wav,glass_break,fsd50k,real,0.0,fsd50k:206154
C:\Users\tprac\Downloads\sahara\sahara\data\raw\fsd50k\FSD50K.eval_audio\235724.wav,glass_break,fsd50k,real,0.0,fsd50k:235724
C:\Users\tprac\Downloads\sahara\sahara\data\raw\fsd50k\FSD50K.eval_audio\269395.wav,glass_break,fsd50k,real,0.0,fsd50k:269395
C:\Users\tprac\Downloads\sahara\sahara\data\raw\fsd50k\FSD50K.eval_audio\206157.wav,glass_break,fsd50k,real,0.0,fsd50k:206157
C:\Users\tprac\Downloads\sahara\sahara\data\raw\fsd50k\FSD50K.eval_audio\235602.wav,glass_break,fsd50k,real,0.0,fsd50k:235602
C:\Users\tprac\Downloads\sahara\sahara\data\raw\fsd50k\FSD50K.eval_audio\376463.wav,glass_break,fsd50k,real,0.0,fsd50k:376463
C:\Users\tprac\Downloads\sahara\sahara\data\raw\fsd50k\FSD50K.eval_audio\366035.wav,glass_break,fsd50k,real,0.0,fsd50k:366035
C:\Users\tprac\Downloads\sahara\sahara\data\raw\fsd50k\FSD50K.eval_audio\210059.wav,glass_break,fsd50k,real,0.0,fsd50k:210059
C:\Users\tprac\Downloads\sahara\sahara\data\raw\fsd50k\FSD50K.eval_audio\96833.wav,glass_break,fsd50k,real,0.0,fsd50k:96833
C:\Users\tprac\Downloads\sahara\sahara\data\raw\fsd50k\FSD50K.eval_audio\119844.wav,glass_break,fsd50k,real,0.0,fsd50k:119844
C:\Users\tprac\Downloads\sahara\sahara\data\raw\fsd50k\FSD50K.eval_audio\404407.wav,glass_break,fsd50k,real,0.0,fsd50k:404407
C:\Users\tprac\Downloads\sahara\sahara\data\raw\fsd50k\FSD50K.eval_audio\426596.wav,glass_break,fsd50k,real,0.0,fsd50k:426596
C:\Users\tprac\Downloads\sahara\sahara\data\raw\fsd50k\FSD50K.eval_audio\136469.wav,glass_break,fsd50k,real,0.0,fsd50k:136469
C:\Users\tprac\Downloads\sahara\sahara\data\raw\fsd50k\FSD50K.eval_audio\219307.wav,glass_break,fsd50k,real,0.0,fsd50k:219307
C:\Users\tprac\Downloads\sahara\sahara\data\raw\fsd50k\FSD50K.eval_audio\366578.wav,glass_break,fsd50k,real,0.0,fsd50k:366578
C:\Users\tprac\Downloads\sahara\sahara\data\raw\fsd50k\FSD50K.eval_audio\382982.wav,glass_break,fsd50k,real,0.0,fsd50k:382982
C:\Users\tprac\Downloads\sahara\sahara\data\raw\fsd50k\FSD50K.eval_audio\210083.wav,glass_break,fsd50k,real,0.0,fsd50k:210083
C:\Users\tprac\Downloads\sahara\sahara\data\raw\fsd50k\FSD50K.eval_audio\119839.wav,glass_break,fsd50k,real,0.0,fsd50k:119839
C:\Users\tprac\Downloads\sahara\sahara\data\raw\fsd50k\FSD50K.eval_audio\198385.wav,glass_break,fsd50k,real,0.0,fsd50k:198385
C:\Users\tprac\Downloads\sahara\sahara\data\raw\fsd50k\FSD50K.eval_audio\186686.wav,glass_break,fsd50k,real,0.0,fsd50k:186686
C:\Users\tprac\Downloads\sahara\sahara\data\raw\fsd50k\FSD50K.eval_audio\168822.wav,glass_break,fsd50k,real,0.0,fsd50k:168822
C:\Users\tprac\Downloads\sahara\sahara\data\raw\fsd50k\FSD50K.eval_audio\210241.wav,glass_break,fsd50k,real,0.0,fsd50k:210241
C:\Users\tprac\Downloads\sahara\sahara\data\raw\fsd50k\FSD50K.eval_audio\340883.wav,glass_break,fsd50k,real,0.0,fsd50k:340883
C:\Users\tprac\Downloads\sahara\sahara\data\raw\fsd50k\FSD50K.eval_audio\271655.wav,glass_break,fsd50k,real,0.0,fsd50k:271655
C:\Users\tprac\Downloads\sahara\sahara\data\raw\fsd50k\FSD50K.eval_audio\390330.wav,glass_break,fsd50k,real,0.0,fsd50k:390330
C:\Users\tprac\Downloads\sahara\sahara\data\raw\fsd50k\FSD50K.eval_audio\245858.wav,glass_break,fsd50k,real,0.0,fsd50k:245858
C:\Users\tprac\Downloads\sahara\sahara\data\raw\audioset\glass_break\-k0CHx34n0Q_30_000_40_000.wav,glass_break,audioset,real,19.9935,audioset:-k0CHx34n0Q
C:\Users\tprac\Downloads\sahara\sahara\data\raw\audioset\glass_break\-mFneOHpwak_270_000_280_000.wav,glass_break,audioset,real,10.0094375,audioset:-mFneOHpwak
C:\Users\tprac\Downloads\sahara\sahara\data\raw\audioset\glass_break\0H2uMhzSitY_520_000_530_000.wav,glass_break,audioset,real,19.9935,audioset:0H2uMhzSitY
C:\Users\tprac\Downloads\sahara\sahara\data\raw\audioset\glass_break\0maiaspDy5k_110_000_120_000.wav,glass_break,audioset,real,19.9935,audioset:0maiaspDy5k
C:\Users\tprac\Downloads\sahara\sahara\data\raw\audioset\glass_break\0UJBVLInFr0_30_000_40_000.wav,glass_break,audioset,real,10.008,audioset:0UJBVLInFr0
C:\Users\tprac\Downloads\sahara\sahara\data\raw\audioset\glass_break\1fJNudB6faA_30_000_40_000.wav,glass_break,audioset,real,19.9935,audioset:1fJNudB6faA
C:\Users\tprac\Downloads\sahara\sahara\data\raw\audioset\glass_break\1kjnqM-ptrk_110_000_120_000.wav,glass_break,audioset,real,10.00075,audioset:1kjnqM-ptrk
C:\Users\tprac\Downloads\sahara\sahara\data\raw\audioset\glass_break\1OJ3grdpoD0_160_000_170_000.wav,glass_break,audioset,real,19.9935,audioset:1OJ3grdpoD0
C:\Users\tprac\Downloads\sahara\sahara\data\raw\audioset\glass_break\1PK0s_W9hkM_0_000_10_000.wav,glass_break,audioset,real,10.0078125,audioset:1PK0s
C:\Users\tprac\Downloads\sahara\sahara\data\raw\audioset\glass_break\1xRoPmw1yCY_160_000_170_000.wav,glass_break,audioset,real,10.0165,audioset:1xRoPmw1yCY
C:\Users\tprac\Downloads\sahara\sahara\data\raw\audioset\glass_break\24NB0Ap7J8g_0_000_9_000.wav,glass_break,audioset,real,8.0135,audioset:24NB0Ap7J8g
C:\Users\tprac\Downloads\sahara\sahara\data\raw\audioset\glass_break\2Cb9U8poEEI_550_000_560_000.wav,glass_break,audioset,real,10.018875,audioset:2Cb9U8poEEI
C:\Users\tprac\Downloads\sahara\sahara\data\raw\audioset\glass_break\2CMVqo7dIZU_20_000_30_000.wav,glass_break,audioset,real,10.0001875,audioset:2CMVqo7dIZU
C:\Users\tprac\Downloads\sahara\sahara\data\raw\audioset\glass_break\2ISa3HmEvuo_30_000_40_000.wav,glass_break,audioset,real,10.008,audioset:2ISa3HmEvuo
C:\Users\tprac\Downloads\sahara\sahara\data\raw\audioset\glass_break\2NuMifM0Uio_10_000_20_000.wav,glass_break,audioset,real,19.9935,audioset:2NuMifM0Uio
C:\Users\tprac\Downloads\sahara\sahara\data\raw\audioset\glass_break\2rI9D2T-WZs_30_000_40_000.wav,glass_break,audioset,real,19.9935,audioset:2rI9D2T-WZs
C:\Users\tprac\Downloads\sahara\sahara\data\raw\audioset\glass_break\3pqWcHci9jU_30_000_40_000.wav,glass_break,audioset,real,10.008,audioset:3pqWcHci9jU
C:\Users\tprac\Downloads\sahara\sahara\data\raw\audioset\glass_break\3QibDiritdU_120_000_130_000.wav,glass_break,audioset,real,10.0085625,audioset:3QibDiritdU
C:\Users\tprac\Downloads\sahara\sahara\data\raw\audioset\glass_break\3UAvkNVtoak_10_000_20_000.wav,glass_break,audioset,real,10.015625,audioset:3UAvkNVtoak
C:\Users\tprac\Downloads\sahara\sahara\data\raw\audioset\glass_break\4Pc9rWewLIY_12_000_22_000.wav,glass_break,audioset,real,11.5049375,audioset:4Pc9rWewLIY
C:\Users\tprac\Downloads\sahara\sahara\data\raw\audioset\glass_break\62YnMKqH_CU_30_000_40_000.wav,glass_break,audioset,real,10.008,audioset:62YnMKqH
C:\Users\tprac\Downloads\sahara\sahara\data\raw\audioset\glass_break\6XiVOflQITo_0_000_10_000.wav,glass_break,audioset,real,10.0135,audioset:6XiVOflQITo
C:\Users\tprac\Downloads\sahara\sahara\data\raw\audioset\glass_break\6Y9cje91K4A_100_000_110_000.wav,glass_break,audioset,real,10.016125,audioset:6Y9cje91K4A
C:\Users\tprac\Downloads\sahara\sahara\data\raw\audioset\glass_break\9o8sSFDAp14_30_000_40_000.wav,glass_break,audioset,real,19.9935,audioset:9o8sSFDAp14
C:\Users\tprac\Downloads\sahara\sahara\data\raw\audioset\glass_break\ASzOY50Dg38_0_000_10_000.wav,glass_break,audioset,real,10.0135,audioset:ASzOY50Dg38
C:\Users\tprac\Downloads\sahara\sahara\data\raw\audioset\glass_break\CSaXbTIs8gk_60_000_70_000.wav,glass_break,audioset,real,10.0081875,audioset:CSaXbTIs8gk
C:\Users\tprac\Downloads\sahara\sahara\data\raw\fsd50k\FSD50K.dev_audio\255850.wav,appliance_beep,fsd50k,real,0.0,fsd50k:255850
C:\Users\tprac\Downloads\sahara\sahara\data\raw\fsd50k\FSD50K.dev_audio\403457.wav,appliance_beep,fsd50k,real,0.0,fsd50k:403457
C:\Users\tprac\Downloads\sahara\sahara\data\raw\fsd50k\FSD50K.dev_audio\425496.wav,appliance_beep,fsd50k,real,0.0,fsd50k:425496
C:\Users\tprac\Downloads\sahara\sahara\data\raw\fsd50k\FSD50K.dev_audio\66586.wav,appliance_beep,fsd50k,real,0.0,fsd50k:66586
C:\Users\tprac\Downloads\sahara\sahara\data\raw\fsd50k\FSD50K.dev_audio\29724.wav,appliance_beep,fsd50k,real,0.0,fsd50k:29724
C:\Users\tprac\Downloads\sahara\sahara\data\raw\fsd50k\FSD50K.dev_audio\184355.wav,appliance_beep,fsd50k,real,0.0,fsd50k:184355
C:\Users\tprac\Downloads\sahara\sahara\data\raw\fsd50k\FSD50K.dev_audio\254507.wav,appliance_beep,fsd50k,real,0.0,fsd50k:254507
C:\Users\tprac\Downloads\sahara\sahara\data\raw\fsd50k\FSD50K.dev_audio\352305.wav,appliance_beep,fsd50k,real,0.0,fsd50k:352305
C:\Users\tprac\Downloads\sahara\sahara\data\raw\fsd50k\FSD50K.dev_audio\26176.wav,appliance_beep,fsd50k,real,0.0,fsd50k:26176
C:\Users\tprac\Downloads\sahara\sahara\data\raw\fsd50k\FSD50K.dev_audio\26177.wav,appliance_beep,fsd50k,real,0.0,fsd50k:26177
C:\Users\tprac\Downloads\sahara\sahara\data\raw\fsd50k\FSD50K.dev_audio\125520.wav,appliance_beep,fsd50k,real,0.0,fsd50k:125520
C:\Users\tprac\Downloads\sahara\sahara\data\raw\fsd50k\FSD50K.dev_audio\19026.wav,appliance_beep,fsd50k,real,0.0,fsd50k:19026
C:\Users\tprac\Downloads\sahara\sahara\data\raw\fsd50k\FSD50K.dev_audio\371833.wav,appliance_beep,fsd50k,real,0.0,fsd50k:371833
C:\Users\tprac\Downloads\sahara\sahara\data\raw\fsd50k\FSD50K.dev_audio\371853.wav,appliance_beep,fsd50k,real,0.0,fsd50k:371853
C:\Users\tprac\Downloads\sahara\sahara\data\raw\fsd50k\FSD50K.dev_audio\179860.wav,appliance_beep,fsd50k,real,0.0,fsd50k:179860
C:\Users\tprac\Downloads\sahara\sahara\data\raw\fsd50k\FSD50K.dev_audio\179862.wav,appliance_beep,fsd50k,real,0.0,fsd50k:179862
C:\Users\tprac\Downloads\sahara\sahara\data\raw\fsd50k\FSD50K.dev_audio\179863.wav,appliance_beep,fsd50k,real,0.0,fsd50k:179863
C:\Users\tprac\Downloads\sahara\sahara\data\raw\fsd50k\FSD50K.dev_audio\179867.wav,appliance_beep,fsd50k,real,0.0,fsd50k:179867
C:\Users\tprac\Downloads\sahara\sahara\data\raw\fsd50k\FSD50K.dev_audio\424604.wav,appliance_beep,fsd50k,real,0.0,fsd50k:424604
C:\Users\tprac\Downloads\sahara\sahara\data\raw\fsd50k\FSD50K.dev_audio\424603.wav,appliance_beep,fsd50k,real,0.0,fsd50k:424603
C:\Users\tprac\Downloads\sahara\sahara\data\raw\fsd50k\FSD50K.dev_audio\179868.wav,appliance_beep,fsd50k,real,0.0,fsd50k:179868
C:\Users\tprac\Downloads\sahara\sahara\data\raw\fsd50k\FSD50K.dev_audio\377496.wav,appliance_beep,fsd50k,real,0.0,fsd50k:377496
C:\Users\tprac\Downloads\sahara\sahara\data\raw\fsd50k\FSD50K.dev_audio\32417.wav,appliance_beep,fsd50k,real,0.0,fsd50k:32417
C:\Users\tprac\Downloads\sahara\sahara\data\raw\fsd50k\FSD50K.dev_audio\145577.wav,appliance_beep,fsd50k,real,0.0,fsd50k:145577
C:\Users\tprac\Downloads\sahara\sahara\data\raw\fsd50k\FSD50K.dev_audio\47275.wav,appliance_beep,fsd50k,real,0.0,fsd50k:47275
C:\Users\tprac\Downloads\sahara\sahara\data\raw\fsd50k\FSD50K.dev_audio\21687.wav,appliance_beep,fsd50k,real,0.0,fsd50k:21687
C:\Users\tprac\Downloads\sahara\sahara\data\raw\fsd50k\FSD50K.dev_audio\182474.wav,appliance_beep,fsd50k,real,0.0,fsd50k:182474
C:\Users\tprac\Downloads\sahara\sahara\data\raw\fsd50k\FSD50K.dev_audio\255700.wav,appliance_beep,fsd50k,real,0.0,fsd50k:255700
C:\Users\tprac\Downloads\sahara\sahara\data\raw\fsd50k\FSD50K.dev_audio\212182.wav,appliance_beep,fsd50k,real,0.0,fsd50k:212182
C:\Users\tprac\Downloads\sahara\sahara\data\raw\fsd50k\FSD50K.dev_audio\212187.wav,appliance_beep,fsd50k,real,0.0,fsd50k:212187
C:\Users\tprac\Downloads\sahara\sahara\data\raw\fsd50k\FSD50K.dev_audio\431841.wav,appliance_beep,fsd50k,real,0.0,fsd50k:431841
C:\Users\tprac\Downloads\sahara\sahara\data\raw\fsd50k\FSD50K.dev_audio\178402.wav,appliance_beep,fsd50k,real,0.0,fsd50k:178402
C:\Users\tprac\Downloads\sahara\sahara\data\raw\fsd50k\FSD50K.dev_audio\175844.wav,appliance_beep,fsd50k,real,0.0,fsd50k:175844
C:\Users\tprac\Downloads\sahara\sahara\data\raw\fsd50k\FSD50K.dev_audio\175843.wav,appliance_beep,fsd50k,real,0.0,fsd50k:175843
C:\Users\tprac\Downloads\sahara\sahara\data\raw\fsd50k\FSD50K.dev_audio\175846.wav,appliance_beep,fsd50k,real,0.0,fsd50k:175846
C:\Users\tprac\Downloads\sahara\sahara\data\raw\fsd50k\FSD50K.dev_audio\175847.wav,appliance_beep,fsd50k,real,0.0,fsd50k:175847
C:\Users\tprac\Downloads\sahara\sahara\data\raw\fsd50k\FSD50K.dev_audio\175848.wav,appliance_beep,fsd50k,real,0.0,fsd50k:175848
C:\Users\tprac\Downloads\sahara\sahara\data\raw\fsd50k\FSD50K.dev_audio\175850.wav,appliance_beep,fsd50k,real,0.0,fsd50k:175850
C:\Users\tprac\Downloads\sahara\sahara\data\raw\fsd50k\FSD50K.dev_audio\175851.wav,appliance_beep,fsd50k,real,0.0,fsd50k:175851
C:\Users\tprac\Downloads\sahara\sahara\data\raw\fsd50k\FSD50K.dev_audio\175852.wav,appliance_beep,fsd50k,real,0.0,fsd50k:175852
C:\Users\tprac\Downloads\sahara\sahara\data\raw\fsd50k\FSD50K.dev_audio\162541.wav,appliance_beep,fsd50k,real,0.0,fsd50k:162541
C:\Users\tprac\Downloads\sahara\sahara\data\raw\fsd50k\FSD50K.dev_audio\162540.wav,appliance_beep,fsd50k,real,0.0,fsd50k:162540
C:\Users\tprac\Downloads\sahara\sahara\data\raw\fsd50k\FSD50K.dev_audio\175855.wav,appliance_beep,fsd50k,real,0.0,fsd50k:175855
C:\Users\tprac\Downloads\sahara\sahara\data\raw\fsd50k\FSD50K.dev_audio\171249.wav,appliance_beep,fsd50k,real,0.0,fsd50k:171249
C:\Users\tprac\Downloads\sahara\sahara\data\raw\fsd50k\FSD50K.dev_audio\174841.wav,appliance_beep,fsd50k,real,0.0,fsd50k:174841
C:\Users\tprac\Downloads\sahara\sahara\data\raw\fsd50k\FSD50K.dev_audio\164625.wav,appliance_beep,fsd50k,real,0.0,fsd50k:164625
C:\Users\tprac\Downloads\sahara\sahara\data\raw\fsd50k\FSD50K.dev_audio\164627.wav,appliance_beep,fsd50k,real,0.0,fsd50k:164627
C:\Users\tprac\Downloads\sahara\sahara\data\raw\fsd50k\FSD50K.dev_audio\331540.wav,appliance_beep,fsd50k,real,0.0,fsd50k:331540
C:\Users\tprac\Downloads\sahara\sahara\data\raw\fsd50k\FSD50K.dev_audio\331542.wav,appliance_beep,fsd50k,real,0.0,fsd50k:331542
C:\Users\tprac\Downloads\sahara\sahara\data\raw\fsd50k\FSD50K.dev_audio\6984.wav,appliance_beep,fsd50k,real,0.0,fsd50k:6984
C:\Users\tprac\Downloads\sahara\sahara\data\raw\fsd50k\FSD50K.dev_audio\381775.wav,appliance_beep,fsd50k,real,0.0,fsd50k:381775
C:\Users\tprac\Downloads\sahara\sahara\data\raw\fsd50k\FSD50K.dev_audio\419695.wav,appliance_beep,fsd50k,real,0.0,fsd50k:419695
C:\Users\tprac\Downloads\sahara\sahara\data\raw\fsd50k\FSD50K.dev_audio\2937.wav,appliance_beep,fsd50k,real,0.0,fsd50k:2937
C:\Users\tprac\Downloads\sahara\sahara\data\raw\fsd50k\FSD50K.dev_audio\329612.wav,appliance_beep,fsd50k,real,0.0,fsd50k:329612
C:\Users\tprac\Downloads\sahara\sahara\data\raw\fsd50k\FSD50K.dev_audio\162702.wav,appliance_beep,fsd50k,real,0.0,fsd50k:162702
C:\Users\tprac\Downloads\sahara\sahara\data\raw\fsd50k\FSD50K.dev_audio\162703.wav,appliance_beep,fsd50k,real,0.0,fsd50k:162703
C:\Users\tprac\Downloads\sahara\sahara\data\raw\fsd50k\FSD50K.dev_audio\399254.wav,appliance_beep,fsd50k,real,0.0,fsd50k:399254
C:\Users\tprac\Downloads\sahara\sahara\data\raw\fsd50k\FSD50K.dev_audio\433578.wav,appliance_beep,fsd50k,real,0.0,fsd50k:433578
C:\Users\tprac\Downloads\sahara\sahara\data\raw\fsd50k\FSD50K.dev_audio\239031.wav,appliance_beep,fsd50k,real,0.0,fsd50k:239031
C:\Users\tprac\Downloads\sahara\sahara\data\raw\fsd50k\FSD50K.dev_audio\254907.wav,appliance_beep,fsd50k,real,0.0,fsd50k:254907
C:\Users\tprac\Downloads\sahara\sahara\data\raw\fsd50k\FSD50K.dev_audio\221644.wav,appliance_beep,fsd50k,real,0.0,fsd50k:221644
C:\Users\tprac\Downloads\sahara\sahara\data\raw\fsd50k\FSD50K.dev_audio\377300.wav,appliance_beep,fsd50k,real,0.0,fsd50k:377300
C:\Users\tprac\Downloads\sahara\sahara\data\raw\fsd50k\FSD50K.dev_audio\377302.wav,appliance_beep,fsd50k,real,0.0,fsd50k:377302
C:\Users\tprac\Downloads\sahara\sahara\data\raw\fsd50k\FSD50K.dev_audio\27881.wav,appliance_beep,fsd50k,real,0.0,fsd50k:27881
C:\Users\tprac\Downloads\sahara\sahara\data\raw\fsd50k\FSD50K.dev_audio\27882.wav,appliance_beep,fsd50k,real,0.0,fsd50k:27882
C:\Users\tprac\Downloads\sahara\sahara\data\raw\fsd50k\FSD50K.dev_audio\176634.wav,appliance_beep,fsd50k,real,0.0,fsd50k:176634
C:\Users\tprac\Downloads\sahara\sahara\data\raw\fsd50k\FSD50K.dev_audio\176638.wav,appliance_beep,fsd50k,real,0.0,fsd50k:176638
C:\Users\tprac\Downloads\sahara\sahara\data\raw\fsd50k\FSD50K.dev_audio\379756.wav,appliance_beep,fsd50k,real,0.0,fsd50k:379756
C:\Users\tprac\Downloads\sahara\sahara\data\raw\fsd50k\FSD50K.dev_audio\268015.wav,appliance_beep,fsd50k,real,0.0,fsd50k:268015
C:\Users\tprac\Downloads\sahara\sahara\data\raw\fsd50k\FSD50K.dev_audio\151359.wav,appliance_beep,fsd50k,real,0.0,fsd50k:151359
C:\Users\tprac\Downloads\sahara\sahara\data\raw\fsd50k\FSD50K.dev_audio\275558.wav,appliance_beep,fsd50k,real,0.0,fsd50k:275558
C:\Users\tprac\Downloads\sahara\sahara\data\raw\fsd50k\FSD50K.dev_audio\418706.wav,appliance_beep,fsd50k,real,0.0,fsd50k:418706
C:\Users\tprac\Downloads\sahara\sahara\data\raw\fsd50k\FSD50K.dev_audio\138277.wav,appliance_beep,fsd50k,real,0.0,fsd50k:138277
C:\Users\tprac\Downloads\sahara\sahara\data\raw\fsd50k\FSD50K.dev_audio\159745.wav,appliance_beep,fsd50k,real,0.0,fsd50k:159745
C:\Users\tprac\Downloads\sahara\sahara\data\raw\fsd50k\FSD50K.dev_audio\268809.wav,appliance_beep,fsd50k,real,0.0,fsd50k:268809
C:\Users\tprac\Downloads\sahara\sahara\data\raw\fsd50k\FSD50K.dev_audio\159754.wav,appliance_beep,fsd50k,real,0.0,fsd50k:159754
C:\Users\tprac\Downloads\sahara\sahara\data\raw\fsd50k\FSD50K.dev_audio\159755.wav,appliance_beep,fsd50k,real,0.0,fsd50k:159755
C:\Users\tprac\Downloads\sahara\sahara\data\raw\fsd50k\FSD50K.dev_audio\89682.wav,appliance_beep,fsd50k,real,0.0,fsd50k:89682
C:\Users\tprac\Downloads\sahara\sahara\data\raw\fsd50k\FSD50K.dev_audio\89683.wav,appliance_beep,fsd50k,real,0.0,fsd50k:89683
C:\Users\tprac\Downloads\sahara\sahara\data\raw\fsd50k\FSD50K.dev_audio\392801.wav,appliance_beep,fsd50k,real,0.0,fsd50k:392801
C:\Users\tprac\Downloads\sahara\sahara\data\raw\fsd50k\FSD50K.dev_audio\168621.wav,appliance_beep,fsd50k,real,0.0,fsd50k:168621
C:\Users\tprac\Downloads\sahara\sahara\data\raw\fsd50k\FSD50K.dev_audio\156868.wav,appliance_beep,fsd50k,real,0.0,fsd50k:156868
C:\Users\tprac\Downloads\sahara\sahara\data\raw\fsd50k\FSD50K.dev_audio\23750.wav,appliance_beep,fsd50k,real,0.0,fsd50k:23750
C:\Users\tprac\Downloads\sahara\sahara\data\raw\fsd50k\FSD50K.dev_audio\31482.wav,appliance_beep,fsd50k,real,0.0,fsd50k:31482
C:\Users\tprac\Downloads\sahara\sahara\data\raw\fsd50k\FSD50K.dev_audio\320767.wav,appliance_beep,fsd50k,real,0.0,fsd50k:320767
C:\Users\tprac\Downloads\sahara\sahara\data\raw\fsd50k\FSD50K.dev_audio\319751.wav,appliance_beep,fsd50k,real,0.0,fsd50k:319751
C:\Users\tprac\Downloads\sahara\sahara\data\raw\fsd50k\FSD50K.dev_audio\28426.wav,appliance_beep,fsd50k,real,0.0,fsd50k:28426
C:\Users\tprac\Downloads\sahara\sahara\data\raw\fsd50k\FSD50K.dev_audio\165166.wav,appliance_beep,fsd50k,real,0.0,fsd50k:165166
C:\Users\tprac\Downloads\sahara\sahara\data\raw\fsd50k\FSD50K.dev_audio\184623.wav,appliance_beep,fsd50k,real,0.0,fsd50k:184623
C:\Users\tprac\Downloads\sahara\sahara\data\raw\fsd50k\FSD50K.dev_audio\22877.wav,appliance_beep,fsd50k,real,0.0,fsd50k:22877
C:\Users\tprac\Downloads\sahara\sahara\data\raw\fsd50k\FSD50K.dev_audio\388972.wav,appliance_beep,fsd50k,real,0.0,fsd50k:388972
C:\Users\tprac\Downloads\sahara\sahara\data\raw\fsd50k\FSD50K.dev_audio\364911.wav,appliance_beep,fsd50k,real,0.0,fsd50k:364911
C:\Users\tprac\Downloads\sahara\sahara\data\raw\fsd50k\FSD50K.dev_audio\159743.wav,appliance_beep,fsd50k,real,0.0,fsd50k:159743
C:\Users\tprac\Downloads\sahara\sahara\data\raw\fsd50k\FSD50K.dev_audio\65929.wav,appliance_beep,fsd50k,real,0.0,fsd50k:65929
C:\Users\tprac\Downloads\sahara\sahara\data\raw\fsd50k\FSD50K.dev_audio\62878.wav,appliance_beep,fsd50k,real,0.0,fsd50k:62878
C:\Users\tprac\Downloads\sahara\sahara\data\raw\fsd50k\FSD50K.dev_audio\162719.wav,appliance_beep,fsd50k,real,0.0,fsd50k:162719
C:\Users\tprac\Downloads\sahara\sahara\data\raw\fsd50k\FSD50K.dev_audio\116664.wav,appliance_beep,fsd50k,real,0.0,fsd50k:116664
C:\Users\tprac\Downloads\sahara\sahara\data\raw\fsd50k\FSD50K.dev_audio\268221.wav,appliance_beep,fsd50k,real,0.0,fsd50k:268221
C:\Users\tprac\Downloads\sahara\sahara\data\raw\fsd50k\FSD50K.dev_audio\393662.wav,appliance_beep,fsd50k,real,0.0,fsd50k:393662
C:\Users\tprac\Downloads\sahara\sahara\data\raw\fsd50k\FSD50K.dev_audio\393665.wav,appliance_beep,fsd50k,real,0.0,fsd50k:393665
C:\Users\tprac\Downloads\sahara\sahara\data\raw\fsd50k\FSD50K.dev_audio\393666.wav,appliance_beep,fsd50k,real,0.0,fsd50k:393666
C:\Users\tprac\Downloads\sahara\sahara\data\raw\fsd50k\FSD50K.dev_audio\203720.wav,appliance_beep,fsd50k,real,0.0,fsd50k:203720
C:\Users\tprac\Downloads\sahara\sahara\data\raw\fsd50k\FSD50K.dev_audio\128459.wav,appliance_beep,fsd50k,real,0.0,fsd50k:128459
C:\Users\tprac\Downloads\sahara\sahara\data\raw\fsd50k\FSD50K.dev_audio\256469.wav,appliance_beep,fsd50k,real,0.0,fsd50k:256469
C:\Users\tprac\Downloads\sahara\sahara\data\raw\fsd50k\FSD50K.dev_audio\34280.wav,appliance_beep,fsd50k,real,0.0,fsd50k:34280
C:\Users\tprac\Downloads\sahara\sahara\data\raw\fsd50k\FSD50K.dev_audio\93676.wav,appliance_beep,fsd50k,real,0.0,fsd50k:93676
C:\Users\tprac\Downloads\sahara\sahara\data\raw\fsd50k\FSD50K.dev_audio\353265.wav,appliance_beep,fsd50k,real,0.0,fsd50k:353265
C:\Users\tprac\Downloads\sahara\sahara\data\raw\fsd50k\FSD50K.dev_audio\277508.wav,appliance_beep,fsd50k,real,0.0,fsd50k:277508
C:\Users\tprac\Downloads\sahara\sahara\data\raw\fsd50k\FSD50K.dev_audio\261589.wav,appliance_beep,fsd50k,real,0.0,fsd50k:261589
C:\Users\tprac\Downloads\sahara\sahara\data\raw\fsd50k\FSD50K.dev_audio\69207.wav,appliance_beep,fsd50k,real,0.0,fsd50k:69207
C:\Users\tprac\Downloads\sahara\sahara\data\raw\fsd50k\FSD50K.dev_audio\332914.wav,appliance_beep,fsd50k,real,0.0,fsd50k:332914
C:\Users\tprac\Downloads\sahara\sahara\data\raw\fsd50k\FSD50K.dev_audio\379916.wav,appliance_beep,fsd50k,real,0.0,fsd50k:379916
C:\Users\tprac\Downloads\sahara\sahara\data\raw\fsd50k\FSD50K.dev_audio\403471.wav,appliance_beep,fsd50k,real,0.0,fsd50k:403471
C:\Users\tprac\Downloads\sahara\sahara\data\raw\fsd50k\FSD50K.dev_audio\403473.wav,appliance_beep,fsd50k,real,0.0,fsd50k:403473
C:\Users\tprac\Downloads\sahara\sahara\data\raw\fsd50k\FSD50K.dev_audio\327711.wav,appliance_beep,fsd50k,real,0.0,fsd50k:327711
C:\Users\tprac\Downloads\sahara\sahara\data\raw\fsd50k\FSD50K.dev_audio\102435.wav,appliance_beep,fsd50k,real,0.0,fsd50k:102435
C:\Users\tprac\Downloads\sahara\sahara\data\raw\fsd50k\FSD50K.dev_audio\258089.wav,appliance_beep,fsd50k,real,0.0,fsd50k:258089
C:\Users\tprac\Downloads\sahara\sahara\data\raw\fsd50k\FSD50K.dev_audio\249931.wav,appliance_beep,fsd50k,real,0.0,fsd50k:249931
C:\Users\tprac\Downloads\sahara\sahara\data\raw\fsd50k\FSD50K.dev_audio\182351.wav,appliance_beep,fsd50k,real,0.0,fsd50k:182351
C:\Users\tprac\Downloads\sahara\sahara\data\raw\fsd50k\FSD50K.dev_audio\223320.wav,appliance_beep,fsd50k,real,0.0,fsd50k:223320
C:\Users\tprac\Downloads\sahara\sahara\data\raw\fsd50k\FSD50K.dev_audio\71778.wav,appliance_beep,fsd50k,real,0.0,fsd50k:71778
C:\Users\tprac\Downloads\sahara\sahara\data\raw\fsd50k\FSD50K.dev_audio\22627.wav,appliance_beep,fsd50k,real,0.0,fsd50k:22627
C:\Users\tprac\Downloads\sahara\sahara\data\raw\fsd50k\FSD50K.dev_audio\100459.wav,appliance_beep,fsd50k,real,0.0,fsd50k:100459
C:\Users\tprac\Downloads\sahara\sahara\data\raw\fsd50k\FSD50K.dev_audio\100461.wav,appliance_beep,fsd50k,real,0.0,fsd50k:100461
C:\Users\tprac\Downloads\sahara\sahara\data\raw\fsd50k\FSD50K.dev_audio\321677.wav,appliance_beep,fsd50k,real,0.0,fsd50k:321677
C:\Users\tprac\Downloads\sahara\sahara\data\raw\fsd50k\FSD50K.dev_audio\258193.wav,appliance_beep,fsd50k,real,0.0,fsd50k:258193
C:\Users\tprac\Downloads\sahara\sahara\data\raw\fsd50k\FSD50K.dev_audio\264346.wav,appliance_beep,fsd50k,real,0.0,fsd50k:264346
C:\Users\tprac\Downloads\sahara\sahara\data\raw\fsd50k\FSD50K.dev_audio\211103.wav,appliance_beep,fsd50k,real,0.0,fsd50k:211103
C:\Users\tprac\Downloads\sahara\sahara\data\raw\fsd50k\FSD50K.dev_audio\422051.wav,appliance_beep,fsd50k,real,0.0,fsd50k:422051
C:\Users\tprac\Downloads\sahara\sahara\data\raw\fsd50k\FSD50K.dev_audio\329893.wav,appliance_beep,fsd50k,real,0.0,fsd50k:329893
C:\Users\tprac\Downloads\sahara\sahara\data\raw\fsd50k\FSD50K.dev_audio\329894.wav,appliance_beep,fsd50k,real,0.0,fsd50k:329894
C:\Users\tprac\Downloads\sahara\sahara\data\raw\fsd50k\FSD50K.dev_audio\329895.wav,appliance_beep,fsd50k,real,0.0,fsd50k:329895
C:\Users\tprac\Downloads\sahara\sahara\data\raw\fsd50k\FSD50K.dev_audio\329896.wav,appliance_beep,fsd50k,real,0.0,fsd50k:329896
C:\Users\tprac\Downloads\sahara\sahara\data\raw\fsd50k\FSD50K.dev_audio\333993.wav,appliance_beep,fsd50k,real,0.0,fsd50k:333993
C:\Users\tprac\Downloads\sahara\sahara\data\raw\fsd50k\FSD50K.dev_audio\164006.wav,appliance_beep,fsd50k,real,0.0,fsd50k:164006
C:\Users\tprac\Downloads\sahara\sahara\data\raw\fsd50k\FSD50K.dev_audio\233645.wav,appliance_beep,fsd50k,real,0.0,fsd50k:233645
C:\Users\tprac\Downloads\sahara\sahara\data\raw\fsd50k\FSD50K.dev_audio\270522.wav,appliance_beep,fsd50k,real,0.0,fsd50k:270522
C:\Users\tprac\Downloads\sahara\sahara\data\raw\fsd50k\FSD50K.dev_audio\18632.wav,appliance_beep,fsd50k,real,0.0,fsd50k:18632
C:\Users\tprac\Downloads\sahara\sahara\data\raw\fsd50k\FSD50K.dev_audio\196838.wav,appliance_beep,fsd50k,real,0.0,fsd50k:196838
C:\Users\tprac\Downloads\sahara\sahara\data\raw\fsd50k\FSD50K.dev_audio\164089.wav,appliance_beep,fsd50k,real,0.0,fsd50k:164089
C:\Users\tprac\Downloads\sahara\sahara\data\raw\fsd50k\FSD50K.dev_audio\164090.wav,appliance_beep,fsd50k,real,0.0,fsd50k:164090
C:\Users\tprac\Downloads\sahara\sahara\data\raw\fsd50k\FSD50K.dev_audio\327969.wav,appliance_beep,fsd50k,real,0.0,fsd50k:327969
C:\Users\tprac\Downloads\sahara\sahara\data\raw\fsd50k\FSD50K.dev_audio\270643.wav,appliance_beep,fsd50k,real,0.0,fsd50k:270643
C:\Users\tprac\Downloads\sahara\sahara\data\raw\fsd50k\FSD50K.dev_audio\393524.wav,appliance_beep,fsd50k,real,0.0,fsd50k:393524
C:\Users\tprac\Downloads\sahara\sahara\data\raw\fsd50k\FSD50K.dev_audio\26960.wav,appliance_beep,fsd50k,real,0.0,fsd50k:26960
C:\Users\tprac\Downloads\sahara\sahara\data\raw\fsd50k\FSD50K.dev_audio\26962.wav,appliance_beep,fsd50k,real,0.0,fsd50k:26962
C:\Users\tprac\Downloads\sahara\sahara\data\raw\fsd50k\FSD50K.dev_audio\221522.wav,appliance_beep,fsd50k,real,0.0,fsd50k:221522
C:\Users\tprac\Downloads\sahara\sahara\data\raw\fsd50k\FSD50K.dev_audio\274806.wav,appliance_beep,fsd50k,real,0.0,fsd50k:274806
C:\Users\tprac\Downloads\sahara\sahara\data\raw\fsd50k\FSD50K.dev_audio\250261.wav,appliance_beep,fsd50k,real,0.0,fsd50k:250261
C:\Users\tprac\Downloads\sahara\sahara\data\raw\fsd50k\FSD50K.dev_audio\250285.wav,appliance_beep,fsd50k,real,0.0,fsd50k:250285
C:\Users\tprac\Downloads\sahara\sahara\data\raw\fsd50k\FSD50K.dev_audio\129464.wav,appliance_beep,fsd50k,real,0.0,fsd50k:129464
C:\Users\tprac\Downloads\sahara\sahara\data\raw\fsd50k\FSD50K.dev_audio\135613.wav,appliance_beep,fsd50k,real,0.0,fsd50k:135613
C:\Users\tprac\Downloads\sahara\sahara\data\raw\fsd50k\FSD50K.dev_audio\72125.wav,appliance_beep,fsd50k,real,0.0,fsd50k:72125
C:\Users\tprac\Downloads\sahara\sahara\data\raw\fsd50k\FSD50K.dev_audio\72127.wav,appliance_beep,fsd50k,real,0.0,fsd50k:72127
C:\Users\tprac\Downloads\sahara\sahara\data\raw\fsd50k\FSD50K.dev_audio\72128.wav,appliance_beep,fsd50k,real,0.0,fsd50k:72128
C:\Users\tprac\Downloads\sahara\sahara\data\raw\fsd50k\FSD50K.dev_audio\72129.wav,appliance_beep,fsd50k,real,0.0,fsd50k:72129
C:\Users\tprac\Downloads\sahara\sahara\data\raw\fsd50k\FSD50K.dev_audio\428484.wav,appliance_beep,fsd50k,real,0.0,fsd50k:428484
C:\Users\tprac\Downloads\sahara\sahara\data\raw\fsd50k\FSD50K.dev_audio\25031.wav,appliance_beep,fsd50k,real,0.0,fsd50k:25031
C:\Users\tprac\Downloads\sahara\sahara\data\raw\fsd50k\FSD50K.dev_audio\84423.wav,appliance_beep,fsd50k,real,0.0,fsd50k:84423
C:\Users\tprac\Downloads\sahara\sahara\data\raw\fsd50k\FSD50K.dev_audio\387532.wav,appliance_beep,fsd50k,real,0.0,fsd50k:387532
C:\Users\tprac\Downloads\sahara\sahara\data\raw\fsd50k\FSD50K.dev_audio\344525.wav,appliance_beep,fsd50k,real,0.0,fsd50k:344525
C:\Users\tprac\Downloads\sahara\sahara\data\raw\fsd50k\FSD50K.dev_audio\211408.wav,appliance_beep,fsd50k,real,0.0,fsd50k:211408
C:\Users\tprac\Downloads\sahara\sahara\data\raw\fsd50k\FSD50K.dev_audio\166356.wav,appliance_beep,fsd50k,real,0.0,fsd50k:166356
C:\Users\tprac\Downloads\sahara\sahara\data\raw\fsd50k\FSD50K.dev_audio\121306.wav,appliance_beep,fsd50k,real,0.0,fsd50k:121306
C:\Users\tprac\Downloads\sahara\sahara\data\raw\fsd50k\FSD50K.dev_audio\147933.wav,appliance_beep,fsd50k,real,0.0,fsd50k:147933
C:\Users\tprac\Downloads\sahara\sahara\data\raw\fsd50k\FSD50K.dev_audio\379373.wav,appliance_beep,fsd50k,real,0.0,fsd50k:379373
C:\Users\tprac\Downloads\sahara\sahara\data\raw\fsd50k\FSD50K.dev_audio\428526.wav,appliance_beep,fsd50k,real,0.0,fsd50k:428526
C:\Users\tprac\Downloads\sahara\sahara\data\raw\fsd50k\FSD50K.dev_audio\379375.wav,appliance_beep,fsd50k,real,0.0,fsd50k:379375
C:\Users\tprac\Downloads\sahara\sahara\data\raw\fsd50k\FSD50K.dev_audio\238075.wav,appliance_beep,fsd50k,real,0.0,fsd50k:238075
C:\Users\tprac\Downloads\sahara\sahara\data\raw\fsd50k\FSD50K.dev_audio\379387.wav,appliance_beep,fsd50k,real,0.0,fsd50k:379387
C:\Users\tprac\Downloads\sahara\sahara\data\raw\fsd50k\FSD50K.dev_audio\379388.wav,appliance_beep,fsd50k,real,0.0,fsd50k:379388
C:\Users\tprac\Downloads\sahara\sahara\data\raw\fsd50k\FSD50K.dev_audio\94735.wav,appliance_beep,fsd50k,real,0.0,fsd50k:94735
C:\Users\tprac\Downloads\sahara\sahara\data\raw\fsd50k\FSD50K.dev_audio\268823.wav,appliance_beep,fsd50k,real,0.0,fsd50k:268823
C:\Users\tprac\Downloads\sahara\sahara\data\raw\fsd50k\FSD50K.dev_audio\150052.wav,appliance_beep,fsd50k,real,0.0,fsd50k:150052
C:\Users\tprac\Downloads\sahara\sahara\data\raw\fsd50k\FSD50K.dev_audio\150053.wav,appliance_beep,fsd50k,real,0.0,fsd50k:150053
C:\Users\tprac\Downloads\sahara\sahara\data\raw\fsd50k\FSD50K.dev_audio\51747.wav,appliance_beep,fsd50k,real,0.0,fsd50k:51747
C:\Users\tprac\Downloads\sahara\sahara\data\raw\fsd50k\FSD50K.dev_audio\350773.wav,appliance_beep,fsd50k,real,0.0,fsd50k:350773
C:\Users\tprac\Downloads\sahara\sahara\data\raw\fsd50k\FSD50K.dev_audio\246328.wav,appliance_beep,fsd50k,real,0.0,fsd50k:246328
C:\Users\tprac\Downloads\sahara\sahara\data\raw\fsd50k\FSD50K.dev_audio\426559.wav,appliance_beep,fsd50k,real,0.0,fsd50k:426559
C:\Users\tprac\Downloads\sahara\sahara\data\raw\fsd50k\FSD50K.dev_audio\39514.wav,appliance_beep,fsd50k,real,0.0,fsd50k:39514
C:\Users\tprac\Downloads\sahara\sahara\data\raw\fsd50k\FSD50K.dev_audio\35433.wav,appliance_beep,fsd50k,real,0.0,fsd50k:35433
C:\Users\tprac\Downloads\sahara\sahara\data\raw\fsd50k\FSD50K.dev_audio\35436.wav,appliance_beep,fsd50k,real,0.0,fsd50k:35436
C:\Users\tprac\Downloads\sahara\sahara\data\raw\fsd50k\FSD50K.dev_audio\201325.wav,appliance_beep,fsd50k,real,0.0,fsd50k:201325
C:\Users\tprac\Downloads\sahara\sahara\data\raw\fsd50k\FSD50K.dev_audio\35439.wav,appliance_beep,fsd50k,real,0.0,fsd50k:35439
C:\Users\tprac\Downloads\sahara\sahara\data\raw\fsd50k\FSD50K.dev_audio\35441.wav,appliance_beep,fsd50k,real,0.0,fsd50k:35441
C:\Users\tprac\Downloads\sahara\sahara\data\raw\fsd50k\FSD50K.dev_audio\96890.wav,appliance_beep,fsd50k,real,0.0,fsd50k:96890
C:\Users\tprac\Downloads\sahara\sahara\data\raw\fsd50k\FSD50K.dev_audio\342663.wav,appliance_beep,fsd50k,real,0.0,fsd50k:342663
C:\Users\tprac\Downloads\sahara\sahara\data\raw\fsd50k\FSD50K.dev_audio\342664.wav,appliance_beep,fsd50k,real,0.0,fsd50k:342664
C:\Users\tprac\Downloads\sahara\sahara\data\raw\fsd50k\FSD50K.dev_audio\70289.wav,appliance_beep,fsd50k,real,0.0,fsd50k:70289
C:\Users\tprac\Downloads\sahara\sahara\data\raw\fsd50k\FSD50K.dev_audio\324248.wav,appliance_beep,fsd50k,real,0.0,fsd50k:324248
C:\Users\tprac\Downloads\sahara\sahara\data\raw\fsd50k\FSD50K.dev_audio\414366.wav,appliance_beep,fsd50k,real,0.0,fsd50k:414366
C:\Users\tprac\Downloads\sahara\sahara\data\raw\fsd50k\FSD50K.dev_audio\139958.wav,appliance_beep,fsd50k,real,0.0,fsd50k:139958
C:\Users\tprac\Downloads\sahara\sahara\data\raw\fsd50k\FSD50K.dev_audio\271063.wav,appliance_beep,fsd50k,real,0.0,fsd50k:271063
C:\Users\tprac\Downloads\sahara\sahara\data\raw\fsd50k\FSD50K.dev_audio\262878.wav,appliance_beep,fsd50k,real,0.0,fsd50k:262878
C:\Users\tprac\Downloads\sahara\sahara\data\raw\fsd50k\FSD50K.dev_audio\92897.wav,appliance_beep,fsd50k,real,0.0,fsd50k:92897
C:\Users\tprac\Downloads\sahara\sahara\data\raw\fsd50k\FSD50K.dev_audio\74471.wav,appliance_beep,fsd50k,real,0.0,fsd50k:74471
C:\Users\tprac\Downloads\sahara\sahara\data\raw\fsd50k\FSD50K.dev_audio\74474.wav,appliance_beep,fsd50k,real,0.0,fsd50k:74474
C:\Users\tprac\Downloads\sahara\sahara\data\raw\fsd50k\FSD50K.dev_audio\262900.wav,appliance_beep,fsd50k,real,0.0,fsd50k:262900
C:\Users\tprac\Downloads\sahara\sahara\data\raw\fsd50k\FSD50K.dev_audio\250629.wav,appliance_beep,fsd50k,real,0.0,fsd50k:250629
C:\Users\tprac\Downloads\sahara\sahara\data\raw\fsd50k\FSD50K.dev_audio\203539.wav,appliance_beep,fsd50k,real,0.0,fsd50k:203539
C:\Users\tprac\Downloads\sahara\sahara\data\raw\fsd50k\FSD50K.dev_audio\250654.wav,appliance_beep,fsd50k,real,0.0,fsd50k:250654
C:\Users\tprac\Downloads\sahara\sahara\data\raw\fsd50k\FSD50K.dev_audio\273187.wav,appliance_beep,fsd50k,real,0.0,fsd50k:273187
C:\Users\tprac\Downloads\sahara\sahara\data\raw\fsd50k\FSD50K.dev_audio\52004.wav,appliance_beep,fsd50k,real,0.0,fsd50k:52004
C:\Users\tprac\Downloads\sahara\sahara\data\raw\fsd50k\FSD50K.dev_audio\156453.wav,appliance_beep,fsd50k,real,0.0,fsd50k:156453
C:\Users\tprac\Downloads\sahara\sahara\data\raw\fsd50k\FSD50K.dev_audio\148266.wav,appliance_beep,fsd50k,real,0.0,fsd50k:148266
C:\Users\tprac\Downloads\sahara\sahara\data\raw\fsd50k\FSD50K.dev_audio\398123.wav,appliance_beep,fsd50k,real,0.0,fsd50k:398123
C:\Users\tprac\Downloads\sahara\sahara\data\raw\fsd50k\FSD50K.dev_audio\265017.wav,appliance_beep,fsd50k,real,0.0,fsd50k:265017
C:\Users\tprac\Downloads\sahara\sahara\data\raw\fsd50k\FSD50K.dev_audio\324415.wav,appliance_beep,fsd50k,real,0.0,fsd50k:324415
C:\Users\tprac\Downloads\sahara\sahara\data\raw\fsd50k\FSD50K.dev_audio\148297.wav,appliance_beep,fsd50k,real,0.0,fsd50k:148297
C:\Users\tprac\Downloads\sahara\sahara\data\raw\fsd50k\FSD50K.dev_audio\334684.wav,appliance_beep,fsd50k,real,0.0,fsd50k:334684
C:\Users\tprac\Downloads\sahara\sahara\data\raw\fsd50k\FSD50K.dev_audio\396137.wav,appliance_beep,fsd50k,real,0.0,fsd50k:396137
C:\Users\tprac\Downloads\sahara\sahara\data\raw\fsd50k\FSD50K.dev_audio\82797.wav,appliance_beep,fsd50k,real,0.0,fsd50k:82797
C:\Users\tprac\Downloads\sahara\sahara\data\raw\fsd50k\FSD50K.dev_audio\185199.wav,appliance_beep,fsd50k,real,0.0,fsd50k:185199
C:\Users\tprac\Downloads\sahara\sahara\data\raw\fsd50k\FSD50K.dev_audio\213890.wav,appliance_beep,fsd50k,real,0.0,fsd50k:213890
C:\Users\tprac\Downloads\sahara\sahara\data\raw\fsd50k\FSD50K.dev_audio\338853.wav,appliance_beep,fsd50k,real,0.0,fsd50k:338853
C:\Users\tprac\Downloads\sahara\sahara\data\raw\fsd50k\FSD50K.dev_audio\103335.wav,appliance_beep,fsd50k,real,0.0,fsd50k:103335
C:\Users\tprac\Downloads\sahara\sahara\data\raw\fsd50k\FSD50K.dev_audio\273320.wav,appliance_beep,fsd50k,real,0.0,fsd50k:273320
C:\Users\tprac\Downloads\sahara\sahara\data\raw\fsd50k\FSD50K.dev_audio\33725.wav,appliance_beep,fsd50k,real,0.0,fsd50k:33725
C:\Users\tprac\Downloads\sahara\sahara\data\raw\fsd50k\FSD50K.dev_audio\33726.wav,appliance_beep,fsd50k,real,0.0,fsd50k:33726
C:\Users\tprac\Downloads\sahara\sahara\data\raw\fsd50k\FSD50K.dev_audio\33727.wav,appliance_beep,fsd50k,real,0.0,fsd50k:33727
C:\Users\tprac\Downloads\sahara\sahara\data\raw\fsd50k\FSD50K.dev_audio\33728.wav,appliance_beep,fsd50k,real,0.0,fsd50k:33728
C:\Users\tprac\Downloads\sahara\sahara\data\raw\fsd50k\FSD50K.dev_audio\33729.wav,appliance_beep,fsd50k,real,0.0,fsd50k:33729
C:\Users\tprac\Downloads\sahara\sahara\data\raw\fsd50k\FSD50K.dev_audio\33730.wav,appliance_beep,fsd50k,real,0.0,fsd50k:33730
C:\Users\tprac\Downloads\sahara\sahara\data\raw\fsd50k\FSD50K.dev_audio\33731.wav,appliance_beep,fsd50k,real,0.0,fsd50k:33731
C:\Users\tprac\Downloads\sahara\sahara\data\raw\fsd50k\FSD50K.dev_audio\33734.wav,appliance_beep,fsd50k,real,0.0,fsd50k:33734
C:\Users\tprac\Downloads\sahara\sahara\data\raw\fsd50k\FSD50K.dev_audio\33735.wav,appliance_beep,fsd50k,real,0.0,fsd50k:33735
C:\Users\tprac\Downloads\sahara\sahara\data\raw\fsd50k\FSD50K.dev_audio\33736.wav,appliance_beep,fsd50k,real,0.0,fsd50k:33736
C:\Users\tprac\Downloads\sahara\sahara\data\raw\fsd50k\FSD50K.dev_audio\33737.wav,appliance_beep,fsd50k,real,0.0,fsd50k:33737
C:\Users\tprac\Downloads\sahara\sahara\data\raw\fsd50k\FSD50K.dev_audio\33738.wav,appliance_beep,fsd50k,real,0.0,fsd50k:33738
C:\Users\tprac\Downloads\sahara\sahara\data\raw\fsd50k\FSD50K.dev_audio\33740.wav,appliance_beep,fsd50k,real,0.0,fsd50k:33740
C:\Users\tprac\Downloads\sahara\sahara\data\raw\fsd50k\FSD50K.dev_audio\33741.wav,appliance_beep,fsd50k,real,0.0,fsd50k:33741
C:\Users\tprac\Downloads\sahara\sahara\data\raw\fsd50k\FSD50K.dev_audio\33742.wav,appliance_beep,fsd50k,real,0.0,fsd50k:33742
C:\Users\tprac\Downloads\sahara\sahara\data\raw\fsd50k\FSD50K.dev_audio\340942.wav,appliance_beep,fsd50k,real,0.0,fsd50k:340942
C:\Users\tprac\Downloads\sahara\sahara\data\raw\fsd50k\FSD50K.dev_audio\33743.wav,appliance_beep,fsd50k,real,0.0,fsd50k:33743
C:\Users\tprac\Downloads\sahara\sahara\data\raw\fsd50k\FSD50K.dev_audio\99282.wav,appliance_beep,fsd50k,real,0.0,fsd50k:99282
C:\Users\tprac\Downloads\sahara\sahara\data\raw\fsd50k\FSD50K.dev_audio\33748.wav,appliance_beep,fsd50k,real,0.0,fsd50k:33748
C:\Users\tprac\Downloads\sahara\sahara\data\raw\fsd50k\FSD50K.dev_audio\33749.wav,appliance_beep,fsd50k,real,0.0,fsd50k:33749
C:\Users\tprac\Downloads\sahara\sahara\data\raw\fsd50k\FSD50K.dev_audio\33746.wav,appliance_beep,fsd50k,real,0.0,fsd50k:33746
C:\Users\tprac\Downloads\sahara\sahara\data\raw\fsd50k\FSD50K.dev_audio\33747.wav,appliance_beep,fsd50k,real,0.0,fsd50k:33747
C:\Users\tprac\Downloads\sahara\sahara\data\raw\fsd50k\FSD50K.dev_audio\33751.wav,appliance_beep,fsd50k,real,0.0,fsd50k:33751
C:\Users\tprac\Downloads\sahara\sahara\data\raw\fsd50k\FSD50K.dev_audio\33750.wav,appliance_beep,fsd50k,real,0.0,fsd50k:33750
C:\Users\tprac\Downloads\sahara\sahara\data\raw\fsd50k\FSD50K.dev_audio\33752.wav,appliance_beep,fsd50k,real,0.0,fsd50k:33752
C:\Users\tprac\Downloads\sahara\sahara\data\raw\fsd50k\FSD50K.dev_audio\199657.wav,appliance_beep,fsd50k,real,0.0,fsd50k:199657
C:\Users\tprac\Downloads\sahara\sahara\data\raw\fsd50k\FSD50K.dev_audio\132074.wav,appliance_beep,fsd50k,real,0.0,fsd50k:132074
C:\Users\tprac\Downloads\sahara\sahara\data\raw\fsd50k\FSD50K.dev_audio\156672.wav,appliance_beep,fsd50k,real,0.0,fsd50k:156672
C:\Users\tprac\Downloads\sahara\sahara\data\raw\fsd50k\FSD50K.dev_audio\336897.wav,appliance_beep,fsd50k,real,0.0,fsd50k:336897
C:\Users\tprac\Downloads\sahara\sahara\data\raw\fsd50k\FSD50K.dev_audio\336896.wav,appliance_beep,fsd50k,real,0.0,fsd50k:336896
C:\Users\tprac\Downloads\sahara\sahara\data\raw\fsd50k\FSD50K.dev_audio\277510.wav,appliance_beep,fsd50k,real,0.0,fsd50k:277510
C:\Users\tprac\Downloads\sahara\sahara\data\raw\fsd50k\FSD50K.dev_audio\128021.wav,appliance_beep,fsd50k,real,0.0,fsd50k:128021
C:\Users\tprac\Downloads\sahara\sahara\data\raw\fsd50k\FSD50K.dev_audio\322581.wav,appliance_beep,fsd50k,real,0.0,fsd50k:322581
C:\Users\tprac\Downloads\sahara\sahara\data\raw\fsd50k\FSD50K.dev_audio\48151.wav,appliance_beep,fsd50k,real,0.0,fsd50k:48151
C:\Users\tprac\Downloads\sahara\sahara\data\raw\fsd50k\FSD50K.dev_audio\322582.wav,appliance_beep,fsd50k,real,0.0,fsd50k:322582
C:\Users\tprac\Downloads\sahara\sahara\data\raw\fsd50k\FSD50K.dev_audio\216090.wav,appliance_beep,fsd50k,real,0.0,fsd50k:216090
C:\Users\tprac\Downloads\sahara\sahara\data\raw\fsd50k\FSD50K.dev_audio\37915.wav,appliance_beep,fsd50k,real,0.0,fsd50k:37915
C:\Users\tprac\Downloads\sahara\sahara\data\raw\fsd50k\FSD50K.dev_audio\271389.wav,appliance_beep,fsd50k,real,0.0,fsd50k:271389
C:\Users\tprac\Downloads\sahara\sahara\data\raw\fsd50k\FSD50K.dev_audio\62502.wav,appliance_beep,fsd50k,real,0.0,fsd50k:62502
C:\Users\tprac\Downloads\sahara\sahara\data\raw\fsd50k\FSD50K.dev_audio\121904.wav,appliance_beep,fsd50k,real,0.0,fsd50k:121904
C:\Users\tprac\Downloads\sahara\sahara\data\raw\fsd50k\FSD50K.dev_audio\121908.wav,appliance_beep,fsd50k,real,0.0,fsd50k:121908
C:\Users\tprac\Downloads\sahara\sahara\data\raw\fsd50k\FSD50K.dev_audio\361537.wav,appliance_beep,fsd50k,real,0.0,fsd50k:361537
C:\Users\tprac\Downloads\sahara\sahara\data\raw\fsd50k\FSD50K.dev_audio\76878.wav,appliance_beep,fsd50k,real,0.0,fsd50k:76878
C:\Users\tprac\Downloads\sahara\sahara\data\raw\fsd50k\FSD50K.dev_audio\197713.wav,appliance_beep,fsd50k,real,0.0,fsd50k:197713
C:\Users\tprac\Downloads\sahara\sahara\data\raw\fsd50k\FSD50K.dev_audio\418898.wav,appliance_beep,fsd50k,real,0.0,fsd50k:418898
C:\Users\tprac\Downloads\sahara\sahara\data\raw\fsd50k\FSD50K.dev_audio\111707.wav,appliance_beep,fsd50k,real,0.0,fsd50k:111707
C:\Users\tprac\Downloads\sahara\sahara\data\raw\fsd50k\FSD50K.dev_audio\365667.wav,appliance_beep,fsd50k,real,0.0,fsd50k:365667
C:\Users\tprac\Downloads\sahara\sahara\data\raw\fsd50k\FSD50K.dev_audio\78948.wav,appliance_beep,fsd50k,real,0.0,fsd50k:78948
C:\Users\tprac\Downloads\sahara\sahara\data\raw\fsd50k\FSD50K.dev_audio\371836.wav,appliance_beep,fsd50k,real,0.0,fsd50k:371836
C:\Users\tprac\Downloads\sahara\sahara\data\raw\fsd50k\FSD50K.dev_audio\205951.wav,appliance_beep,fsd50k,real,0.0,fsd50k:205951
C:\Users\tprac\Downloads\sahara\sahara\data\raw\fsd50k\FSD50K.dev_audio\201855.wav,appliance_beep,fsd50k,real,0.0,fsd50k:201855
C:\Users\tprac\Downloads\sahara\sahara\data\raw\fsd50k\FSD50K.dev_audio\128138.wav,appliance_beep,fsd50k,real,0.0,fsd50k:128138
C:\Users\tprac\Downloads\sahara\sahara\data\raw\fsd50k\FSD50K.dev_audio\369847.wav,appliance_beep,fsd50k,real,0.0,fsd50k:369847
C:\Users\tprac\Downloads\sahara\sahara\data\raw\fsd50k\FSD50K.dev_audio\244927.wav,appliance_beep,fsd50k,real,0.0,fsd50k:244927
C:\Users\tprac\Downloads\sahara\sahara\data\raw\fsd50k\FSD50K.dev_audio\244932.wav,appliance_beep,fsd50k,real,0.0,fsd50k:244932
C:\Users\tprac\Downloads\sahara\sahara\data\raw\fsd50k\FSD50K.dev_audio\369879.wav,appliance_beep,fsd50k,real,0.0,fsd50k:369879
C:\Users\tprac\Downloads\sahara\sahara\data\raw\fsd50k\FSD50K.dev_audio\185560.wav,appliance_beep,fsd50k,real,0.0,fsd50k:185560
C:\Users\tprac\Downloads\sahara\sahara\data\raw\fsd50k\FSD50K.dev_audio\369880.wav,appliance_beep,fsd50k,real,0.0,fsd50k:369880
C:\Users\tprac\Downloads\sahara\sahara\data\raw\fsd50k\FSD50K.dev_audio\255194.wav,appliance_beep,fsd50k,real,0.0,fsd50k:255194
C:\Users\tprac\Downloads\sahara\sahara\data\raw\fsd50k\FSD50K.dev_audio\255195.wav,appliance_beep,fsd50k,real,0.0,fsd50k:255195
C:\Users\tprac\Downloads\sahara\sahara\data\raw\fsd50k\FSD50K.dev_audio\367839.wav,appliance_beep,fsd50k,real,0.0,fsd50k:367839
C:\Users\tprac\Downloads\sahara\sahara\data\raw\fsd50k\FSD50K.dev_audio\410851.wav,appliance_beep,fsd50k,real,0.0,fsd50k:410851
C:\Users\tprac\Downloads\sahara\sahara\data\raw\fsd50k\FSD50K.dev_audio\269541.wav,appliance_beep,fsd50k,real,0.0,fsd50k:269541
C:\Users\tprac\Downloads\sahara\sahara\data\raw\fsd50k\FSD50K.dev_audio\169209.wav,appliance_beep,fsd50k,real,0.0,fsd50k:169209
C:\Users\tprac\Downloads\sahara\sahara\data\raw\fsd50k\FSD50K.dev_audio\382236.wav,appliance_beep,fsd50k,real,0.0,fsd50k:382236
C:\Users\tprac\Downloads\sahara\sahara\data\raw\fsd50k\FSD50K.dev_audio\99630.wav,appliance_beep,fsd50k,real,0.0,fsd50k:99630
C:\Users\tprac\Downloads\sahara\sahara\data\raw\fsd50k\FSD50K.dev_audio\36170.wav,appliance_beep,fsd50k,real,0.0,fsd50k:36170
C:\Users\tprac\Downloads\sahara\sahara\data\raw\fsd50k\FSD50K.dev_audio\365903.wav,appliance_beep,fsd50k,real,0.0,fsd50k:365903
C:\Users\tprac\Downloads\sahara\sahara\data\raw\fsd50k\FSD50K.dev_audio\83280.wav,appliance_beep,fsd50k,real,0.0,fsd50k:83280
C:\Users\tprac\Downloads\sahara\sahara\data\raw\fsd50k\FSD50K.dev_audio\353635.wav,appliance_beep,fsd50k,real,0.0,fsd50k:353635
C:\Users\tprac\Downloads\sahara\sahara\data\raw\fsd50k\FSD50K.dev_audio\337257.wav,appliance_beep,fsd50k,real,0.0,fsd50k:337257
C:\Users\tprac\Downloads\sahara\sahara\data\raw\fsd50k\FSD50K.dev_audio\185708.wav,appliance_beep,fsd50k,real,0.0,fsd50k:185708
C:\Users\tprac\Downloads\sahara\sahara\data\raw\fsd50k\FSD50K.dev_audio\21871.wav,appliance_beep,fsd50k,real,0.0,fsd50k:21871
C:\Users\tprac\Downloads\sahara\sahara\data\raw\fsd50k\FSD50K.dev_audio\361856.wav,appliance_beep,fsd50k,real,0.0,fsd50k:361856
C:\Users\tprac\Downloads\sahara\sahara\data\raw\fsd50k\FSD50K.dev_audio\253314.wav,appliance_beep,fsd50k,real,0.0,fsd50k:253314
C:\Users\tprac\Downloads\sahara\sahara\data\raw\fsd50k\FSD50K.dev_audio\253316.wav,appliance_beep,fsd50k,real,0.0,fsd50k:253316
C:\Users\tprac\Downloads\sahara\sahara\data\raw\fsd50k\FSD50K.dev_audio\335248.wav,appliance_beep,fsd50k,real,0.0,fsd50k:335248
C:\Users\tprac\Downloads\sahara\sahara\data\raw\fsd50k\FSD50K.dev_audio\341395.wav,appliance_beep,fsd50k,real,0.0,fsd50k:341395
C:\Users\tprac\Downloads\sahara\sahara\data\raw\fsd50k\FSD50K.dev_audio\400792.wav,appliance_beep,fsd50k,real,0.0,fsd50k:400792
C:\Users\tprac\Downloads\sahara\sahara\data\raw\fsd50k\FSD50K.dev_audio\167337.wav,appliance_beep,fsd50k,real,0.0,fsd50k:167337
C:\Users\tprac\Downloads\sahara\sahara\data\raw\fsd50k\FSD50K.dev_audio\318910.wav,appliance_beep,fsd50k,real,0.0,fsd50k:318910
C:\Users\tprac\Downloads\sahara\sahara\data\raw\fsd50k\FSD50K.dev_audio\67010.wav,appliance_beep,fsd50k,real,0.0,fsd50k:67010
C:\Users\tprac\Downloads\sahara\sahara\data\raw\fsd50k\FSD50K.dev_audio\347586.wav,appliance_beep,fsd50k,real,0.0,fsd50k:347586
C:\Users\tprac\Downloads\sahara\sahara\data\raw\fsd50k\FSD50K.dev_audio\150981.wav,appliance_beep,fsd50k,real,0.0,fsd50k:150981
C:\Users\tprac\Downloads\sahara\sahara\data\raw\fsd50k\FSD50K.dev_audio\275910.wav,appliance_beep,fsd50k,real,0.0,fsd50k:275910
C:\Users\tprac\Downloads\sahara\sahara\data\raw\fsd50k\FSD50K.dev_audio\15813.wav,appliance_beep,fsd50k,real,0.0,fsd50k:15813
C:\Users\tprac\Downloads\sahara\sahara\data\raw\fsd50k\FSD50K.dev_audio\323016.wav,appliance_beep,fsd50k,real,0.0,fsd50k:323016
C:\Users\tprac\Downloads\sahara\sahara\data\raw\fsd50k\FSD50K.dev_audio\9674.wav,appliance_beep,fsd50k,real,0.0,fsd50k:9674
C:\Users\tprac\Downloads\sahara\sahara\data\raw\fsd50k\FSD50K.dev_audio\323019.wav,appliance_beep,fsd50k,real,0.0,fsd50k:323019
C:\Users\tprac\Downloads\sahara\sahara\data\raw\fsd50k\FSD50K.dev_audio\249304.wav,appliance_beep,fsd50k,real,0.0,fsd50k:249304
C:\Users\tprac\Downloads\sahara\sahara\data\raw\fsd50k\FSD50K.dev_audio\171493.wav,appliance_beep,fsd50k,real,0.0,fsd50k:171493
C:\Users\tprac\Downloads\sahara\sahara\data\raw\fsd50k\FSD50K.dev_audio\67048.wav,appliance_beep,fsd50k,real,0.0,fsd50k:67048
C:\Users\tprac\Downloads\sahara\sahara\data\raw\fsd50k\FSD50K.dev_audio\89589.wav,appliance_beep,fsd50k,real,0.0,fsd50k:89589
C:\Users\tprac\Downloads\sahara\sahara\data\raw\fsd50k\FSD50K.dev_audio\171515.wav,appliance_beep,fsd50k,real,0.0,fsd50k:171515
C:\Users\tprac\Downloads\sahara\sahara\data\raw\fsd50k\FSD50K.dev_audio\400894.wav,appliance_beep,fsd50k,real,0.0,fsd50k:400894
C:\Users\tprac\Downloads\sahara\sahara\data\raw\fsd50k\FSD50K.dev_audio\5635.wav,appliance_beep,fsd50k,real,0.0,fsd50k:5635
C:\Users\tprac\Downloads\sahara\sahara\data\raw\fsd50k\FSD50K.dev_audio\392721.wav,appliance_beep,fsd50k,real,0.0,fsd50k:392721
C:\Users\tprac\Downloads\sahara\sahara\data\raw\fsd50k\FSD50K.dev_audio\202258.wav,appliance_beep,fsd50k,real,0.0,fsd50k:202258
C:\Users\tprac\Downloads\sahara\sahara\data\raw\fsd50k\FSD50K.dev_audio\265769.wav,appliance_beep,fsd50k,real,0.0,fsd50k:265769
C:\Users\tprac\Downloads\sahara\sahara\data\raw\fsd50k\FSD50K.dev_audio\126560.wav,appliance_beep,fsd50k,real,0.0,fsd50k:126560
C:\Users\tprac\Downloads\sahara\sahara\data\raw\fsd50k\FSD50K.dev_audio\126561.wav,appliance_beep,fsd50k,real,0.0,fsd50k:126561
C:\Users\tprac\Downloads\sahara\sahara\data\raw\fsd50k\FSD50K.dev_audio\388709.wav,appliance_beep,fsd50k,real,0.0,fsd50k:388709
C:\Users\tprac\Downloads\sahara\sahara\data\raw\fsd50k\FSD50K.dev_audio\155251.wav,appliance_beep,fsd50k,real,0.0,fsd50k:155251
C:\Users\tprac\Downloads\sahara\sahara\data\raw\fsd50k\FSD50K.dev_audio\204423.wav,appliance_beep,fsd50k,real,0.0,fsd50k:204423
C:\Users\tprac\Downloads\sahara\sahara\data\raw\fsd50k\FSD50K.dev_audio\165542.wav,appliance_beep,fsd50k,real,0.0,fsd50k:165542
C:\Users\tprac\Downloads\sahara\sahara\data\raw\fsd50k\FSD50K.dev_audio\24232.wav,appliance_beep,fsd50k,real,0.0,fsd50k:24232
C:\Users\tprac\Downloads\sahara\sahara\data\raw\fsd50k\FSD50K.dev_audio\24236.wav,appliance_beep,fsd50k,real,0.0,fsd50k:24236
C:\Users\tprac\Downloads\sahara\sahara\data\raw\fsd50k\FSD50K.dev_audio\251564.wav,appliance_beep,fsd50k,real,0.0,fsd50k:251564
C:\Users\tprac\Downloads\sahara\sahara\data\raw\fsd50k\FSD50K.dev_audio\202423.wav,appliance_beep,fsd50k,real,0.0,fsd50k:202423
C:\Users\tprac\Downloads\sahara\sahara\data\raw\fsd50k\FSD50K.dev_audio\184000.wav,appliance_beep,fsd50k,real,0.0,fsd50k:184000
C:\Users\tprac\Downloads\sahara\sahara\data\raw\fsd50k\FSD50K.dev_audio\413391.wav,appliance_beep,fsd50k,real,0.0,fsd50k:413391
C:\Users\tprac\Downloads\sahara\sahara\data\raw\fsd50k\FSD50K.dev_audio\177874.wav,appliance_beep,fsd50k,real,0.0,fsd50k:177874
C:\Users\tprac\Downloads\sahara\sahara\data\raw\fsd50k\FSD50K.dev_audio\42707.wav,appliance_beep,fsd50k,real,0.0,fsd50k:42707
C:\Users\tprac\Downloads\sahara\sahara\data\raw\fsd50k\FSD50K.dev_audio\364270.wav,appliance_beep,fsd50k,real,0.0,fsd50k:364270
C:\Users\tprac\Downloads\sahara\sahara\data\raw\fsd50k\FSD50K.dev_audio\55031.wav,appliance_beep,fsd50k,real,0.0,fsd50k:55031
C:\Users\tprac\Downloads\sahara\sahara\data\raw\fsd50k\FSD50K.dev_audio\265977.wav,appliance_beep,fsd50k,real,0.0,fsd50k:265977
C:\Users\tprac\Downloads\sahara\sahara\data\raw\fsd50k\FSD50K.dev_audio\198408.wav,appliance_beep,fsd50k,real,0.0,fsd50k:198408
C:\Users\tprac\Downloads\sahara\sahara\data\raw\fsd50k\FSD50K.dev_audio\198409.wav,appliance_beep,fsd50k,real,0.0,fsd50k:198409
C:\Users\tprac\Downloads\sahara\sahara\data\raw\fsd50k\FSD50K.dev_audio\241419.wav,appliance_beep,fsd50k,real,0.0,fsd50k:241419
C:\Users\tprac\Downloads\sahara\sahara\data\raw\fsd50k\FSD50K.dev_audio\202512.wav,appliance_beep,fsd50k,real,0.0,fsd50k:202512
C:\Users\tprac\Downloads\sahara\sahara\data\raw\fsd50k\FSD50K.dev_audio\134952.wav,appliance_beep,fsd50k,real,0.0,fsd50k:134952
C:\Users\tprac\Downloads\sahara\sahara\data\raw\fsd50k\FSD50K.dev_audio\40751.wav,appliance_beep,fsd50k,real,0.0,fsd50k:40751
C:\Users\tprac\Downloads\sahara\sahara\data\raw\fsd50k\FSD50K.dev_audio\368450.wav,appliance_beep,fsd50k,real,0.0,fsd50k:368450
C:\Users\tprac\Downloads\sahara\sahara\data\raw\fsd50k\FSD50K.dev_audio\188240.wav,appliance_beep,fsd50k,real,0.0,fsd50k:188240
C:\Users\tprac\Downloads\sahara\sahara\data\raw\fsd50k\FSD50K.dev_audio\204684.wav,appliance_beep,fsd50k,real,0.0,fsd50k:204684
C:\Users\tprac\Downloads\sahara\sahara\data\raw\fsd50k\FSD50K.dev_audio\128910.wav,appliance_beep,fsd50k,real,0.0,fsd50k:128910
C:\Users\tprac\Downloads\sahara\sahara\data\raw\fsd50k\FSD50K.dev_audio\173978.wav,appliance_beep,fsd50k,real,0.0,fsd50k:173978
C:\Users\tprac\Downloads\sahara\sahara\data\raw\fsd50k\FSD50K.dev_audio\221085.wav,appliance_beep,fsd50k,real,0.0,fsd50k:221085
C:\Users\tprac\Downloads\sahara\sahara\data\raw\fsd50k\FSD50K.dev_audio\221086.wav,appliance_beep,fsd50k,real,0.0,fsd50k:221086
C:\Users\tprac\Downloads\sahara\sahara\data\raw\fsd50k\FSD50K.dev_audio\221088.wav,appliance_beep,fsd50k,real,0.0,fsd50k:221088
C:\Users\tprac\Downloads\sahara\sahara\data\raw\fsd50k\FSD50K.dev_audio\55214.wav,appliance_beep,fsd50k,real,0.0,fsd50k:55214
C:\Users\tprac\Downloads\sahara\sahara\data\raw\fsd50k\FSD50K.dev_audio\14262.wav,appliance_beep,fsd50k,real,0.0,fsd50k:14262
C:\Users\tprac\Downloads\sahara\sahara\data\raw\fsd50k\FSD50K.dev_audio\14263.wav,appliance_beep,fsd50k,real,0.0,fsd50k:14263
C:\Users\tprac\Downloads\sahara\sahara\data\raw\fsd50k\FSD50K.dev_audio\432063.wav,appliance_beep,fsd50k,real,0.0,fsd50k:432063
C:\Users\tprac\Downloads\sahara\sahara\data\raw\fsd50k\FSD50K.dev_audio\223176.wav,appliance_beep,fsd50k,real,0.0,fsd50k:223176
C:\Users\tprac\Downloads\sahara\sahara\data\raw\fsd50k\FSD50K.dev_audio\395213.wav,appliance_beep,fsd50k,real,0.0,fsd50k:395213
C:\Users\tprac\Downloads\sahara\sahara\data\raw\fsd50k\FSD50K.dev_audio\417768.wav,appliance_beep,fsd50k,real,0.0,fsd50k:417768
C:\Users\tprac\Downloads\sahara\sahara\data\raw\fsd50k\FSD50K.dev_audio\403449.wav,appliance_beep,fsd50k,real,0.0,fsd50k:403449
C:\Users\tprac\Downloads\sahara\sahara\data\raw\fsd50k\FSD50K.dev_audio\395415.wav,appliance_beep,fsd50k,real,0.0,fsd50k:395415
C:\Users\tprac\Downloads\sahara\sahara\data\raw\fsd50k\FSD50K.dev_audio\132340.wav,appliance_beep,fsd50k,real,0.0,fsd50k:132340
C:\Users\tprac\Downloads\sahara\sahara\data\raw\fsd50k\FSD50K.dev_audio\87316.wav,appliance_beep,fsd50k,real,0.0,fsd50k:87316
C:\Users\tprac\Downloads\sahara\sahara\data\raw\fsd50k\FSD50K.dev_audio\408855.wav,appliance_beep,fsd50k,real,0.0,fsd50k:408855
C:\Users\tprac\Downloads\sahara\sahara\data\raw\fsd50k\FSD50K.dev_audio\135509.wav,appliance_beep,fsd50k,real,0.0,fsd50k:135509
C:\Users\tprac\Downloads\sahara\sahara\data\raw\fsd50k\FSD50K.dev_audio\135511.wav,appliance_beep,fsd50k,real,0.0,fsd50k:135511
C:\Users\tprac\Downloads\sahara\sahara\data\raw\fsd50k\FSD50K.dev_audio\245888.wav,appliance_beep,fsd50k,real,0.0,fsd50k:245888
C:\Users\tprac\Downloads\sahara\sahara\data\raw\fsd50k\FSD50K.dev_audio\154954.wav,appliance_beep,fsd50k,real,0.0,fsd50k:154954
C:\Users\tprac\Downloads\sahara\sahara\data\raw\fsd50k\FSD50K.dev_audio\154956.wav,appliance_beep,fsd50k,real,0.0,fsd50k:154956
C:\Users\tprac\Downloads\sahara\sahara\data\raw\fsd50k\FSD50K.dev_audio\347658.wav,appliance_beep,fsd50k,real,0.0,fsd50k:347658
C:\Users\tprac\Downloads\sahara\sahara\data\raw\fsd50k\FSD50K.dev_audio\34853.wav,appliance_beep,fsd50k,real,0.0,fsd50k:34853
C:\Users\tprac\Downloads\sahara\sahara\data\raw\fsd50k\FSD50K.dev_audio\344224.wav,appliance_beep,fsd50k,real,0.0,fsd50k:344224
C:\Users\tprac\Downloads\sahara\sahara\data\raw\fsd50k\FSD50K.dev_audio\392743.wav,appliance_beep,fsd50k,real,0.0,fsd50k:392743
C:\Users\tprac\Downloads\sahara\sahara\data\raw\fsd50k\FSD50K.dev_audio\97758.wav,appliance_beep,fsd50k,real,0.0,fsd50k:97758
C:\Users\tprac\Downloads\sahara\sahara\data\raw\fsd50k\FSD50K.dev_audio\177878.wav,appliance_beep,fsd50k,real,0.0,fsd50k:177878
C:\Users\tprac\Downloads\sahara\sahara\data\raw\fsd50k\FSD50K.dev_audio\44182.wav,appliance_beep,fsd50k,real,0.0,fsd50k:44182
C:\Users\tprac\Downloads\sahara\sahara\data\raw\fsd50k\FSD50K.dev_audio\92975.wav,appliance_beep,fsd50k,real,0.0,fsd50k:92975
C:\Users\tprac\Downloads\sahara\sahara\data\raw\fsd50k\FSD50K.dev_audio\386782.wav,appliance_beep,fsd50k,real,0.0,fsd50k:386782
C:\Users\tprac\Downloads\sahara\sahara\data\raw\fsd50k\FSD50K.dev_audio\168588.wav,appliance_beep,fsd50k,real,0.0,fsd50k:168588
C:\Users\tprac\Downloads\sahara\sahara\data\raw\fsd50k\FSD50K.dev_audio\168589.wav,appliance_beep,fsd50k,real,0.0,fsd50k:168589
C:\Users\tprac\Downloads\sahara\sahara\data\raw\fsd50k\FSD50K.dev_audio\389526.wav,appliance_beep,fsd50k,real,0.0,fsd50k:389526
C:\Users\tprac\Downloads\sahara\sahara\data\raw\fsd50k\FSD50K.dev_audio\423652.wav,appliance_beep,fsd50k,real,0.0,fsd50k:423652
C:\Users\tprac\Downloads\sahara\sahara\data\raw\fsd50k\FSD50K.dev_audio\77928.wav,appliance_beep,fsd50k,real,0.0,fsd50k:77928
C:\Users\tprac\Downloads\sahara\sahara\data\raw\fsd50k\FSD50K.dev_audio\77929.wav,appliance_beep,fsd50k,real,0.0,fsd50k:77929
C:\Users\tprac\Downloads\sahara\sahara\data\raw\fsd50k\FSD50K.dev_audio\178884.wav,appliance_beep,fsd50k,real,0.0,fsd50k:178884
C:\Users\tprac\Downloads\sahara\sahara\data\raw\fsd50k\FSD50K.dev_audio\390534.wav,appliance_beep,fsd50k,real,0.0,fsd50k:390534
C:\Users\tprac\Downloads\sahara\sahara\data\raw\fsd50k\FSD50K.dev_audio\250630.wav,appliance_beep,fsd50k,real,0.0,fsd50k:250630
C:\Users\tprac\Downloads\sahara\sahara\data\raw\fsd50k\FSD50K.dev_audio\250631.wav,appliance_beep,fsd50k,real,0.0,fsd50k:250631
C:\Users\tprac\Downloads\sahara\sahara\data\raw\fsd50k\FSD50K.dev_audio\250632.wav,appliance_beep,fsd50k,real,0.0,fsd50k:250632
C:\Users\tprac\Downloads\sahara\sahara\data\raw\fsd50k\FSD50K.dev_audio\404758.wav,appliance_beep,fsd50k,real,0.0,fsd50k:404758
C:\Users\tprac\Downloads\sahara\sahara\data\raw\fsd50k\FSD50K.dev_audio\234523.wav,appliance_beep,fsd50k,real,0.0,fsd50k:234523
C:\Users\tprac\Downloads\sahara\sahara\data\raw\fsd50k\FSD50K.dev_audio\117561.wav,appliance_beep,fsd50k,real,0.0,fsd50k:117561
C:\Users\tprac\Downloads\sahara\sahara\data\raw\fsd50k\FSD50K.dev_audio\117562.wav,appliance_beep,fsd50k,real,0.0,fsd50k:117562
C:\Users\tprac\Downloads\sahara\sahara\data\raw\fsd50k\FSD50K.dev_audio\117565.wav,appliance_beep,fsd50k,real,0.0,fsd50k:117565
C:\Users\tprac\Downloads\sahara\sahara\data\raw\fsd50k\FSD50K.dev_audio\117566.wav,appliance_beep,fsd50k,real,0.0,fsd50k:117566
C:\Users\tprac\Downloads\sahara\sahara\data\raw\fsd50k\FSD50K.dev_audio\117567.wav,appliance_beep,fsd50k,real,0.0,fsd50k:117567
C:\Users\tprac\Downloads\sahara\sahara\data\raw\fsd50k\FSD50K.dev_audio\117568.wav,appliance_beep,fsd50k,real,0.0,fsd50k:117568
C:\Users\tprac\Downloads\sahara\sahara\data\raw\fsd50k\FSD50K.dev_audio\117569.wav,appliance_beep,fsd50k,real,0.0,fsd50k:117569
C:\Users\tprac\Downloads\sahara\sahara\data\raw\fsd50k\FSD50K.dev_audio\117570.wav,appliance_beep,fsd50k,real,0.0,fsd50k:117570
C:\Users\tprac\Downloads\sahara\sahara\data\raw\fsd50k\FSD50K.dev_audio\234563.wav,appliance_beep,fsd50k,real,0.0,fsd50k:234563
C:\Users\tprac\Downloads\sahara\sahara\data\raw\fsd50k\FSD50K.dev_audio\234564.wav,appliance_beep,fsd50k,real,0.0,fsd50k:234564
C:\Users\tprac\Downloads\sahara\sahara\data\raw\fsd50k\FSD50K.dev_audio\117571.wav,appliance_beep,fsd50k,real,0.0,fsd50k:117571
C:\Users\tprac\Downloads\sahara\sahara\data\raw\fsd50k\FSD50K.dev_audio\24928.wav,appliance_beep,fsd50k,real,0.0,fsd50k:24928
C:\Users\tprac\Downloads\sahara\sahara\data\raw\fsd50k\FSD50K.dev_audio\24929.wav,appliance_beep,fsd50k,real,0.0,fsd50k:24929
C:\Users\tprac\Downloads\sahara\sahara\data\raw\fsd50k\FSD50K.dev_audio\56164.wav,appliance_beep,fsd50k,real,0.0,fsd50k:56164
C:\Users\tprac\Downloads\sahara\sahara\data\raw\fsd50k\FSD50K.dev_audio\267881.wav,appliance_beep,fsd50k,real,0.0,fsd50k:267881
C:\Users\tprac\Downloads\sahara\sahara\data\raw\fsd50k\FSD50K.dev_audio\167532.wav,appliance_beep,fsd50k,real,0.0,fsd50k:167532
C:\Users\tprac\Downloads\sahara\sahara\data\raw\fsd50k\FSD50K.dev_audio\167533.wav,appliance_beep,fsd50k,real,0.0,fsd50k:167533
C:\Users\tprac\Downloads\sahara\sahara\data\raw\fsd50k\FSD50K.dev_audio\167535.wav,appliance_beep,fsd50k,real,0.0,fsd50k:167535
C:\Users\tprac\Downloads\sahara\sahara\data\raw\fsd50k\FSD50K.dev_audio\167536.wav,appliance_beep,fsd50k,real,0.0,fsd50k:167536
C:\Users\tprac\Downloads\sahara\sahara\data\raw\fsd50k\FSD50K.dev_audio\167538.wav,appliance_beep,fsd50k,real,0.0,fsd50k:167538
C:\Users\tprac\Downloads\sahara\sahara\data\raw\fsd50k\FSD50K.dev_audio\167539.wav,appliance_beep,fsd50k,real,0.0,fsd50k:167539
C:\Users\tprac\Downloads\sahara\sahara\data\raw\fsd50k\FSD50K.dev_audio\167540.wav,appliance_beep,fsd50k,real,0.0,fsd50k:167540
C:\Users\tprac\Downloads\sahara\sahara\data\raw\fsd50k\FSD50K.dev_audio\167541.wav,appliance_beep,fsd50k,real,0.0,fsd50k:167541
C:\Users\tprac\Downloads\sahara\sahara\data\raw\fsd50k\FSD50K.dev_audio\246390.wav,appliance_beep,fsd50k,real,0.0,fsd50k:246390
C:\Users\tprac\Downloads\sahara\sahara\data\raw\fsd50k\FSD50K.dev_audio\167544.wav,appliance_beep,fsd50k,real,0.0,fsd50k:167544
C:\Users\tprac\Downloads\sahara\sahara\data\raw\fsd50k\FSD50K.dev_audio\167546.wav,appliance_beep,fsd50k,real,0.0,fsd50k:167546
C:\Users\tprac\Downloads\sahara\sahara\data\raw\fsd50k\FSD50K.dev_audio\167549.wav,appliance_beep,fsd50k,real,0.0,fsd50k:167549
C:\Users\tprac\Downloads\sahara\sahara\data\raw\fsd50k\FSD50K.dev_audio\167550.wav,appliance_beep,fsd50k,real,0.0,fsd50k:167550
C:\Users\tprac\Downloads\sahara\sahara\data\raw\fsd50k\FSD50K.dev_audio\167551.wav,appliance_beep,fsd50k,real,0.0,fsd50k:167551
C:\Users\tprac\Downloads\sahara\sahara\data\raw\fsd50k\FSD50K.dev_audio\276608.wav,appliance_beep,fsd50k,real,0.0,fsd50k:276608
C:\Users\tprac\Downloads\sahara\sahara\data\raw\fsd50k\FSD50K.dev_audio\167553.wav,appliance_beep,fsd50k,real,0.0,fsd50k:167553
C:\Users\tprac\Downloads\sahara\sahara\data\raw\fsd50k\FSD50K.dev_audio\276607.wav,appliance_beep,fsd50k,real,0.0,fsd50k:276607
C:\Users\tprac\Downloads\sahara\sahara\data\raw\fsd50k\FSD50K.dev_audio\258180.wav,appliance_beep,fsd50k,real,0.0,fsd50k:258180
C:\Users\tprac\Downloads\sahara\sahara\data\raw\fsd50k\FSD50K.dev_audio\156547.wav,appliance_beep,fsd50k,real,0.0,fsd50k:156547
C:\Users\tprac\Downloads\sahara\sahara\data\raw\fsd50k\FSD50K.dev_audio\186255.wav,appliance_beep,fsd50k,real,0.0,fsd50k:186255
C:\Users\tprac\Downloads\sahara\sahara\data\raw\fsd50k\FSD50K.dev_audio\352657.wav,appliance_beep,fsd50k,real,0.0,fsd50k:352657
C:\Users\tprac\Downloads\sahara\sahara\data\raw\fsd50k\FSD50K.dev_audio\352658.wav,appliance_beep,fsd50k,real,0.0,fsd50k:352658
C:\Users\tprac\Downloads\sahara\sahara\data\raw\fsd50k\FSD50K.dev_audio\352659.wav,appliance_beep,fsd50k,real,0.0,fsd50k:352659
C:\Users\tprac\Downloads\sahara\sahara\data\raw\fsd50k\FSD50K.dev_audio\352661.wav,appliance_beep,fsd50k,real,0.0,fsd50k:352661
C:\Users\tprac\Downloads\sahara\sahara\data\raw\fsd50k\FSD50K.dev_audio\352663.wav,appliance_beep,fsd50k,real,0.0,fsd50k:352663
C:\Users\tprac\Downloads\sahara\sahara\data\raw\fsd50k\FSD50K.dev_audio\352665.wav,appliance_beep,fsd50k,real,0.0,fsd50k:352665
C:\Users\tprac\Downloads\sahara\sahara\data\raw\fsd50k\FSD50K.dev_audio\122266.wav,appliance_beep,fsd50k,real,0.0,fsd50k:122266
C:\Users\tprac\Downloads\sahara\sahara\data\raw\fsd50k\FSD50K.dev_audio\122267.wav,appliance_beep,fsd50k,real,0.0,fsd50k:122267
C:\Users\tprac\Downloads\sahara\sahara\data\raw\fsd50k\FSD50K.dev_audio\352666.wav,appliance_beep,fsd50k,real,0.0,fsd50k:352666
C:\Users\tprac\Downloads\sahara\sahara\data\raw\fsd50k\FSD50K.dev_audio\352669.wav,appliance_beep,fsd50k,real,0.0,fsd50k:352669
C:\Users\tprac\Downloads\sahara\sahara\data\raw\fsd50k\FSD50K.dev_audio\122272.wav,appliance_beep,fsd50k,real,0.0,fsd50k:122272
C:\Users\tprac\Downloads\sahara\sahara\data\raw\fsd50k\FSD50K.dev_audio\122274.wav,appliance_beep,fsd50k,real,0.0,fsd50k:122274
C:\Users\tprac\Downloads\sahara\sahara\data\raw\fsd50k\FSD50K.dev_audio\122275.wav,appliance_beep,fsd50k,real,0.0,fsd50k:122275
C:\Users\tprac\Downloads\sahara\sahara\data\raw\fsd50k\FSD50K.dev_audio\322469.wav,appliance_beep,fsd50k,real,0.0,fsd50k:322469
C:\Users\tprac\Downloads\sahara\sahara\data\raw\fsd50k\FSD50K.dev_audio\122277.wav,appliance_beep,fsd50k,real,0.0,fsd50k:122277
C:\Users\tprac\Downloads\sahara\sahara\data\raw\fsd50k\FSD50K.dev_audio\163558.wav,appliance_beep,fsd50k,real,0.0,fsd50k:163558
C:\Users\tprac\Downloads\sahara\sahara\data\raw\fsd50k\FSD50K.dev_audio\194280.wav,appliance_beep,fsd50k,real,0.0,fsd50k:194280
C:\Users\tprac\Downloads\sahara\sahara\data\raw\fsd50k\FSD50K.dev_audio\163561.wav,appliance_beep,fsd50k,real,0.0,fsd50k:163561
C:\Users\tprac\Downloads\sahara\sahara\data\raw\fsd50k\FSD50K.dev_audio\163562.wav,appliance_beep,fsd50k,real,0.0,fsd50k:163562
C:\Users\tprac\Downloads\sahara\sahara\data\raw\fsd50k\FSD50K.dev_audio\108797.wav,appliance_beep,fsd50k,real,0.0,fsd50k:108797
C:\Users\tprac\Downloads\sahara\sahara\data\raw\fsd50k\FSD50K.dev_audio\258016.wav,appliance_beep,fsd50k,real,0.0,fsd50k:258016
C:\Users\tprac\Downloads\sahara\sahara\data\raw\fsd50k\FSD50K.dev_audio\351711.wav,appliance_beep,fsd50k,real,0.0,fsd50k:351711
C:\Users\tprac\Downloads\sahara\sahara\data\raw\fsd50k\FSD50K.dev_audio\102434.wav,appliance_beep,fsd50k,real,0.0,fsd50k:102434
C:\Users\tprac\Downloads\sahara\sahara\data\raw\fsd50k\FSD50K.dev_audio\112211.wav,appliance_beep,fsd50k,real,0.0,fsd50k:112211
C:\Users\tprac\Downloads\sahara\sahara\data\raw\fsd50k\FSD50K.dev_audio\221359.wav,appliance_beep,fsd50k,real,0.0,fsd50k:221359
C:\Users\tprac\Downloads\sahara\sahara\data\raw\fsd50k\FSD50K.dev_audio\9218.wav,appliance_beep,fsd50k,real,0.0,fsd50k:9218
C:\Users\tprac\Downloads\sahara\sahara\data\raw\fsd50k\FSD50K.dev_audio\233496.wav,appliance_beep,fsd50k,real,0.0,fsd50k:233496
C:\Users\tprac\Downloads\sahara\sahara\data\raw\fsd50k\FSD50K.dev_audio\69181.wav,appliance_beep,fsd50k,real,0.0,fsd50k:69181
C:\Users\tprac\Downloads\sahara\sahara\data\raw\fsd50k\FSD50K.dev_audio\69184.wav,appliance_beep,fsd50k,real,0.0,fsd50k:69184
C:\Users\tprac\Downloads\sahara\sahara\data\raw\fsd50k\FSD50K.dev_audio\361564.wav,appliance_beep,fsd50k,real,0.0,fsd50k:361564
C:\Users\tprac\Downloads\sahara\sahara\data\raw\fsd50k\FSD50K.dev_audio\383595.wav,appliance_beep,fsd50k,real,0.0,fsd50k:383595
C:\Users\tprac\Downloads\sahara\sahara\data\raw\fsd50k\FSD50K.dev_audio\169584.wav,appliance_beep,fsd50k,real,0.0,fsd50k:169584
C:\Users\tprac\Downloads\sahara\sahara\data\raw\fsd50k\FSD50K.dev_audio\78970.wav,appliance_beep,fsd50k,real,0.0,fsd50k:78970
C:\Users\tprac\Downloads\sahara\sahara\data\raw\fsd50k\FSD50K.dev_audio\434818.wav,appliance_beep,fsd50k,real,0.0,fsd50k:434818
C:\Users\tprac\Downloads\sahara\sahara\data\raw\fsd50k\FSD50K.dev_audio\78984.wav,appliance_beep,fsd50k,real,0.0,fsd50k:78984
C:\Users\tprac\Downloads\sahara\sahara\data\raw\fsd50k\FSD50K.dev_audio\203945.wav,appliance_beep,fsd50k,real,0.0,fsd50k:203945
C:\Users\tprac\Downloads\sahara\sahara\data\raw\fsd50k\FSD50K.dev_audio\203947.wav,appliance_beep,fsd50k,real,0.0,fsd50k:203947
C:\Users\tprac\Downloads\sahara\sahara\data\raw\fsd50k\FSD50K.dev_audio\275629.wav,appliance_beep,fsd50k,real,0.0,fsd50k:275629
C:\Users\tprac\Downloads\sahara\sahara\data\raw\fsd50k\FSD50K.dev_audio\192761.wav,appliance_beep,fsd50k,real,0.0,fsd50k:192761
C:\Users\tprac\Downloads\sahara\sahara\data\raw\fsd50k\FSD50K.dev_audio\235265.wav,appliance_beep,fsd50k,real,0.0,fsd50k:235265
C:\Users\tprac\Downloads\sahara\sahara\data\raw\fsd50k\FSD50K.dev_audio\196378.wav,appliance_beep,fsd50k,real,0.0,fsd50k:196378
C:\Users\tprac\Downloads\sahara\sahara\data\raw\fsd50k\FSD50K.dev_audio\196379.wav,appliance_beep,fsd50k,real,0.0,fsd50k:196379
C:\Users\tprac\Downloads\sahara\sahara\data\raw\fsd50k\FSD50K.dev_audio\223672.wav,appliance_beep,fsd50k,real,0.0,fsd50k:223672
C:\Users\tprac\Downloads\sahara\sahara\data\raw\fsd50k\FSD50K.dev_audio\264152.wav,appliance_beep,fsd50k,real,0.0,fsd50k:264152
C:\Users\tprac\Downloads\sahara\sahara\data\raw\fsd50k\FSD50K.dev_audio\179198.wav,appliance_beep,fsd50k,real,0.0,fsd50k:179198
C:\Users\tprac\Downloads\sahara\sahara\data\raw\fsd50k\FSD50K.dev_audio\168258.wav,appliance_beep,fsd50k,real,0.0,fsd50k:168258
C:\Users\tprac\Downloads\sahara\sahara\data\raw\fsd50k\FSD50K.dev_audio\372251.wav,appliance_beep,fsd50k,real,0.0,fsd50k:372251
C:\Users\tprac\Downloads\sahara\sahara\data\raw\fsd50k\FSD50K.dev_audio\332918.wav,appliance_beep,fsd50k,real,0.0,fsd50k:332918
C:\Users\tprac\Downloads\sahara\sahara\data\raw\fsd50k\FSD50K.dev_audio\258169.wav,appliance_beep,fsd50k,real,0.0,fsd50k:258169
C:\Users\tprac\Downloads\sahara\sahara\data\raw\fsd50k\FSD50K.dev_audio\262278.wav,appliance_beep,fsd50k,real,0.0,fsd50k:262278
C:\Users\tprac\Downloads\sahara\sahara\data\raw\fsd50k\FSD50K.dev_audio\353956.wav,appliance_beep,fsd50k,real,0.0,fsd50k:353956
C:\Users\tprac\Downloads\sahara\sahara\data\raw\fsd50k\FSD50K.dev_audio\202418.wav,appliance_beep,fsd50k,real,0.0,fsd50k:202418
C:\Users\tprac\Downloads\sahara\sahara\data\raw\fsd50k\FSD50K.dev_audio\410825.wav,appliance_beep,fsd50k,real,0.0,fsd50k:410825
C:\Users\tprac\Downloads\sahara\sahara\data\raw\fsd50k\FSD50K.dev_audio\208652.wav,appliance_beep,fsd50k,real,0.0,fsd50k:208652
C:\Users\tprac\Downloads\sahara\sahara\data\raw\fsd50k\FSD50K.dev_audio\67358.wav,appliance_beep,fsd50k,real,0.0,fsd50k:67358
C:\Users\tprac\Downloads\sahara\sahara\data\raw\fsd50k\FSD50K.dev_audio\67359.wav,appliance_beep,fsd50k,real,0.0,fsd50k:67359
C:\Users\tprac\Downloads\sahara\sahara\data\raw\fsd50k\FSD50K.dev_audio\377125.wav,appliance_beep,fsd50k,real,0.0,fsd50k:377125
C:\Users\tprac\Downloads\sahara\sahara\data\raw\fsd50k\FSD50K.dev_audio\273750.wav,appliance_beep,fsd50k,real,0.0,fsd50k:273750
C:\Users\tprac\Downloads\sahara\sahara\data\raw\fsd50k\FSD50K.dev_audio\87393.wav,appliance_beep,fsd50k,real,0.0,fsd50k:87393
C:\Users\tprac\Downloads\sahara\sahara\data\raw\fsd50k\FSD50K.dev_audio\201611.wav,appliance_beep,fsd50k,real,0.0,fsd50k:201611
C:\Users\tprac\Downloads\sahara\sahara\data\raw\fsd50k\FSD50K.dev_audio\34733.wav,appliance_beep,fsd50k,real,0.0,fsd50k:34733
C:\Users\tprac\Downloads\sahara\sahara\data\raw\fsd50k\FSD50K.dev_audio\326074.wav,appliance_beep,fsd50k,real,0.0,fsd50k:326074
C:\Users\tprac\Downloads\sahara\sahara\data\raw\fsd50k\FSD50K.dev_audio\93639.wav,appliance_beep,fsd50k,real,0.0,fsd50k:93639
C:\Users\tprac\Downloads\sahara\sahara\data\raw\fsd50k\FSD50K.dev_audio\324579.wav,appliance_beep,fsd50k,real,0.0,fsd50k:324579
C:\Users\tprac\Downloads\sahara\sahara\data\raw\fsd50k\FSD50K.dev_audio\155769.wav,appliance_beep,fsd50k,real,0.0,fsd50k:155769
C:\Users\tprac\Downloads\sahara\sahara\data\raw\fsd50k\FSD50K.dev_audio\155770.wav,appliance_beep,fsd50k,real,0.0,fsd50k:155770
C:\Users\tprac\Downloads\sahara\sahara\data\raw\fsd50k\FSD50K.dev_audio\155776.wav,appliance_beep,fsd50k,real,0.0,fsd50k:155776
C:\Users\tprac\Downloads\sahara\sahara\data\raw\fsd50k\FSD50K.dev_audio\187306.wav,appliance_beep,fsd50k,real,0.0,fsd50k:187306
C:\Users\tprac\Downloads\sahara\sahara\data\raw\fsd50k\FSD50K.dev_audio\57884.wav,appliance_beep,fsd50k,real,0.0,fsd50k:57884
C:\Users\tprac\Downloads\sahara\sahara\data\raw\fsd50k\FSD50K.dev_audio\168709.wav,appliance_beep,fsd50k,real,0.0,fsd50k:168709
C:\Users\tprac\Downloads\sahara\sahara\data\raw\fsd50k\FSD50K.dev_audio\364806.wav,appliance_beep,fsd50k,real,0.0,fsd50k:364806
C:\Users\tprac\Downloads\sahara\sahara\data\raw\fsd50k\FSD50K.dev_audio\158500.wav,appliance_beep,fsd50k,real,0.0,fsd50k:158500
C:\Users\tprac\Downloads\sahara\sahara\data\raw\fsd50k\FSD50K.dev_audio\158501.wav,appliance_beep,fsd50k,real,0.0,fsd50k:158501
C:\Users\tprac\Downloads\sahara\sahara\data\raw\fsd50k\FSD50K.dev_audio\158502.wav,appliance_beep,fsd50k,real,0.0,fsd50k:158502
C:\Users\tprac\Downloads\sahara\sahara\data\raw\fsd50k\FSD50K.dev_audio\158503.wav,appliance_beep,fsd50k,real,0.0,fsd50k:158503
C:\Users\tprac\Downloads\sahara\sahara\data\raw\fsd50k\FSD50K.dev_audio\158504.wav,appliance_beep,fsd50k,real,0.0,fsd50k:158504
C:\Users\tprac\Downloads\sahara\sahara\data\raw\fsd50k\FSD50K.dev_audio\158505.wav,appliance_beep,fsd50k,real,0.0,fsd50k:158505
C:\Users\tprac\Downloads\sahara\sahara\data\raw\fsd50k\FSD50K.dev_audio\158507.wav,appliance_beep,fsd50k,real,0.0,fsd50k:158507
C:\Users\tprac\Downloads\sahara\sahara\data\raw\fsd50k\FSD50K.dev_audio\323122.wav,appliance_beep,fsd50k,real,0.0,fsd50k:323122
C:\Users\tprac\Downloads\sahara\sahara\data\raw\fsd50k\FSD50K.dev_audio\323123.wav,appliance_beep,fsd50k,real,0.0,fsd50k:323123
C:\Users\tprac\Downloads\sahara\sahara\data\raw\fsd50k\FSD50K.dev_audio\323125.wav,appliance_beep,fsd50k,real,0.0,fsd50k:323125
C:\Users\tprac\Downloads\sahara\sahara\data\raw\fsd50k\FSD50K.dev_audio\323126.wav,appliance_beep,fsd50k,real,0.0,fsd50k:323126
C:\Users\tprac\Downloads\sahara\sahara\data\raw\fsd50k\FSD50K.dev_audio\323127.wav,appliance_beep,fsd50k,real,0.0,fsd50k:323127
C:\Users\tprac\Downloads\sahara\sahara\data\raw\fsd50k\FSD50K.dev_audio\323129.wav,appliance_beep,fsd50k,real,0.0,fsd50k:323129
C:\Users\tprac\Downloads\sahara\sahara\data\raw\fsd50k\FSD50K.dev_audio\323130.wav,appliance_beep,fsd50k,real,0.0,fsd50k:323130
C:\Users\tprac\Downloads\sahara\sahara\data\raw\fsd50k\FSD50K.dev_audio\323131.wav,appliance_beep,fsd50k,real,0.0,fsd50k:323131
C:\Users\tprac\Downloads\sahara\sahara\data\raw\fsd50k\FSD50K.dev_audio\323132.wav,appliance_beep,fsd50k,real,0.0,fsd50k:323132
C:\Users\tprac\Downloads\sahara\sahara\data\raw\fsd50k\FSD50K.dev_audio\158517.wav,appliance_beep,fsd50k,real,0.0,fsd50k:158517
C:\Users\tprac\Downloads\sahara\sahara\data\raw\fsd50k\FSD50K.dev_audio\158519.wav,appliance_beep,fsd50k,real,0.0,fsd50k:158519
C:\Users\tprac\Downloads\sahara\sahara\data\raw\fsd50k\FSD50K.dev_audio\383593.wav,appliance_beep,fsd50k,real,0.0,fsd50k:383593
C:\Users\tprac\Downloads\sahara\sahara\data\raw\fsd50k\FSD50K.dev_audio\383594.wav,appliance_beep,fsd50k,real,0.0,fsd50k:383594
C:\Users\tprac\Downloads\sahara\sahara\data\raw\fsd50k\FSD50K.dev_audio\383596.wav,appliance_beep,fsd50k,real,0.0,fsd50k:383596
C:\Users\tprac\Downloads\sahara\sahara\data\raw\fsd50k\FSD50K.dev_audio\383598.wav,appliance_beep,fsd50k,real,0.0,fsd50k:383598
C:\Users\tprac\Downloads\sahara\sahara\data\raw\fsd50k\FSD50K.dev_audio\383599.wav,appliance_beep,fsd50k,real,0.0,fsd50k:383599
C:\Users\tprac\Downloads\sahara\sahara\data\raw\fsd50k\FSD50K.dev_audio\383602.wav,appliance_beep,fsd50k,real,0.0,fsd50k:383602
C:\Users\tprac\Downloads\sahara\sahara\data\raw\fsd50k\FSD50K.dev_audio\193395.wav,appliance_beep,fsd50k,real,0.0,fsd50k:193395
C:\Users\tprac\Downloads\sahara\sahara\data\raw\fsd50k\FSD50K.dev_audio\328823.wav,appliance_beep,fsd50k,real,0.0,fsd50k:328823
C:\Users\tprac\Downloads\sahara\sahara\data\raw\fsd50k\FSD50K.dev_audio\78968.wav,appliance_beep,fsd50k,real,0.0,fsd50k:78968
C:\Users\tprac\Downloads\sahara\sahara\data\raw\fsd50k\FSD50K.dev_audio\328825.wav,appliance_beep,fsd50k,real,0.0,fsd50k:328825
C:\Users\tprac\Downloads\sahara\sahara\data\raw\fsd50k\FSD50K.dev_audio\328826.wav,appliance_beep,fsd50k,real,0.0,fsd50k:328826
C:\Users\tprac\Downloads\sahara\sahara\data\raw\fsd50k\FSD50K.dev_audio\328824.wav,appliance_beep,fsd50k,real,0.0,fsd50k:328824
C:\Users\tprac\Downloads\sahara\sahara\data\raw\fsd50k\FSD50K.dev_audio\78969.wav,appliance_beep,fsd50k,real,0.0,fsd50k:78969
C:\Users\tprac\Downloads\sahara\sahara\data\raw\fsd50k\FSD50K.dev_audio\328827.wav,appliance_beep,fsd50k,real,0.0,fsd50k:328827
C:\Users\tprac\Downloads\sahara\sahara\data\raw\fsd50k\FSD50K.dev_audio\267900.wav,appliance_beep,fsd50k,real,0.0,fsd50k:267900
C:\Users\tprac\Downloads\sahara\sahara\data\raw\fsd50k\FSD50K.dev_audio\78985.wav,appliance_beep,fsd50k,real,0.0,fsd50k:78985
C:\Users\tprac\Downloads\sahara\sahara\data\raw\fsd50k\FSD50K.dev_audio\383626.wav,appliance_beep,fsd50k,real,0.0,fsd50k:383626
C:\Users\tprac\Downloads\sahara\sahara\data\raw\fsd50k\FSD50K.dev_audio\383627.wav,appliance_beep,fsd50k,real,0.0,fsd50k:383627
C:\Users\tprac\Downloads\sahara\sahara\data\raw\fsd50k\FSD50K.dev_audio\383630.wav,appliance_beep,fsd50k,real,0.0,fsd50k:383630
C:\Users\tprac\Downloads\sahara\sahara\data\raw\fsd50k\FSD50K.dev_audio\383631.wav,appliance_beep,fsd50k,real,0.0,fsd50k:383631
C:\Users\tprac\Downloads\sahara\sahara\data\raw\fsd50k\FSD50K.dev_audio\265644.wav,appliance_beep,fsd50k,real,0.0,fsd50k:265644
C:\Users\tprac\Downloads\sahara\sahara\data\raw\fsd50k\FSD50K.dev_audio\326353.wav,appliance_beep,fsd50k,real,0.0,fsd50k:326353
C:\Users\tprac\Downloads\sahara\sahara\data\raw\fsd50k\FSD50K.dev_audio\156121.wav,appliance_beep,fsd50k,real,0.0,fsd50k:156121
C:\Users\tprac\Downloads\sahara\sahara\data\raw\fsd50k\FSD50K.dev_audio\156122.wav,appliance_beep,fsd50k,real,0.0,fsd50k:156122
C:\Users\tprac\Downloads\sahara\sahara\data\raw\fsd50k\FSD50K.dev_audio\156123.wav,appliance_beep,fsd50k,real,0.0,fsd50k:156123
C:\Users\tprac\Downloads\sahara\sahara\data\raw\fsd50k\FSD50K.dev_audio\156124.wav,appliance_beep,fsd50k,real,0.0,fsd50k:156124
C:\Users\tprac\Downloads\sahara\sahara\data\raw\fsd50k\FSD50K.dev_audio\318193.wav,appliance_beep,fsd50k,real,0.0,fsd50k:318193
C:\Users\tprac\Downloads\sahara\sahara\data\raw\fsd50k\FSD50K.dev_audio\262648.wav,appliance_beep,fsd50k,real,0.0,fsd50k:262648
C:\Users\tprac\Downloads\sahara\sahara\data\raw\fsd50k\FSD50K.dev_audio\404099.wav,appliance_beep,fsd50k,real,0.0,fsd50k:404099
C:\Users\tprac\Downloads\sahara\sahara\data\raw\fsd50k\FSD50K.dev_audio\404100.wav,appliance_beep,fsd50k,real,0.0,fsd50k:404100
C:\Users\tprac\Downloads\sahara\sahara\data\raw\fsd50k\FSD50K.dev_audio\173001.wav,appliance_beep,fsd50k,real,0.0,fsd50k:173001
C:\Users\tprac\Downloads\sahara\sahara\data\raw\fsd50k\FSD50K.dev_audio\253982.wav,appliance_beep,fsd50k,real,0.0,fsd50k:253982
C:\Users\tprac\Downloads\sahara\sahara\data\raw\fsd50k\FSD50K.dev_audio\267322.wav,appliance_beep,fsd50k,real,0.0,fsd50k:267322
C:\Users\tprac\Downloads\sahara\sahara\data\raw\fsd50k\FSD50K.dev_audio\334492.wav,appliance_beep,fsd50k,real,0.0,fsd50k:334492
C:\Users\tprac\Downloads\sahara\sahara\data\raw\fsd50k\FSD50K.dev_audio\177877.wav,appliance_beep,fsd50k,real,0.0,fsd50k:177877
C:\Users\tprac\Downloads\sahara\sahara\data\raw\fsd50k\FSD50K.dev_audio\144226.wav,appliance_beep,fsd50k,real,0.0,fsd50k:144226
C:\Users\tprac\Downloads\sahara\sahara\data\raw\fsd50k\FSD50K.dev_audio\264153.wav,appliance_beep,fsd50k,real,0.0,fsd50k:264153
C:\Users\tprac\Downloads\sahara\sahara\data\raw\fsd50k\FSD50K.dev_audio\125967.wav,appliance_beep,fsd50k,real,0.0,fsd50k:125967
C:\Users\tprac\Downloads\sahara\sahara\data\raw\fsd50k\FSD50K.dev_audio\347677.wav,appliance_beep,fsd50k,real,0.0,fsd50k:347677
C:\Users\tprac\Downloads\sahara\sahara\data\raw\fsd50k\FSD50K.dev_audio\29726.wav,appliance_beep,fsd50k,real,0.0,fsd50k:29726
C:\Users\tprac\Downloads\sahara\sahara\data\raw\fsd50k\FSD50K.dev_audio\426019.wav,appliance_beep,fsd50k,real,0.0,fsd50k:426019
C:\Users\tprac\Downloads\sahara\sahara\data\raw\fsd50k\FSD50K.dev_audio\418867.wav,appliance_beep,fsd50k,real,0.0,fsd50k:418867
C:\Users\tprac\Downloads\sahara\sahara\data\raw\fsd50k\FSD50K.dev_audio\332858.wav,appliance_beep,fsd50k,real,0.0,fsd50k:332858
C:\Users\tprac\Downloads\sahara\sahara\data\raw\fsd50k\FSD50K.dev_audio\69182.wav,appliance_beep,fsd50k,real,0.0,fsd50k:69182
C:\Users\tprac\Downloads\sahara\sahara\data\raw\fsd50k\FSD50K.dev_audio\69185.wav,appliance_beep,fsd50k,real,0.0,fsd50k:69185
C:\Users\tprac\Downloads\sahara\sahara\data\raw\fsd50k\FSD50K.dev_audio\319041.wav,appliance_beep,fsd50k,real,0.0,fsd50k:319041
C:\Users\tprac\Downloads\sahara\sahara\data\raw\fsd50k\FSD50K.dev_audio\77892.wav,appliance_beep,fsd50k,real,0.0,fsd50k:77892
C:\Users\tprac\Downloads\sahara\sahara\data\raw\fsd50k\FSD50K.dev_audio\371782.wav,appliance_beep,fsd50k,real,0.0,fsd50k:371782
C:\Users\tprac\Downloads\sahara\sahara\data\raw\fsd50k\FSD50K.dev_audio\347216.wav,appliance_beep,fsd50k,real,0.0,fsd50k:347216
C:\Users\tprac\Downloads\sahara\sahara\data\raw\fsd50k\FSD50K.dev_audio\347217.wav,appliance_beep,fsd50k,real,0.0,fsd50k:347217
C:\Users\tprac\Downloads\sahara\sahara\data\raw\fsd50k\FSD50K.dev_audio\110165.wav,appliance_beep,fsd50k,real,0.0,fsd50k:110165
C:\Users\tprac\Downloads\sahara\sahara\data\raw\fsd50k\FSD50K.dev_audio\407637.wav,appliance_beep,fsd50k,real,0.0,fsd50k:407637
C:\Users\tprac\Downloads\sahara\sahara\data\raw\fsd50k\FSD50K.dev_audio\275564.wav,appliance_beep,fsd50k,real,0.0,fsd50k:275564
C:\Users\tprac\Downloads\sahara\sahara\data\raw\fsd50k\FSD50K.dev_audio\275565.wav,appliance_beep,fsd50k,real,0.0,fsd50k:275565
C:\Users\tprac\Downloads\sahara\sahara\data\raw\fsd50k\FSD50K.dev_audio\87151.wav,appliance_beep,fsd50k,real,0.0,fsd50k:87151
C:\Users\tprac\Downloads\sahara\sahara\data\raw\fsd50k\FSD50K.dev_audio\275567.wav,appliance_beep,fsd50k,real,0.0,fsd50k:275567
C:\Users\tprac\Downloads\sahara\sahara\data\raw\fsd50k\FSD50K.dev_audio\275569.wav,appliance_beep,fsd50k,real,0.0,fsd50k:275569
C:\Users\tprac\Downloads\sahara\sahara\data\raw\fsd50k\FSD50K.dev_audio\275568.wav,appliance_beep,fsd50k,real,0.0,fsd50k:275568
C:\Users\tprac\Downloads\sahara\sahara\data\raw\fsd50k\FSD50K.dev_audio\275570.wav,appliance_beep,fsd50k,real,0.0,fsd50k:275570
C:\Users\tprac\Downloads\sahara\sahara\data\raw\fsd50k\FSD50K.dev_audio\275571.wav,appliance_beep,fsd50k,real,0.0,fsd50k:275571
C:\Users\tprac\Downloads\sahara\sahara\data\raw\fsd50k\FSD50K.dev_audio\275068.wav,appliance_beep,fsd50k,real,0.0,fsd50k:275068
C:\Users\tprac\Downloads\sahara\sahara\data\raw\fsd50k\FSD50K.dev_audio\275069.wav,appliance_beep,fsd50k,real,0.0,fsd50k:275069
C:\Users\tprac\Downloads\sahara\sahara\data\raw\fsd50k\FSD50K.dev_audio\76925.wav,appliance_beep,fsd50k,real,0.0,fsd50k:76925
C:\Users\tprac\Downloads\sahara\sahara\data\raw\fsd50k\FSD50K.dev_audio\205949.wav,appliance_beep,fsd50k,real,0.0,fsd50k:205949
C:\Users\tprac\Downloads\sahara\sahara\data\raw\fsd50k\FSD50K.dev_audio\275071.wav,appliance_beep,fsd50k,real,0.0,fsd50k:275071
C:\Users\tprac\Downloads\sahara\sahara\data\raw\fsd50k\FSD50K.dev_audio\41629.wav,appliance_beep,fsd50k,real,0.0,fsd50k:41629
C:\Users\tprac\Downloads\sahara\sahara\data\raw\fsd50k\FSD50K.dev_audio\212127.wav,appliance_beep,fsd50k,real,0.0,fsd50k:212127
C:\Users\tprac\Downloads\sahara\sahara\data\raw\fsd50k\FSD50K.dev_audio\212128.wav,appliance_beep,fsd50k,real,0.0,fsd50k:212128
C:\Users\tprac\Downloads\sahara\sahara\data\raw\fsd50k\FSD50K.dev_audio\212129.wav,appliance_beep,fsd50k,real,0.0,fsd50k:212129
C:\Users\tprac\Downloads\sahara\sahara\data\raw\fsd50k\FSD50K.dev_audio\203944.wav,appliance_beep,fsd50k,real,0.0,fsd50k:203944
C:\Users\tprac\Downloads\sahara\sahara\data\raw\fsd50k\FSD50K.dev_audio\203946.wav,appliance_beep,fsd50k,real,0.0,fsd50k:203946
C:\Users\tprac\Downloads\sahara\sahara\data\raw\fsd50k\FSD50K.dev_audio\81072.wav,appliance_beep,fsd50k,real,0.0,fsd50k:81072
C:\Users\tprac\Downloads\sahara\sahara\data\raw\fsd50k\FSD50K.dev_audio\88243.wav,appliance_beep,fsd50k,real,0.0,fsd50k:88243
C:\Users\tprac\Downloads\sahara\sahara\data\raw\fsd50k\FSD50K.dev_audio\218317.wav,appliance_beep,fsd50k,real,0.0,fsd50k:218317
C:\Users\tprac\Downloads\sahara\sahara\data\raw\fsd50k\FSD50K.dev_audio\177875.wav,appliance_beep,fsd50k,real,0.0,fsd50k:177875
C:\Users\tprac\Downloads\sahara\sahara\data\raw\fsd50k\FSD50K.dev_audio\196368.wav,appliance_beep,fsd50k,real,0.0,fsd50k:196368
C:\Users\tprac\Downloads\sahara\sahara\data\raw\fsd50k\FSD50K.dev_audio\196372.wav,appliance_beep,fsd50k,real,0.0,fsd50k:196372
C:\Users\tprac\Downloads\sahara\sahara\data\raw\fsd50k\FSD50K.dev_audio\196374.wav,appliance_beep,fsd50k,real,0.0,fsd50k:196374
C:\Users\tprac\Downloads\sahara\sahara\data\raw\fsd50k\FSD50K.dev_audio\196376.wav,appliance_beep,fsd50k,real,0.0,fsd50k:196376
C:\Users\tprac\Downloads\sahara\sahara\data\raw\fsd50k\FSD50K.dev_audio\196377.wav,appliance_beep,fsd50k,real,0.0,fsd50k:196377
C:\Users\tprac\Downloads\sahara\sahara\data\raw\fsd50k\FSD50K.dev_audio\418074.wav,appliance_beep,fsd50k,real,0.0,fsd50k:418074
C:\Users\tprac\Downloads\sahara\sahara\data\raw\fsd50k\FSD50K.dev_audio\268074.wav,appliance_beep,fsd50k,real,0.0,fsd50k:268074
C:\Users\tprac\Downloads\sahara\sahara\data\raw\fsd50k\FSD50K.dev_audio\331569.wav,appliance_beep,fsd50k,real,0.0,fsd50k:331569
C:\Users\tprac\Downloads\sahara\sahara\data\raw\fsd50k\FSD50K.dev_audio\106803.wav,appliance_beep,fsd50k,real,0.0,fsd50k:106803
C:\Users\tprac\Downloads\sahara\sahara\data\raw\fsd50k\FSD50K.dev_audio\273719.wav,appliance_beep,fsd50k,real,0.0,fsd50k:273719
C:\Users\tprac\Downloads\sahara\sahara\data\raw\fsd50k\FSD50K.dev_audio\20285.wav,appliance_beep,fsd50k,real,0.0,fsd50k:20285
C:\Users\tprac\Downloads\sahara\sahara\data\raw\fsd50k\FSD50K.dev_audio\79180.wav,appliance_beep,fsd50k,real,0.0,fsd50k:79180
C:\Users\tprac\Downloads\sahara\sahara\data\raw\fsd50k\FSD50K.dev_audio\151893.wav,appliance_beep,fsd50k,real,0.0,fsd50k:151893
C:\Users\tprac\Downloads\sahara\sahara\data\raw\fsd50k\FSD50K.dev_audio\335224.wav,appliance_beep,fsd50k,real,0.0,fsd50k:335224
C:\Users\tprac\Downloads\sahara\sahara\data\raw\fsd50k\FSD50K.dev_audio\411515.wav,appliance_beep,fsd50k,real,0.0,fsd50k:411515
C:\Users\tprac\Downloads\sahara\sahara\data\raw\fsd50k\FSD50K.dev_audio\411517.wav,appliance_beep,fsd50k,real,0.0,fsd50k:411517
C:\Users\tprac\Downloads\sahara\sahara\data\raw\fsd50k\FSD50K.dev_audio\163730.wav,appliance_beep,fsd50k,real,0.0,fsd50k:163730
C:\Users\tprac\Downloads\sahara\sahara\data\raw\fsd50k\FSD50K.dev_audio\31133.wav,appliance_beep,fsd50k,real,0.0,fsd50k:31133
C:\Users\tprac\Downloads\sahara\sahara\data\raw\fsd50k\FSD50K.dev_audio\223671.wav,appliance_beep,fsd50k,real,0.0,fsd50k:223671
C:\Users\tprac\Downloads\sahara\sahara\data\raw\fsd50k\FSD50K.dev_audio\223673.wav,appliance_beep,fsd50k,real,0.0,fsd50k:223673
C:\Users\tprac\Downloads\sahara\sahara\data\raw\fsd50k\FSD50K.dev_audio\415164.wav,appliance_beep,fsd50k,real,0.0,fsd50k:415164
C:\Users\tprac\Downloads\sahara\sahara\data\raw\fsd50k\FSD50K.dev_audio\93646.wav,appliance_beep,fsd50k,real,0.0,fsd50k:93646
C:\Users\tprac\Downloads\sahara\sahara\data\raw\fsd50k\FSD50K.dev_audio\249303.wav,appliance_beep,fsd50k,real,0.0,fsd50k:249303
C:\Users\tprac\Downloads\sahara\sahara\data\raw\fsd50k\FSD50K.dev_audio\123350.wav,appliance_beep,fsd50k,real,0.0,fsd50k:123350
C:\Users\tprac\Downloads\sahara\sahara\data\raw\fsd50k\FSD50K.dev_audio\383976.wav,appliance_beep,fsd50k,real,0.0,fsd50k:383976
C:\Users\tprac\Downloads\sahara\sahara\data\raw\fsd50k\FSD50K.dev_audio\403439.wav,appliance_beep,fsd50k,real,0.0,fsd50k:403439
C:\Users\tprac\Downloads\sahara\sahara\data\raw\fsd50k\FSD50K.dev_audio\274436.wav,appliance_beep,fsd50k,real,0.0,fsd50k:274436
C:\Users\tprac\Downloads\sahara\sahara\data\raw\fsd50k\FSD50K.dev_audio\360473.wav,appliance_beep,fsd50k,real,0.0,fsd50k:360473
C:\Users\tprac\Downloads\sahara\sahara\data\raw\fsd50k\FSD50K.dev_audio\36896.wav,appliance_beep,fsd50k,real,0.0,fsd50k:36896
C:\Users\tprac\Downloads\sahara\sahara\data\raw\fsd50k\FSD50K.dev_audio\391215.wav,appliance_beep,fsd50k,real,0.0,fsd50k:391215
C:\Users\tprac\Downloads\sahara\sahara\data\raw\fsd50k\FSD50K.dev_audio\55356.wav,appliance_beep,fsd50k,real,0.0,fsd50k:55356
C:\Users\tprac\Downloads\sahara\sahara\data\raw\fsd50k\FSD50K.dev_audio\55357.wav,appliance_beep,fsd50k,real,0.0,fsd50k:55357
C:\Users\tprac\Downloads\sahara\sahara\data\raw\fsd50k\FSD50K.dev_audio\90189.wav,appliance_beep,fsd50k,real,0.0,fsd50k:90189
C:\Users\tprac\Downloads\sahara\sahara\data\raw\fsd50k\FSD50K.dev_audio\90190.wav,appliance_beep,fsd50k,real,0.0,fsd50k:90190
C:\Users\tprac\Downloads\sahara\sahara\data\raw\fsd50k\FSD50K.dev_audio\360528.wav,appliance_beep,fsd50k,real,0.0,fsd50k:360528
C:\Users\tprac\Downloads\sahara\sahara\data\raw\fsd50k\FSD50K.dev_audio\22622.wav,appliance_beep,fsd50k,real,0.0,fsd50k:22622
C:\Users\tprac\Downloads\sahara\sahara\data\raw\fsd50k\FSD50K.dev_audio\45155.wav,appliance_beep,fsd50k,real,0.0,fsd50k:45155
C:\Users\tprac\Downloads\sahara\sahara\data\raw\fsd50k\FSD50K.dev_audio\122989.wav,appliance_beep,fsd50k,real,0.0,fsd50k:122989
C:\Users\tprac\Downloads\sahara\sahara\data\raw\fsd50k\FSD50K.dev_audio\122990.wav,appliance_beep,fsd50k,real,0.0,fsd50k:122990
C:\Users\tprac\Downloads\sahara\sahara\data\raw\fsd50k\FSD50K.dev_audio\344178.wav,appliance_beep,fsd50k,real,0.0,fsd50k:344178
C:\Users\tprac\Downloads\sahara\sahara\data\raw\fsd50k\FSD50K.dev_audio\256127.wav,appliance_beep,fsd50k,real,0.0,fsd50k:256127
C:\Users\tprac\Downloads\sahara\sahara\data\raw\fsd50k\FSD50K.dev_audio\258176.wav,appliance_beep,fsd50k,real,0.0,fsd50k:258176
C:\Users\tprac\Downloads\sahara\sahara\data\raw\fsd50k\FSD50K.dev_audio\258177.wav,appliance_beep,fsd50k,real,0.0,fsd50k:258177
C:\Users\tprac\Downloads\sahara\sahara\data\raw\fsd50k\FSD50K.dev_audio\258178.wav,appliance_beep,fsd50k,real,0.0,fsd50k:258178
C:\Users\tprac\Downloads\sahara\sahara\data\raw\fsd50k\FSD50K.dev_audio\256159.wav,appliance_beep,fsd50k,real,0.0,fsd50k:256159
C:\Users\tprac\Downloads\sahara\sahara\data\raw\fsd50k\FSD50K.dev_audio\24735.wav,appliance_beep,fsd50k,real,0.0,fsd50k:24735
C:\Users\tprac\Downloads\sahara\sahara\data\raw\fsd50k\FSD50K.dev_audio\24736.wav,appliance_beep,fsd50k,real,0.0,fsd50k:24736
C:\Users\tprac\Downloads\sahara\sahara\data\raw\fsd50k\FSD50K.dev_audio\428206.wav,appliance_beep,fsd50k,real,0.0,fsd50k:428206
C:\Users\tprac\Downloads\sahara\sahara\data\raw\fsd50k\FSD50K.dev_audio\178355.wav,appliance_beep,fsd50k,real,0.0,fsd50k:178355
C:\Users\tprac\Downloads\sahara\sahara\data\raw\fsd50k\FSD50K.dev_audio\168117.wav,appliance_beep,fsd50k,real,0.0,fsd50k:168117
C:\Users\tprac\Downloads\sahara\sahara\data\raw\fsd50k\FSD50K.dev_audio\250047.wav,appliance_beep,fsd50k,real,0.0,fsd50k:250047
C:\Users\tprac\Downloads\sahara\sahara\data\raw\fsd50k\FSD50K.dev_audio\250049.wav,appliance_beep,fsd50k,real,0.0,fsd50k:250049
C:\Users\tprac\Downloads\sahara\sahara\data\raw\fsd50k\FSD50K.dev_audio\250051.wav,appliance_beep,fsd50k,real,0.0,fsd50k:250051
C:\Users\tprac\Downloads\sahara\sahara\data\raw\fsd50k\FSD50K.dev_audio\250052.wav,appliance_beep,fsd50k,real,0.0,fsd50k:250052
C:\Users\tprac\Downloads\sahara\sahara\data\raw\fsd50k\FSD50K.dev_audio\256210.wav,appliance_beep,fsd50k,real,0.0,fsd50k:256210
C:\Users\tprac\Downloads\sahara\sahara\data\raw\fsd50k\FSD50K.dev_audio\256211.wav,appliance_beep,fsd50k,real,0.0,fsd50k:256211
C:\Users\tprac\Downloads\sahara\sahara\data\raw\fsd50k\FSD50K.dev_audio\26834.wav,appliance_beep,fsd50k,real,0.0,fsd50k:26834
C:\Users\tprac\Downloads\sahara\sahara\data\raw\fsd50k\FSD50K.dev_audio\102623.wav,appliance_beep,fsd50k,real,0.0,fsd50k:102623
C:\Users\tprac\Downloads\sahara\sahara\data\raw\fsd50k\FSD50K.dev_audio\254186.wav,appliance_beep,fsd50k,real,0.0,fsd50k:254186
C:\Users\tprac\Downloads\sahara\sahara\data\raw\fsd50k\FSD50K.dev_audio\178435.wav,appliance_beep,fsd50k,real,0.0,fsd50k:178435
C:\Users\tprac\Downloads\sahara\sahara\data\raw\fsd50k\FSD50K.dev_audio\178437.wav,appliance_beep,fsd50k,real,0.0,fsd50k:178437
C:\Users\tprac\Downloads\sahara\sahara\data\raw\fsd50k\FSD50K.dev_audio\178441.wav,appliance_beep,fsd50k,real,0.0,fsd50k:178441
C:\Users\tprac\Downloads\sahara\sahara\data\raw\fsd50k\FSD50K.dev_audio\366862.wav,appliance_beep,fsd50k,real,0.0,fsd50k:366862
C:\Users\tprac\Downloads\sahara\sahara\data\raw\fsd50k\FSD50K.dev_audio\223505.wav,appliance_beep,fsd50k,real,0.0,fsd50k:223505
C:\Users\tprac\Downloads\sahara\sahara\data\raw\fsd50k\FSD50K.dev_audio\223506.wav,appliance_beep,fsd50k,real,0.0,fsd50k:223506
C:\Users\tprac\Downloads\sahara\sahara\data\raw\fsd50k\FSD50K.dev_audio\188693.wav,appliance_beep,fsd50k,real,0.0,fsd50k:188693
C:\Users\tprac\Downloads\sahara\sahara\data\raw\fsd50k\FSD50K.dev_audio\188694.wav,appliance_beep,fsd50k,real,0.0,fsd50k:188694
C:\Users\tprac\Downloads\sahara\sahara\data\raw\fsd50k\FSD50K.dev_audio\188695.wav,appliance_beep,fsd50k,real,0.0,fsd50k:188695
C:\Users\tprac\Downloads\sahara\sahara\data\raw\fsd50k\FSD50K.dev_audio\332073.wav,appliance_beep,fsd50k,real,0.0,fsd50k:332073
C:\Users\tprac\Downloads\sahara\sahara\data\raw\fsd50k\FSD50K.dev_audio\223562.wav,appliance_beep,fsd50k,real,0.0,fsd50k:223562
C:\Users\tprac\Downloads\sahara\sahara\data\raw\fsd50k\FSD50K.dev_audio\241998.wav,appliance_beep,fsd50k,real,0.0,fsd50k:241998
C:\Users\tprac\Downloads\sahara\sahara\data\raw\fsd50k\FSD50K.dev_audio\242000.wav,appliance_beep,fsd50k,real,0.0,fsd50k:242000
C:\Users\tprac\Downloads\sahara\sahara\data\raw\fsd50k\FSD50K.dev_audio\26974.wav,appliance_beep,fsd50k,real,0.0,fsd50k:26974
C:\Users\tprac\Downloads\sahara\sahara\data\raw\fsd50k\FSD50K.dev_audio\188770.wav,appliance_beep,fsd50k,real,0.0,fsd50k:188770
C:\Users\tprac\Downloads\sahara\sahara\data\raw\fsd50k\FSD50K.dev_audio\178537.wav,appliance_beep,fsd50k,real,0.0,fsd50k:178537
C:\Users\tprac\Downloads\sahara\sahara\data\raw\fsd50k\FSD50K.dev_audio\96637.wav,appliance_beep,fsd50k,real,0.0,fsd50k:96637
C:\Users\tprac\Downloads\sahara\sahara\data\raw\fsd50k\FSD50K.dev_audio\317851.wav,appliance_beep,fsd50k,real,0.0,fsd50k:317851
C:\Users\tprac\Downloads\sahara\sahara\data\raw\fsd50k\FSD50K.dev_audio\59805.wav,appliance_beep,fsd50k,real,0.0,fsd50k:59805
C:\Users\tprac\Downloads\sahara\sahara\data\raw\fsd50k\FSD50K.dev_audio\59806.wav,appliance_beep,fsd50k,real,0.0,fsd50k:59806
C:\Users\tprac\Downloads\sahara\sahara\data\raw\fsd50k\FSD50K.dev_audio\135584.wav,appliance_beep,fsd50k,real,0.0,fsd50k:135584
C:\Users\tprac\Downloads\sahara\sahara\data\raw\fsd50k\FSD50K.dev_audio\364974.wav,appliance_beep,fsd50k,real,0.0,fsd50k:364974
C:\Users\tprac\Downloads\sahara\sahara\data\raw\fsd50k\FSD50K.dev_audio\217527.wav,appliance_beep,fsd50k,real,0.0,fsd50k:217527
C:\Users\tprac\Downloads\sahara\sahara\data\raw\fsd50k\FSD50K.dev_audio\426425.wav,appliance_beep,fsd50k,real,0.0,fsd50k:426425
C:\Users\tprac\Downloads\sahara\sahara\data\raw\fsd50k\FSD50K.dev_audio\98746.wav,appliance_beep,fsd50k,real,0.0,fsd50k:98746
C:\Users\tprac\Downloads\sahara\sahara\data\raw\fsd50k\FSD50K.dev_audio\152025.wav,appliance_beep,fsd50k,real,0.0,fsd50k:152025
C:\Users\tprac\Downloads\sahara\sahara\data\raw\fsd50k\FSD50K.dev_audio\80345.wav,appliance_beep,fsd50k,real,0.0,fsd50k:80345
C:\Users\tprac\Downloads\sahara\sahara\data\raw\fsd50k\FSD50K.dev_audio\80355.wav,appliance_beep,fsd50k,real,0.0,fsd50k:80355
C:\Users\tprac\Downloads\sahara\sahara\data\raw\fsd50k\FSD50K.dev_audio\389604.wav,appliance_beep,fsd50k,real,0.0,fsd50k:389604
C:\Users\tprac\Downloads\sahara\sahara\data\raw\fsd50k\FSD50K.dev_audio\207352.wav,appliance_beep,fsd50k,real,0.0,fsd50k:207352
C:\Users\tprac\Downloads\sahara\sahara\data\raw\fsd50k\FSD50K.dev_audio\211451.wav,appliance_beep,fsd50k,real,0.0,fsd50k:211451
C:\Users\tprac\Downloads\sahara\sahara\data\raw\fsd50k\FSD50K.dev_audio\188930.wav,appliance_beep,fsd50k,real,0.0,fsd50k:188930
C:\Users\tprac\Downloads\sahara\sahara\data\raw\fsd50k\FSD50K.dev_audio\188931.wav,appliance_beep,fsd50k,real,0.0,fsd50k:188931
C:\Users\tprac\Downloads\sahara\sahara\data\raw\fsd50k\FSD50K.dev_audio\135691.wav,appliance_beep,fsd50k,real,0.0,fsd50k:135691
C:\Users\tprac\Downloads\sahara\sahara\data\raw\fsd50k\FSD50K.dev_audio\137774.wav,appliance_beep,fsd50k,real,0.0,fsd50k:137774
C:\Users\tprac\Downloads\sahara\sahara\data\raw\fsd50k\FSD50K.dev_audio\432689.wav,appliance_beep,fsd50k,real,0.0,fsd50k:432689
C:\Users\tprac\Downloads\sahara\sahara\data\raw\fsd50k\FSD50K.dev_audio\426548.wav,appliance_beep,fsd50k,real,0.0,fsd50k:426548
C:\Users\tprac\Downloads\sahara\sahara\data\raw\fsd50k\FSD50K.dev_audio\164404.wav,appliance_beep,fsd50k,real,0.0,fsd50k:164404
C:\Users\tprac\Downloads\sahara\sahara\data\raw\fsd50k\FSD50K.dev_audio\31299.wav,appliance_beep,fsd50k,real,0.0,fsd50k:31299
C:\Users\tprac\Downloads\sahara\sahara\data\raw\fsd50k\FSD50K.dev_audio\182857.wav,appliance_beep,fsd50k,real,0.0,fsd50k:182857
C:\Users\tprac\Downloads\sahara\sahara\data\raw\fsd50k\FSD50K.dev_audio\346711.wav,appliance_beep,fsd50k,real,0.0,fsd50k:346711
C:\Users\tprac\Downloads\sahara\sahara\data\raw\fsd50k\FSD50K.dev_audio\316001.wav,appliance_beep,fsd50k,real,0.0,fsd50k:316001
C:\Users\tprac\Downloads\sahara\sahara\data\raw\fsd50k\FSD50K.dev_audio\326252.wav,appliance_beep,fsd50k,real,0.0,fsd50k:326252
C:\Users\tprac\Downloads\sahara\sahara\data\raw\fsd50k\FSD50K.dev_audio\268916.wav,appliance_beep,fsd50k,real,0.0,fsd50k:268916
C:\Users\tprac\Downloads\sahara\sahara\data\raw\fsd50k\FSD50K.dev_audio\41596.wav,appliance_beep,fsd50k,real,0.0,fsd50k:41596
C:\Users\tprac\Downloads\sahara\sahara\data\raw\fsd50k\FSD50K.dev_audio\178817.wav,appliance_beep,fsd50k,real,0.0,fsd50k:178817
C:\Users\tprac\Downloads\sahara\sahara\data\raw\fsd50k\FSD50K.dev_audio\178819.wav,appliance_beep,fsd50k,real,0.0,fsd50k:178819
C:\Users\tprac\Downloads\sahara\sahara\data\raw\fsd50k\FSD50K.dev_audio\178820.wav,appliance_beep,fsd50k,real,0.0,fsd50k:178820
C:\Users\tprac\Downloads\sahara\sahara\data\raw\fsd50k\FSD50K.dev_audio\178821.wav,appliance_beep,fsd50k,real,0.0,fsd50k:178821
C:\Users\tprac\Downloads\sahara\sahara\data\raw\fsd50k\FSD50K.dev_audio\45720.wav,appliance_beep,fsd50k,real,0.0,fsd50k:45720
C:\Users\tprac\Downloads\sahara\sahara\data\raw\fsd50k\FSD50K.dev_audio\66210.wav,appliance_beep,fsd50k,real,0.0,fsd50k:66210
C:\Users\tprac\Downloads\sahara\sahara\data\raw\fsd50k\FSD50K.dev_audio\371369.wav,appliance_beep,fsd50k,real,0.0,fsd50k:371369
C:\Users\tprac\Downloads\sahara\sahara\data\raw\fsd50k\FSD50K.dev_audio\133813.wav,appliance_beep,fsd50k,real,0.0,fsd50k:133813
C:\Users\tprac\Downloads\sahara\sahara\data\raw\fsd50k\FSD50K.dev_audio\62164.wav,appliance_beep,fsd50k,real,0.0,fsd50k:62164
C:\Users\tprac\Downloads\sahara\sahara\data\raw\fsd50k\FSD50K.dev_audio\144084.wav,appliance_beep,fsd50k,real,0.0,fsd50k:144084
C:\Users\tprac\Downloads\sahara\sahara\data\raw\fsd50k\FSD50K.dev_audio\62167.wav,appliance_beep,fsd50k,real,0.0,fsd50k:62167
C:\Users\tprac\Downloads\sahara\sahara\data\raw\fsd50k\FSD50K.dev_audio\176859.wav,appliance_beep,fsd50k,real,0.0,fsd50k:176859
C:\Users\tprac\Downloads\sahara\sahara\data\raw\fsd50k\FSD50K.dev_audio\158427.wav,appliance_beep,fsd50k,real,0.0,fsd50k:158427
C:\Users\tprac\Downloads\sahara\sahara\data\raw\fsd50k\FSD50K.dev_audio\78565.wav,appliance_beep,fsd50k,real,0.0,fsd50k:78565
C:\Users\tprac\Downloads\sahara\sahara\data\raw\fsd50k\FSD50K.dev_audio\66288.wav,appliance_beep,fsd50k,real,0.0,fsd50k:66288
C:\Users\tprac\Downloads\sahara\sahara\data\raw\fsd50k\FSD50K.dev_audio\82673.wav,appliance_beep,fsd50k,real,0.0,fsd50k:82673
C:\Users\tprac\Downloads\sahara\sahara\data\raw\fsd50k\FSD50K.dev_audio\66290.wav,appliance_beep,fsd50k,real,0.0,fsd50k:66290
C:\Users\tprac\Downloads\sahara\sahara\data\raw\fsd50k\FSD50K.dev_audio\66293.wav,appliance_beep,fsd50k,real,0.0,fsd50k:66293
C:\Users\tprac\Downloads\sahara\sahara\data\raw\fsd50k\FSD50K.dev_audio\66294.wav,appliance_beep,fsd50k,real,0.0,fsd50k:66294
C:\Users\tprac\Downloads\sahara\sahara\data\raw\fsd50k\FSD50K.dev_audio\66295.wav,appliance_beep,fsd50k,real,0.0,fsd50k:66295
C:\Users\tprac\Downloads\sahara\sahara\data\raw\fsd50k\FSD50K.dev_audio\66296.wav,appliance_beep,fsd50k,real,0.0,fsd50k:66296
C:\Users\tprac\Downloads\sahara\sahara\data\raw\fsd50k\FSD50K.dev_audio\422651.wav,appliance_beep,fsd50k,real,0.0,fsd50k:422651
C:\Users\tprac\Downloads\sahara\sahara\data\raw\fsd50k\FSD50K.dev_audio\66298.wav,appliance_beep,fsd50k,real,0.0,fsd50k:66298
C:\Users\tprac\Downloads\sahara\sahara\data\raw\fsd50k\FSD50K.dev_audio\66303.wav,appliance_beep,fsd50k,real,0.0,fsd50k:66303
C:\Users\tprac\Downloads\sahara\sahara\data\raw\fsd50k\FSD50K.dev_audio\66302.wav,appliance_beep,fsd50k,real,0.0,fsd50k:66302
C:\Users\tprac\Downloads\sahara\sahara\data\raw\fsd50k\FSD50K.dev_audio\414471.wav,appliance_beep,fsd50k,real,0.0,fsd50k:414471
C:\Users\tprac\Downloads\sahara\sahara\data\raw\fsd50k\FSD50K.dev_audio\414472.wav,appliance_beep,fsd50k,real,0.0,fsd50k:414472
C:\Users\tprac\Downloads\sahara\sahara\data\raw\fsd50k\FSD50K.dev_audio\215818.wav,appliance_beep,fsd50k,real,0.0,fsd50k:215818
C:\Users\tprac\Downloads\sahara\sahara\data\raw\fsd50k\FSD50K.dev_audio\215822.wav,appliance_beep,fsd50k,real,0.0,fsd50k:215822
C:\Users\tprac\Downloads\sahara\sahara\data\raw\fsd50k\FSD50K.dev_audio\68381.wav,appliance_beep,fsd50k,real,0.0,fsd50k:68381
C:\Users\tprac\Downloads\sahara\sahara\data\raw\fsd50k\FSD50K.dev_audio\271152.wav,appliance_beep,fsd50k,real,0.0,fsd50k:271152
C:\Users\tprac\Downloads\sahara\sahara\data\raw\fsd50k\FSD50K.dev_audio\138042.wav,appliance_beep,fsd50k,real,0.0,fsd50k:138042
C:\Users\tprac\Downloads\sahara\sahara\data\raw\fsd50k\FSD50K.dev_audio\273213.wav,appliance_beep,fsd50k,real,0.0,fsd50k:273213
C:\Users\tprac\Downloads\sahara\sahara\data\raw\fsd50k\FSD50K.dev_audio\179012.wav,appliance_beep,fsd50k,real,0.0,fsd50k:179012
C:\Users\tprac\Downloads\sahara\sahara\data\raw\fsd50k\FSD50K.dev_audio\242502.wav,appliance_beep,fsd50k,real,0.0,fsd50k:242502
C:\Users\tprac\Downloads\sahara\sahara\data\raw\fsd50k\FSD50K.dev_audio\164690.wav,appliance_beep,fsd50k,real,0.0,fsd50k:164690
C:\Users\tprac\Downloads\sahara\sahara\data\raw\fsd50k\FSD50K.dev_audio\197472.wav,appliance_beep,fsd50k,real,0.0,fsd50k:197472
C:\Users\tprac\Downloads\sahara\sahara\data\raw\fsd50k\FSD50K.dev_audio\265080.wav,appliance_beep,fsd50k,real,0.0,fsd50k:265080
C:\Users\tprac\Downloads\sahara\sahara\data\raw\fsd50k\FSD50K.dev_audio\265083.wav,appliance_beep,fsd50k,real,0.0,fsd50k:265083
C:\Users\tprac\Downloads\sahara\sahara\data\raw\fsd50k\FSD50K.dev_audio\265085.wav,appliance_beep,fsd50k,real,0.0,fsd50k:265085
C:\Users\tprac\Downloads\sahara\sahara\data\raw\fsd50k\FSD50K.dev_audio\156546.wav,appliance_beep,fsd50k,real,0.0,fsd50k:156546
C:\Users\tprac\Downloads\sahara\sahara\data\raw\fsd50k\FSD50K.dev_audio\25480.wav,appliance_beep,fsd50k,real,0.0,fsd50k:25480
C:\Users\tprac\Downloads\sahara\sahara\data\raw\fsd50k\FSD50K.dev_audio\95112.wav,appliance_beep,fsd50k,real,0.0,fsd50k:95112
C:\Users\tprac\Downloads\sahara\sahara\data\raw\fsd50k\FSD50K.dev_audio\95114.wav,appliance_beep,fsd50k,real,0.0,fsd50k:95114
C:\Users\tprac\Downloads\sahara\sahara\data\raw\fsd50k\FSD50K.dev_audio\7056.wav,appliance_beep,fsd50k,real,0.0,fsd50k:7056
C:\Users\tprac\Downloads\sahara\sahara\data\raw\fsd50k\FSD50K.dev_audio\121750.wav,appliance_beep,fsd50k,real,0.0,fsd50k:121750
C:\Users\tprac\Downloads\sahara\sahara\data\raw\fsd50k\FSD50K.dev_audio\349084.wav,appliance_beep,fsd50k,real,0.0,fsd50k:349084
C:\Users\tprac\Downloads\sahara\sahara\data\raw\fsd50k\FSD50K.dev_audio\121758.wav,appliance_beep,fsd50k,real,0.0,fsd50k:121758
C:\Users\tprac\Downloads\sahara\sahara\data\raw\fsd50k\FSD50K.dev_audio\121759.wav,appliance_beep,fsd50k,real,0.0,fsd50k:121759
C:\Users\tprac\Downloads\sahara\sahara\data\raw\fsd50k\FSD50K.dev_audio\158621.wav,appliance_beep,fsd50k,real,0.0,fsd50k:158621
C:\Users\tprac\Downloads\sahara\sahara\data\raw\fsd50k\FSD50K.dev_audio\175039.wav,appliance_beep,fsd50k,real,0.0,fsd50k:175039
C:\Users\tprac\Downloads\sahara\sahara\data\raw\fsd50k\FSD50K.dev_audio\273344.wav,appliance_beep,fsd50k,real,0.0,fsd50k:273344
C:\Users\tprac\Downloads\sahara\sahara\data\raw\fsd50k\FSD50K.dev_audio\273348.wav,appliance_beep,fsd50k,real,0.0,fsd50k:273348
C:\Users\tprac\Downloads\sahara\sahara\data\raw\fsd50k\FSD50K.dev_audio\273349.wav,appliance_beep,fsd50k,real,0.0,fsd50k:273349
C:\Users\tprac\Downloads\sahara\sahara\data\raw\fsd50k\FSD50K.dev_audio\103391.wav,appliance_beep,fsd50k,real,0.0,fsd50k:103391
C:\Users\tprac\Downloads\sahara\sahara\data\raw\fsd50k\FSD50K.dev_audio\365539.wav,appliance_beep,fsd50k,real,0.0,fsd50k:365539
C:\Users\tprac\Downloads\sahara\sahara\data\raw\fsd50k\FSD50K.dev_audio\166888.wav,appliance_beep,fsd50k,real,0.0,fsd50k:166888
C:\Users\tprac\Downloads\sahara\sahara\data\raw\fsd50k\FSD50K.dev_audio\164843.wav,appliance_beep,fsd50k,real,0.0,fsd50k:164843
C:\Users\tprac\Downloads\sahara\sahara\data\raw\fsd50k\FSD50K.dev_audio\29679.wav,appliance_beep,fsd50k,real,0.0,fsd50k:29679
C:\Users\tprac\Downloads\sahara\sahara\data\raw\fsd50k\FSD50K.dev_audio\17405.wav,appliance_beep,fsd50k,real,0.0,fsd50k:17405
C:\Users\tprac\Downloads\sahara\sahara\data\raw\fsd50k\FSD50K.dev_audio\384004.wav,appliance_beep,fsd50k,real,0.0,fsd50k:384004
C:\Users\tprac\Downloads\sahara\sahara\data\raw\fsd50k\FSD50K.dev_audio\130054.wav,appliance_beep,fsd50k,real,0.0,fsd50k:130054
C:\Users\tprac\Downloads\sahara\sahara\data\raw\fsd50k\FSD50K.dev_audio\160775.wav,appliance_beep,fsd50k,real,0.0,fsd50k:160775
C:\Users\tprac\Downloads\sahara\sahara\data\raw\fsd50k\FSD50K.dev_audio\212006.wav,appliance_beep,fsd50k,real,0.0,fsd50k:212006
C:\Users\tprac\Downloads\sahara\sahara\data\raw\fsd50k\FSD50K.dev_audio\271399.wav,appliance_beep,fsd50k,real,0.0,fsd50k:271399
C:\Users\tprac\Downloads\sahara\sahara\data\raw\fsd50k\FSD50K.dev_audio\60463.wav,appliance_beep,fsd50k,real,0.0,fsd50k:60463
C:\Users\tprac\Downloads\sahara\sahara\data\raw\fsd50k\FSD50K.dev_audio\31799.wav,appliance_beep,fsd50k,real,0.0,fsd50k:31799
C:\Users\tprac\Downloads\sahara\sahara\data\raw\fsd50k\FSD50K.dev_audio\369720.wav,appliance_beep,fsd50k,real,0.0,fsd50k:369720
C:\Users\tprac\Downloads\sahara\sahara\data\raw\fsd50k\FSD50K.dev_audio\31802.wav,appliance_beep,fsd50k,real,0.0,fsd50k:31802
C:\Users\tprac\Downloads\sahara\sahara\data\raw\fsd50k\FSD50K.dev_audio\269379.wav,appliance_beep,fsd50k,real,0.0,fsd50k:269379
C:\Users\tprac\Downloads\sahara\sahara\data\raw\fsd50k\FSD50K.dev_audio\269380.wav,appliance_beep,fsd50k,real,0.0,fsd50k:269380
C:\Users\tprac\Downloads\sahara\sahara\data\raw\fsd50k\FSD50K.dev_audio\117848.wav,appliance_beep,fsd50k,real,0.0,fsd50k:117848
C:\Users\tprac\Downloads\sahara\sahara\data\raw\fsd50k\FSD50K.dev_audio\347234.wav,appliance_beep,fsd50k,real,0.0,fsd50k:347234
C:\Users\tprac\Downloads\sahara\sahara\data\raw\fsd50k\FSD50K.dev_audio\334948.wav,appliance_beep,fsd50k,real,0.0,fsd50k:334948
C:\Users\tprac\Downloads\sahara\sahara\data\raw\fsd50k\FSD50K.dev_audio\179301.wav,appliance_beep,fsd50k,real,0.0,fsd50k:179301
C:\Users\tprac\Downloads\sahara\sahara\data\raw\fsd50k\FSD50K.dev_audio\171113.wav,appliance_beep,fsd50k,real,0.0,fsd50k:171113
C:\Users\tprac\Downloads\sahara\sahara\data\raw\fsd50k\FSD50K.dev_audio\15482.wav,appliance_beep,fsd50k,real,0.0,fsd50k:15482
C:\Users\tprac\Downloads\sahara\sahara\data\raw\fsd50k\FSD50K.dev_audio\76927.wav,appliance_beep,fsd50k,real,0.0,fsd50k:76927
C:\Users\tprac\Downloads\sahara\sahara\data\raw\fsd50k\FSD50K.dev_audio\70789.wav,appliance_beep,fsd50k,real,0.0,fsd50k:70789
C:\Users\tprac\Downloads\sahara\sahara\data\raw\fsd50k\FSD50K.dev_audio\189579.wav,appliance_beep,fsd50k,real,0.0,fsd50k:189579
C:\Users\tprac\Downloads\sahara\sahara\data\raw\fsd50k\FSD50K.dev_audio\201877.wav,appliance_beep,fsd50k,real,0.0,fsd50k:201877
C:\Users\tprac\Downloads\sahara\sahara\data\raw\fsd50k\FSD50K.dev_audio\201878.wav,appliance_beep,fsd50k,real,0.0,fsd50k:201878
C:\Users\tprac\Downloads\sahara\sahara\data\raw\fsd50k\FSD50K.dev_audio\117922.wav,appliance_beep,fsd50k,real,0.0,fsd50k:117922
C:\Users\tprac\Downloads\sahara\sahara\data\raw\fsd50k\FSD50K.dev_audio\369839.wav,appliance_beep,fsd50k,real,0.0,fsd50k:369839
C:\Users\tprac\Downloads\sahara\sahara\data\raw\fsd50k\FSD50K.dev_audio\9392.wav,appliance_beep,fsd50k,real,0.0,fsd50k:9392
C:\Users\tprac\Downloads\sahara\sahara\data\raw\fsd50k\FSD50K.dev_audio\369840.wav,appliance_beep,fsd50k,real,0.0,fsd50k:369840
C:\Users\tprac\Downloads\sahara\sahara\data\raw\fsd50k\FSD50K.dev_audio\369841.wav,appliance_beep,fsd50k,real,0.0,fsd50k:369841
C:\Users\tprac\Downloads\sahara\sahara\data\raw\fsd50k\FSD50K.dev_audio\369842.wav,appliance_beep,fsd50k,real,0.0,fsd50k:369842
C:\Users\tprac\Downloads\sahara\sahara\data\raw\fsd50k\FSD50K.dev_audio\21680.wav,appliance_beep,fsd50k,real,0.0,fsd50k:21680
C:\Users\tprac\Downloads\sahara\sahara\data\raw\fsd50k\FSD50K.dev_audio\404678.wav,appliance_beep,fsd50k,real,0.0,fsd50k:404678
C:\Users\tprac\Downloads\sahara\sahara\data\raw\fsd50k\FSD50K.dev_audio\165063.wav,appliance_beep,fsd50k,real,0.0,fsd50k:165063
C:\Users\tprac\Downloads\sahara\sahara\data\raw\fsd50k\FSD50K.dev_audio\85205.wav,appliance_beep,fsd50k,real,0.0,fsd50k:85205
C:\Users\tprac\Downloads\sahara\sahara\data\raw\fsd50k\FSD50K.dev_audio\363771.wav,appliance_beep,fsd50k,real,0.0,fsd50k:363771
C:\Users\tprac\Downloads\sahara\sahara\data\raw\fsd50k\FSD50K.dev_audio\29950.wav,appliance_beep,fsd50k,real,0.0,fsd50k:29950
C:\Users\tprac\Downloads\sahara\sahara\data\raw\fsd50k\FSD50K.dev_audio\29951.wav,appliance_beep,fsd50k,real,0.0,fsd50k:29951
C:\Users\tprac\Downloads\sahara\sahara\data\raw\fsd50k\FSD50K.dev_audio\201984.wav,appliance_beep,fsd50k,real,0.0,fsd50k:201984
C:\Users\tprac\Downloads\sahara\sahara\data\raw\fsd50k\FSD50K.dev_audio\236799.wav,appliance_beep,fsd50k,real,0.0,fsd50k:236799
C:\Users\tprac\Downloads\sahara\sahara\data\raw\fsd50k\FSD50K.dev_audio\349483.wav,appliance_beep,fsd50k,real,0.0,fsd50k:349483
C:\Users\tprac\Downloads\sahara\sahara\data\raw\fsd50k\FSD50K.dev_audio\390448.wav,appliance_beep,fsd50k,real,0.0,fsd50k:390448
C:\Users\tprac\Downloads\sahara\sahara\data\raw\fsd50k\FSD50K.dev_audio\73011.wav,appliance_beep,fsd50k,real,0.0,fsd50k:73011
C:\Users\tprac\Downloads\sahara\sahara\data\raw\fsd50k\FSD50K.dev_audio\351540.wav,appliance_beep,fsd50k,real,0.0,fsd50k:351540
C:\Users\tprac\Downloads\sahara\sahara\data\raw\fsd50k\FSD50K.dev_audio\351541.wav,appliance_beep,fsd50k,real,0.0,fsd50k:351541
C:\Users\tprac\Downloads\sahara\sahara\data\raw\fsd50k\FSD50K.dev_audio\351542.wav,appliance_beep,fsd50k,real,0.0,fsd50k:351542
C:\Users\tprac\Downloads\sahara\sahara\data\raw\fsd50k\FSD50K.dev_audio\351543.wav,appliance_beep,fsd50k,real,0.0,fsd50k:351543
C:\Users\tprac\Downloads\sahara\sahara\data\raw\fsd50k\FSD50K.dev_audio\351547.wav,appliance_beep,fsd50k,real,0.0,fsd50k:351547
C:\Users\tprac\Downloads\sahara\sahara\data\raw\fsd50k\FSD50K.dev_audio\351548.wav,appliance_beep,fsd50k,real,0.0,fsd50k:351548
C:\Users\tprac\Downloads\sahara\sahara\data\raw\fsd50k\FSD50K.dev_audio\38229.wav,appliance_beep,fsd50k,real,0.0,fsd50k:38229
C:\Users\tprac\Downloads\sahara\sahara\data\raw\fsd50k\FSD50K.dev_audio\85344.wav,appliance_beep,fsd50k,real,0.0,fsd50k:85344
C:\Users\tprac\Downloads\sahara\sahara\data\raw\fsd50k\FSD50K.dev_audio\249191.wav,appliance_beep,fsd50k,real,0.0,fsd50k:249191
C:\Users\tprac\Downloads\sahara\sahara\data\raw\fsd50k\FSD50K.dev_audio\155009.wav,appliance_beep,fsd50k,real,0.0,fsd50k:155009
C:\Users\tprac\Downloads\sahara\sahara\data\raw\fsd50k\FSD50K.dev_audio\30085.wav,appliance_beep,fsd50k,real,0.0,fsd50k:30085
C:\Users\tprac\Downloads\sahara\sahara\data\raw\fsd50k\FSD50K.dev_audio\339370.wav,appliance_beep,fsd50k,real,0.0,fsd50k:339370
C:\Users\tprac\Downloads\sahara\sahara\data\raw\fsd50k\FSD50K.dev_audio\32217.wav,appliance_beep,fsd50k,real,0.0,fsd50k:32217
C:\Users\tprac\Downloads\sahara\sahara\data\raw\fsd50k\FSD50K.dev_audio\32218.wav,appliance_beep,fsd50k,real,0.0,fsd50k:32218
C:\Users\tprac\Downloads\sahara\sahara\data\raw\fsd50k\FSD50K.dev_audio\32219.wav,appliance_beep,fsd50k,real,0.0,fsd50k:32219
C:\Users\tprac\Downloads\sahara\sahara\data\raw\fsd50k\FSD50K.dev_audio\36316.wav,appliance_beep,fsd50k,real,0.0,fsd50k:36316
C:\Users\tprac\Downloads\sahara\sahara\data\raw\fsd50k\FSD50K.dev_audio\36317.wav,appliance_beep,fsd50k,real,0.0,fsd50k:36317
C:\Users\tprac\Downloads\sahara\sahara\data\raw\fsd50k\FSD50K.dev_audio\351721.wav,appliance_beep,fsd50k,real,0.0,fsd50k:351721
C:\Users\tprac\Downloads\sahara\sahara\data\raw\fsd50k\FSD50K.dev_audio\89593.wav,appliance_beep,fsd50k,real,0.0,fsd50k:89593
C:\Users\tprac\Downloads\sahara\sahara\data\raw\fsd50k\FSD50K.dev_audio\97786.wav,appliance_beep,fsd50k,real,0.0,fsd50k:97786
C:\Users\tprac\Downloads\sahara\sahara\data\raw\fsd50k\FSD50K.dev_audio\97789.wav,appliance_beep,fsd50k,real,0.0,fsd50k:97789
C:\Users\tprac\Downloads\sahara\sahara\data\raw\fsd50k\FSD50K.dev_audio\175620.wav,appliance_beep,fsd50k,real,0.0,fsd50k:175620
C:\Users\tprac\Downloads\sahara\sahara\data\raw\fsd50k\FSD50K.dev_audio\175621.wav,appliance_beep,fsd50k,real,0.0,fsd50k:175621
C:\Users\tprac\Downloads\sahara\sahara\data\raw\fsd50k\FSD50K.dev_audio\50700.wav,appliance_beep,fsd50k,real,0.0,fsd50k:50700
C:\Users\tprac\Downloads\sahara\sahara\data\raw\fsd50k\FSD50K.dev_audio\87574.wav,appliance_beep,fsd50k,real,0.0,fsd50k:87574
C:\Users\tprac\Downloads\sahara\sahara\data\raw\fsd50k\FSD50K.dev_audio\265755.wav,appliance_beep,fsd50k,real,0.0,fsd50k:265755
C:\Users\tprac\Downloads\sahara\sahara\data\raw\fsd50k\FSD50K.dev_audio\185887.wav,appliance_beep,fsd50k,real,0.0,fsd50k:185887
C:\Users\tprac\Downloads\sahara\sahara\data\raw\fsd50k\FSD50K.dev_audio\93733.wav,appliance_beep,fsd50k,real,0.0,fsd50k:93733
C:\Users\tprac\Downloads\sahara\sahara\data\raw\fsd50k\FSD50K.dev_audio\126504.wav,appliance_beep,fsd50k,real,0.0,fsd50k:126504
C:\Users\tprac\Downloads\sahara\sahara\data\raw\fsd50k\FSD50K.dev_audio\130604.wav,appliance_beep,fsd50k,real,0.0,fsd50k:130604
C:\Users\tprac\Downloads\sahara\sahara\data\raw\fsd50k\FSD50K.dev_audio\87604.wav,appliance_beep,fsd50k,real,0.0,fsd50k:87604
C:\Users\tprac\Downloads\sahara\sahara\data\raw\fsd50k\FSD50K.dev_audio\212533.wav,appliance_beep,fsd50k,real,0.0,fsd50k:212533
C:\Users\tprac\Downloads\sahara\sahara\data\raw\fsd50k\FSD50K.dev_audio\212535.wav,appliance_beep,fsd50k,real,0.0,fsd50k:212535
C:\Users\tprac\Downloads\sahara\sahara\data\raw\fsd50k\FSD50K.dev_audio\431669.wav,appliance_beep,fsd50k,real,0.0,fsd50k:431669
C:\Users\tprac\Downloads\sahara\sahara\data\raw\fsd50k\FSD50K.dev_audio\93755.wav,appliance_beep,fsd50k,real,0.0,fsd50k:93755
C:\Users\tprac\Downloads\sahara\sahara\data\raw\fsd50k\FSD50K.dev_audio\339518.wav,appliance_beep,fsd50k,real,0.0,fsd50k:339518
C:\Users\tprac\Downloads\sahara\sahara\data\raw\fsd50k\FSD50K.dev_audio\245311.wav,appliance_beep,fsd50k,real,0.0,fsd50k:245311
C:\Users\tprac\Downloads\sahara\sahara\data\raw\fsd50k\FSD50K.dev_audio\319040.wav,appliance_beep,fsd50k,real,0.0,fsd50k:319040
C:\Users\tprac\Downloads\sahara\sahara\data\raw\fsd50k\FSD50K.dev_audio\245313.wav,appliance_beep,fsd50k,real,0.0,fsd50k:245313
C:\Users\tprac\Downloads\sahara\sahara\data\raw\fsd50k\FSD50K.dev_audio\71234.wav,appliance_beep,fsd50k,real,0.0,fsd50k:71234
C:\Users\tprac\Downloads\sahara\sahara\data\raw\fsd50k\FSD50K.dev_audio\429635.wav,appliance_beep,fsd50k,real,0.0,fsd50k:429635
C:\Users\tprac\Downloads\sahara\sahara\data\raw\fsd50k\FSD50K.dev_audio\161347.wav,appliance_beep,fsd50k,real,0.0,fsd50k:161347
C:\Users\tprac\Downloads\sahara\sahara\data\raw\fsd50k\FSD50K.dev_audio\153159.wav,appliance_beep,fsd50k,real,0.0,fsd50k:153159
C:\Users\tprac\Downloads\sahara\sahara\data\raw\fsd50k\FSD50K.dev_audio\3659.wav,appliance_beep,fsd50k,real,0.0,fsd50k:3659
C:\Users\tprac\Downloads\sahara\sahara\data\raw\fsd50k\FSD50K.dev_audio\34381.wav,appliance_beep,fsd50k,real,0.0,fsd50k:34381
C:\Users\tprac\Downloads\sahara\sahara\data\raw\fsd50k\FSD50K.dev_audio\77392.wav,appliance_beep,fsd50k,real,0.0,fsd50k:77392
C:\Users\tprac\Downloads\sahara\sahara\data\raw\fsd50k\FSD50K.dev_audio\79440.wav,appliance_beep,fsd50k,real,0.0,fsd50k:79440
C:\Users\tprac\Downloads\sahara\sahara\data\raw\fsd50k\FSD50K.dev_audio\28242.wav,appliance_beep,fsd50k,real,0.0,fsd50k:28242
C:\Users\tprac\Downloads\sahara\sahara\data\raw\fsd50k\FSD50K.dev_audio\345699.wav,appliance_beep,fsd50k,real,0.0,fsd50k:345699
C:\Users\tprac\Downloads\sahara\sahara\data\raw\fsd50k\FSD50K.dev_audio\20069.wav,appliance_beep,fsd50k,real,0.0,fsd50k:20069
C:\Users\tprac\Downloads\sahara\sahara\data\raw\fsd50k\FSD50K.dev_audio\345702.wav,appliance_beep,fsd50k,real,0.0,fsd50k:345702
C:\Users\tprac\Downloads\sahara\sahara\data\raw\fsd50k\FSD50K.dev_audio\151147.wav,appliance_beep,fsd50k,real,0.0,fsd50k:151147
C:\Users\tprac\Downloads\sahara\sahara\data\raw\fsd50k\FSD50K.dev_audio\323186.wav,appliance_beep,fsd50k,real,0.0,fsd50k:323186
C:\Users\tprac\Downloads\sahara\sahara\data\raw\fsd50k\FSD50K.dev_audio\157299.wav,appliance_beep,fsd50k,real,0.0,fsd50k:157299
C:\Users\tprac\Downloads\sahara\sahara\data\raw\fsd50k\FSD50K.dev_audio\118391.wav,appliance_beep,fsd50k,real,0.0,fsd50k:118391
C:\Users\tprac\Downloads\sahara\sahara\data\raw\fsd50k\FSD50K.dev_audio\63124.wav,appliance_beep,fsd50k,real,0.0,fsd50k:63124
C:\Users\tprac\Downloads\sahara\sahara\data\raw\fsd50k\FSD50K.dev_audio\56986.wav,appliance_beep,fsd50k,real,0.0,fsd50k:56986
C:\Users\tprac\Downloads\sahara\sahara\data\raw\fsd50k\FSD50K.dev_audio\56987.wav,appliance_beep,fsd50k,real,0.0,fsd50k:56987
C:\Users\tprac\Downloads\sahara\sahara\data\raw\fsd50k\FSD50K.dev_audio\153252.wav,appliance_beep,fsd50k,real,0.0,fsd50k:153252
C:\Users\tprac\Downloads\sahara\sahara\data\raw\fsd50k\FSD50K.dev_audio\249509.wav,appliance_beep,fsd50k,real,0.0,fsd50k:249509
C:\Users\tprac\Downloads\sahara\sahara\data\raw\fsd50k\FSD50K.dev_audio\249510.wav,appliance_beep,fsd50k,real,0.0,fsd50k:249510
C:\Users\tprac\Downloads\sahara\sahara\data\raw\fsd50k\FSD50K.dev_audio\249511.wav,appliance_beep,fsd50k,real,0.0,fsd50k:249511
C:\Users\tprac\Downloads\sahara\sahara\data\raw\fsd50k\FSD50K.dev_audio\249513.wav,appliance_beep,fsd50k,real,0.0,fsd50k:249513
C:\Users\tprac\Downloads\sahara\sahara\data\raw\fsd50k\FSD50K.dev_audio\186022.wav,appliance_beep,fsd50k,real,0.0,fsd50k:186022
C:\Users\tprac\Downloads\sahara\sahara\data\raw\fsd50k\FSD50K.dev_audio\249515.wav,appliance_beep,fsd50k,real,0.0,fsd50k:249515
C:\Users\tprac\Downloads\sahara\sahara\data\raw\fsd50k\FSD50K.dev_audio\186040.wav,appliance_beep,fsd50k,real,0.0,fsd50k:186040
C:\Users\tprac\Downloads\sahara\sahara\data\raw\fsd50k\FSD50K.dev_audio\267967.wav,appliance_beep,fsd50k,real,0.0,fsd50k:267967
C:\Users\tprac\Downloads\sahara\sahara\data\raw\fsd50k\FSD50K.dev_audio\267969.wav,appliance_beep,fsd50k,real,0.0,fsd50k:267969
C:\Users\tprac\Downloads\sahara\sahara\data\raw\fsd50k\FSD50K.dev_audio\77508.wav,appliance_beep,fsd50k,real,0.0,fsd50k:77508
C:\Users\tprac\Downloads\sahara\sahara\data\raw\fsd50k\FSD50K.dev_audio\134862.wav,appliance_beep,fsd50k,real,0.0,fsd50k:134862
C:\Users\tprac\Downloads\sahara\sahara\data\raw\fsd50k\FSD50K.dev_audio\134863.wav,appliance_beep,fsd50k,real,0.0,fsd50k:134863
C:\Users\tprac\Downloads\sahara\sahara\data\raw\fsd50k\FSD50K.dev_audio\79568.wav,appliance_beep,fsd50k,real,0.0,fsd50k:79568
C:\Users\tprac\Downloads\sahara\sahara\data\raw\fsd50k\FSD50K.dev_audio\421596.wav,appliance_beep,fsd50k,real,0.0,fsd50k:421596
C:\Users\tprac\Downloads\sahara\sahara\data\raw\fsd50k\FSD50K.dev_audio\337655.wav,appliance_beep,fsd50k,real,0.0,fsd50k:337655
C:\Users\tprac\Downloads\sahara\sahara\data\raw\fsd50k\FSD50K.dev_audio\337656.wav,appliance_beep,fsd50k,real,0.0,fsd50k:337656
C:\Users\tprac\Downloads\sahara\sahara\data\raw\fsd50k\FSD50K.dev_audio\337658.wav,appliance_beep,fsd50k,real,0.0,fsd50k:337658
C:\Users\tprac\Downloads\sahara\sahara\data\raw\fsd50k\FSD50K.dev_audio\83704.wav,appliance_beep,fsd50k,real,0.0,fsd50k:83704
C:\Users\tprac\Downloads\sahara\sahara\data\raw\fsd50k\FSD50K.dev_audio\26373.wav,appliance_beep,fsd50k,real,0.0,fsd50k:26373
C:\Users\tprac\Downloads\sahara\sahara\data\raw\fsd50k\FSD50K.dev_audio\257806.wav,appliance_beep,fsd50k,real,0.0,fsd50k:257806
C:\Users\tprac\Downloads\sahara\sahara\data\raw\fsd50k\FSD50K.dev_audio\79638.wav,appliance_beep,fsd50k,real,0.0,fsd50k:79638
C:\Users\tprac\Downloads\sahara\sahara\data\raw\fsd50k\FSD50K.dev_audio\79639.wav,appliance_beep,fsd50k,real,0.0,fsd50k:79639
C:\Users\tprac\Downloads\sahara\sahara\data\raw\fsd50k\FSD50K.dev_audio\79650.wav,appliance_beep,fsd50k,real,0.0,fsd50k:79650
C:\Users\tprac\Downloads\sahara\sahara\data\raw\fsd50k\FSD50K.dev_audio\139055.wav,appliance_beep,fsd50k,real,0.0,fsd50k:139055
C:\Users\tprac\Downloads\sahara\sahara\data\raw\fsd50k\FSD50K.dev_audio\208699.wav,appliance_beep,fsd50k,real,0.0,fsd50k:208699
C:\Users\tprac\Downloads\sahara\sahara\data\raw\fsd50k\FSD50K.dev_audio\208700.wav,appliance_beep,fsd50k,real,0.0,fsd50k:208700
C:\Users\tprac\Downloads\sahara\sahara\data\raw\fsd50k\FSD50K.dev_audio\20284.wav,appliance_beep,fsd50k,real,0.0,fsd50k:20284
C:\Users\tprac\Downloads\sahara\sahara\data\raw\fsd50k\FSD50K.dev_audio\112455.wav,appliance_beep,fsd50k,real,0.0,fsd50k:112455
C:\Users\tprac\Downloads\sahara\sahara\data\raw\fsd50k\FSD50K.dev_audio\274252.wav,appliance_beep,fsd50k,real,0.0,fsd50k:274252
C:\Users\tprac\Downloads\sahara\sahara\data\raw\fsd50k\FSD50K.dev_audio\259926.wav,appliance_beep,fsd50k,real,0.0,fsd50k:259926
C:\Users\tprac\Downloads\sahara\sahara\data\raw\fsd50k\FSD50K.dev_audio\415577.wav,appliance_beep,fsd50k,real,0.0,fsd50k:415577
C:\Users\tprac\Downloads\sahara\sahara\data\raw\fsd50k\FSD50K.dev_audio\397158.wav,appliance_beep,fsd50k,real,0.0,fsd50k:397158
C:\Users\tprac\Downloads\sahara\sahara\data\raw\fsd50k\FSD50K.dev_audio\397159.wav,appliance_beep,fsd50k,real,0.0,fsd50k:397159
C:\Users\tprac\Downloads\sahara\sahara\data\raw\fsd50k\FSD50K.dev_audio\397162.wav,appliance_beep,fsd50k,real,0.0,fsd50k:397162
C:\Users\tprac\Downloads\sahara\sahara\data\raw\fsd50k\FSD50K.dev_audio\274288.wav,appliance_beep,fsd50k,real,0.0,fsd50k:274288
C:\Users\tprac\Downloads\sahara\sahara\data\raw\fsd50k\FSD50K.dev_audio\122740.wav,appliance_beep,fsd50k,real,0.0,fsd50k:122740
C:\Users\tprac\Downloads\sahara\sahara\data\raw\fsd50k\FSD50K.dev_audio\186244.wav,appliance_beep,fsd50k,real,0.0,fsd50k:186244
C:\Users\tprac\Downloads\sahara\sahara\data\raw\fsd50k\FSD50K.dev_audio\3977.wav,appliance_beep,fsd50k,real,0.0,fsd50k:3977
C:\Users\tprac\Downloads\sahara\sahara\data\raw\fsd50k\FSD50K.dev_audio\157591.wav,appliance_beep,fsd50k,real,0.0,fsd50k:157591
C:\Users\tprac\Downloads\sahara\sahara\data\raw\fsd50k\FSD50K.dev_audio\157592.wav,appliance_beep,fsd50k,real,0.0,fsd50k:157592
C:\Users\tprac\Downloads\sahara\sahara\data\raw\fsd50k\FSD50K.dev_audio\157593.wav,appliance_beep,fsd50k,real,0.0,fsd50k:157593
C:\Users\tprac\Downloads\sahara\sahara\data\raw\fsd50k\FSD50K.dev_audio\259992.wav,appliance_beep,fsd50k,real,0.0,fsd50k:259992
C:\Users\tprac\Downloads\sahara\sahara\data\raw\fsd50k\FSD50K.dev_audio\77723.wav,appliance_beep,fsd50k,real,0.0,fsd50k:77723
C:\Users\tprac\Downloads\sahara\sahara\data\raw\fsd50k\FSD50K.dev_audio\257949.wav,appliance_beep,fsd50k,real,0.0,fsd50k:257949
C:\Users\tprac\Downloads\sahara\sahara\data\raw\fsd50k\FSD50K.dev_audio\92066.wav,appliance_beep,fsd50k,real,0.0,fsd50k:92066
C:\Users\tprac\Downloads\sahara\sahara\data\raw\fsd50k\FSD50K.dev_audio\147386.wav,appliance_beep,fsd50k,real,0.0,fsd50k:147386
C:\Users\tprac\Downloads\sahara\sahara\data\raw\fsd50k\FSD50K.dev_audio\178112.wav,appliance_beep,fsd50k,real,0.0,fsd50k:178112
C:\Users\tprac\Downloads\sahara\sahara\data\raw\fsd50k\FSD50K.dev_audio\24520.wav,appliance_beep,fsd50k,real,0.0,fsd50k:24520
C:\Users\tprac\Downloads\sahara\sahara\data\raw\fsd50k\FSD50K.dev_audio\434124.wav,appliance_beep,fsd50k,real,0.0,fsd50k:434124
C:\Users\tprac\Downloads\sahara\sahara\data\raw\fsd50k\FSD50K.dev_audio\223182.wav,appliance_beep,fsd50k,real,0.0,fsd50k:223182
C:\Users\tprac\Downloads\sahara\sahara\data\raw\fsd50k\FSD50K.dev_audio\69585.wav,appliance_beep,fsd50k,real,0.0,fsd50k:69585
C:\Users\tprac\Downloads\sahara\sahara\data\raw\fsd50k\FSD50K.dev_audio\98269.wav,appliance_beep,fsd50k,real,0.0,fsd50k:98269
C:\Users\tprac\Downloads\sahara\sahara\data\raw\fsd50k\FSD50K.dev_audio\274400.wav,appliance_beep,fsd50k,real,0.0,fsd50k:274400
C:\Users\tprac\Downloads\sahara\sahara\data\raw\fsd50k\FSD50K.dev_audio\51169.wav,appliance_beep,fsd50k,real,0.0,fsd50k:51169
C:\Users\tprac\Downloads\sahara\sahara\data\raw\fsd50k\FSD50K.dev_audio\407521.wav,appliance_beep,fsd50k,real,0.0,fsd50k:407521
C:\Users\tprac\Downloads\sahara\sahara\data\raw\fsd50k\FSD50K.dev_audio\391143.wav,appliance_beep,fsd50k,real,0.0,fsd50k:391143
C:\Users\tprac\Downloads\sahara\sahara\data\raw\fsd50k\FSD50K.dev_audio\352234.wav,appliance_beep,fsd50k,real,0.0,fsd50k:352234
C:\Users\tprac\Downloads\sahara\sahara\data\raw\fsd50k\FSD50K.dev_audio\65514.wav,appliance_beep,fsd50k,real,0.0,fsd50k:65514
C:\Users\tprac\Downloads\sahara\sahara\data\raw\fsd50k\FSD50K.dev_audio\142903.wav,appliance_beep,fsd50k,real,0.0,fsd50k:142903
C:\Users\tprac\Downloads\sahara\sahara\data\raw\fsd50k\FSD50K.dev_audio\95739.wav,appliance_beep,fsd50k,real,0.0,fsd50k:95739
C:\Users\tprac\Downloads\sahara\sahara\data\raw\fsd50k\FSD50K.dev_audio\75828.wav,appliance_beep,fsd50k,real,0.0,fsd50k:75828
C:\Users\tprac\Downloads\sahara\sahara\data\raw\fsd50k\FSD50K.dev_audio\391976.wav,appliance_beep,fsd50k,real,0.0,fsd50k:391976
C:\Users\tprac\Downloads\sahara\sahara\data\raw\fsd50k\FSD50K.dev_audio\38031.wav,appliance_beep,fsd50k,real,0.0,fsd50k:38031
C:\Users\tprac\Downloads\sahara\sahara\data\raw\fsd50k\FSD50K.dev_audio\176066.wav,appliance_beep,fsd50k,real,0.0,fsd50k:176066
C:\Users\tprac\Downloads\sahara\sahara\data\raw\fsd50k\FSD50K.dev_audio\186380.wav,appliance_beep,fsd50k,real,0.0,fsd50k:186380
C:\Users\tprac\Downloads\sahara\sahara\data\raw\fsd50k\FSD50K.dev_audio\185883.wav,appliance_beep,fsd50k,real,0.0,fsd50k:185883
C:\Users\tprac\Downloads\sahara\sahara\data\raw\fsd50k\FSD50K.dev_audio\15395.wav,appliance_beep,fsd50k,real,0.0,fsd50k:15395
C:\Users\tprac\Downloads\sahara\sahara\data\raw\fsd50k\FSD50K.dev_audio\347686.wav,appliance_beep,fsd50k,real,0.0,fsd50k:347686
C:\Users\tprac\Downloads\sahara\sahara\data\raw\fsd50k\FSD50K.dev_audio\94262.wav,appliance_beep,fsd50k,real,0.0,fsd50k:94262
C:\Users\tprac\Downloads\sahara\sahara\data\raw\fsd50k\FSD50K.dev_audio\94263.wav,appliance_beep,fsd50k,real,0.0,fsd50k:94263
C:\Users\tprac\Downloads\sahara\sahara\data\raw\fsd50k\FSD50K.dev_audio\267321.wav,appliance_beep,fsd50k,real,0.0,fsd50k:267321
C:\Users\tprac\Downloads\sahara\sahara\data\raw\fsd50k\FSD50K.dev_audio\370235.wav,appliance_beep,fsd50k,real,0.0,fsd50k:370235
C:\Users\tprac\Downloads\sahara\sahara\data\raw\fsd50k\FSD50K.dev_audio\50749.wav,appliance_beep,fsd50k,real,0.0,fsd50k:50749
C:\Users\tprac\Downloads\sahara\sahara\data\raw\fsd50k\FSD50K.dev_audio\189500.wav,appliance_beep,fsd50k,real,0.0,fsd50k:189500
C:\Users\tprac\Downloads\sahara\sahara\data\raw\fsd50k\FSD50K.dev_audio\171086.wav,appliance_beep,fsd50k,real,0.0,fsd50k:171086
C:\Users\tprac\Downloads\sahara\sahara\data\raw\fsd50k\FSD50K.dev_audio\232530.wav,appliance_beep,fsd50k,real,0.0,fsd50k:232530
C:\Users\tprac\Downloads\sahara\sahara\data\raw\fsd50k\FSD50K.dev_audio\70763.wav,appliance_beep,fsd50k,real,0.0,fsd50k:70763
C:\Users\tprac\Downloads\sahara\sahara\data\raw\fsd50k\FSD50K.dev_audio\190577.wav,appliance_beep,fsd50k,real,0.0,fsd50k:190577
C:\Users\tprac\Downloads\sahara\sahara\data\raw\fsd50k\FSD50K.dev_audio\190583.wav,appliance_beep,fsd50k,real,0.0,fsd50k:190583
C:\Users\tprac\Downloads\sahara\sahara\data\raw\fsd50k\FSD50K.dev_audio\169592.wav,appliance_beep,fsd50k,real,0.0,fsd50k:169592
C:\Users\tprac\Downloads\sahara\sahara\data\raw\fsd50k\FSD50K.dev_audio\232566.wav,appliance_beep,fsd50k,real,0.0,fsd50k:232566
C:\Users\tprac\Downloads\sahara\sahara\data\raw\fsd50k\FSD50K.dev_audio\64126.wav,appliance_beep,fsd50k,real,0.0,fsd50k:64126
C:\Users\tprac\Downloads\sahara\sahara\data\raw\fsd50k\FSD50K.dev_audio\410762.wav,appliance_beep,fsd50k,real,0.0,fsd50k:410762
C:\Users\tprac\Downloads\sahara\sahara\data\raw\fsd50k\FSD50K.dev_audio\212622.wav,appliance_beep,fsd50k,real,0.0,fsd50k:212622
C:\Users\tprac\Downloads\sahara\sahara\data\raw\fsd50k\FSD50K.dev_audio\268966.wav,appliance_beep,fsd50k,real,0.0,fsd50k:268966
C:\Users\tprac\Downloads\sahara\sahara\data\raw\fsd50k\FSD50K.dev_audio\86186.wav,appliance_beep,fsd50k,real,0.0,fsd50k:86186
C:\Users\tprac\Downloads\sahara\sahara\data\raw\fsd50k\FSD50K.dev_audio\334514.wav,appliance_beep,fsd50k,real,0.0,fsd50k:334514
C:\Users\tprac\Downloads\sahara\sahara\data\raw\fsd50k\FSD50K.dev_audio\267961.wav,appliance_beep,fsd50k,real,0.0,fsd50k:267961
C:\Users\tprac\Downloads\sahara\sahara\data\raw\fsd50k\FSD50K.dev_audio\153274.wav,appliance_beep,fsd50k,real,0.0,fsd50k:153274
C:\Users\tprac\Downloads\sahara\sahara\data\raw\fsd50k\FSD50K.dev_audio\153283.wav,appliance_beep,fsd50k,real,0.0,fsd50k:153283
C:\Users\tprac\Downloads\sahara\sahara\data\raw\fsd50k\FSD50K.dev_audio\128724.wav,appliance_beep,fsd50k,real,0.0,fsd50k:128724
C:\Users\tprac\Downloads\sahara\sahara\data\raw\fsd50k\FSD50K.dev_audio\177879.wav,appliance_beep,fsd50k,real,0.0,fsd50k:177879
C:\Users\tprac\Downloads\sahara\sahara\data\raw\fsd50k\FSD50K.dev_audio\333026.wav,appliance_beep,fsd50k,real,0.0,fsd50k:333026
C:\Users\tprac\Downloads\sahara\sahara\data\raw\fsd50k\FSD50K.dev_audio\268525.wav,appliance_beep,fsd50k,real,0.0,fsd50k:268525
C:\Users\tprac\Downloads\sahara\sahara\data\raw\fsd50k\FSD50K.dev_audio\171252.wav,appliance_beep,fsd50k,real,0.0,fsd50k:171252
C:\Users\tprac\Downloads\sahara\sahara\data\raw\fsd50k\FSD50K.dev_audio\83703.wav,appliance_beep,fsd50k,real,0.0,fsd50k:83703
C:\Users\tprac\Downloads\sahara\sahara\data\raw\fsd50k\FSD50K.dev_audio\397603.wav,appliance_beep,fsd50k,real,0.0,fsd50k:397603
C:\Users\tprac\Downloads\sahara\sahara\data\raw\fsd50k\FSD50K.dev_audio\175395.wav,appliance_beep,fsd50k,real,0.0,fsd50k:175395
C:\Users\tprac\Downloads\sahara\sahara\data\raw\fsd50k\FSD50K.dev_audio\175401.wav,appliance_beep,fsd50k,real,0.0,fsd50k:175401
C:\Users\tprac\Downloads\sahara\sahara\data\raw\fsd50k\FSD50K.dev_audio\175400.wav,appliance_beep,fsd50k,real,0.0,fsd50k:175400
C:\Users\tprac\Downloads\sahara\sahara\data\raw\fsd50k\FSD50K.dev_audio\175402.wav,appliance_beep,fsd50k,real,0.0,fsd50k:175402
C:\Users\tprac\Downloads\sahara\sahara\data\raw\fsd50k\FSD50K.dev_audio\400686.wav,appliance_beep,fsd50k,real,0.0,fsd50k:400686
C:\Users\tprac\Downloads\sahara\sahara\data\raw\fsd50k\FSD50K.dev_audio\389426.wav,appliance_beep,fsd50k,real,0.0,fsd50k:389426
C:\Users\tprac\Downloads\sahara\sahara\data\raw\fsd50k\FSD50K.dev_audio\389427.wav,appliance_beep,fsd50k,real,0.0,fsd50k:389427
C:\Users\tprac\Downloads\sahara\sahara\data\raw\fsd50k\FSD50K.dev_audio\372542.wav,appliance_beep,fsd50k,real,0.0,fsd50k:372542
C:\Users\tprac\Downloads\sahara\sahara\data\raw\fsd50k\FSD50K.dev_audio\11587.wav,appliance_beep,fsd50k,real,0.0,fsd50k:11587
C:\Users\tprac\Downloads\sahara\sahara\data\raw\fsd50k\FSD50K.dev_audio\11588.wav,appliance_beep,fsd50k,real,0.0,fsd50k:11588
C:\Users\tprac\Downloads\sahara\sahara\data\raw\fsd50k\FSD50K.dev_audio\238408.wav,appliance_beep,fsd50k,real,0.0,fsd50k:238408
C:\Users\tprac\Downloads\sahara\sahara\data\raw\fsd50k\FSD50K.dev_audio\238411.wav,appliance_beep,fsd50k,real,0.0,fsd50k:238411
C:\Users\tprac\Downloads\sahara\sahara\data\raw\fsd50k\FSD50K.dev_audio\237389.wav,appliance_beep,fsd50k,real,0.0,fsd50k:237389
C:\Users\tprac\Downloads\sahara\sahara\data\raw\fsd50k\FSD50K.dev_audio\233302.wav,appliance_beep,fsd50k,real,0.0,fsd50k:233302
C:\Users\tprac\Downloads\sahara\sahara\data\raw\fsd50k\FSD50K.dev_audio\254814.wav,appliance_beep,fsd50k,real,0.0,fsd50k:254814
C:\Users\tprac\Downloads\sahara\sahara\data\raw\fsd50k\FSD50K.dev_audio\144225.wav,appliance_beep,fsd50k,real,0.0,fsd50k:144225
C:\Users\tprac\Downloads\sahara\sahara\data\raw\fsd50k\FSD50K.dev_audio\144228.wav,appliance_beep,fsd50k,real,0.0,fsd50k:144228
C:\Users\tprac\Downloads\sahara\sahara\data\raw\fsd50k\FSD50K.dev_audio\144232.wav,appliance_beep,fsd50k,real,0.0,fsd50k:144232
C:\Users\tprac\Downloads\sahara\sahara\data\raw\fsd50k\FSD50K.dev_audio\144233.wav,appliance_beep,fsd50k,real,0.0,fsd50k:144233
C:\Users\tprac\Downloads\sahara\sahara\data\raw\fsd50k\FSD50K.dev_audio\144234.wav,appliance_beep,fsd50k,real,0.0,fsd50k:144234
C:\Users\tprac\Downloads\sahara\sahara\data\raw\fsd50k\FSD50K.dev_audio\324464.wav,appliance_beep,fsd50k,real,0.0,fsd50k:324464
C:\Users\tprac\Downloads\sahara\sahara\data\raw\fsd50k\FSD50K.dev_audio\219506.wav,appliance_beep,fsd50k,real,0.0,fsd50k:219506
C:\Users\tprac\Downloads\sahara\sahara\data\raw\fsd50k\FSD50K.dev_audio\353650.wav,appliance_beep,fsd50k,real,0.0,fsd50k:353650
C:\Users\tprac\Downloads\sahara\sahara\data\raw\fsd50k\FSD50K.dev_audio\232834.wav,appliance_beep,fsd50k,real,0.0,fsd50k:232834
C:\Users\tprac\Downloads\sahara\sahara\data\raw\fsd50k\FSD50K.dev_audio\232837.wav,appliance_beep,fsd50k,real,0.0,fsd50k:232837
C:\Users\tprac\Downloads\sahara\sahara\data\raw\fsd50k\FSD50K.dev_audio\426377.wav,appliance_beep,fsd50k,real,0.0,fsd50k:426377
C:\Users\tprac\Downloads\sahara\sahara\data\raw\fsd50k\FSD50K.dev_audio\345485.wav,appliance_beep,fsd50k,real,0.0,fsd50k:345485
C:\Users\tprac\Downloads\sahara\sahara\data\raw\fsd50k\FSD50K.dev_audio\345486.wav,appliance_beep,fsd50k,real,0.0,fsd50k:345486
C:\Users\tprac\Downloads\sahara\sahara\data\raw\fsd50k\FSD50K.dev_audio\345489.wav,appliance_beep,fsd50k,real,0.0,fsd50k:345489
C:\Users\tprac\Downloads\sahara\sahara\data\raw\fsd50k\FSD50K.dev_audio\95122.wav,appliance_beep,fsd50k,real,0.0,fsd50k:95122
C:\Users\tprac\Downloads\sahara\sahara\data\raw\fsd50k\FSD50K.dev_audio\215956.wav,appliance_beep,fsd50k,real,0.0,fsd50k:215956
C:\Users\tprac\Downloads\sahara\sahara\data\raw\fsd50k\FSD50K.dev_audio\418196.wav,appliance_beep,fsd50k,real,0.0,fsd50k:418196
C:\Users\tprac\Downloads\sahara\sahara\data\raw\fsd50k\FSD50K.dev_audio\253336.wav,appliance_beep,fsd50k,real,0.0,fsd50k:253336
C:\Users\tprac\Downloads\sahara\sahara\data\raw\fsd50k\FSD50K.dev_audio\422814.wav,appliance_beep,fsd50k,real,0.0,fsd50k:422814
C:\Users\tprac\Downloads\sahara\sahara\data\raw\fsd50k\FSD50K.dev_audio\422815.wav,appliance_beep,fsd50k,real,0.0,fsd50k:422815
C:\Users\tprac\Downloads\sahara\sahara\data\raw\fsd50k\FSD50K.dev_audio\422816.wav,appliance_beep,fsd50k,real,0.0,fsd50k:422816
C:\Users\tprac\Downloads\sahara\sahara\data\raw\fsd50k\FSD50K.dev_audio\85924.wav,appliance_beep,fsd50k,real,0.0,fsd50k:85924
C:\Users\tprac\Downloads\sahara\sahara\data\raw\fsd50k\FSD50K.dev_audio\85925.wav,appliance_beep,fsd50k,real,0.0,fsd50k:85925
C:\Users\tprac\Downloads\sahara\sahara\data\raw\fsd50k\FSD50K.dev_audio\85926.wav,appliance_beep,fsd50k,real,0.0,fsd50k:85926
C:\Users\tprac\Downloads\sahara\sahara\data\raw\fsd50k\FSD50K.dev_audio\371619.wav,appliance_beep,fsd50k,real,0.0,fsd50k:371619
C:\Users\tprac\Downloads\sahara\sahara\data\raw\fsd50k\FSD50K.dev_audio\422818.wav,appliance_beep,fsd50k,real,0.0,fsd50k:422818
C:\Users\tprac\Downloads\sahara\sahara\data\raw\fsd50k\FSD50K.dev_audio\422819.wav,appliance_beep,fsd50k,real,0.0,fsd50k:422819
C:\Users\tprac\Downloads\sahara\sahara\data\raw\fsd50k\FSD50K.dev_audio\371620.wav,appliance_beep,fsd50k,real,0.0,fsd50k:371620
C:\Users\tprac\Downloads\sahara\sahara\data\raw\fsd50k\FSD50K.dev_audio\72623.wav,appliance_beep,fsd50k,real,0.0,fsd50k:72623
C:\Users\tprac\Downloads\sahara\sahara\data\raw\fsd50k\FSD50K.dev_audio\156603.wav,appliance_beep,fsd50k,real,0.0,fsd50k:156603
C:\Users\tprac\Downloads\sahara\sahara\data\raw\fsd50k\FSD50K.dev_audio\262601.wav,appliance_beep,fsd50k,real,0.0,fsd50k:262601
C:\Users\tprac\Downloads\sahara\sahara\data\raw\fsd50k\FSD50K.dev_audio\264150.wav,appliance_beep,fsd50k,real,0.0,fsd50k:264150
C:\Users\tprac\Downloads\sahara\sahara\data\raw\fsd50k\FSD50K.dev_audio\264151.wav,appliance_beep,fsd50k,real,0.0,fsd50k:264151
C:\Users\tprac\Downloads\sahara\sahara\data\raw\fsd50k\FSD50K.dev_audio\232925.wav,appliance_beep,fsd50k,real,0.0,fsd50k:232925
C:\Users\tprac\Downloads\sahara\sahara\data\raw\fsd50k\FSD50K.dev_audio\211934.wav,appliance_beep,fsd50k,real,0.0,fsd50k:211934
C:\Users\tprac\Downloads\sahara\sahara\data\raw\fsd50k\FSD50K.dev_audio\211935.wav,appliance_beep,fsd50k,real,0.0,fsd50k:211935
C:\Users\tprac\Downloads\sahara\sahara\data\raw\fsd50k\FSD50K.dev_audio\232929.wav,appliance_beep,fsd50k,real,0.0,fsd50k:232929
C:\Users\tprac\Downloads\sahara\sahara\data\raw\fsd50k\FSD50K.dev_audio\264165.wav,appliance_beep,fsd50k,real,0.0,fsd50k:264165
C:\Users\tprac\Downloads\sahara\sahara\data\raw\fsd50k\FSD50K.dev_audio\336891.wav,appliance_beep,fsd50k,real,0.0,fsd50k:336891
C:\Users\tprac\Downloads\sahara\sahara\data\raw\fsd50k\FSD50K.dev_audio\394381.wav,appliance_beep,fsd50k,real,0.0,fsd50k:394381
C:\Users\tprac\Downloads\sahara\sahara\data\raw\fsd50k\FSD50K.dev_audio\425661.wav,appliance_beep,fsd50k,real,0.0,fsd50k:425661
C:\Users\tprac\Downloads\sahara\sahara\data\raw\fsd50k\FSD50K.eval_audio\28165.wav,appliance_beep,fsd50k,real,0.0,fsd50k:28165
C:\Users\tprac\Downloads\sahara\sahara\data\raw\fsd50k\FSD50K.eval_audio\83465.wav,appliance_beep,fsd50k,real,0.0,fsd50k:83465
C:\Users\tprac\Downloads\sahara\sahara\data\raw\fsd50k\FSD50K.eval_audio\118807.wav,appliance_beep,fsd50k,real,0.0,fsd50k:118807
C:\Users\tprac\Downloads\sahara\sahara\data\raw\fsd50k\FSD50K.eval_audio\72240.wav,appliance_beep,fsd50k,real,0.0,fsd50k:72240
C:\Users\tprac\Downloads\sahara\sahara\data\raw\fsd50k\FSD50K.eval_audio\34865.wav,appliance_beep,fsd50k,real,0.0,fsd50k:34865
C:\Users\tprac\Downloads\sahara\sahara\data\raw\fsd50k\FSD50K.eval_audio\217138.wav,appliance_beep,fsd50k,real,0.0,fsd50k:217138
C:\Users\tprac\Downloads\sahara\sahara\data\raw\fsd50k\FSD50K.eval_audio\209970.wav,appliance_beep,fsd50k,real,0.0,fsd50k:209970
C:\Users\tprac\Downloads\sahara\sahara\data\raw\fsd50k\FSD50K.eval_audio\392257.wav,appliance_beep,fsd50k,real,0.0,fsd50k:392257
C:\Users\tprac\Downloads\sahara\sahara\data\raw\fsd50k\FSD50K.eval_audio\317533.wav,appliance_beep,fsd50k,real,0.0,fsd50k:317533
C:\Users\tprac\Downloads\sahara\sahara\data\raw\fsd50k\FSD50K.eval_audio\382572.wav,appliance_beep,fsd50k,real,0.0,fsd50k:382572
C:\Users\tprac\Downloads\sahara\sahara\data\raw\fsd50k\FSD50K.eval_audio\94868.wav,appliance_beep,fsd50k,real,0.0,fsd50k:94868
C:\Users\tprac\Downloads\sahara\sahara\data\raw\fsd50k\FSD50K.eval_audio\424601.wav,appliance_beep,fsd50k,real,0.0,fsd50k:424601
C:\Users\tprac\Downloads\sahara\sahara\data\raw\fsd50k\FSD50K.eval_audio\257202.wav,appliance_beep,fsd50k,real,0.0,fsd50k:257202
C:\Users\tprac\Downloads\sahara\sahara\data\raw\fsd50k\FSD50K.eval_audio\59587.wav,appliance_beep,fsd50k,real,0.0,fsd50k:59587
C:\Users\tprac\Downloads\sahara\sahara\data\raw\fsd50k\FSD50K.eval_audio\217806.wav,appliance_beep,fsd50k,real,0.0,fsd50k:217806
C:\Users\tprac\Downloads\sahara\sahara\data\raw\fsd50k\FSD50K.eval_audio\327381.wav,appliance_beep,fsd50k,real,0.0,fsd50k:327381
C:\Users\tprac\Downloads\sahara\sahara\data\raw\fsd50k\FSD50K.eval_audio\87275.wav,appliance_beep,fsd50k,real,0.0,fsd50k:87275
C:\Users\tprac\Downloads\sahara\sahara\data\raw\fsd50k\FSD50K.eval_audio\44791.wav,appliance_beep,fsd50k,real,0.0,fsd50k:44791
C:\Users\tprac\Downloads\sahara\sahara\data\raw\fsd50k\FSD50K.eval_audio\338168.wav,appliance_beep,fsd50k,real,0.0,fsd50k:338168
C:\Users\tprac\Downloads\sahara\sahara\data\raw\fsd50k\FSD50K.eval_audio\327417.wav,appliance_beep,fsd50k,real,0.0,fsd50k:327417
C:\Users\tprac\Downloads\sahara\sahara\data\raw\fsd50k\FSD50K.eval_audio\371450.wav,appliance_beep,fsd50k,real,0.0,fsd50k:371450
C:\Users\tprac\Downloads\sahara\sahara\data\raw\fsd50k\FSD50K.eval_audio\271110.wav,appliance_beep,fsd50k,real,0.0,fsd50k:271110
C:\Users\tprac\Downloads\sahara\sahara\data\raw\fsd50k\FSD50K.eval_audio\144137.wav,appliance_beep,fsd50k,real,0.0,fsd50k:144137
C:\Users\tprac\Downloads\sahara\sahara\data\raw\fsd50k\FSD50K.eval_audio\431396.wav,appliance_beep,fsd50k,real,0.0,fsd50k:431396
C:\Users\tprac\Downloads\sahara\sahara\data\raw\fsd50k\FSD50K.eval_audio\100647.wav,appliance_beep,fsd50k,real,0.0,fsd50k:100647
C:\Users\tprac\Downloads\sahara\sahara\data\raw\fsd50k\FSD50K.eval_audio\118577.wav,appliance_beep,fsd50k,real,0.0,fsd50k:118577
C:\Users\tprac\Downloads\sahara\sahara\data\raw\fsd50k\FSD50K.eval_audio\118070.wav,appliance_beep,fsd50k,real,0.0,fsd50k:118070
C:\Users\tprac\Downloads\sahara\sahara\data\raw\fsd50k\FSD50K.eval_audio\347964.wav,appliance_beep,fsd50k,real,0.0,fsd50k:347964
C:\Users\tprac\Downloads\sahara\sahara\data\raw\fsd50k\FSD50K.eval_audio\118078.wav,appliance_beep,fsd50k,real,0.0,fsd50k:118078
C:\Users\tprac\Downloads\sahara\sahara\data\raw\fsd50k\FSD50K.eval_audio\210254.wav,appliance_beep,fsd50k,real,0.0,fsd50k:210254
C:\Users\tprac\Downloads\sahara\sahara\data\raw\fsd50k\FSD50K.eval_audio\58202.wav,appliance_beep,fsd50k,real,0.0,fsd50k:58202
C:\Users\tprac\Downloads\sahara\sahara\data\raw\fsd50k\FSD50K.eval_audio\235363.wav,appliance_beep,fsd50k,real,0.0,fsd50k:235363
C:\Users\tprac\Downloads\sahara\sahara\data\raw\fsd50k\FSD50K.eval_audio\115073.wav,appliance_beep,fsd50k,real,0.0,fsd50k:115073
C:\Users\tprac\Downloads\sahara\sahara\data\raw\fsd50k\FSD50K.eval_audio\176003.wav,appliance_beep,fsd50k,real,0.0,fsd50k:176003
C:\Users\tprac\Downloads\sahara\sahara\data\raw\fsd50k\FSD50K.eval_audio\394655.wav,appliance_beep,fsd50k,real,0.0,fsd50k:394655
C:\Users\tprac\Downloads\sahara\sahara\data\raw\fsd50k\FSD50K.eval_audio\100265.wav,appliance_beep,fsd50k,real,0.0,fsd50k:100265
C:\Users\tprac\Downloads\sahara\sahara\data\raw\fsd50k\FSD50K.eval_audio\54187.wav,appliance_beep,fsd50k,real,0.0,fsd50k:54187
C:\Users\tprac\Downloads\sahara\sahara\data\raw\fsd50k\FSD50K.eval_audio\399828.wav,appliance_beep,fsd50k,real,0.0,fsd50k:399828
C:\Users\tprac\Downloads\sahara\sahara\data\raw\fsd50k\FSD50K.eval_audio\393179.wav,appliance_beep,fsd50k,real,0.0,fsd50k:393179
C:\Users\tprac\Downloads\sahara\sahara\data\raw\fsd50k\FSD50K.eval_audio\420830.wav,appliance_beep,fsd50k,real,0.0,fsd50k:420830
C:\Users\tprac\Downloads\sahara\sahara\data\raw\fsd50k\FSD50K.eval_audio\117120.wav,appliance_beep,fsd50k,real,0.0,fsd50k:117120
C:\Users\tprac\Downloads\sahara\sahara\data\raw\fsd50k\FSD50K.eval_audio\117121.wav,appliance_beep,fsd50k,real,0.0,fsd50k:117121
C:\Users\tprac\Downloads\sahara\sahara\data\raw\fsd50k\FSD50K.eval_audio\58369.wav,appliance_beep,fsd50k,real,0.0,fsd50k:58369
C:\Users\tprac\Downloads\sahara\sahara\data\raw\fsd50k\FSD50K.eval_audio\378257.wav,appliance_beep,fsd50k,real,0.0,fsd50k:378257
C:\Users\tprac\Downloads\sahara\sahara\data\raw\fsd50k\FSD50K.eval_audio\238228.wav,appliance_beep,fsd50k,real,0.0,fsd50k:238228
C:\Users\tprac\Downloads\sahara\sahara\data\raw\fsd50k\FSD50K.eval_audio\70936.wav,appliance_beep,fsd50k,real,0.0,fsd50k:70936
C:\Users\tprac\Downloads\sahara\sahara\data\raw\fsd50k\FSD50K.eval_audio\70938.wav,appliance_beep,fsd50k,real,0.0,fsd50k:70938
C:\Users\tprac\Downloads\sahara\sahara\data\raw\fsd50k\FSD50K.eval_audio\70939.wav,appliance_beep,fsd50k,real,0.0,fsd50k:70939
C:\Users\tprac\Downloads\sahara\sahara\data\raw\fsd50k\FSD50K.eval_audio\43806.wav,appliance_beep,fsd50k,real,0.0,fsd50k:43806
C:\Users\tprac\Downloads\sahara\sahara\data\raw\fsd50k\FSD50K.eval_audio\58014.wav,appliance_beep,fsd50k,real,0.0,fsd50k:58014
C:\Users\tprac\Downloads\sahara\sahara\data\raw\fsd50k\FSD50K.eval_audio\58015.wav,appliance_beep,fsd50k,real,0.0,fsd50k:58015
C:\Users\tprac\Downloads\sahara\sahara\data\raw\fsd50k\FSD50K.eval_audio\431651.wav,appliance_beep,fsd50k,real,0.0,fsd50k:431651
C:\Users\tprac\Downloads\sahara\sahara\data\raw\fsd50k\FSD50K.eval_audio\70052.wav,appliance_beep,fsd50k,real,0.0,fsd50k:70052
C:\Users\tprac\Downloads\sahara\sahara\data\raw\fsd50k\FSD50K.eval_audio\392881.wav,appliance_beep,fsd50k,real,0.0,fsd50k:392881
C:\Users\tprac\Downloads\sahara\sahara\data\raw\fsd50k\FSD50K.eval_audio\117181.wav,appliance_beep,fsd50k,real,0.0,fsd50k:117181
C:\Users\tprac\Downloads\sahara\sahara\data\raw\fsd50k\FSD50K.eval_audio\123085.wav,appliance_beep,fsd50k,real,0.0,fsd50k:123085
C:\Users\tprac\Downloads\sahara\sahara\data\raw\fsd50k\FSD50K.eval_audio\321753.wav,appliance_beep,fsd50k,real,0.0,fsd50k:321753
C:\Users\tprac\Downloads\sahara\sahara\data\raw\fsd50k\FSD50K.eval_audio\188004.wav,appliance_beep,fsd50k,real,0.0,fsd50k:188004
C:\Users\tprac\Downloads\sahara\sahara\data\raw\fsd50k\FSD50K.eval_audio\30823.wav,appliance_beep,fsd50k,real,0.0,fsd50k:30823
C:\Users\tprac\Downloads\sahara\sahara\data\raw\fsd50k\FSD50K.eval_audio\380664.wav,appliance_beep,fsd50k,real,0.0,fsd50k:380664
C:\Users\tprac\Downloads\sahara\sahara\data\raw\fsd50k\FSD50K.eval_audio\178398.wav,appliance_beep,fsd50k,real,0.0,fsd50k:178398
C:\Users\tprac\Downloads\sahara\sahara\data\raw\fsd50k\FSD50K.eval_audio\9922.wav,appliance_beep,fsd50k,real,0.0,fsd50k:9922
C:\Users\tprac\Downloads\sahara\sahara\data\raw\fsd50k\FSD50K.eval_audio\9923.wav,appliance_beep,fsd50k,real,0.0,fsd50k:9923
C:\Users\tprac\Downloads\sahara\sahara\data\raw\fsd50k\FSD50K.eval_audio\170847.wav,appliance_beep,fsd50k,real,0.0,fsd50k:170847
C:\Users\tprac\Downloads\sahara\sahara\data\raw\fsd50k\FSD50K.eval_audio\170464.wav,appliance_beep,fsd50k,real,0.0,fsd50k:170464
C:\Users\tprac\Downloads\sahara\sahara\data\raw\fsd50k\FSD50K.eval_audio\180174.wav,appliance_beep,fsd50k,real,0.0,fsd50k:180174
C:\Users\tprac\Downloads\sahara\sahara\data\raw\fsd50k\FSD50K.eval_audio\234247.wav,appliance_beep,fsd50k,real,0.0,fsd50k:234247
C:\Users\tprac\Downloads\sahara\sahara\data\raw\fsd50k\FSD50K.eval_audio\386734.wav,appliance_beep,fsd50k,real,0.0,fsd50k:386734
C:\Users\tprac\Downloads\sahara\sahara\data\raw\fsd50k\FSD50K.eval_audio\386733.wav,appliance_beep,fsd50k,real,0.0,fsd50k:386733
C:\Users\tprac\Downloads\sahara\sahara\data\raw\fsd50k\FSD50K.eval_audio\200809.wav,appliance_beep,fsd50k,real,0.0,fsd50k:200809
C:\Users\tprac\Downloads\sahara\sahara\data\raw\fsd50k\FSD50K.eval_audio\78958.wav,appliance_beep,fsd50k,real,0.0,fsd50k:78958
C:\Users\tprac\Downloads\sahara\sahara\data\raw\fsd50k\FSD50K.eval_audio\251496.wav,appliance_beep,fsd50k,real,0.0,fsd50k:251496
C:\Users\tprac\Downloads\sahara\sahara\data\raw\fsd50k\FSD50K.eval_audio\115074.wav,appliance_beep,fsd50k,real,0.0,fsd50k:115074
C:\Users\tprac\Downloads\sahara\sahara\data\raw\fsd50k\FSD50K.eval_audio\153170.wav,appliance_beep,fsd50k,real,0.0,fsd50k:153170
C:\Users\tprac\Downloads\sahara\sahara\data\raw\fsd50k\FSD50K.eval_audio\116390.wav,appliance_beep,fsd50k,real,0.0,fsd50k:116390
C:\Users\tprac\Downloads\sahara\sahara\data\raw\fsd50k\FSD50K.eval_audio\411014.wav,appliance_beep,fsd50k,real,0.0,fsd50k:411014
C:\Users\tprac\Downloads\sahara\sahara\data\raw\fsd50k\FSD50K.eval_audio\96503.wav,appliance_beep,fsd50k,real,0.0,fsd50k:96503
C:\Users\tprac\Downloads\sahara\sahara\data\raw\fsd50k\FSD50K.eval_audio\334987.wav,appliance_beep,fsd50k,real,0.0,fsd50k:334987
C:\Users\tprac\Downloads\sahara\sahara\data\raw\fsd50k\FSD50K.eval_audio\60163.wav,appliance_beep,fsd50k,real,0.0,fsd50k:60163
C:\Users\tprac\Downloads\sahara\sahara\data\raw\fsd50k\FSD50K.eval_audio\62329.wav,appliance_beep,fsd50k,real,0.0,fsd50k:62329
C:\Users\tprac\Downloads\sahara\sahara\data\raw\fsd50k\FSD50K.eval_audio\238209.wav,appliance_beep,fsd50k,real,0.0,fsd50k:238209
C:\Users\tprac\Downloads\sahara\sahara\data\raw\fsd50k\FSD50K.eval_audio\198612.wav,appliance_beep,fsd50k,real,0.0,fsd50k:198612
C:\Users\tprac\Downloads\sahara\sahara\data\raw\fsd50k\FSD50K.eval_audio\115088.wav,appliance_beep,fsd50k,real,0.0,fsd50k:115088
C:\Users\tprac\Downloads\sahara\sahara\data\raw\fsd50k\FSD50K.eval_audio\79356.wav,appliance_beep,fsd50k,real,0.0,fsd50k:79356
C:\Users\tprac\Downloads\sahara\sahara\data\raw\fsd50k\FSD50K.eval_audio\151150.wav,appliance_beep,fsd50k,real,0.0,fsd50k:151150
C:\Users\tprac\Downloads\sahara\sahara\data\raw\fsd50k\FSD50K.eval_audio\121346.wav,appliance_beep,fsd50k,real,0.0,fsd50k:121346
C:\Users\tprac\Downloads\sahara\sahara\data\raw\fsd50k\FSD50K.eval_audio\101746.wav,appliance_beep,fsd50k,real,0.0,fsd50k:101746
C:\Users\tprac\Downloads\sahara\sahara\data\raw\fsd50k\FSD50K.eval_audio\205887.wav,appliance_beep,fsd50k,real,0.0,fsd50k:205887
C:\Users\tprac\Downloads\sahara\sahara\data\raw\fsd50k\FSD50K.eval_audio\417608.wav,appliance_beep,fsd50k,real,0.0,fsd50k:417608
C:\Users\tprac\Downloads\sahara\sahara\data\raw\fsd50k\FSD50K.eval_audio\104420.wav,appliance_beep,fsd50k,real,0.0,fsd50k:104420
C:\Users\tprac\Downloads\sahara\sahara\data\raw\fsd50k\FSD50K.eval_audio\320234.wav,appliance_beep,fsd50k,real,0.0,fsd50k:320234
C:\Users\tprac\Downloads\sahara\sahara\data\raw\fsd50k\FSD50K.eval_audio\385946.wav,appliance_beep,fsd50k,real,0.0,fsd50k:385946
C:\Users\tprac\Downloads\sahara\sahara\data\raw\fsd50k\FSD50K.eval_audio\99565.wav,appliance_beep,fsd50k,real,0.0,fsd50k:99565
C:\Users\tprac\Downloads\sahara\sahara\data\raw\fsd50k\FSD50K.eval_audio\339988.wav,appliance_beep,fsd50k,real,0.0,fsd50k:339988
C:\Users\tprac\Downloads\sahara\sahara\data\raw\fsd50k\FSD50K.eval_audio\31775.wav,appliance_beep,fsd50k,real,0.0,fsd50k:31775
C:\Users\tprac\Downloads\sahara\sahara\data\raw\fsd50k\FSD50K.eval_audio\32653.wav,appliance_beep,fsd50k,real,0.0,fsd50k:32653
C:\Users\tprac\Downloads\sahara\sahara\data\raw\fsd50k\FSD50K.eval_audio\232784.wav,appliance_beep,fsd50k,real,0.0,fsd50k:232784
C:\Users\tprac\Downloads\sahara\sahara\data\raw\fsd50k\FSD50K.eval_audio\207135.wav,appliance_beep,fsd50k,real,0.0,fsd50k:207135
C:\Users\tprac\Downloads\sahara\sahara\data\raw\fsd50k\FSD50K.eval_audio\120832.wav,appliance_beep,fsd50k,real,0.0,fsd50k:120832
C:\Users\tprac\Downloads\sahara\sahara\data\raw\fsd50k\FSD50K.eval_audio\180737.wav,appliance_beep,fsd50k,real,0.0,fsd50k:180737
C:\Users\tprac\Downloads\sahara\sahara\data\raw\fsd50k\FSD50K.eval_audio\263680.wav,appliance_beep,fsd50k,real,0.0,fsd50k:263680
C:\Users\tprac\Downloads\sahara\sahara\data\raw\fsd50k\FSD50K.eval_audio\137734.wav,appliance_beep,fsd50k,real,0.0,fsd50k:137734
C:\Users\tprac\Downloads\sahara\sahara\data\raw\fsd50k\FSD50K.eval_audio\403981.wav,appliance_beep,fsd50k,real,0.0,fsd50k:403981
C:\Users\tprac\Downloads\sahara\sahara\data\raw\fsd50k\FSD50K.eval_audio\403980.wav,appliance_beep,fsd50k,real,0.0,fsd50k:403980
C:\Users\tprac\Downloads\sahara\sahara\data\raw\fsd50k\FSD50K.eval_audio\260627.wav,appliance_beep,fsd50k,real,0.0,fsd50k:260627
C:\Users\tprac\Downloads\sahara\sahara\data\raw\fsd50k\FSD50K.eval_audio\86040.wav,appliance_beep,fsd50k,real,0.0,fsd50k:86040
C:\Users\tprac\Downloads\sahara\sahara\data\raw\fsd50k\FSD50K.eval_audio\351257.wav,appliance_beep,fsd50k,real,0.0,fsd50k:351257
C:\Users\tprac\Downloads\sahara\sahara\data\raw\fsd50k\FSD50K.eval_audio\233502.wav,appliance_beep,fsd50k,real,0.0,fsd50k:233502
C:\Users\tprac\Downloads\sahara\sahara\data\raw\fsd50k\FSD50K.eval_audio\162851.wav,appliance_beep,fsd50k,real,0.0,fsd50k:162851
C:\Users\tprac\Downloads\sahara\sahara\data\raw\fsd50k\FSD50K.eval_audio\76325.wav,appliance_beep,fsd50k,real,0.0,fsd50k:76325
C:\Users\tprac\Downloads\sahara\sahara\data\raw\fsd50k\FSD50K.eval_audio\277032.wav,appliance_beep,fsd50k,real,0.0,fsd50k:277032
C:\Users\tprac\Downloads\sahara\sahara\data\raw\fsd50k\FSD50K.eval_audio\277033.wav,appliance_beep,fsd50k,real,0.0,fsd50k:277033
C:\Users\tprac\Downloads\sahara\sahara\data\raw\fsd50k\FSD50K.eval_audio\346108.wav,appliance_beep,fsd50k,real,0.0,fsd50k:346108
C:\Users\tprac\Downloads\sahara\sahara\data\raw\fsd50k\FSD50K.eval_audio\209969.wav,appliance_beep,fsd50k,real,0.0,fsd50k:209969
C:\Users\tprac\Downloads\sahara\sahara\data\raw\fsd50k\FSD50K.eval_audio\316977.wav,appliance_beep,fsd50k,real,0.0,fsd50k:316977
C:\Users\tprac\Downloads\sahara\sahara\data\raw\fsd50k\FSD50K.eval_audio\328758.wav,appliance_beep,fsd50k,real,0.0,fsd50k:328758
C:\Users\tprac\Downloads\sahara\sahara\data\raw\fsd50k\FSD50K.eval_audio\209977.wav,appliance_beep,fsd50k,real,0.0,fsd50k:209977
C:\Users\tprac\Downloads\sahara\sahara\data\raw\fsd50k\FSD50K.eval_audio\17468.wav,appliance_beep,fsd50k,real,0.0,fsd50k:17468
C:\Users\tprac\Downloads\sahara\sahara\data\raw\fsd50k\FSD50K.eval_audio\405573.wav,appliance_beep,fsd50k,real,0.0,fsd50k:405573
C:\Users\tprac\Downloads\sahara\sahara\data\raw\fsd50k\FSD50K.eval_audio\155717.wav,appliance_beep,fsd50k,real,0.0,fsd50k:155717
C:\Users\tprac\Downloads\sahara\sahara\data\raw\fsd50k\FSD50K.eval_audio\64073.wav,appliance_beep,fsd50k,real,0.0,fsd50k:64073
C:\Users\tprac\Downloads\sahara\sahara\data\raw\fsd50k\FSD50K.eval_audio\405585.wav,appliance_beep,fsd50k,real,0.0,fsd50k:405585
C:\Users\tprac\Downloads\sahara\sahara\data\raw\fsd50k\FSD50K.eval_audio\405590.wav,appliance_beep,fsd50k,real,0.0,fsd50k:405590
C:\Users\tprac\Downloads\sahara\sahara\data\raw\fsd50k\FSD50K.eval_audio\340061.wav,appliance_beep,fsd50k,real,0.0,fsd50k:340061
C:\Users\tprac\Downloads\sahara\sahara\data\raw\fsd50k\FSD50K.eval_audio\30303.wav,appliance_beep,fsd50k,real,0.0,fsd50k:30303
C:\Users\tprac\Downloads\sahara\sahara\data\raw\fsd50k\FSD50K.eval_audio\369250.wav,appliance_beep,fsd50k,real,0.0,fsd50k:369250
C:\Users\tprac\Downloads\sahara\sahara\data\raw\fsd50k\FSD50K.eval_audio\219246.wav,appliance_beep,fsd50k,real,0.0,fsd50k:219246
C:\Users\tprac\Downloads\sahara\sahara\data\raw\fsd50k\FSD50K.eval_audio\209523.wav,appliance_beep,fsd50k,real,0.0,fsd50k:209523
C:\Users\tprac\Downloads\sahara\sahara\data\raw\fsd50k\FSD50K.eval_audio\181363.wav,appliance_beep,fsd50k,real,0.0,fsd50k:181363
C:\Users\tprac\Downloads\sahara\sahara\data\raw\fsd50k\FSD50K.eval_audio\352374.wav,appliance_beep,fsd50k,real,0.0,fsd50k:352374
C:\Users\tprac\Downloads\sahara\sahara\data\raw\fsd50k\FSD50K.eval_audio\403575.wav,appliance_beep,fsd50k,real,0.0,fsd50k:403575
C:\Users\tprac\Downloads\sahara\sahara\data\raw\fsd50k\FSD50K.eval_audio\117883.wav,appliance_beep,fsd50k,real,0.0,fsd50k:117883
C:\Users\tprac\Downloads\sahara\sahara\data\raw\fsd50k\FSD50K.eval_audio\182401.wav,appliance_beep,fsd50k,real,0.0,fsd50k:182401
C:\Users\tprac\Downloads\sahara\sahara\data\raw\fsd50k\FSD50K.eval_audio\209536.wav,appliance_beep,fsd50k,real,0.0,fsd50k:209536
C:\Users\tprac\Downloads\sahara\sahara\data\raw\fsd50k\FSD50K.eval_audio\372871.wav,appliance_beep,fsd50k,real,0.0,fsd50k:372871
C:\Users\tprac\Downloads\sahara\sahara\data\raw\fsd50k\FSD50K.eval_audio\234634.wav,appliance_beep,fsd50k,real,0.0,fsd50k:234634
C:\Users\tprac\Downloads\sahara\sahara\data\raw\fsd50k\FSD50K.eval_audio\409230.wav,appliance_beep,fsd50k,real,0.0,fsd50k:409230
C:\Users\tprac\Downloads\sahara\sahara\data\raw\fsd50k\FSD50K.eval_audio\408722.wav,appliance_beep,fsd50k,real,0.0,fsd50k:408722
C:\Users\tprac\Downloads\sahara\sahara\data\raw\fsd50k\FSD50K.eval_audio\171674.wav,appliance_beep,fsd50k,real,0.0,fsd50k:171674
C:\Users\tprac\Downloads\sahara\sahara\data\raw\fsd50k\FSD50K.eval_audio\137886.wav,appliance_beep,fsd50k,real,0.0,fsd50k:137886
C:\Users\tprac\Downloads\sahara\sahara\data\raw\fsd50k\FSD50K.eval_audio\109214.wav,appliance_beep,fsd50k,real,0.0,fsd50k:109214
C:\Users\tprac\Downloads\sahara\sahara\data\raw\fsd50k\FSD50K.eval_audio\109216.wav,appliance_beep,fsd50k,real,0.0,fsd50k:109216
C:\Users\tprac\Downloads\sahara\sahara\data\raw\fsd50k\FSD50K.eval_audio\109217.wav,appliance_beep,fsd50k,real,0.0,fsd50k:109217
C:\Users\tprac\Downloads\sahara\sahara\data\raw\fsd50k\FSD50K.eval_audio\419491.wav,appliance_beep,fsd50k,real,0.0,fsd50k:419491
C:\Users\tprac\Downloads\sahara\sahara\data\raw\fsd50k\FSD50K.eval_audio\330400.wav,appliance_beep,fsd50k,real,0.0,fsd50k:330400
C:\Users\tprac\Downloads\sahara\sahara\data\raw\fsd50k\FSD50K.eval_audio\115869.wav,appliance_beep,fsd50k,real,0.0,fsd50k:115869
C:\Users\tprac\Downloads\sahara\sahara\data\raw\fsd50k\FSD50K.eval_audio\264863.wav,appliance_beep,fsd50k,real,0.0,fsd50k:264863
C:\Users\tprac\Downloads\sahara\sahara\data\raw\fsd50k\FSD50K.eval_audio\323238.wav,appliance_beep,fsd50k,real,0.0,fsd50k:323238
C:\Users\tprac\Downloads\sahara\sahara\data\raw\fsd50k\FSD50K.eval_audio\201899.wav,appliance_beep,fsd50k,real,0.0,fsd50k:201899
C:\Users\tprac\Downloads\sahara\sahara\data\raw\fsd50k\FSD50K.eval_audio\47276.wav,appliance_beep,fsd50k,real,0.0,fsd50k:47276
C:\Users\tprac\Downloads\sahara\sahara\data\raw\fsd50k\FSD50K.eval_audio\399536.wav,appliance_beep,fsd50k,real,0.0,fsd50k:399536
C:\Users\tprac\Downloads\sahara\sahara\data\raw\fsd50k\FSD50K.eval_audio\398004.wav,appliance_beep,fsd50k,real,0.0,fsd50k:398004
C:\Users\tprac\Downloads\sahara\sahara\data\raw\fsd50k\FSD50K.eval_audio\58550.wav,appliance_beep,fsd50k,real,0.0,fsd50k:58550
C:\Users\tprac\Downloads\sahara\sahara\data\raw\fsd50k\FSD50K.eval_audio\245943.wav,appliance_beep,fsd50k,real,0.0,fsd50k:245943
C:\Users\tprac\Downloads\sahara\sahara\data\raw\fsd50k\FSD50K.eval_audio\210612.wav,appliance_beep,fsd50k,real,0.0,fsd50k:210612
C:\Users\tprac\Downloads\sahara\sahara\data\raw\fsd50k\FSD50K.eval_audio\198841.wav,appliance_beep,fsd50k,real,0.0,fsd50k:198841
C:\Users\tprac\Downloads\sahara\sahara\data\raw\fsd50k\FSD50K.eval_audio\81086.wav,appliance_beep,fsd50k,real,0.0,fsd50k:81086
C:\Users\tprac\Downloads\sahara\sahara\data\raw\fsd50k\FSD50K.eval_audio\254146.wav,appliance_beep,fsd50k,real,0.0,fsd50k:254146
C:\Users\tprac\Downloads\sahara\sahara\data\raw\fsd50k\FSD50K.eval_audio\125126.wav,appliance_beep,fsd50k,real,0.0,fsd50k:125126
C:\Users\tprac\Downloads\sahara\sahara\data\raw\fsd50k\FSD50K.eval_audio\53448.wav,appliance_beep,fsd50k,real,0.0,fsd50k:53448
C:\Users\tprac\Downloads\sahara\sahara\data\raw\fsd50k\FSD50K.eval_audio\234697.wav,appliance_beep,fsd50k,real,0.0,fsd50k:234697
C:\Users\tprac\Downloads\sahara\sahara\data\raw\fsd50k\FSD50K.eval_audio\349391.wav,appliance_beep,fsd50k,real,0.0,fsd50k:349391
C:\Users\tprac\Downloads\sahara\sahara\data\raw\fsd50k\FSD50K.eval_audio\88787.wav,appliance_beep,fsd50k,real,0.0,fsd50k:88787
C:\Users\tprac\Downloads\sahara\sahara\data\raw\fsd50k\FSD50K.eval_audio\345815.wav,appliance_beep,fsd50k,real,0.0,fsd50k:345815
C:\Users\tprac\Downloads\sahara\sahara\data\raw\fsd50k\FSD50K.eval_audio\388824.wav,appliance_beep,fsd50k,real,0.0,fsd50k:388824
C:\Users\tprac\Downloads\sahara\sahara\data\raw\fsd50k\FSD50K.eval_audio\78562.wav,appliance_beep,fsd50k,real,0.0,fsd50k:78562
C:\Users\tprac\Downloads\sahara\sahara\data\raw\fsd50k\FSD50K.eval_audio\120557.wav,appliance_beep,fsd50k,real,0.0,fsd50k:120557
C:\Users\tprac\Downloads\sahara\sahara\data\raw\fsd50k\FSD50K.eval_audio\14577.wav,appliance_beep,fsd50k,real,0.0,fsd50k:14577
C:\Users\tprac\Downloads\sahara\sahara\data\raw\fsd50k\FSD50K.eval_audio\360692.wav,appliance_beep,fsd50k,real,0.0,fsd50k:360692
C:\Users\tprac\Downloads\sahara\sahara\data\raw\fsd50k\FSD50K.eval_audio\274682.wav,appliance_beep,fsd50k,real,0.0,fsd50k:274682
C:\Users\tprac\Downloads\sahara\sahara\data\raw\fsd50k\FSD50K.eval_audio\329978.wav,appliance_beep,fsd50k,real,0.0,fsd50k:329978
C:\Users\tprac\Downloads\sahara\sahara\data\raw\fsd50k\FSD50K.eval_audio\245500.wav,appliance_beep,fsd50k,real,0.0,fsd50k:245500
C:\Users\tprac\Downloads\sahara\sahara\data\raw\fsd50k\FSD50K.eval_audio\236291.wav,appliance_beep,fsd50k,real,0.0,fsd50k:236291
C:\Users\tprac\Downloads\sahara\sahara\data\raw\fsd50k\FSD50K.eval_audio\391436.wav,appliance_beep,fsd50k,real,0.0,fsd50k:391436
C:\Users\tprac\Downloads\sahara\sahara\data\raw\fsd50k\FSD50K.eval_audio\117518.wav,appliance_beep,fsd50k,real,0.0,fsd50k:117518
C:\Users\tprac\Downloads\sahara\sahara\data\raw\fsd50k\FSD50K.eval_audio\419086.wav,appliance_beep,fsd50k,real,0.0,fsd50k:419086
C:\Users\tprac\Downloads\sahara\sahara\data\raw\fsd50k\FSD50K.eval_audio\26385.wav,appliance_beep,fsd50k,real,0.0,fsd50k:26385
C:\Users\tprac\Downloads\sahara\sahara\data\raw\fsd50k\FSD50K.eval_audio\232210.wav,appliance_beep,fsd50k,real,0.0,fsd50k:232210
C:\Users\tprac\Downloads\sahara\sahara\data\raw\fsd50k\FSD50K.eval_audio\332563.wav,appliance_beep,fsd50k,real,0.0,fsd50k:332563
C:\Users\tprac\Downloads\sahara\sahara\data\raw\fsd50k\FSD50K.eval_audio\167194.wav,appliance_beep,fsd50k,real,0.0,fsd50k:167194
C:\Users\tprac\Downloads\sahara\sahara\data\raw\fsd50k\FSD50K.eval_audio\81179.wav,appliance_beep,fsd50k,real,0.0,fsd50k:81179
C:\Users\tprac\Downloads\sahara\sahara\data\raw\fsd50k\FSD50K.eval_audio\54047.wav,appliance_beep,fsd50k,real,0.0,fsd50k:54047
C:\Users\tprac\Downloads\sahara\sahara\data\raw\fsd50k\FSD50K.eval_audio\424739.wav,appliance_beep,fsd50k,real,0.0,fsd50k:424739
C:\Users\tprac\Downloads\sahara\sahara\data\raw\fsd50k\FSD50K.eval_audio\321832.wav,appliance_beep,fsd50k,real,0.0,fsd50k:321832
C:\Users\tprac\Downloads\sahara\sahara\data\raw\fsd50k\FSD50K.eval_audio\141308.wav,appliance_beep,fsd50k,real,0.0,fsd50k:141308
C:\Users\tprac\Downloads\sahara\sahara\data\raw\fsd50k\FSD50K.eval_audio\202029.wav,appliance_beep,fsd50k,real,0.0,fsd50k:202029
C:\Users\tprac\Downloads\sahara\sahara\data\raw\fsd50k\FSD50K.eval_audio\117041.wav,appliance_beep,fsd50k,real,0.0,fsd50k:117041
C:\Users\tprac\Downloads\sahara\sahara\data\raw\fsd50k\FSD50K.eval_audio\423217.wav,appliance_beep,fsd50k,real,0.0,fsd50k:423217
C:\Users\tprac\Downloads\sahara\sahara\data\raw\fsd50k\FSD50K.eval_audio\390964.wav,appliance_beep,fsd50k,real,0.0,fsd50k:390964
C:\Users\tprac\Downloads\sahara\sahara\data\raw\fsd50k\FSD50K.eval_audio\82228.wav,appliance_beep,fsd50k,real,0.0,fsd50k:82228
C:\Users\tprac\Downloads\sahara\sahara\data\raw\fsd50k\FSD50K.eval_audio\380753.wav,appliance_beep,fsd50k,real,0.0,fsd50k:380753
C:\Users\tprac\Downloads\sahara\sahara\data\raw\fsd50k\FSD50K.eval_audio\181597.wav,appliance_beep,fsd50k,real,0.0,fsd50k:181597
C:\Users\tprac\Downloads\sahara\sahara\data\raw\fsd50k\FSD50K.eval_audio\395629.wav,appliance_beep,fsd50k,real,0.0,fsd50k:395629
C:\Users\tprac\Downloads\sahara\sahara\data\raw\fsd50k\FSD50K.eval_audio\361333.wav,appliance_beep,fsd50k,real,0.0,fsd50k:361333
C:\Users\tprac\Downloads\sahara\sahara\data\raw\fsd50k\FSD50K.eval_audio\168825.wav,appliance_beep,fsd50k,real,0.0,fsd50k:168825
C:\Users\tprac\Downloads\sahara\sahara\data\raw\fsd50k\FSD50K.eval_audio\88445.wav,appliance_beep,fsd50k,real,0.0,fsd50k:88445
C:\Users\tprac\Downloads\sahara\sahara\data\raw\fsd50k\FSD50K.eval_audio\117126.wav,appliance_beep,fsd50k,real,0.0,fsd50k:117126
C:\Users\tprac\Downloads\sahara\sahara\data\raw\fsd50k\FSD50K.eval_audio\19853.wav,appliance_beep,fsd50k,real,0.0,fsd50k:19853
C:\Users\tprac\Downloads\sahara\sahara\data\raw\fsd50k\FSD50K.eval_audio\189332.wav,appliance_beep,fsd50k,real,0.0,fsd50k:189332
C:\Users\tprac\Downloads\sahara\sahara\data\raw\fsd50k\FSD50K.eval_audio\91557.wav,appliance_beep,fsd50k,real,0.0,fsd50k:91557
C:\Users\tprac\Downloads\sahara\sahara\data\raw\fsd50k\FSD50K.eval_audio\109483.wav,appliance_beep,fsd50k,real,0.0,fsd50k:109483
C:\Users\tprac\Downloads\sahara\sahara\data\raw\fsd50k\FSD50K.eval_audio\137134.wav,appliance_beep,fsd50k,real,0.0,fsd50k:137134
C:\Users\tprac\Downloads\sahara\sahara\data\raw\fsd50k\FSD50K.eval_audio\22457.wav,appliance_beep,fsd50k,real,0.0,fsd50k:22457
C:\Users\tprac\Downloads\sahara\sahara\data\raw\fsd50k\FSD50K.eval_audio\210363.wav,appliance_beep,fsd50k,real,0.0,fsd50k:210363
C:\Users\tprac\Downloads\sahara\sahara\data\raw\fsd50k\FSD50K.eval_audio\19911.wav,appliance_beep,fsd50k,real,0.0,fsd50k:19911
C:\Users\tprac\Downloads\sahara\sahara\data\raw\fsd50k\FSD50K.eval_audio\57809.wav,appliance_beep,fsd50k,real,0.0,fsd50k:57809
C:\Users\tprac\Downloads\sahara\sahara\data\raw\fsd50k\FSD50K.eval_audio\259537.wav,appliance_beep,fsd50k,real,0.0,fsd50k:259537
C:\Users\tprac\Downloads\sahara\sahara\data\raw\fsd50k\FSD50K.eval_audio\123349.wav,appliance_beep,fsd50k,real,0.0,fsd50k:123349
C:\Users\tprac\Downloads\sahara\sahara\data\raw\fsd50k\FSD50K.eval_audio\413657.wav,appliance_beep,fsd50k,real,0.0,fsd50k:413657
C:\Users\tprac\Downloads\sahara\sahara\data\raw\fsd50k\FSD50K.eval_audio\118234.wav,appliance_beep,fsd50k,real,0.0,fsd50k:118234
C:\Users\tprac\Downloads\sahara\sahara\data\raw\fsd50k\FSD50K.eval_audio\238562.wav,appliance_beep,fsd50k,real,0.0,fsd50k:238562
C:\Users\tprac\Downloads\sahara\sahara\data\raw\fsd50k\FSD50K.eval_audio\131560.wav,appliance_beep,fsd50k,real,0.0,fsd50k:131560
C:\Users\tprac\Downloads\sahara\sahara\data\raw\fsd50k\FSD50K.eval_audio\371177.wav,appliance_beep,fsd50k,real,0.0,fsd50k:371177
C:\Users\tprac\Downloads\sahara\sahara\data\raw\fsd50k\FSD50K.eval_audio\108011.wav,appliance_beep,fsd50k,real,0.0,fsd50k:108011
C:\Users\tprac\Downloads\sahara\sahara\data\raw\fsd50k\FSD50K.eval_audio\257002.wav,appliance_beep,fsd50k,real,0.0,fsd50k:257002
C:\Users\tprac\Downloads\sahara\sahara\data\raw\fsd50k\FSD50K.eval_audio\101354.wav,appliance_beep,fsd50k,real,0.0,fsd50k:101354
C:\Users\tprac\Downloads\sahara\sahara\data\raw\fsd50k\FSD50K.eval_audio\175081.wav,appliance_beep,fsd50k,real,0.0,fsd50k:175081
C:\Users\tprac\Downloads\sahara\sahara\data\raw\fsd50k\FSD50K.eval_audio\101355.wav,appliance_beep,fsd50k,real,0.0,fsd50k:101355
C:\Users\tprac\Downloads\sahara\sahara\data\raw\fsd50k\FSD50K.eval_audio\345068.wav,appliance_beep,fsd50k,real,0.0,fsd50k:345068
C:\Users\tprac\Downloads\sahara\sahara\data\raw\fsd50k\FSD50K.eval_audio\144883.wav,appliance_beep,fsd50k,real,0.0,fsd50k:144883
C:\Users\tprac\Downloads\sahara\sahara\data\raw\fsd50k\FSD50K.eval_audio\394221.wav,appliance_beep,fsd50k,real,0.0,fsd50k:394221
C:\Users\tprac\Downloads\sahara\sahara\data\raw\fsd50k\FSD50K.eval_audio\380398.wav,appliance_beep,fsd50k,real,0.0,fsd50k:380398
C:\Users\tprac\Downloads\sahara\sahara\data\raw\fsd50k\FSD50K.eval_audio\26217.wav,appliance_beep,fsd50k,real,0.0,fsd50k:26217
C:\Users\tprac\Downloads\sahara\sahara\data\raw\fsd50k\FSD50K.eval_audio\71104.wav,appliance_beep,fsd50k,real,0.0,fsd50k:71104
C:\Users\tprac\Downloads\sahara\sahara\data\raw\fsd50k\FSD50K.eval_audio\189755.wav,appliance_beep,fsd50k,real,0.0,fsd50k:189755
C:\Users\tprac\Downloads\sahara\sahara\data\raw\fsd50k\FSD50K.eval_audio\171511.wav,appliance_beep,fsd50k,real,0.0,fsd50k:171511
C:\Users\tprac\Downloads\sahara\sahara\data\raw\fsd50k\FSD50K.eval_audio\414063.wav,appliance_beep,fsd50k,real,0.0,fsd50k:414063
C:\Users\tprac\Downloads\sahara\sahara\data\raw\fsd50k\FSD50K.eval_audio\263078.wav,appliance_beep,fsd50k,real,0.0,fsd50k:263078
C:\Users\tprac\Downloads\sahara\sahara\data\raw\fsd50k\FSD50K.eval_audio\403213.wav,appliance_beep,fsd50k,real,0.0,fsd50k:403213
C:\Users\tprac\Downloads\sahara\sahara\data\raw\fsd50k\FSD50K.eval_audio\119634.wav,appliance_beep,fsd50k,real,0.0,fsd50k:119634
C:\Users\tprac\Downloads\sahara\sahara\data\raw\fsd50k\FSD50K.eval_audio\119633.wav,appliance_beep,fsd50k,real,0.0,fsd50k:119633
C:\Users\tprac\Downloads\sahara\sahara\data\raw\fsd50k\FSD50K.eval_audio\69384.wav,appliance_beep,fsd50k,real,0.0,fsd50k:69384
C:\Users\tprac\Downloads\sahara\sahara\data\raw\fsd50k\FSD50K.eval_audio\409038.wav,appliance_beep,fsd50k,real,0.0,fsd50k:409038
C:\Users\tprac\Downloads\sahara\sahara\data\raw\fsd50k\FSD50K.eval_audio\383021.wav,appliance_beep,fsd50k,real,0.0,fsd50k:383021
C:\Users\tprac\Downloads\sahara\sahara\data\raw\fsd50k\FSD50K.eval_audio\233603.wav,appliance_beep,fsd50k,real,0.0,fsd50k:233603
C:\Users\tprac\Downloads\sahara\sahara\data\raw\fsd50k\FSD50K.eval_audio\233604.wav,appliance_beep,fsd50k,real,0.0,fsd50k:233604
C:\Users\tprac\Downloads\sahara\sahara\data\raw\fsd50k\FSD50K.eval_audio\178377.wav,appliance_beep,fsd50k,real,0.0,fsd50k:178377
C:\Users\tprac\Downloads\sahara\sahara\data\raw\fsd50k\FSD50K.eval_audio\112860.wav,appliance_beep,fsd50k,real,0.0,fsd50k:112860
C:\Users\tprac\Downloads\sahara\sahara\data\raw\fsd50k\FSD50K.eval_audio\334084.wav,appliance_beep,fsd50k,real,0.0,fsd50k:334084
C:\Users\tprac\Downloads\sahara\sahara\data\raw\fsd50k\FSD50K.eval_audio\401722.wav,appliance_beep,fsd50k,real,0.0,fsd50k:401722
C:\Users\tprac\Downloads\sahara\sahara\data\raw\fsd50k\FSD50K.eval_audio\270655.wav,appliance_beep,fsd50k,real,0.0,fsd50k:270655
C:\Users\tprac\Downloads\sahara\sahara\data\raw\fsd50k\FSD50K.eval_audio\68060.wav,appliance_beep,fsd50k,real,0.0,fsd50k:68060
C:\Users\tprac\Downloads\sahara\sahara\data\raw\fsd50k\FSD50K.eval_audio\379416.wav,appliance_beep,fsd50k,real,0.0,fsd50k:379416
C:\Users\tprac\Downloads\sahara\sahara\data\raw\fsd50k\FSD50K.eval_audio\197222.wav,appliance_beep,fsd50k,real,0.0,fsd50k:197222
C:\Users\tprac\Downloads\sahara\sahara\data\raw\fsd50k\FSD50K.eval_audio\197223.wav,appliance_beep,fsd50k,real,0.0,fsd50k:197223
C:\Users\tprac\Downloads\sahara\sahara\data\raw\fsd50k\FSD50K.eval_audio\74501.wav,appliance_beep,fsd50k,real,0.0,fsd50k:74501
C:\Users\tprac\Downloads\sahara\sahara\data\raw\fsd50k\FSD50K.eval_audio\420661.wav,appliance_beep,fsd50k,real,0.0,fsd50k:420661
C:\Users\tprac\Downloads\sahara\sahara\data\raw\fsd50k\FSD50K.eval_audio\254819.wav,appliance_beep,fsd50k,real,0.0,fsd50k:254819
C:\Users\tprac\Downloads\sahara\sahara\data\raw\fsd50k\FSD50K.eval_audio\185196.wav,appliance_beep,fsd50k,real,0.0,fsd50k:185196
C:\Users\tprac\Downloads\sahara\sahara\data\raw\fsd50k\FSD50K.eval_audio\185197.wav,appliance_beep,fsd50k,real,0.0,fsd50k:185197
C:\Users\tprac\Downloads\sahara\sahara\data\raw\fsd50k\FSD50K.eval_audio\170876.wav,appliance_beep,fsd50k,real,0.0,fsd50k:170876
C:\Users\tprac\Downloads\sahara\sahara\data\raw\fsd50k\FSD50K.eval_audio\170877.wav,appliance_beep,fsd50k,real,0.0,fsd50k:170877
C:\Users\tprac\Downloads\sahara\sahara\data\raw\fsd50k\FSD50K.eval_audio\170880.wav,appliance_beep,fsd50k,real,0.0,fsd50k:170880
C:\Users\tprac\Downloads\sahara\sahara\data\raw\fsd50k\FSD50K.eval_audio\170881.wav,appliance_beep,fsd50k,real,0.0,fsd50k:170881
C:\Users\tprac\Downloads\sahara\sahara\data\raw\fsd50k\FSD50K.eval_audio\351284.wav,appliance_beep,fsd50k,real,0.0,fsd50k:351284
C:\Users\tprac\Downloads\sahara\sahara\data\raw\fsd50k\FSD50K.eval_audio\351285.wav,appliance_beep,fsd50k,real,0.0,fsd50k:351285
C:\Users\tprac\Downloads\sahara\sahara\data\raw\fsd50k\FSD50K.eval_audio\27787.wav,appliance_beep,fsd50k,real,0.0,fsd50k:27787
C:\Users\tprac\Downloads\sahara\sahara\data\raw\fsd50k\FSD50K.eval_audio\406915.wav,appliance_beep,fsd50k,real,0.0,fsd50k:406915
C:\Users\tprac\Downloads\sahara\sahara\data\raw\fsd50k\FSD50K.eval_audio\386453.wav,appliance_beep,fsd50k,real,0.0,fsd50k:386453
C:\Users\tprac\Downloads\sahara\sahara\data\raw\fsd50k\FSD50K.eval_audio\181937.wav,appliance_beep,fsd50k,real,0.0,fsd50k:181937
C:\Users\tprac\Downloads\sahara\sahara\data\raw\fsd50k\FSD50K.eval_audio\399197.wav,appliance_beep,fsd50k,real,0.0,fsd50k:399197
C:\Users\tprac\Downloads\sahara\sahara\data\raw\fsd50k\FSD50K.eval_audio\399198.wav,appliance_beep,fsd50k,real,0.0,fsd50k:399198
C:\Users\tprac\Downloads\sahara\sahara\data\raw\fsd50k\FSD50K.eval_audio\123307.wav,appliance_beep,fsd50k,real,0.0,fsd50k:123307
C:\Users\tprac\Downloads\sahara\sahara\data\raw\fsd50k\FSD50K.eval_audio\29621.wav,appliance_beep,fsd50k,real,0.0,fsd50k:29621
C:\Users\tprac\Downloads\sahara\sahara\data\raw\fsd50k\FSD50K.eval_audio\123306.wav,appliance_beep,fsd50k,real,0.0,fsd50k:123306
C:\Users\tprac\Downloads\sahara\sahara\data\raw\fsd50k\FSD50K.eval_audio\345807.wav,appliance_beep,fsd50k,real,0.0,fsd50k:345807
C:\Users\tprac\Downloads\sahara\sahara\data\raw\fsd50k\FSD50K.eval_audio\59738.wav,appliance_beep,fsd50k,real,0.0,fsd50k:59738
C:\Users\tprac\Downloads\sahara\sahara\data\raw\fsd50k\FSD50K.eval_audio\399190.wav,appliance_beep,fsd50k,real,0.0,fsd50k:399190
C:\Users\tprac\Downloads\sahara\sahara\data\raw\fsd50k\FSD50K.eval_audio\98023.wav,appliance_beep,fsd50k,real,0.0,fsd50k:98023
C:\Users\tprac\Downloads\sahara\sahara\data\raw\fsd50k\FSD50K.eval_audio\345180.wav,appliance_beep,fsd50k,real,0.0,fsd50k:345180
C:\Users\tprac\Downloads\sahara\sahara\data\raw\fsd50k\FSD50K.eval_audio\258264.wav,appliance_beep,fsd50k,real,0.0,fsd50k:258264
C:\Users\tprac\Downloads\sahara\sahara\data\raw\fsd50k\FSD50K.eval_audio\330601.wav,appliance_beep,fsd50k,real,0.0,fsd50k:330601
C:\Users\tprac\Downloads\sahara\sahara\data\raw\fsd50k\FSD50K.eval_audio\365566.wav,appliance_beep,fsd50k,real,0.0,fsd50k:365566
C:\Users\tprac\Downloads\sahara\sahara\data\raw\fsd50k\FSD50K.eval_audio\345737.wav,appliance_beep,fsd50k,real,0.0,fsd50k:345737
C:\Users\tprac\Downloads\sahara\sahara\data\raw\fsd50k\FSD50K.eval_audio\53447.wav,appliance_beep,fsd50k,real,0.0,fsd50k:53447
C:\Users\tprac\Downloads\sahara\sahara\data\raw\fsd50k\FSD50K.eval_audio\197225.wav,appliance_beep,fsd50k,real,0.0,fsd50k:197225
C:\Users\tprac\Downloads\sahara\sahara\data\raw\fsd50k\FSD50K.eval_audio\366102.wav,appliance_beep,fsd50k,real,0.0,fsd50k:366102
C:\Users\tprac\Downloads\sahara\sahara\data\raw\fsd50k\FSD50K.eval_audio\345738.wav,appliance_beep,fsd50k,real,0.0,fsd50k:345738
C:\Users\tprac\Downloads\sahara\sahara\data\raw\fsd50k\FSD50K.eval_audio\399193.wav,appliance_beep,fsd50k,real,0.0,fsd50k:399193
C:\Users\tprac\Downloads\sahara\sahara\data\raw\fsd50k\FSD50K.eval_audio\344606.wav,appliance_beep,fsd50k,real,0.0,fsd50k:344606
C:\Users\tprac\Downloads\sahara\sahara\data\raw\fsd50k\FSD50K.eval_audio\399315.wav,appliance_beep,fsd50k,real,0.0,fsd50k:399315
C:\Users\tprac\Downloads\sahara\sahara\data\raw\fsd50k\FSD50K.eval_audio\345803.wav,appliance_beep,fsd50k,real,0.0,fsd50k:345803
C:\Users\tprac\Downloads\sahara\sahara\data\raw\fsd50k\FSD50K.eval_audio\342166.wav,appliance_beep,fsd50k,real,0.0,fsd50k:342166
C:\Users\tprac\Downloads\sahara\sahara\data\raw\fsd50k\FSD50K.eval_audio\123308.wav,appliance_beep,fsd50k,real,0.0,fsd50k:123308
C:\Users\tprac\Downloads\sahara\sahara\data\raw\fsd50k\FSD50K.eval_audio\23441.wav,appliance_beep,fsd50k,real,0.0,fsd50k:23441
C:\Users\tprac\Downloads\sahara\sahara\data\raw\fsd50k\FSD50K.eval_audio\132602.wav,appliance_beep,fsd50k,real,0.0,fsd50k:132602
C:\Users\tprac\Downloads\sahara\sahara\data\raw\fsd50k\FSD50K.eval_audio\233473.wav,appliance_beep,fsd50k,real,0.0,fsd50k:233473
C:\Users\tprac\Downloads\sahara\sahara\data\raw\fsd50k\FSD50K.eval_audio\186427.wav,appliance_beep,fsd50k,real,0.0,fsd50k:186427
C:\Users\tprac\Downloads\sahara\sahara\data\raw\fsd50k\FSD50K.eval_audio\397919.wav,appliance_beep,fsd50k,real,0.0,fsd50k:397919
C:\Users\tprac\Downloads\sahara\sahara\data\raw\fsd50k\FSD50K.eval_audio\209539.wav,appliance_beep,fsd50k,real,0.0,fsd50k:209539
C:\Users\tprac\Downloads\sahara\sahara\data\raw\fsd50k\FSD50K.eval_audio\425111.wav,appliance_beep,fsd50k,real,0.0,fsd50k:425111
C:\Users\tprac\Downloads\sahara\sahara\data\raw\fsd50k\FSD50K.eval_audio\66717.wav,appliance_beep,fsd50k,real,0.0,fsd50k:66717
C:\Users\tprac\Downloads\sahara\sahara\data\raw\fsd50k\FSD50K.eval_audio\135873.wav,appliance_beep,fsd50k,real,0.0,fsd50k:135873
C:\Users\tprac\Downloads\sahara\sahara\data\raw\fsd50k\FSD50K.eval_audio\377112.wav,appliance_beep,fsd50k,real,0.0,fsd50k:377112
C:\Users\tprac\Downloads\sahara\sahara\data\raw\fsd50k\FSD50K.eval_audio\347956.wav,appliance_beep,fsd50k,real,0.0,fsd50k:347956
C:\Users\tprac\Downloads\sahara\sahara\data\raw\fsd50k\FSD50K.eval_audio\397621.wav,appliance_beep,fsd50k,real,0.0,fsd50k:397621
C:\Users\tprac\Downloads\sahara\sahara\data\raw\fsd50k\FSD50K.eval_audio\424773.wav,appliance_beep,fsd50k,real,0.0,fsd50k:424773
C:\Users\tprac\Downloads\sahara\sahara\data\raw\fsd50k\FSD50K.eval_audio\210308.wav,appliance_beep,fsd50k,real,0.0,fsd50k:210308
C:\Users\tprac\Downloads\sahara\sahara\data\raw\fsd50k\FSD50K.eval_audio\171450.wav,appliance_beep,fsd50k,real,0.0,fsd50k:171450
C:\Users\tprac\Downloads\sahara\sahara\data\raw\fsd50k\FSD50K.eval_audio\85458.wav,appliance_beep,fsd50k,real,0.0,fsd50k:85458
C:\Users\tprac\Downloads\sahara\sahara\data\raw\fsd50k\FSD50K.eval_audio\2539.wav,appliance_beep,fsd50k,real,0.0,fsd50k:2539
C:\Users\tprac\Downloads\sahara\sahara\data\raw\fsd50k\FSD50K.eval_audio\232963.wav,appliance_beep,fsd50k,real,0.0,fsd50k:232963
C:\Users\tprac\Downloads\sahara\sahara\data\raw\fsd50k\FSD50K.eval_audio\94761.wav,appliance_beep,fsd50k,real,0.0,fsd50k:94761
C:\Users\tprac\Downloads\sahara\sahara\data\raw\fsd50k\FSD50K.eval_audio\76732.wav,appliance_beep,fsd50k,real,0.0,fsd50k:76732
C:\Users\tprac\Downloads\sahara\sahara\data\raw\fsd50k\FSD50K.eval_audio\393465.wav,appliance_beep,fsd50k,real,0.0,fsd50k:393465
C:\Users\tprac\Downloads\sahara\sahara\data\raw\fsd50k\FSD50K.eval_audio\378252.wav,appliance_beep,fsd50k,real,0.0,fsd50k:378252
C:\Users\tprac\Downloads\sahara\sahara\data\raw\fsd50k\FSD50K.eval_audio\389518.wav,appliance_beep,fsd50k,real,0.0,fsd50k:389518
C:\Users\tprac\Downloads\sahara\sahara\data\raw\fsd50k\FSD50K.eval_audio\253605.wav,appliance_beep,fsd50k,real,0.0,fsd50k:253605
C:\Users\tprac\Downloads\sahara\sahara\data\raw\fsd50k\FSD50K.eval_audio\115239.wav,appliance_beep,fsd50k,real,0.0,fsd50k:115239
C:\Users\tprac\Downloads\sahara\sahara\data\raw\fsd50k\FSD50K.eval_audio\369202.wav,appliance_beep,fsd50k,real,0.0,fsd50k:369202
C:\Users\tprac\Downloads\sahara\sahara\data\raw\fsd50k\FSD50K.eval_audio\104293.wav,appliance_beep,fsd50k,real,0.0,fsd50k:104293
C:\Users\tprac\Downloads\sahara\sahara\data\raw\fsd50k\FSD50K.eval_audio\371179.wav,appliance_beep,fsd50k,real,0.0,fsd50k:371179
C:\Users\tprac\Downloads\sahara\sahara\data\raw\fsd50k\FSD50K.eval_audio\349662.wav,appliance_beep,fsd50k,real,0.0,fsd50k:349662
C:\Users\tprac\Downloads\sahara\sahara\data\raw\fsd50k\FSD50K.eval_audio\378354.wav,appliance_beep,fsd50k,real,0.0,fsd50k:378354
C:\Users\tprac\Downloads\sahara\sahara\data\raw\fsd50k\FSD50K.eval_audio\189764.wav,appliance_beep,fsd50k,real,0.0,fsd50k:189764
C:\Users\tprac\Downloads\sahara\sahara\data\raw\fsd50k\FSD50K.eval_audio\424946.wav,appliance_beep,fsd50k,real,0.0,fsd50k:424946
C:\Users\tprac\Downloads\sahara\sahara\data\raw\fsd50k\FSD50K.eval_audio\189765.wav,appliance_beep,fsd50k,real,0.0,fsd50k:189765
C:\Users\tprac\Downloads\sahara\sahara\data\raw\fsd50k\FSD50K.eval_audio\14576.wav,appliance_beep,fsd50k,real,0.0,fsd50k:14576
C:\Users\tprac\Downloads\sahara\sahara\data\raw\fsd50k\FSD50K.eval_audio\189766.wav,appliance_beep,fsd50k,real,0.0,fsd50k:189766
C:\Users\tprac\Downloads\sahara\sahara\data\raw\fsd50k\FSD50K.eval_audio\152953.wav,appliance_beep,fsd50k,real,0.0,fsd50k:152953
C:\Users\tprac\Downloads\sahara\sahara\data\raw\fsd50k\FSD50K.eval_audio\153149.wav,appliance_beep,fsd50k,real,0.0,fsd50k:153149
C:\Users\tprac\Downloads\sahara\sahara\data\raw\fsd50k\FSD50K.eval_audio\118101.wav,appliance_beep,fsd50k,real,0.0,fsd50k:118101
C:\Users\tprac\Downloads\sahara\sahara\data\raw\fsd50k\FSD50K.eval_audio\430842.wav,appliance_beep,fsd50k,real,0.0,fsd50k:430842
C:\Users\tprac\Downloads\sahara\sahara\data\raw\fsd50k\FSD50K.eval_audio\171378.wav,appliance_beep,fsd50k,real,0.0,fsd50k:171378
C:\Users\tprac\Downloads\sahara\sahara\data\raw\fsd50k\FSD50K.eval_audio\206080.wav,appliance_beep,fsd50k,real,0.0,fsd50k:206080
C:\Users\tprac\Downloads\sahara\sahara\data\raw\fsd50k\FSD50K.eval_audio\152595.wav,appliance_beep,fsd50k,real,0.0,fsd50k:152595
C:\Users\tprac\Downloads\sahara\sahara\data\raw\fsd50k\FSD50K.eval_audio\89946.wav,appliance_beep,fsd50k,real,0.0,fsd50k:89946
C:\Users\tprac\Downloads\sahara\sahara\data\raw\fsd50k\FSD50K.eval_audio\405627.wav,appliance_beep,fsd50k,real,0.0,fsd50k:405627
C:\Users\tprac\Downloads\sahara\sahara\data\raw\fsd50k\FSD50K.eval_audio\378911.wav,appliance_beep,fsd50k,real,0.0,fsd50k:378911
C:\Users\tprac\Downloads\sahara\sahara\data\raw\fsd50k\FSD50K.eval_audio\138037.wav,appliance_beep,fsd50k,real,0.0,fsd50k:138037
C:\Users\tprac\Downloads\sahara\sahara\data\raw\fsd50k\FSD50K.eval_audio\88528.wav,appliance_beep,fsd50k,real,0.0,fsd50k:88528
C:\Users\tprac\Downloads\sahara\sahara\data\raw\fsd50k\FSD50K.eval_audio\378912.wav,appliance_beep,fsd50k,real,0.0,fsd50k:378912
C:\Users\tprac\Downloads\sahara\sahara\data\raw\fsd50k\FSD50K.eval_audio\210270.wav,appliance_beep,fsd50k,real,0.0,fsd50k:210270
C:\Users\tprac\Downloads\sahara\sahara\data\raw\fsd50k\FSD50K.eval_audio\124501.wav,appliance_beep,fsd50k,real,0.0,fsd50k:124501
C:\Users\tprac\Downloads\sahara\sahara\data\raw\fsd50k\FSD50K.eval_audio\131989.wav,appliance_beep,fsd50k,real,0.0,fsd50k:131989
C:\Users\tprac\Downloads\sahara\sahara\data\raw\fsd50k\FSD50K.eval_audio\120010.wav,appliance_beep,fsd50k,real,0.0,fsd50k:120010
C:\Users\tprac\Downloads\sahara\sahara\data\raw\fsd50k\FSD50K.eval_audio\32320.wav,appliance_beep,fsd50k,real,0.0,fsd50k:32320
C:\Users\tprac\Downloads\sahara\sahara\data\raw\fsd50k\FSD50K.eval_audio\417076.wav,appliance_beep,fsd50k,real,0.0,fsd50k:417076
C:\Users\tprac\Downloads\sahara\sahara\data\raw\fsd50k\FSD50K.eval_audio\81875.wav,appliance_beep,fsd50k,real,0.0,fsd50k:81875
C:\Users\tprac\Downloads\sahara\sahara\data\raw\fsd50k\FSD50K.eval_audio\378908.wav,appliance_beep,fsd50k,real,0.0,fsd50k:378908
C:\Users\tprac\Downloads\sahara\sahara\data\raw\fsd50k\FSD50K.eval_audio\431320.wav,appliance_beep,fsd50k,real,0.0,fsd50k:431320
C:\Users\tprac\Downloads\sahara\sahara\data\raw\fsd50k\FSD50K.eval_audio\210262.wav,appliance_beep,fsd50k,real,0.0,fsd50k:210262
C:\Users\tprac\Downloads\sahara\sahara\data\raw\fsd50k\FSD50K.eval_audio\206081.wav,appliance_beep,fsd50k,real,0.0,fsd50k:206081
C:\Users\tprac\Downloads\sahara\sahara\data\raw\fsd50k\FSD50K.eval_audio\191901.wav,appliance_beep,fsd50k,real,0.0,fsd50k:191901
C:\Users\tprac\Downloads\sahara\sahara\data\raw\fsd50k\FSD50K.eval_audio\120493.wav,appliance_beep,fsd50k,real,0.0,fsd50k:120493
C:\Users\tprac\Downloads\sahara\sahara\data\raw\fsd50k\FSD50K.eval_audio\153054.wav,appliance_beep,fsd50k,real,0.0,fsd50k:153054
C:\Users\tprac\Downloads\sahara\sahara\data\raw\fsd50k\FSD50K.eval_audio\186096.wav,appliance_beep,fsd50k,real,0.0,fsd50k:186096
C:\Users\tprac\Downloads\sahara\sahara\data\raw\fsd50k\FSD50K.eval_audio\78957.wav,appliance_beep,fsd50k,real,0.0,fsd50k:78957
C:\Users\tprac\Downloads\sahara\sahara\data\raw\fsd50k\FSD50K.eval_audio\372893.wav,appliance_beep,fsd50k,real,0.0,fsd50k:372893
C:\Users\tprac\Downloads\sahara\sahara\data\raw\fsd50k\FSD50K.eval_audio\134688.wav,appliance_beep,fsd50k,real,0.0,fsd50k:134688
C:\Users\tprac\Downloads\sahara\sahara\data\raw\fsd50k\FSD50K.eval_audio\210269.wav,appliance_beep,fsd50k,real,0.0,fsd50k:210269
C:\Users\tprac\Downloads\sahara\sahara\data\raw\fsd50k\FSD50K.eval_audio\32321.wav,appliance_beep,fsd50k,real,0.0,fsd50k:32321
C:\Users\tprac\Downloads\sahara\sahara\data\raw\fsd50k\FSD50K.eval_audio\124502.wav,appliance_beep,fsd50k,real,0.0,fsd50k:124502
C:\Users\tprac\Downloads\sahara\sahara\data\raw\fsd50k\FSD50K.eval_audio\120501.wav,appliance_beep,fsd50k,real,0.0,fsd50k:120501
C:\Users\tprac\Downloads\sahara\sahara\data\raw\fsd50k\FSD50K.eval_audio\154402.wav,appliance_beep,fsd50k,real,0.0,fsd50k:154402
C:\Users\tprac\Downloads\sahara\sahara\data\raw\fsd50k\FSD50K.eval_audio\249538.wav,appliance_beep,fsd50k,real,0.0,fsd50k:249538
C:\Users\tprac\Downloads\sahara\sahara\data\raw\fsd50k\FSD50K.eval_audio\406233.wav,appliance_beep,fsd50k,real,0.0,fsd50k:406233
C:\Users\tprac\Downloads\sahara\sahara\data\raw\fsd50k\FSD50K.eval_audio\406240.wav,appliance_beep,fsd50k,real,0.0,fsd50k:406240
C:\Users\tprac\Downloads\sahara\sahara\data\raw\fsd50k\FSD50K.eval_audio\192454.wav,appliance_beep,fsd50k,real,0.0,fsd50k:192454
C:\Users\tprac\Downloads\sahara\sahara\data\raw\fsd50k\FSD50K.eval_audio\154440.wav,appliance_beep,fsd50k,real,0.0,fsd50k:154440
C:\Users\tprac\Downloads\sahara\sahara\data\raw\fsd50k\FSD50K.eval_audio\365575.wav,appliance_beep,fsd50k,real,0.0,fsd50k:365575
C:\Users\tprac\Downloads\sahara\sahara\data\raw\fsd50k\FSD50K.eval_audio\347400.wav,appliance_beep,fsd50k,real,0.0,fsd50k:347400
C:\Users\tprac\Downloads\sahara\sahara\data\raw\fsd50k\FSD50K.eval_audio\69385.wav,appliance_beep,fsd50k,real,0.0,fsd50k:69385
C:\Users\tprac\Downloads\sahara\sahara\data\raw\fsd50k\FSD50K.eval_audio\69386.wav,appliance_beep,fsd50k,real,0.0,fsd50k:69386
C:\Users\tprac\Downloads\sahara\sahara\data\raw\fsd50k\FSD50K.eval_audio\410384.wav,appliance_beep,fsd50k,real,0.0,fsd50k:410384
C:\Users\tprac\Downloads\sahara\sahara\data\raw\fsd50k\FSD50K.eval_audio\53268.wav,appliance_beep,fsd50k,real,0.0,fsd50k:53268
C:\Users\tprac\Downloads\sahara\sahara\data\raw\fsd50k\FSD50K.eval_audio\119958.wav,appliance_beep,fsd50k,real,0.0,fsd50k:119958
C:\Users\tprac\Downloads\sahara\sahara\data\raw\fsd50k\FSD50K.eval_audio\106270.wav,appliance_beep,fsd50k,real,0.0,fsd50k:106270
C:\Users\tprac\Downloads\sahara\sahara\data\raw\fsd50k\FSD50K.eval_audio\331680.wav,appliance_beep,fsd50k,real,0.0,fsd50k:331680
C:\Users\tprac\Downloads\sahara\sahara\data\raw\fsd50k\FSD50K.eval_audio\81065.wav,appliance_beep,fsd50k,real,0.0,fsd50k:81065
C:\Users\tprac\Downloads\sahara\sahara\data\raw\fsd50k\FSD50K.eval_audio\131641.wav,appliance_beep,fsd50k,real,0.0,fsd50k:131641
C:\Users\tprac\Downloads\sahara\sahara\data\raw\fsd50k\FSD50K.eval_audio\131642.wav,appliance_beep,fsd50k,real,0.0,fsd50k:131642
C:\Users\tprac\Downloads\sahara\sahara\data\raw\fsd50k\FSD50K.eval_audio\131643.wav,appliance_beep,fsd50k,real,0.0,fsd50k:131643
C:\Users\tprac\Downloads\sahara\sahara\data\raw\fsd50k\FSD50K.eval_audio\168028.wav,appliance_beep,fsd50k,real,0.0,fsd50k:168028
C:\Users\tprac\Downloads\sahara\sahara\data\raw\fsd50k\FSD50K.eval_audio\426594.wav,appliance_beep,fsd50k,real,0.0,fsd50k:426594
C:\Users\tprac\Downloads\sahara\sahara\data\raw\fsd50k\FSD50K.eval_audio\393333.wav,appliance_beep,fsd50k,real,0.0,fsd50k:393333
C:\Users\tprac\Downloads\sahara\sahara\data\raw\fsd50k\FSD50K.eval_audio\1032.wav,appliance_beep,fsd50k,real,0.0,fsd50k:1032
C:\Users\tprac\Downloads\sahara\sahara\data\raw\fsd50k\FSD50K.eval_audio\186393.wav,appliance_beep,fsd50k,real,0.0,fsd50k:186393
C:\Users\tprac\Downloads\sahara\sahara\data\raw\fsd50k\FSD50K.eval_audio\76828.wav,appliance_beep,fsd50k,real,0.0,fsd50k:76828
C:\Users\tprac\Downloads\sahara\sahara\data\raw\fsd50k\FSD50K.eval_audio\119849.wav,appliance_beep,fsd50k,real,0.0,fsd50k:119849
C:\Users\tprac\Downloads\sahara\sahara\data\raw\fsd50k\FSD50K.eval_audio\220716.wav,appliance_beep,fsd50k,real,0.0,fsd50k:220716
C:\Users\tprac\Downloads\sahara\sahara\data\raw\fsd50k\FSD50K.eval_audio\52287.wav,appliance_beep,fsd50k,real,0.0,fsd50k:52287
C:\Users\tprac\Downloads\sahara\sahara\data\raw\fsd50k\FSD50K.eval_audio\64085.wav,appliance_beep,fsd50k,real,0.0,fsd50k:64085
C:\Users\tprac\Downloads\sahara\sahara\data\raw\fsd50k\FSD50K.eval_audio\64091.wav,appliance_beep,fsd50k,real,0.0,fsd50k:64091
C:\Users\tprac\Downloads\sahara\sahara\data\raw\fsd50k\FSD50K.eval_audio\198241.wav,appliance_beep,fsd50k,real,0.0,fsd50k:198241
C:\Users\tprac\Downloads\sahara\sahara\data\raw\fsd50k\FSD50K.eval_audio\403565.wav,appliance_beep,fsd50k,real,0.0,fsd50k:403565
C:\Users\tprac\Downloads\sahara\sahara\data\raw\fsd50k\FSD50K.eval_audio\26228.wav,appliance_beep,fsd50k,real,0.0,fsd50k:26228
C:\Users\tprac\Downloads\sahara\sahara\data\raw\fsd50k\FSD50K.eval_audio\129657.wav,appliance_beep,fsd50k,real,0.0,fsd50k:129657
C:\Users\tprac\Downloads\sahara\sahara\data\raw\fsd50k\FSD50K.eval_audio\154770.wav,appliance_beep,fsd50k,real,0.0,fsd50k:154770
C:\Users\tprac\Downloads\sahara\sahara\data\raw\fsd50k\FSD50K.eval_audio\344221.wav,appliance_beep,fsd50k,real,0.0,fsd50k:344221
C:\Users\tprac\Downloads\sahara\sahara\data\raw\fsd50k\FSD50K.eval_audio\171679.wav,appliance_beep,fsd50k,real,0.0,fsd50k:171679
C:\Users\tprac\Downloads\sahara\sahara\data\raw\fsd50k\FSD50K.eval_audio\339106.wav,appliance_beep,fsd50k,real,0.0,fsd50k:339106
C:\Users\tprac\Downloads\sahara\sahara\data\raw\fsd50k\FSD50K.eval_audio\81061.wav,appliance_beep,fsd50k,real,0.0,fsd50k:81061
C:\Users\tprac\Downloads\sahara\sahara\data\raw\fsd50k\FSD50K.eval_audio\81063.wav,appliance_beep,fsd50k,real,0.0,fsd50k:81063
C:\Users\tprac\Downloads\sahara\sahara\data\raw\fsd50k\FSD50K.eval_audio\219308.wav,appliance_beep,fsd50k,real,0.0,fsd50k:219308
C:\Users\tprac\Downloads\sahara\sahara\data\raw\fsd50k\FSD50K.eval_audio\180913.wav,appliance_beep,fsd50k,real,0.0,fsd50k:180913
C:\Users\tprac\Downloads\sahara\sahara\data\raw\fsd50k\FSD50K.eval_audio\164032.wav,appliance_beep,fsd50k,real,0.0,fsd50k:164032
C:\Users\tprac\Downloads\sahara\sahara\data\raw\fsd50k\FSD50K.eval_audio\164033.wav,appliance_beep,fsd50k,real,0.0,fsd50k:164033
C:\Users\tprac\Downloads\sahara\sahara\data\raw\fsd50k\FSD50K.eval_audio\164036.wav,appliance_beep,fsd50k,real,0.0,fsd50k:164036
C:\Users\tprac\Downloads\sahara\sahara\data\raw\fsd50k\FSD50K.eval_audio\345805.wav,appliance_beep,fsd50k,real,0.0,fsd50k:345805
C:\Users\tprac\Downloads\sahara\sahara\data\raw\fsd50k\FSD50K.eval_audio\187600.wav,appliance_beep,fsd50k,real,0.0,fsd50k:187600
C:\Users\tprac\Downloads\sahara\sahara\data\raw\fsd50k\FSD50K.eval_audio\345810.wav,appliance_beep,fsd50k,real,0.0,fsd50k:345810
C:\Users\tprac\Downloads\sahara\sahara\data\raw\fsd50k\FSD50K.eval_audio\345812.wav,appliance_beep,fsd50k,real,0.0,fsd50k:345812
C:\Users\tprac\Downloads\sahara\sahara\data\raw\fsd50k\FSD50K.eval_audio\406235.wav,appliance_beep,fsd50k,real,0.0,fsd50k:406235
C:\Users\tprac\Downloads\sahara\sahara\data\raw\fsd50k\FSD50K.eval_audio\406244.wav,appliance_beep,fsd50k,real,0.0,fsd50k:406244
C:\Users\tprac\Downloads\sahara\sahara\data\raw\fsd50k\FSD50K.eval_audio\154387.wav,appliance_beep,fsd50k,real,0.0,fsd50k:154387
C:\Users\tprac\Downloads\sahara\sahara\data\raw\fsd50k\FSD50K.eval_audio\42262.wav,appliance_beep,fsd50k,real,0.0,fsd50k:42262
C:\Users\tprac\Downloads\sahara\sahara\data\raw\fsd50k\FSD50K.eval_audio\118040.wav,appliance_beep,fsd50k,real,0.0,fsd50k:118040
C:\Users\tprac\Downloads\sahara\sahara\data\raw\fsd50k\FSD50K.eval_audio\189727.wav,appliance_beep,fsd50k,real,0.0,fsd50k:189727
C:\Users\tprac\Downloads\sahara\sahara\data\raw\fsd50k\FSD50K.eval_audio\383779.wav,appliance_beep,fsd50k,real,0.0,fsd50k:383779
C:\Users\tprac\Downloads\sahara\sahara\data\raw\fsd50k\FSD50K.eval_audio\118080.wav,appliance_beep,fsd50k,real,0.0,fsd50k:118080
C:\Users\tprac\Downloads\sahara\sahara\data\raw\fsd50k\FSD50K.eval_audio\77133.wav,appliance_beep,fsd50k,real,0.0,fsd50k:77133
C:\Users\tprac\Downloads\sahara\sahara\data\raw\fsd50k\FSD50K.eval_audio\367447.wav,appliance_beep,fsd50k,real,0.0,fsd50k:367447
C:\Users\tprac\Downloads\sahara\sahara\data\raw\fsd50k\FSD50K.eval_audio\118107.wav,appliance_beep,fsd50k,real,0.0,fsd50k:118107
C:\Users\tprac\Downloads\sahara\sahara\data\raw\fsd50k\FSD50K.eval_audio\341870.wav,appliance_beep,fsd50k,real,0.0,fsd50k:341870
C:\Users\tprac\Downloads\sahara\sahara\data\raw\fsd50k\FSD50K.eval_audio\391557.wav,appliance_beep,fsd50k,real,0.0,fsd50k:391557
C:\Users\tprac\Downloads\sahara\sahara\data\raw\fsd50k\FSD50K.eval_audio\13727.wav,appliance_beep,fsd50k,real,0.0,fsd50k:13727
C:\Users\tprac\Downloads\sahara\sahara\data\raw\fsd50k\FSD50K.eval_audio\248256.wav,appliance_beep,fsd50k,real,0.0,fsd50k:248256
C:\Users\tprac\Downloads\sahara\sahara\data\raw\fsd50k\FSD50K.eval_audio\84930.wav,appliance_beep,fsd50k,real,0.0,fsd50k:84930
C:\Users\tprac\Downloads\sahara\sahara\data\raw\fsd50k\FSD50K.eval_audio\118229.wav,appliance_beep,fsd50k,real,0.0,fsd50k:118229
C:\Users\tprac\Downloads\sahara\sahara\data\raw\fsd50k\FSD50K.eval_audio\170455.wav,appliance_beep,fsd50k,real,0.0,fsd50k:170455
C:\Users\tprac\Downloads\sahara\sahara\data\raw\fsd50k\FSD50K.eval_audio\17895.wav,appliance_beep,fsd50k,real,0.0,fsd50k:17895
C:\Users\tprac\Downloads\sahara\sahara\data\raw\fsd50k\FSD50K.eval_audio\235558.wav,appliance_beep,fsd50k,real,0.0,fsd50k:235558
C:\Users\tprac\Downloads\sahara\sahara\data\raw\fsd50k\FSD50K.eval_audio\340917.wav,appliance_beep,fsd50k,real,0.0,fsd50k:340917
C:\Users\tprac\Downloads\sahara\sahara\data\raw\fsd50k\FSD50K.eval_audio\108023.wav,appliance_beep,fsd50k,real,0.0,fsd50k:108023
C:\Users\tprac\Downloads\sahara\sahara\data\raw\fsd50k\FSD50K.eval_audio\327057.wav,appliance_beep,fsd50k,real,0.0,fsd50k:327057
C:\Users\tprac\Downloads\sahara\sahara\data\raw\fsd50k\FSD50K.eval_audio\218839.wav,appliance_beep,fsd50k,real,0.0,fsd50k:218839
C:\Users\tprac\Downloads\sahara\sahara\data\raw\fsd50k\FSD50K.eval_audio\178413.wav,appliance_beep,fsd50k,real,0.0,fsd50k:178413
C:\Users\tprac\Downloads\sahara\sahara\data\raw\fsd50k\FSD50K.eval_audio\56258.wav,appliance_beep,fsd50k,real,0.0,fsd50k:56258
C:\Users\tprac\Downloads\sahara\sahara\data\raw\fsd50k\FSD50K.eval_audio\257435.wav,appliance_beep,fsd50k,real,0.0,fsd50k:257435
C:\Users\tprac\Downloads\sahara\sahara\data\raw\fsd50k\FSD50K.eval_audio\397920.wav,appliance_beep,fsd50k,real,0.0,fsd50k:397920
C:\Users\tprac\Downloads\sahara\sahara\data\raw\fsd50k\FSD50K.eval_audio\324775.wav,appliance_beep,fsd50k,real,0.0,fsd50k:324775
C:\Users\tprac\Downloads\sahara\sahara\data\raw\fsd50k\FSD50K.eval_audio\144178.wav,appliance_beep,fsd50k,real,0.0,fsd50k:144178
C:\Users\tprac\Downloads\sahara\sahara\data\raw\fsd50k\FSD50K.eval_audio\257436.wav,appliance_beep,fsd50k,real,0.0,fsd50k:257436
C:\Users\tprac\Downloads\sahara\sahara\data\raw\fsd50k\FSD50K.eval_audio\197130.wav,appliance_beep,fsd50k,real,0.0,fsd50k:197130
C:\Users\tprac\Downloads\sahara\sahara\data\raw\fsd50k\FSD50K.eval_audio\389214.wav,appliance_beep,fsd50k,real,0.0,fsd50k:389214
C:\Users\tprac\Downloads\sahara\sahara\data\raw\fsd50k\FSD50K.eval_audio\235694.wav,appliance_beep,fsd50k,real,0.0,fsd50k:235694
C:\Users\tprac\Downloads\sahara\sahara\data\raw\fsd50k\FSD50K.eval_audio\383839.wav,appliance_beep,fsd50k,real,0.0,fsd50k:383839
C:\Users\tprac\Downloads\sahara\sahara\data\raw\fsd50k\FSD50K.eval_audio\119093.wav,appliance_beep,fsd50k,real,0.0,fsd50k:119093
C:\Users\tprac\Downloads\sahara\sahara\data\raw\fsd50k\FSD50K.eval_audio\235551.wav,appliance_beep,fsd50k,real,0.0,fsd50k:235551
C:\Users\tprac\Downloads\sahara\sahara\data\raw\fsd50k\FSD50K.eval_audio\242006.wav,appliance_beep,fsd50k,real,0.0,fsd50k:242006
C:\Users\tprac\Downloads\sahara\sahara\data\raw\fsd50k\FSD50K.eval_audio\94214.wav,appliance_beep,fsd50k,real,0.0,fsd50k:94214
C:\Users\tprac\Downloads\sahara\sahara\data\raw\fsd50k\FSD50K.eval_audio\108470.wav,appliance_beep,fsd50k,real,0.0,fsd50k:108470
C:\Users\tprac\Downloads\sahara\sahara\data\raw\fsd50k\FSD50K.eval_audio\388044.wav,appliance_beep,fsd50k,real,0.0,fsd50k:388044
C:\Users\tprac\Downloads\sahara\sahara\data\raw\fsd50k\FSD50K.eval_audio\378654.wav,appliance_beep,fsd50k,real,0.0,fsd50k:378654
C:\Users\tprac\Downloads\sahara\sahara\data\raw\fsd50k\FSD50K.eval_audio\144181.wav,appliance_beep,fsd50k,real,0.0,fsd50k:144181
C:\Users\tprac\Downloads\sahara\sahara\data\raw\fsd50k\FSD50K.eval_audio\81404.wav,appliance_beep,fsd50k,real,0.0,fsd50k:81404
C:\Users\tprac\Downloads\sahara\sahara\data\raw\fsd50k\FSD50K.eval_audio\56257.wav,appliance_beep,fsd50k,real,0.0,fsd50k:56257
C:\Users\tprac\Downloads\sahara\sahara\data\raw\fsd50k\FSD50K.eval_audio\84924.wav,appliance_beep,fsd50k,real,0.0,fsd50k:84924
C:\Users\tprac\Downloads\sahara\sahara\data\raw\audioset\appliance_beep\0gi_2J5wEO8_410_000_420_000.wav,appliance_beep,audioset,real,19.9935,audioset:0gi
C:\Users\tprac\Downloads\sahara\sahara\data\raw\audioset\appliance_beep\0pKW6LBhKOA_30_000_40_000.wav,appliance_beep,audioset,real,19.9935,audioset:0pKW6LBhKOA
C:\Users\tprac\Downloads\sahara\sahara\data\raw\audioset\appliance_beep\0y3tr-QUGY0_50_000_60_000.wav,appliance_beep,audioset,real,19.9935,audioset:0y3tr-QUGY0
C:\Users\tprac\Downloads\sahara\sahara\data\raw\audioset\appliance_beep\1Pe-XrXSg64_80_000_90_000.wav,appliance_beep,audioset,real,19.9935,audioset:1Pe-XrXSg64
C:\Users\tprac\Downloads\sahara\sahara\data\raw\audioset\appliance_beep\21hoAaR-W_c_160_000_170_000.wav,appliance_beep,audioset,real,19.9935,audioset:21hoAaR-W
C:\Users\tprac\Downloads\sahara\sahara\data\raw\audioset\appliance_beep\2E_cfP2PLUQ_40_000_50_000.wav,appliance_beep,audioset,real,10.0158125,audioset:2E
C:\Users\tprac\Downloads\sahara\sahara\data\raw\audioset\appliance_beep\2FcwRYfUBLM_50_000_60_000.wav,appliance_beep,audioset,real,19.9935,audioset:2FcwRYfUBLM
C:\Users\tprac\Downloads\sahara\sahara\data\raw\audioset\appliance_beep\2VMfJymq_lY_30_000_40_000.wav,appliance_beep,audioset,real,19.9935,audioset:2VMfJymq
C:\Users\tprac\Downloads\sahara\sahara\data\raw\audioset\appliance_beep\3C9O94Km4dk_0_000_10_000.wav,appliance_beep,audioset,real,10.0135,audioset:3C9O94Km4dk
C:\Users\tprac\Downloads\sahara\sahara\data\raw\audioset\appliance_beep\3cWI2BD9A1s_90_000_100_000.wav,appliance_beep,audioset,real,19.9935,audioset:3cWI2BD9A1s
C:\Users\tprac\Downloads\sahara\sahara\data\raw\audioset\appliance_beep\3ZzEYwxiWZY_10_000_20_000.wav,appliance_beep,audioset,real,19.9935,audioset:3ZzEYwxiWZY
C:\Users\tprac\Downloads\sahara\sahara\data\raw\audioset\appliance_beep\4M7jykYpnNU_0_000_10_000.wav,appliance_beep,audioset,real,10.0135,audioset:4M7jykYpnNU
C:\Users\tprac\Downloads\sahara\sahara\data\raw\audioset\appliance_beep\4OvgouW2OyA_30_000_40_000.wav,appliance_beep,audioset,real,10.008,audioset:4OvgouW2OyA
C:\Users\tprac\Downloads\sahara\sahara\data\raw\audioset\appliance_beep\67m0XRgG4DU_0_000_10_000.wav,appliance_beep,audioset,real,10.0078125,audioset:67m0XRgG4DU
C:\Users\tprac\Downloads\sahara\sahara\data\raw\audioset\appliance_beep\6de_mfVMVik_50_000_60_000.wav,appliance_beep,audioset,real,19.5391875,audioset:6de
C:\Users\tprac\Downloads\sahara\sahara\data\raw\fsd50k\FSD50K.dev_audio\159745.wav,siren,fsd50k,real,0.0,fsd50k:159745
C:\Users\tprac\Downloads\sahara\sahara\data\raw\fsd50k\FSD50K.dev_audio\159750.wav,siren,fsd50k,real,0.0,fsd50k:159750
C:\Users\tprac\Downloads\sahara\sahara\data\raw\fsd50k\FSD50K.dev_audio\268809.wav,siren,fsd50k,real,0.0,fsd50k:268809
C:\Users\tprac\Downloads\sahara\sahara\data\raw\fsd50k\FSD50K.dev_audio\159754.wav,siren,fsd50k,real,0.0,fsd50k:159754
C:\Users\tprac\Downloads\sahara\sahara\data\raw\fsd50k\FSD50K.dev_audio\159755.wav,siren,fsd50k,real,0.0,fsd50k:159755
C:\Users\tprac\Downloads\sahara\sahara\data\raw\fsd50k\FSD50K.dev_audio\338973.wav,siren,fsd50k,real,0.0,fsd50k:338973
C:\Users\tprac\Downloads\sahara\sahara\data\raw\fsd50k\FSD50K.dev_audio\223824.wav,siren,fsd50k,real,0.0,fsd50k:223824
C:\Users\tprac\Downloads\sahara\sahara\data\raw\fsd50k\FSD50K.dev_audio\89683.wav,siren,fsd50k,real,0.0,fsd50k:89683
C:\Users\tprac\Downloads\sahara\sahara\data\raw\fsd50k\FSD50K.dev_audio\392801.wav,siren,fsd50k,real,0.0,fsd50k:392801
C:\Users\tprac\Downloads\sahara\sahara\data\raw\fsd50k\FSD50K.dev_audio\34952.wav,siren,fsd50k,real,0.0,fsd50k:34952
C:\Users\tprac\Downloads\sahara\sahara\data\raw\fsd50k\FSD50K.dev_audio\322205.wav,siren,fsd50k,real,0.0,fsd50k:322205
C:\Users\tprac\Downloads\sahara\sahara\data\raw\fsd50k\FSD50K.dev_audio\108192.wav,siren,fsd50k,real,0.0,fsd50k:108192
C:\Users\tprac\Downloads\sahara\sahara\data\raw\fsd50k\FSD50K.dev_audio\98536.wav,siren,fsd50k,real,0.0,fsd50k:98536
C:\Users\tprac\Downloads\sahara\sahara\data\raw\fsd50k\FSD50K.dev_audio\31482.wav,siren,fsd50k,real,0.0,fsd50k:31482
C:\Users\tprac\Downloads\sahara\sahara\data\raw\fsd50k\FSD50K.dev_audio\320767.wav,siren,fsd50k,real,0.0,fsd50k:320767
C:\Users\tprac\Downloads\sahara\sahara\data\raw\fsd50k\FSD50K.dev_audio\319751.wav,siren,fsd50k,real,0.0,fsd50k:319751
C:\Users\tprac\Downloads\sahara\sahara\data\raw\fsd50k\FSD50K.dev_audio\28426.wav,siren,fsd50k,real,0.0,fsd50k:28426
C:\Users\tprac\Downloads\sahara\sahara\data\raw\fsd50k\FSD50K.dev_audio\181601.wav,siren,fsd50k,real,0.0,fsd50k:181601
C:\Users\tprac\Downloads\sahara\sahara\data\raw\fsd50k\FSD50K.dev_audio\388972.wav,siren,fsd50k,real,0.0,fsd50k:388972
C:\Users\tprac\Downloads\sahara\sahara\data\raw\fsd50k\FSD50K.dev_audio\315758.wav,siren,fsd50k,real,0.0,fsd50k:315758
C:\Users\tprac\Downloads\sahara\sahara\data\raw\fsd50k\FSD50K.dev_audio\364911.wav,siren,fsd50k,real,0.0,fsd50k:364911
C:\Users\tprac\Downloads\sahara\sahara\data\raw\fsd50k\FSD50K.dev_audio\159743.wav,siren,fsd50k,real,0.0,fsd50k:159743
C:\Users\tprac\Downloads\sahara\sahara\data\raw\fsd50k\FSD50K.dev_audio\62878.wav,siren,fsd50k,real,0.0,fsd50k:62878
C:\Users\tprac\Downloads\sahara\sahara\data\raw\fsd50k\FSD50K.dev_audio\162719.wav,siren,fsd50k,real,0.0,fsd50k:162719
C:\Users\tprac\Downloads\sahara\sahara\data\raw\fsd50k\FSD50K.dev_audio\116664.wav,siren,fsd50k,real,0.0,fsd50k:116664
C:\Users\tprac\Downloads\sahara\sahara\data\raw\fsd50k\FSD50K.dev_audio\268221.wav,siren,fsd50k,real,0.0,fsd50k:268221
C:\Users\tprac\Downloads\sahara\sahara\data\raw\fsd50k\FSD50K.dev_audio\393662.wav,siren,fsd50k,real,0.0,fsd50k:393662
C:\Users\tprac\Downloads\sahara\sahara\data\raw\fsd50k\FSD50K.dev_audio\393665.wav,siren,fsd50k,real,0.0,fsd50k:393665
C:\Users\tprac\Downloads\sahara\sahara\data\raw\fsd50k\FSD50K.dev_audio\393666.wav,siren,fsd50k,real,0.0,fsd50k:393666
C:\Users\tprac\Downloads\sahara\sahara\data\raw\fsd50k\FSD50K.dev_audio\128459.wav,siren,fsd50k,real,0.0,fsd50k:128459
C:\Users\tprac\Downloads\sahara\sahara\data\raw\fsd50k\FSD50K.dev_audio\34280.wav,siren,fsd50k,real,0.0,fsd50k:34280
C:\Users\tprac\Downloads\sahara\sahara\data\raw\fsd50k\FSD50K.dev_audio\93676.wav,siren,fsd50k,real,0.0,fsd50k:93676
C:\Users\tprac\Downloads\sahara\sahara\data\raw\fsd50k\FSD50K.dev_audio\353265.wav,siren,fsd50k,real,0.0,fsd50k:353265
C:\Users\tprac\Downloads\sahara\sahara\data\raw\fsd50k\FSD50K.dev_audio\261589.wav,siren,fsd50k,real,0.0,fsd50k:261589
C:\Users\tprac\Downloads\sahara\sahara\data\raw\fsd50k\FSD50K.dev_audio\93643.wav,siren,fsd50k,real,0.0,fsd50k:93643
C:\Users\tprac\Downloads\sahara\sahara\data\raw\fsd50k\FSD50K.dev_audio\381957.wav,siren,fsd50k,real,0.0,fsd50k:381957
C:\Users\tprac\Downloads\sahara\sahara\data\raw\fsd50k\FSD50K.dev_audio\372251.wav,siren,fsd50k,real,0.0,fsd50k:372251
C:\Users\tprac\Downloads\sahara\sahara\data\raw\fsd50k\FSD50K.dev_audio\332918.wav,siren,fsd50k,real,0.0,fsd50k:332918
C:\Users\tprac\Downloads\sahara\sahara\data\raw\fsd50k\FSD50K.dev_audio\382620.wav,siren,fsd50k,real,0.0,fsd50k:382620
C:\Users\tprac\Downloads\sahara\sahara\data\raw\fsd50k\FSD50K.dev_audio\353956.wav,siren,fsd50k,real,0.0,fsd50k:353956
C:\Users\tprac\Downloads\sahara\sahara\data\raw\fsd50k\FSD50K.dev_audio\202418.wav,siren,fsd50k,real,0.0,fsd50k:202418
C:\Users\tprac\Downloads\sahara\sahara\data\raw\fsd50k\FSD50K.dev_audio\324275.wav,siren,fsd50k,real,0.0,fsd50k:324275
C:\Users\tprac\Downloads\sahara\sahara\data\raw\fsd50k\FSD50K.dev_audio\410825.wav,siren,fsd50k,real,0.0,fsd50k:410825
C:\Users\tprac\Downloads\sahara\sahara\data\raw\fsd50k\FSD50K.dev_audio\201945.wav,siren,fsd50k,real,0.0,fsd50k:201945
C:\Users\tprac\Downloads\sahara\sahara\data\raw\fsd50k\FSD50K.dev_audio\208652.wav,siren,fsd50k,real,0.0,fsd50k:208652
C:\Users\tprac\Downloads\sahara\sahara\data\raw\fsd50k\FSD50K.dev_audio\67358.wav,siren,fsd50k,real,0.0,fsd50k:67358
C:\Users\tprac\Downloads\sahara\sahara\data\raw\fsd50k\FSD50K.dev_audio\67359.wav,siren,fsd50k,real,0.0,fsd50k:67359
C:\Users\tprac\Downloads\sahara\sahara\data\raw\fsd50k\FSD50K.dev_audio\377125.wav,siren,fsd50k,real,0.0,fsd50k:377125
C:\Users\tprac\Downloads\sahara\sahara\data\raw\fsd50k\FSD50K.dev_audio\377126.wav,siren,fsd50k,real,0.0,fsd50k:377126
C:\Users\tprac\Downloads\sahara\sahara\data\raw\fsd50k\FSD50K.dev_audio\87393.wav,siren,fsd50k,real,0.0,fsd50k:87393
C:\Users\tprac\Downloads\sahara\sahara\data\raw\fsd50k\FSD50K.dev_audio\261593.wav,siren,fsd50k,real,0.0,fsd50k:261593
C:\Users\tprac\Downloads\sahara\sahara\data\raw\fsd50k\FSD50K.eval_audio\58368.wav,siren,fsd50k,real,0.0,fsd50k:58368
C:\Users\tprac\Downloads\sahara\sahara\data\raw\fsd50k\FSD50K.eval_audio\58369.wav,siren,fsd50k,real,0.0,fsd50k:58369
C:\Users\tprac\Downloads\sahara\sahara\data\raw\fsd50k\FSD50K.eval_audio\378257.wav,siren,fsd50k,real,0.0,fsd50k:378257
C:\Users\tprac\Downloads\sahara\sahara\data\raw\fsd50k\FSD50K.eval_audio\238228.wav,siren,fsd50k,real,0.0,fsd50k:238228
C:\Users\tprac\Downloads\sahara\sahara\data\raw\fsd50k\FSD50K.eval_audio\70938.wav,siren,fsd50k,real,0.0,fsd50k:70938
C:\Users\tprac\Downloads\sahara\sahara\data\raw\fsd50k\FSD50K.eval_audio\70939.wav,siren,fsd50k,real,0.0,fsd50k:70939
C:\Users\tprac\Downloads\sahara\sahara\data\raw\fsd50k\FSD50K.eval_audio\43806.wav,siren,fsd50k,real,0.0,fsd50k:43806
C:\Users\tprac\Downloads\sahara\sahara\data\raw\fsd50k\FSD50K.eval_audio\58014.wav,siren,fsd50k,real,0.0,fsd50k:58014
C:\Users\tprac\Downloads\sahara\sahara\data\raw\fsd50k\FSD50K.eval_audio\58015.wav,siren,fsd50k,real,0.0,fsd50k:58015
C:\Users\tprac\Downloads\sahara\sahara\data\raw\fsd50k\FSD50K.eval_audio\431651.wav,siren,fsd50k,real,0.0,fsd50k:431651
C:\Users\tprac\Downloads\sahara\sahara\data\raw\fsd50k\FSD50K.eval_audio\70052.wav,siren,fsd50k,real,0.0,fsd50k:70052
C:\Users\tprac\Downloads\sahara\sahara\data\raw\fsd50k\FSD50K.eval_audio\348325.wav,siren,fsd50k,real,0.0,fsd50k:348325
C:\Users\tprac\Downloads\sahara\sahara\data\raw\fsd50k\FSD50K.eval_audio\135717.wav,siren,fsd50k,real,0.0,fsd50k:135717
C:\Users\tprac\Downloads\sahara\sahara\data\raw\fsd50k\FSD50K.eval_audio\392881.wav,siren,fsd50k,real,0.0,fsd50k:392881
C:\Users\tprac\Downloads\sahara\sahara\data\raw\fsd50k\FSD50K.eval_audio\242101.wav,siren,fsd50k,real,0.0,fsd50k:242101
C:\Users\tprac\Downloads\sahara\sahara\data\raw\fsd50k\FSD50K.eval_audio\123085.wav,siren,fsd50k,real,0.0,fsd50k:123085
C:\Users\tprac\Downloads\sahara\sahara\data\raw\fsd50k\FSD50K.eval_audio\321753.wav,siren,fsd50k,real,0.0,fsd50k:321753
C:\Users\tprac\Downloads\sahara\sahara\data\raw\fsd50k\FSD50K.eval_audio\188004.wav,siren,fsd50k,real,0.0,fsd50k:188004
C:\Users\tprac\Downloads\sahara\sahara\data\raw\fsd50k\FSD50K.eval_audio\30823.wav,siren,fsd50k,real,0.0,fsd50k:30823
C:\Users\tprac\Downloads\sahara\sahara\data\raw\fsd50k\FSD50K.eval_audio\405358.wav,siren,fsd50k,real,0.0,fsd50k:405358
C:\Users\tprac\Downloads\sahara\sahara\data\raw\fsd50k\FSD50K.eval_audio\59512.wav,siren,fsd50k,real,0.0,fsd50k:59512
C:\Users\tprac\Downloads\sahara\sahara\data\raw\fsd50k\FSD50K.eval_audio\405585.wav,siren,fsd50k,real,0.0,fsd50k:405585
C:\Users\tprac\Downloads\sahara\sahara\data\raw\fsd50k\FSD50K.eval_audio\405590.wav,siren,fsd50k,real,0.0,fsd50k:405590
C:\Users\tprac\Downloads\sahara\sahara\data\raw\fsd50k\FSD50K.eval_audio\405592.wav,siren,fsd50k,real,0.0,fsd50k:405592
C:\Users\tprac\Downloads\sahara\sahara\data\raw\fsd50k\FSD50K.eval_audio\53448.wav,siren,fsd50k,real,0.0,fsd50k:53448
C:\Users\tprac\Downloads\sahara\sahara\data\raw\fsd50k\FSD50K.eval_audio\26217.wav,siren,fsd50k,real,0.0,fsd50k:26217
C:\Users\tprac\Downloads\sahara\sahara\data\raw\fsd50k\FSD50K.eval_audio\119633.wav,siren,fsd50k,real,0.0,fsd50k:119633
C:\Users\tprac\Downloads\sahara\sahara\data\raw\fsd50k\FSD50K.eval_audio\383021.wav,siren,fsd50k,real,0.0,fsd50k:383021
C:\Users\tprac\Downloads\sahara\sahara\data\raw\fsd50k\FSD50K.eval_audio\420661.wav,siren,fsd50k,real,0.0,fsd50k:420661
C:\Users\tprac\Downloads\sahara\sahara\data\raw\fsd50k\FSD50K.eval_audio\27785.wav,siren,fsd50k,real,0.0,fsd50k:27785
C:\Users\tprac\Downloads\sahara\sahara\data\raw\fsd50k\FSD50K.eval_audio\27787.wav,siren,fsd50k,real,0.0,fsd50k:27787
C:\Users\tprac\Downloads\sahara\sahara\data\raw\fsd50k\FSD50K.eval_audio\242856.wav,siren,fsd50k,real,0.0,fsd50k:242856
C:\Users\tprac\Downloads\sahara\sahara\data\raw\fsd50k\FSD50K.eval_audio\378252.wav,siren,fsd50k,real,0.0,fsd50k:378252
C:\Users\tprac\Downloads\sahara\sahara\data\raw\fsd50k\FSD50K.eval_audio\198297.wav,siren,fsd50k,real,0.0,fsd50k:198297
C:\Users\tprac\Downloads\sahara\sahara\data\raw\fsd50k\FSD50K.eval_audio\414494.wav,siren,fsd50k,real,0.0,fsd50k:414494
C:\Users\tprac\Downloads\sahara\sahara\data\raw\fsd50k\FSD50K.eval_audio\253605.wav,siren,fsd50k,real,0.0,fsd50k:253605
C:\Users\tprac\Downloads\sahara\sahara\data\raw\fsd50k\FSD50K.eval_audio\119635.wav,siren,fsd50k,real,0.0,fsd50k:119635
C:\Users\tprac\Downloads\sahara\sahara\data\raw\fsd50k\FSD50K.eval_audio\345813.wav,siren,fsd50k,real,0.0,fsd50k:345813
C:\Users\tprac\Downloads\sahara\sahara\data\raw\fsd50k\FSD50K.eval_audio\104293.wav,siren,fsd50k,real,0.0,fsd50k:104293
C:\Users\tprac\Downloads\sahara\sahara\data\raw\fsd50k\FSD50K.eval_audio\371179.wav,siren,fsd50k,real,0.0,fsd50k:371179
C:\Users\tprac\Downloads\sahara\sahara\data\raw\audioset\siren\-4RWqM0UCCY_0_000_10_000.wav,siren,audioset,real,10.0078125,audioset:-4RWqM0UCCY
C:\Users\tprac\Downloads\sahara\sahara\data\raw\audioset\siren\-gKNRXbpAKs_30_000_40_000.wav,siren,audioset,real,19.9935,audioset:-gKNRXbpAKs
C:\Users\tprac\Downloads\sahara\sahara\data\raw\audioset\siren\-oSw8wNpLcY_60_000_70_000.wav,siren,audioset,real,10.0081875,audioset:-oSw8wNpLcY
C:\Users\tprac\Downloads\sahara\sahara\data\raw\audioset\siren\-z47zN0YyE4_420_000_430_000.wav,siren,audioset,real,19.9935,audioset:-z47zN0YyE4
C:\Users\tprac\Downloads\sahara\sahara\data\raw\audioset\siren\-_dElQcyJnA_30_000_40_000.wav,siren,audioset,real,19.9935,audioset:-
C:\Users\tprac\Downloads\sahara\sahara\data\raw\audioset\siren\03NLMEMi8-I_30_000_40_000.wav,siren,audioset,real,19.9935,audioset:03NLMEMi8-I
C:\Users\tprac\Downloads\sahara\sahara\data\raw\audioset\siren\0JPT13OUVV8_220_000_230_000.wav,siren,audioset,real,19.9935,audioset:0JPT13OUVV8
C:\Users\tprac\Downloads\sahara\sahara\data\raw\audioset\siren\2oT1tf8FRoU_260_000_270_000.wav,siren,audioset,real,19.9935,audioset:2oT1tf8FRoU
C:\Users\tprac\Downloads\sahara\sahara\data\raw\audioset\siren\3uZy0wkterE_30_000_40_000.wav,siren,audioset,real,19.9935,audioset:3uZy0wkterE
C:\Users\tprac\Downloads\sahara\sahara\data\raw\audioset\siren\4ekovmvm3jM_30_000_40_000.wav,siren,audioset,real,10.008,audioset:4ekovmvm3jM
C:\Users\tprac\Downloads\sahara\sahara\data\raw\audioset\siren\4lflH2Jvm8k_30_000_40_000.wav,siren,audioset,real,10.008,audioset:4lflH2Jvm8k
C:\Users\tprac\Downloads\sahara\sahara\data\raw\audioset\siren\4yub23Xuzos_150_000_160_000.wav,siren,audioset,real,19.9935,audioset:4yub23Xuzos
C:\Users\tprac\Downloads\sahara\sahara\data\raw\audioset\siren\5quD8nDBLnU_60_000_70_000.wav,siren,audioset,real,19.9935,audioset:5quD8nDBLnU
C:\Users\tprac\Downloads\sahara\sahara\data\raw\audioset\siren\61ZirC2IlLg_210_000_220_000.wav,siren,audioset,real,19.9935,audioset:61ZirC2IlLg
C:\Users\tprac\Downloads\sahara\sahara\data\raw\audioset\siren\6dhpe65QOcc_16_000_26_000.wav,siren,audioset,real,9.9135,audioset:6dhpe65QOcc
C:\Users\tprac\Downloads\sahara\sahara\data\raw\fsd50k\FSD50K.dev_audio\236064.wav,dog_bark,fsd50k,real,0.0,fsd50k:236064
C:\Users\tprac\Downloads\sahara\sahara\data\raw\fsd50k\FSD50K.dev_audio\236107.wav,dog_bark,fsd50k,real,0.0,fsd50k:236107
C:\Users\tprac\Downloads\sahara\sahara\data\raw\fsd50k\FSD50K.dev_audio\236130.wav,dog_bark,fsd50k,real,0.0,fsd50k:236130
C:\Users\tprac\Downloads\sahara\sahara\data\raw\fsd50k\FSD50K.dev_audio\236164.wav,dog_bark,fsd50k,real,0.0,fsd50k:236164
C:\Users\tprac\Downloads\sahara\sahara\data\raw\fsd50k\FSD50K.dev_audio\236231.wav,dog_bark,fsd50k,real,0.0,fsd50k:236231
C:\Users\tprac\Downloads\sahara\sahara\data\raw\fsd50k\FSD50K.dev_audio\236254.wav,dog_bark,fsd50k,real,0.0,fsd50k:236254
C:\Users\tprac\Downloads\sahara\sahara\data\raw\fsd50k\FSD50K.dev_audio\236268.wav,dog_bark,fsd50k,real,0.0,fsd50k:236268
C:\Users\tprac\Downloads\sahara\sahara\data\raw\fsd50k\FSD50K.dev_audio\236277.wav,dog_bark,fsd50k,real,0.0,fsd50k:236277
C:\Users\tprac\Downloads\sahara\sahara\data\raw\fsd50k\FSD50K.dev_audio\408911.wav,dog_bark,fsd50k,real,0.0,fsd50k:408911
C:\Users\tprac\Downloads\sahara\sahara\data\raw\fsd50k\FSD50K.dev_audio\72723.wav,dog_bark,fsd50k,real,0.0,fsd50k:72723
C:\Users\tprac\Downloads\sahara\sahara\data\raw\fsd50k\FSD50K.dev_audio\221207.wav,dog_bark,fsd50k,real,0.0,fsd50k:221207
C:\Users\tprac\Downloads\sahara\sahara\data\raw\fsd50k\FSD50K.dev_audio\328728.wav,dog_bark,fsd50k,real,0.0,fsd50k:328728
C:\Users\tprac\Downloads\sahara\sahara\data\raw\fsd50k\FSD50K.dev_audio\328729.wav,dog_bark,fsd50k,real,0.0,fsd50k:328729
C:\Users\tprac\Downloads\sahara\sahara\data\raw\fsd50k\FSD50K.dev_audio\170015.wav,dog_bark,fsd50k,real,0.0,fsd50k:170015
C:\Users\tprac\Downloads\sahara\sahara\data\raw\fsd50k\FSD50K.dev_audio\121888.wav,dog_bark,fsd50k,real,0.0,fsd50k:121888
C:\Users\tprac\Downloads\sahara\sahara\data\raw\fsd50k\FSD50K.dev_audio\36902.wav,dog_bark,fsd50k,real,0.0,fsd50k:36902
C:\Users\tprac\Downloads\sahara\sahara\data\raw\fsd50k\FSD50K.dev_audio\128042.wav,dog_bark,fsd50k,real,0.0,fsd50k:128042
C:\Users\tprac\Downloads\sahara\sahara\data\raw\fsd50k\FSD50K.dev_audio\34872.wav,dog_bark,fsd50k,real,0.0,fsd50k:34872
C:\Users\tprac\Downloads\sahara\sahara\data\raw\fsd50k\FSD50K.dev_audio\33849.wav,dog_bark,fsd50k,real,0.0,fsd50k:33849
C:\Users\tprac\Downloads\sahara\sahara\data\raw\fsd50k\FSD50K.dev_audio\55365.wav,dog_bark,fsd50k,real,0.0,fsd50k:55365
C:\Users\tprac\Downloads\sahara\sahara\data\raw\fsd50k\FSD50K.dev_audio\77930.wav,dog_bark,fsd50k,real,0.0,fsd50k:77930
C:\Users\tprac\Downloads\sahara\sahara\data\raw\fsd50k\FSD50K.dev_audio\364662.wav,dog_bark,fsd50k,real,0.0,fsd50k:364662
C:\Users\tprac\Downloads\sahara\sahara\data\raw\fsd50k\FSD50K.dev_audio\182395.wav,dog_bark,fsd50k,real,0.0,fsd50k:182395
C:\Users\tprac\Downloads\sahara\sahara\data\raw\fsd50k\FSD50K.dev_audio\72829.wav,dog_bark,fsd50k,real,0.0,fsd50k:72829
C:\Users\tprac\Downloads\sahara\sahara\data\raw\fsd50k\FSD50K.dev_audio\389254.wav,dog_bark,fsd50k,real,0.0,fsd50k:389254
C:\Users\tprac\Downloads\sahara\sahara\data\raw\fsd50k\FSD50K.dev_audio\264332.wav,dog_bark,fsd50k,real,0.0,fsd50k:264332
C:\Users\tprac\Downloads\sahara\sahara\data\raw\fsd50k\FSD50K.dev_audio\261286.wav,dog_bark,fsd50k,real,0.0,fsd50k:261286
C:\Users\tprac\Downloads\sahara\sahara\data\raw\fsd50k\FSD50K.dev_audio\348332.wav,dog_bark,fsd50k,real,0.0,fsd50k:348332
C:\Users\tprac\Downloads\sahara\sahara\data\raw\fsd50k\FSD50K.dev_audio\118962.wav,dog_bark,fsd50k,real,0.0,fsd50k:118962
C:\Users\tprac\Downloads\sahara\sahara\data\raw\fsd50k\FSD50K.dev_audio\118964.wav,dog_bark,fsd50k,real,0.0,fsd50k:118964
C:\Users\tprac\Downloads\sahara\sahara\data\raw\fsd50k\FSD50K.dev_audio\131258.wav,dog_bark,fsd50k,real,0.0,fsd50k:131258
C:\Users\tprac\Downloads\sahara\sahara\data\raw\fsd50k\FSD50K.dev_audio\400576.wav,dog_bark,fsd50k,real,0.0,fsd50k:400576
C:\Users\tprac\Downloads\sahara\sahara\data\raw\fsd50k\FSD50K.dev_audio\194753.wav,dog_bark,fsd50k,real,0.0,fsd50k:194753
C:\Users\tprac\Downloads\sahara\sahara\data\raw\fsd50k\FSD50K.dev_audio\342250.wav,dog_bark,fsd50k,real,0.0,fsd50k:342250
C:\Users\tprac\Downloads\sahara\sahara\data\raw\fsd50k\FSD50K.dev_audio\236139.wav,dog_bark,fsd50k,real,0.0,fsd50k:236139
C:\Users\tprac\Downloads\sahara\sahara\data\raw\fsd50k\FSD50K.dev_audio\254190.wav,dog_bark,fsd50k,real,0.0,fsd50k:254190
C:\Users\tprac\Downloads\sahara\sahara\data\raw\fsd50k\FSD50K.dev_audio\254191.wav,dog_bark,fsd50k,real,0.0,fsd50k:254191
C:\Users\tprac\Downloads\sahara\sahara\data\raw\fsd50k\FSD50K.dev_audio\342264.wav,dog_bark,fsd50k,real,0.0,fsd50k:342264
C:\Users\tprac\Downloads\sahara\sahara\data\raw\fsd50k\FSD50K.dev_audio\270586.wav,dog_bark,fsd50k,real,0.0,fsd50k:270586
C:\Users\tprac\Downloads\sahara\sahara\data\raw\fsd50k\FSD50K.dev_audio\157950.wav,dog_bark,fsd50k,real,0.0,fsd50k:157950
C:\Users\tprac\Downloads\sahara\sahara\data\raw\fsd50k\FSD50K.dev_audio\270590.wav,dog_bark,fsd50k,real,0.0,fsd50k:270590
C:\Users\tprac\Downloads\sahara\sahara\data\raw\fsd50k\FSD50K.dev_audio\266511.wav,dog_bark,fsd50k,real,0.0,fsd50k:266511
C:\Users\tprac\Downloads\sahara\sahara\data\raw\fsd50k\FSD50K.dev_audio\95532.wav,dog_bark,fsd50k,real,0.0,fsd50k:95532
C:\Users\tprac\Downloads\sahara\sahara\data\raw\fsd50k\FSD50K.dev_audio\142641.wav,dog_bark,fsd50k,real,0.0,fsd50k:142641
C:\Users\tprac\Downloads\sahara\sahara\data\raw\fsd50k\FSD50K.dev_audio\418106.wav,dog_bark,fsd50k,real,0.0,fsd50k:418106
C:\Users\tprac\Downloads\sahara\sahara\data\raw\fsd50k\FSD50K.dev_audio\418107.wav,dog_bark,fsd50k,real,0.0,fsd50k:418107
C:\Users\tprac\Downloads\sahara\sahara\data\raw\fsd50k\FSD50K.dev_audio\6457.wav,dog_bark,fsd50k,real,0.0,fsd50k:6457
C:\Users\tprac\Downloads\sahara\sahara\data\raw\fsd50k\FSD50K.dev_audio\344.wav,dog_bark,fsd50k,real,0.0,fsd50k:344
C:\Users\tprac\Downloads\sahara\sahara\data\raw\fsd50k\FSD50K.dev_audio\235865.wav,dog_bark,fsd50k,real,0.0,fsd50k:235865
C:\Users\tprac\Downloads\sahara\sahara\data\raw\fsd50k\FSD50K.dev_audio\235864.wav,dog_bark,fsd50k,real,0.0,fsd50k:235864
C:\Users\tprac\Downloads\sahara\sahara\data\raw\fsd50k\FSD50K.dev_audio\235867.wav,dog_bark,fsd50k,real,0.0,fsd50k:235867
C:\Users\tprac\Downloads\sahara\sahara\data\raw\fsd50k\FSD50K.dev_audio\160092.wav,dog_bark,fsd50k,real,0.0,fsd50k:160092
C:\Users\tprac\Downloads\sahara\sahara\data\raw\fsd50k\FSD50K.dev_audio\84317.wav,dog_bark,fsd50k,real,0.0,fsd50k:84317
C:\Users\tprac\Downloads\sahara\sahara\data\raw\fsd50k\FSD50K.dev_audio\160094.wav,dog_bark,fsd50k,real,0.0,fsd50k:160094
C:\Users\tprac\Downloads\sahara\sahara\data\raw\fsd50k\FSD50K.dev_audio\235869.wav,dog_bark,fsd50k,real,0.0,fsd50k:235869
C:\Users\tprac\Downloads\sahara\sahara\data\raw\fsd50k\FSD50K.dev_audio\235871.wav,dog_bark,fsd50k,real,0.0,fsd50k:235871
C:\Users\tprac\Downloads\sahara\sahara\data\raw\fsd50k\FSD50K.dev_audio\418154.wav,dog_bark,fsd50k,real,0.0,fsd50k:418154
C:\Users\tprac\Downloads\sahara\sahara\data\raw\fsd50k\FSD50K.dev_audio\418155.wav,dog_bark,fsd50k,real,0.0,fsd50k:418155
C:\Users\tprac\Downloads\sahara\sahara\data\raw\fsd50k\FSD50K.dev_audio\235884.wav,dog_bark,fsd50k,real,0.0,fsd50k:235884
C:\Users\tprac\Downloads\sahara\sahara\data\raw\fsd50k\FSD50K.dev_audio\235885.wav,dog_bark,fsd50k,real,0.0,fsd50k:235885
C:\Users\tprac\Downloads\sahara\sahara\data\raw\fsd50k\FSD50K.dev_audio\235886.wav,dog_bark,fsd50k,real,0.0,fsd50k:235886
C:\Users\tprac\Downloads\sahara\sahara\data\raw\fsd50k\FSD50K.dev_audio\418156.wav,dog_bark,fsd50k,real,0.0,fsd50k:418156
C:\Users\tprac\Downloads\sahara\sahara\data\raw\fsd50k\FSD50K.dev_audio\235890.wav,dog_bark,fsd50k,real,0.0,fsd50k:235890
C:\Users\tprac\Downloads\sahara\sahara\data\raw\fsd50k\FSD50K.dev_audio\245114.wav,dog_bark,fsd50k,real,0.0,fsd50k:245114
C:\Users\tprac\Downloads\sahara\sahara\data\raw\fsd50k\FSD50K.dev_audio\332173.wav,dog_bark,fsd50k,real,0.0,fsd50k:332173
C:\Users\tprac\Downloads\sahara\sahara\data\raw\fsd50k\FSD50K.dev_audio\332176.wav,dog_bark,fsd50k,real,0.0,fsd50k:332176
C:\Users\tprac\Downloads\sahara\sahara\data\raw\fsd50k\FSD50K.dev_audio\184725.wav,dog_bark,fsd50k,real,0.0,fsd50k:184725
C:\Users\tprac\Downloads\sahara\sahara\data\raw\fsd50k\FSD50K.dev_audio\236967.wav,dog_bark,fsd50k,real,0.0,fsd50k:236967
C:\Users\tprac\Downloads\sahara\sahara\data\raw\fsd50k\FSD50K.dev_audio\50612.wav,dog_bark,fsd50k,real,0.0,fsd50k:50612
C:\Users\tprac\Downloads\sahara\sahara\data\raw\fsd50k\FSD50K.dev_audio\50613.wav,dog_bark,fsd50k,real,0.0,fsd50k:50613
C:\Users\tprac\Downloads\sahara\sahara\data\raw\fsd50k\FSD50K.dev_audio\50614.wav,dog_bark,fsd50k,real,0.0,fsd50k:50614
C:\Users\tprac\Downloads\sahara\sahara\data\raw\fsd50k\FSD50K.dev_audio\11722.wav,dog_bark,fsd50k,real,0.0,fsd50k:11722
C:\Users\tprac\Downloads\sahara\sahara\data\raw\fsd50k\FSD50K.dev_audio\70098.wav,dog_bark,fsd50k,real,0.0,fsd50k:70098
C:\Users\tprac\Downloads\sahara\sahara\data\raw\fsd50k\FSD50K.dev_audio\35296.wav,dog_bark,fsd50k,real,0.0,fsd50k:35296
C:\Users\tprac\Downloads\sahara\sahara\data\raw\fsd50k\FSD50K.dev_audio\67049.wav,dog_bark,fsd50k,real,0.0,fsd50k:67049
C:\Users\tprac\Downloads\sahara\sahara\data\raw\fsd50k\FSD50K.dev_audio\236011.wav,dog_bark,fsd50k,real,0.0,fsd50k:236011
C:\Users\tprac\Downloads\sahara\sahara\data\raw\fsd50k\FSD50K.dev_audio\236013.wav,dog_bark,fsd50k,real,0.0,fsd50k:236013
C:\Users\tprac\Downloads\sahara\sahara\data\raw\fsd50k\FSD50K.dev_audio\236017.wav,dog_bark,fsd50k,real,0.0,fsd50k:236017
C:\Users\tprac\Downloads\sahara\sahara\data\raw\fsd50k\FSD50K.dev_audio\236020.wav,dog_bark,fsd50k,real,0.0,fsd50k:236020
C:\Users\tprac\Downloads\sahara\sahara\data\raw\fsd50k\FSD50K.dev_audio\236021.wav,dog_bark,fsd50k,real,0.0,fsd50k:236021
C:\Users\tprac\Downloads\sahara\sahara\data\raw\fsd50k\FSD50K.dev_audio\236022.wav,dog_bark,fsd50k,real,0.0,fsd50k:236022
C:\Users\tprac\Downloads\sahara\sahara\data\raw\fsd50k\FSD50K.dev_audio\236025.wav,dog_bark,fsd50k,real,0.0,fsd50k:236025
C:\Users\tprac\Downloads\sahara\sahara\data\raw\fsd50k\FSD50K.dev_audio\381434.wav,dog_bark,fsd50k,real,0.0,fsd50k:381434
C:\Users\tprac\Downloads\sahara\sahara\data\raw\fsd50k\FSD50K.dev_audio\236029.wav,dog_bark,fsd50k,real,0.0,fsd50k:236029
C:\Users\tprac\Downloads\sahara\sahara\data\raw\fsd50k\FSD50K.dev_audio\236030.wav,dog_bark,fsd50k,real,0.0,fsd50k:236030
C:\Users\tprac\Downloads\sahara\sahara\data\raw\fsd50k\FSD50K.dev_audio\236031.wav,dog_bark,fsd50k,real,0.0,fsd50k:236031
C:\Users\tprac\Downloads\sahara\sahara\data\raw\fsd50k\FSD50K.dev_audio\236032.wav,dog_bark,fsd50k,real,0.0,fsd50k:236032
C:\Users\tprac\Downloads\sahara\sahara\data\raw\fsd50k\FSD50K.dev_audio\236034.wav,dog_bark,fsd50k,real,0.0,fsd50k:236034
C:\Users\tprac\Downloads\sahara\sahara\data\raw\fsd50k\FSD50K.dev_audio\236035.wav,dog_bark,fsd50k,real,0.0,fsd50k:236035
C:\Users\tprac\Downloads\sahara\sahara\data\raw\fsd50k\FSD50K.dev_audio\236041.wav,dog_bark,fsd50k,real,0.0,fsd50k:236041
C:\Users\tprac\Downloads\sahara\sahara\data\raw\fsd50k\FSD50K.dev_audio\236042.wav,dog_bark,fsd50k,real,0.0,fsd50k:236042
C:\Users\tprac\Downloads\sahara\sahara\data\raw\fsd50k\FSD50K.dev_audio\236044.wav,dog_bark,fsd50k,real,0.0,fsd50k:236044
C:\Users\tprac\Downloads\sahara\sahara\data\raw\fsd50k\FSD50K.dev_audio\236045.wav,dog_bark,fsd50k,real,0.0,fsd50k:236045
C:\Users\tprac\Downloads\sahara\sahara\data\raw\fsd50k\FSD50K.dev_audio\236047.wav,dog_bark,fsd50k,real,0.0,fsd50k:236047
C:\Users\tprac\Downloads\sahara\sahara\data\raw\fsd50k\FSD50K.dev_audio\236048.wav,dog_bark,fsd50k,real,0.0,fsd50k:236048
C:\Users\tprac\Downloads\sahara\sahara\data\raw\fsd50k\FSD50K.dev_audio\236049.wav,dog_bark,fsd50k,real,0.0,fsd50k:236049
C:\Users\tprac\Downloads\sahara\sahara\data\raw\fsd50k\FSD50K.dev_audio\236051.wav,dog_bark,fsd50k,real,0.0,fsd50k:236051
C:\Users\tprac\Downloads\sahara\sahara\data\raw\fsd50k\FSD50K.dev_audio\236053.wav,dog_bark,fsd50k,real,0.0,fsd50k:236053
C:\Users\tprac\Downloads\sahara\sahara\data\raw\fsd50k\FSD50K.dev_audio\236054.wav,dog_bark,fsd50k,real,0.0,fsd50k:236054
C:\Users\tprac\Downloads\sahara\sahara\data\raw\fsd50k\FSD50K.dev_audio\117271.wav,dog_bark,fsd50k,real,0.0,fsd50k:117271
C:\Users\tprac\Downloads\sahara\sahara\data\raw\fsd50k\FSD50K.dev_audio\236056.wav,dog_bark,fsd50k,real,0.0,fsd50k:236056
C:\Users\tprac\Downloads\sahara\sahara\data\raw\fsd50k\FSD50K.dev_audio\236057.wav,dog_bark,fsd50k,real,0.0,fsd50k:236057
C:\Users\tprac\Downloads\sahara\sahara\data\raw\fsd50k\FSD50K.dev_audio\236061.wav,dog_bark,fsd50k,real,0.0,fsd50k:236061
C:\Users\tprac\Downloads\sahara\sahara\data\raw\fsd50k\FSD50K.dev_audio\236062.wav,dog_bark,fsd50k,real,0.0,fsd50k:236062
C:\Users\tprac\Downloads\sahara\sahara\data\raw\fsd50k\FSD50K.dev_audio\236066.wav,dog_bark,fsd50k,real,0.0,fsd50k:236066
C:\Users\tprac\Downloads\sahara\sahara\data\raw\fsd50k\FSD50K.dev_audio\236067.wav,dog_bark,fsd50k,real,0.0,fsd50k:236067
C:\Users\tprac\Downloads\sahara\sahara\data\raw\fsd50k\FSD50K.dev_audio\236068.wav,dog_bark,fsd50k,real,0.0,fsd50k:236068
C:\Users\tprac\Downloads\sahara\sahara\data\raw\fsd50k\FSD50K.dev_audio\236065.wav,dog_bark,fsd50k,real,0.0,fsd50k:236065
C:\Users\tprac\Downloads\sahara\sahara\data\raw\fsd50k\FSD50K.dev_audio\196127.wav,dog_bark,fsd50k,real,0.0,fsd50k:196127
C:\Users\tprac\Downloads\sahara\sahara\data\raw\fsd50k\FSD50K.dev_audio\54823.wav,dog_bark,fsd50k,real,0.0,fsd50k:54823
C:\Users\tprac\Downloads\sahara\sahara\data\raw\fsd50k\FSD50K.dev_audio\236071.wav,dog_bark,fsd50k,real,0.0,fsd50k:236071
C:\Users\tprac\Downloads\sahara\sahara\data\raw\fsd50k\FSD50K.dev_audio\433697.wav,dog_bark,fsd50k,real,0.0,fsd50k:433697
C:\Users\tprac\Downloads\sahara\sahara\data\raw\fsd50k\FSD50K.dev_audio\236076.wav,dog_bark,fsd50k,real,0.0,fsd50k:236076
C:\Users\tprac\Downloads\sahara\sahara\data\raw\fsd50k\FSD50K.dev_audio\236077.wav,dog_bark,fsd50k,real,0.0,fsd50k:236077
C:\Users\tprac\Downloads\sahara\sahara\data\raw\fsd50k\FSD50K.dev_audio\236078.wav,dog_bark,fsd50k,real,0.0,fsd50k:236078
C:\Users\tprac\Downloads\sahara\sahara\data\raw\fsd50k\FSD50K.dev_audio\184880.wav,dog_bark,fsd50k,real,0.0,fsd50k:184880
C:\Users\tprac\Downloads\sahara\sahara\data\raw\fsd50k\FSD50K.dev_audio\236084.wav,dog_bark,fsd50k,real,0.0,fsd50k:236084
C:\Users\tprac\Downloads\sahara\sahara\data\raw\fsd50k\FSD50K.dev_audio\236085.wav,dog_bark,fsd50k,real,0.0,fsd50k:236085
C:\Users\tprac\Downloads\sahara\sahara\data\raw\fsd50k\FSD50K.dev_audio\236086.wav,dog_bark,fsd50k,real,0.0,fsd50k:236086
C:\Users\tprac\Downloads\sahara\sahara\data\raw\fsd50k\FSD50K.dev_audio\236088.wav,dog_bark,fsd50k,real,0.0,fsd50k:236088
C:\Users\tprac\Downloads\sahara\sahara\data\raw\fsd50k\FSD50K.dev_audio\236089.wav,dog_bark,fsd50k,real,0.0,fsd50k:236089
C:\Users\tprac\Downloads\sahara\sahara\data\raw\fsd50k\FSD50K.dev_audio\236090.wav,dog_bark,fsd50k,real,0.0,fsd50k:236090
C:\Users\tprac\Downloads\sahara\sahara\data\raw\fsd50k\FSD50K.dev_audio\236093.wav,dog_bark,fsd50k,real,0.0,fsd50k:236093
C:\Users\tprac\Downloads\sahara\sahara\data\raw\fsd50k\FSD50K.dev_audio\236094.wav,dog_bark,fsd50k,real,0.0,fsd50k:236094
C:\Users\tprac\Downloads\sahara\sahara\data\raw\fsd50k\FSD50K.dev_audio\236095.wav,dog_bark,fsd50k,real,0.0,fsd50k:236095
C:\Users\tprac\Downloads\sahara\sahara\data\raw\fsd50k\FSD50K.dev_audio\236096.wav,dog_bark,fsd50k,real,0.0,fsd50k:236096
C:\Users\tprac\Downloads\sahara\sahara\data\raw\fsd50k\FSD50K.dev_audio\236097.wav,dog_bark,fsd50k,real,0.0,fsd50k:236097
C:\Users\tprac\Downloads\sahara\sahara\data\raw\fsd50k\FSD50K.dev_audio\277058.wav,dog_bark,fsd50k,real,0.0,fsd50k:277058
C:\Users\tprac\Downloads\sahara\sahara\data\raw\fsd50k\FSD50K.dev_audio\236098.wav,dog_bark,fsd50k,real,0.0,fsd50k:236098
C:\Users\tprac\Downloads\sahara\sahara\data\raw\fsd50k\FSD50K.dev_audio\236100.wav,dog_bark,fsd50k,real,0.0,fsd50k:236100
C:\Users\tprac\Downloads\sahara\sahara\data\raw\fsd50k\FSD50K.dev_audio\236101.wav,dog_bark,fsd50k,real,0.0,fsd50k:236101
C:\Users\tprac\Downloads\sahara\sahara\data\raw\fsd50k\FSD50K.dev_audio\236105.wav,dog_bark,fsd50k,real,0.0,fsd50k:236105
C:\Users\tprac\Downloads\sahara\sahara\data\raw\fsd50k\FSD50K.dev_audio\236106.wav,dog_bark,fsd50k,real,0.0,fsd50k:236106
C:\Users\tprac\Downloads\sahara\sahara\data\raw\fsd50k\FSD50K.dev_audio\137803.wav,dog_bark,fsd50k,real,0.0,fsd50k:137803
C:\Users\tprac\Downloads\sahara\sahara\data\raw\fsd50k\FSD50K.dev_audio\236109.wav,dog_bark,fsd50k,real,0.0,fsd50k:236109
C:\Users\tprac\Downloads\sahara\sahara\data\raw\fsd50k\FSD50K.dev_audio\236108.wav,dog_bark,fsd50k,real,0.0,fsd50k:236108
C:\Users\tprac\Downloads\sahara\sahara\data\raw\fsd50k\FSD50K.dev_audio\236110.wav,dog_bark,fsd50k,real,0.0,fsd50k:236110
C:\Users\tprac\Downloads\sahara\sahara\data\raw\fsd50k\FSD50K.dev_audio\236112.wav,dog_bark,fsd50k,real,0.0,fsd50k:236112
C:\Users\tprac\Downloads\sahara\sahara\data\raw\fsd50k\FSD50K.dev_audio\236118.wav,dog_bark,fsd50k,real,0.0,fsd50k:236118
C:\Users\tprac\Downloads\sahara\sahara\data\raw\fsd50k\FSD50K.dev_audio\236119.wav,dog_bark,fsd50k,real,0.0,fsd50k:236119
C:\Users\tprac\Downloads\sahara\sahara\data\raw\fsd50k\FSD50K.dev_audio\236120.wav,dog_bark,fsd50k,real,0.0,fsd50k:236120
C:\Users\tprac\Downloads\sahara\sahara\data\raw\fsd50k\FSD50K.dev_audio\236121.wav,dog_bark,fsd50k,real,0.0,fsd50k:236121
C:\Users\tprac\Downloads\sahara\sahara\data\raw\fsd50k\FSD50K.dev_audio\236123.wav,dog_bark,fsd50k,real,0.0,fsd50k:236123
C:\Users\tprac\Downloads\sahara\sahara\data\raw\fsd50k\FSD50K.dev_audio\211548.wav,dog_bark,fsd50k,real,0.0,fsd50k:211548
C:\Users\tprac\Downloads\sahara\sahara\data\raw\fsd50k\FSD50K.dev_audio\236125.wav,dog_bark,fsd50k,real,0.0,fsd50k:236125
C:\Users\tprac\Downloads\sahara\sahara\data\raw\fsd50k\FSD50K.dev_audio\236124.wav,dog_bark,fsd50k,real,0.0,fsd50k:236124
C:\Users\tprac\Downloads\sahara\sahara\data\raw\fsd50k\FSD50K.dev_audio\236128.wav,dog_bark,fsd50k,real,0.0,fsd50k:236128
C:\Users\tprac\Downloads\sahara\sahara\data\raw\fsd50k\FSD50K.dev_audio\236126.wav,dog_bark,fsd50k,real,0.0,fsd50k:236126
C:\Users\tprac\Downloads\sahara\sahara\data\raw\fsd50k\FSD50K.dev_audio\420448.wav,dog_bark,fsd50k,real,0.0,fsd50k:420448
C:\Users\tprac\Downloads\sahara\sahara\data\raw\fsd50k\FSD50K.dev_audio\236134.wav,dog_bark,fsd50k,real,0.0,fsd50k:236134
C:\Users\tprac\Downloads\sahara\sahara\data\raw\fsd50k\FSD50K.dev_audio\420450.wav,dog_bark,fsd50k,real,0.0,fsd50k:420450
C:\Users\tprac\Downloads\sahara\sahara\data\raw\fsd50k\FSD50K.dev_audio\114280.wav,dog_bark,fsd50k,real,0.0,fsd50k:114280
C:\Users\tprac\Downloads\sahara\sahara\data\raw\fsd50k\FSD50K.dev_audio\236135.wav,dog_bark,fsd50k,real,0.0,fsd50k:236135
C:\Users\tprac\Downloads\sahara\sahara\data\raw\fsd50k\FSD50K.dev_audio\236131.wav,dog_bark,fsd50k,real,0.0,fsd50k:236131
C:\Users\tprac\Downloads\sahara\sahara\data\raw\fsd50k\FSD50K.dev_audio\236138.wav,dog_bark,fsd50k,real,0.0,fsd50k:236138
C:\Users\tprac\Downloads\sahara\sahara\data\raw\fsd50k\FSD50K.dev_audio\387686.wav,dog_bark,fsd50k,real,0.0,fsd50k:387686
C:\Users\tprac\Downloads\sahara\sahara\data\raw\fsd50k\FSD50K.dev_audio\236142.wav,dog_bark,fsd50k,real,0.0,fsd50k:236142
C:\Users\tprac\Downloads\sahara\sahara\data\raw\fsd50k\FSD50K.dev_audio\387689.wav,dog_bark,fsd50k,real,0.0,fsd50k:387689
C:\Users\tprac\Downloads\sahara\sahara\data\raw\fsd50k\FSD50K.dev_audio\236144.wav,dog_bark,fsd50k,real,0.0,fsd50k:236144
C:\Users\tprac\Downloads\sahara\sahara\data\raw\fsd50k\FSD50K.dev_audio\236145.wav,dog_bark,fsd50k,real,0.0,fsd50k:236145
C:\Users\tprac\Downloads\sahara\sahara\data\raw\fsd50k\FSD50K.dev_audio\236140.wav,dog_bark,fsd50k,real,0.0,fsd50k:236140
C:\Users\tprac\Downloads\sahara\sahara\data\raw\fsd50k\FSD50K.dev_audio\236141.wav,dog_bark,fsd50k,real,0.0,fsd50k:236141
C:\Users\tprac\Downloads\sahara\sahara\data\raw\fsd50k\FSD50K.dev_audio\125554.wav,dog_bark,fsd50k,real,0.0,fsd50k:125554
C:\Users\tprac\Downloads\sahara\sahara\data\raw\fsd50k\FSD50K.dev_audio\432755.wav,dog_bark,fsd50k,real,0.0,fsd50k:432755
C:\Users\tprac\Downloads\sahara\sahara\data\raw\fsd50k\FSD50K.dev_audio\236148.wav,dog_bark,fsd50k,real,0.0,fsd50k:236148
C:\Users\tprac\Downloads\sahara\sahara\data\raw\fsd50k\FSD50K.dev_audio\236154.wav,dog_bark,fsd50k,real,0.0,fsd50k:236154
C:\Users\tprac\Downloads\sahara\sahara\data\raw\fsd50k\FSD50K.dev_audio\236150.wav,dog_bark,fsd50k,real,0.0,fsd50k:236150
C:\Users\tprac\Downloads\sahara\sahara\data\raw\fsd50k\FSD50K.dev_audio\236151.wav,dog_bark,fsd50k,real,0.0,fsd50k:236151
C:\Users\tprac\Downloads\sahara\sahara\data\raw\fsd50k\FSD50K.dev_audio\236153.wav,dog_bark,fsd50k,real,0.0,fsd50k:236153
C:\Users\tprac\Downloads\sahara\sahara\data\raw\fsd50k\FSD50K.dev_audio\236149.wav,dog_bark,fsd50k,real,0.0,fsd50k:236149
C:\Users\tprac\Downloads\sahara\sahara\data\raw\fsd50k\FSD50K.dev_audio\236155.wav,dog_bark,fsd50k,real,0.0,fsd50k:236155
C:\Users\tprac\Downloads\sahara\sahara\data\raw\fsd50k\FSD50K.dev_audio\119420.wav,dog_bark,fsd50k,real,0.0,fsd50k:119420
C:\Users\tprac\Downloads\sahara\sahara\data\raw\fsd50k\FSD50K.dev_audio\236157.wav,dog_bark,fsd50k,real,0.0,fsd50k:236157
C:\Users\tprac\Downloads\sahara\sahara\data\raw\fsd50k\FSD50K.dev_audio\236159.wav,dog_bark,fsd50k,real,0.0,fsd50k:236159
C:\Users\tprac\Downloads\sahara\sahara\data\raw\fsd50k\FSD50K.dev_audio\236156.wav,dog_bark,fsd50k,real,0.0,fsd50k:236156
C:\Users\tprac\Downloads\sahara\sahara\data\raw\fsd50k\FSD50K.dev_audio\236162.wav,dog_bark,fsd50k,real,0.0,fsd50k:236162
C:\Users\tprac\Downloads\sahara\sahara\data\raw\fsd50k\FSD50K.dev_audio\236167.wav,dog_bark,fsd50k,real,0.0,fsd50k:236167
C:\Users\tprac\Downloads\sahara\sahara\data\raw\fsd50k\FSD50K.dev_audio\236163.wav,dog_bark,fsd50k,real,0.0,fsd50k:236163
C:\Users\tprac\Downloads\sahara\sahara\data\raw\fsd50k\FSD50K.dev_audio\236165.wav,dog_bark,fsd50k,real,0.0,fsd50k:236165
C:\Users\tprac\Downloads\sahara\sahara\data\raw\fsd50k\FSD50K.dev_audio\236171.wav,dog_bark,fsd50k,real,0.0,fsd50k:236171
C:\Users\tprac\Downloads\sahara\sahara\data\raw\fsd50k\FSD50K.dev_audio\125574.wav,dog_bark,fsd50k,real,0.0,fsd50k:125574
C:\Users\tprac\Downloads\sahara\sahara\data\raw\fsd50k\FSD50K.dev_audio\236166.wav,dog_bark,fsd50k,real,0.0,fsd50k:236166
C:\Users\tprac\Downloads\sahara\sahara\data\raw\fsd50k\FSD50K.dev_audio\164488.wav,dog_bark,fsd50k,real,0.0,fsd50k:164488
C:\Users\tprac\Downloads\sahara\sahara\data\raw\fsd50k\FSD50K.dev_audio\236170.wav,dog_bark,fsd50k,real,0.0,fsd50k:236170
C:\Users\tprac\Downloads\sahara\sahara\data\raw\fsd50k\FSD50K.dev_audio\379531.wav,dog_bark,fsd50k,real,0.0,fsd50k:379531
C:\Users\tprac\Downloads\sahara\sahara\data\raw\fsd50k\FSD50K.dev_audio\236172.wav,dog_bark,fsd50k,real,0.0,fsd50k:236172
C:\Users\tprac\Downloads\sahara\sahara\data\raw\fsd50k\FSD50K.dev_audio\236173.wav,dog_bark,fsd50k,real,0.0,fsd50k:236173
C:\Users\tprac\Downloads\sahara\sahara\data\raw\fsd50k\FSD50K.dev_audio\390804.wav,dog_bark,fsd50k,real,0.0,fsd50k:390804
C:\Users\tprac\Downloads\sahara\sahara\data\raw\fsd50k\FSD50K.dev_audio\236174.wav,dog_bark,fsd50k,real,0.0,fsd50k:236174
C:\Users\tprac\Downloads\sahara\sahara\data\raw\fsd50k\FSD50K.dev_audio\236175.wav,dog_bark,fsd50k,real,0.0,fsd50k:236175
C:\Users\tprac\Downloads\sahara\sahara\data\raw\fsd50k\FSD50K.dev_audio\236180.wav,dog_bark,fsd50k,real,0.0,fsd50k:236180
C:\Users\tprac\Downloads\sahara\sahara\data\raw\fsd50k\FSD50K.dev_audio\236182.wav,dog_bark,fsd50k,real,0.0,fsd50k:236182
C:\Users\tprac\Downloads\sahara\sahara\data\raw\fsd50k\FSD50K.dev_audio\236184.wav,dog_bark,fsd50k,real,0.0,fsd50k:236184
C:\Users\tprac\Downloads\sahara\sahara\data\raw\fsd50k\FSD50K.dev_audio\236186.wav,dog_bark,fsd50k,real,0.0,fsd50k:236186
C:\Users\tprac\Downloads\sahara\sahara\data\raw\fsd50k\FSD50K.dev_audio\236188.wav,dog_bark,fsd50k,real,0.0,fsd50k:236188
C:\Users\tprac\Downloads\sahara\sahara\data\raw\fsd50k\FSD50K.dev_audio\144028.wav,dog_bark,fsd50k,real,0.0,fsd50k:144028
C:\Users\tprac\Downloads\sahara\sahara\data\raw\fsd50k\FSD50K.dev_audio\236193.wav,dog_bark,fsd50k,real,0.0,fsd50k:236193
C:\Users\tprac\Downloads\sahara\sahara\data\raw\fsd50k\FSD50K.dev_audio\85661.wav,dog_bark,fsd50k,real,0.0,fsd50k:85661
C:\Users\tprac\Downloads\sahara\sahara\data\raw\fsd50k\FSD50K.dev_audio\236196.wav,dog_bark,fsd50k,real,0.0,fsd50k:236196
C:\Users\tprac\Downloads\sahara\sahara\data\raw\fsd50k\FSD50K.dev_audio\236201.wav,dog_bark,fsd50k,real,0.0,fsd50k:236201
C:\Users\tprac\Downloads\sahara\sahara\data\raw\fsd50k\FSD50K.dev_audio\236202.wav,dog_bark,fsd50k,real,0.0,fsd50k:236202
C:\Users\tprac\Downloads\sahara\sahara\data\raw\fsd50k\FSD50K.dev_audio\236203.wav,dog_bark,fsd50k,real,0.0,fsd50k:236203
C:\Users\tprac\Downloads\sahara\sahara\data\raw\fsd50k\FSD50K.dev_audio\236204.wav,dog_bark,fsd50k,real,0.0,fsd50k:236204
C:\Users\tprac\Downloads\sahara\sahara\data\raw\fsd50k\FSD50K.dev_audio\155309.wav,dog_bark,fsd50k,real,0.0,fsd50k:155309
C:\Users\tprac\Downloads\sahara\sahara\data\raw\fsd50k\FSD50K.dev_audio\236205.wav,dog_bark,fsd50k,real,0.0,fsd50k:236205
C:\Users\tprac\Downloads\sahara\sahara\data\raw\fsd50k\FSD50K.dev_audio\155311.wav,dog_bark,fsd50k,real,0.0,fsd50k:155311
C:\Users\tprac\Downloads\sahara\sahara\data\raw\fsd50k\FSD50K.dev_audio\155312.wav,dog_bark,fsd50k,real,0.0,fsd50k:155312
C:\Users\tprac\Downloads\sahara\sahara\data\raw\fsd50k\FSD50K.dev_audio\236206.wav,dog_bark,fsd50k,real,0.0,fsd50k:236206
C:\Users\tprac\Downloads\sahara\sahara\data\raw\fsd50k\FSD50K.dev_audio\236214.wav,dog_bark,fsd50k,real,0.0,fsd50k:236214
C:\Users\tprac\Downloads\sahara\sahara\data\raw\fsd50k\FSD50K.dev_audio\236210.wav,dog_bark,fsd50k,real,0.0,fsd50k:236210
C:\Users\tprac\Downloads\sahara\sahara\data\raw\fsd50k\FSD50K.dev_audio\236211.wav,dog_bark,fsd50k,real,0.0,fsd50k:236211
C:\Users\tprac\Downloads\sahara\sahara\data\raw\fsd50k\FSD50K.dev_audio\107190.wav,dog_bark,fsd50k,real,0.0,fsd50k:107190
C:\Users\tprac\Downloads\sahara\sahara\data\raw\fsd50k\FSD50K.dev_audio\236215.wav,dog_bark,fsd50k,real,0.0,fsd50k:236215
C:\Users\tprac\Downloads\sahara\sahara\data\raw\fsd50k\FSD50K.dev_audio\236217.wav,dog_bark,fsd50k,real,0.0,fsd50k:236217
C:\Users\tprac\Downloads\sahara\sahara\data\raw\fsd50k\FSD50K.dev_audio\236218.wav,dog_bark,fsd50k,real,0.0,fsd50k:236218
C:\Users\tprac\Downloads\sahara\sahara\data\raw\fsd50k\FSD50K.dev_audio\236219.wav,dog_bark,fsd50k,real,0.0,fsd50k:236219
C:\Users\tprac\Downloads\sahara\sahara\data\raw\fsd50k\FSD50K.dev_audio\236222.wav,dog_bark,fsd50k,real,0.0,fsd50k:236222
C:\Users\tprac\Downloads\sahara\sahara\data\raw\fsd50k\FSD50K.dev_audio\236223.wav,dog_bark,fsd50k,real,0.0,fsd50k:236223
C:\Users\tprac\Downloads\sahara\sahara\data\raw\fsd50k\FSD50K.dev_audio\236225.wav,dog_bark,fsd50k,real,0.0,fsd50k:236225
C:\Users\tprac\Downloads\sahara\sahara\data\raw\fsd50k\FSD50K.dev_audio\236227.wav,dog_bark,fsd50k,real,0.0,fsd50k:236227
C:\Users\tprac\Downloads\sahara\sahara\data\raw\fsd50k\FSD50K.dev_audio\236230.wav,dog_bark,fsd50k,real,0.0,fsd50k:236230
C:\Users\tprac\Downloads\sahara\sahara\data\raw\fsd50k\FSD50K.dev_audio\236232.wav,dog_bark,fsd50k,real,0.0,fsd50k:236232
C:\Users\tprac\Downloads\sahara\sahara\data\raw\fsd50k\FSD50K.dev_audio\236234.wav,dog_bark,fsd50k,real,0.0,fsd50k:236234
C:\Users\tprac\Downloads\sahara\sahara\data\raw\fsd50k\FSD50K.dev_audio\236236.wav,dog_bark,fsd50k,real,0.0,fsd50k:236236
C:\Users\tprac\Downloads\sahara\sahara\data\raw\fsd50k\FSD50K.dev_audio\236237.wav,dog_bark,fsd50k,real,0.0,fsd50k:236237
C:\Users\tprac\Downloads\sahara\sahara\data\raw\fsd50k\FSD50K.dev_audio\236238.wav,dog_bark,fsd50k,real,0.0,fsd50k:236238
C:\Users\tprac\Downloads\sahara\sahara\data\raw\fsd50k\FSD50K.dev_audio\236241.wav,dog_bark,fsd50k,real,0.0,fsd50k:236241
C:\Users\tprac\Downloads\sahara\sahara\data\raw\fsd50k\FSD50K.dev_audio\236243.wav,dog_bark,fsd50k,real,0.0,fsd50k:236243
C:\Users\tprac\Downloads\sahara\sahara\data\raw\fsd50k\FSD50K.dev_audio\347763.wav,dog_bark,fsd50k,real,0.0,fsd50k:347763
C:\Users\tprac\Downloads\sahara\sahara\data\raw\fsd50k\FSD50K.dev_audio\236249.wav,dog_bark,fsd50k,real,0.0,fsd50k:236249
C:\Users\tprac\Downloads\sahara\sahara\data\raw\fsd50k\FSD50K.dev_audio\236250.wav,dog_bark,fsd50k,real,0.0,fsd50k:236250
C:\Users\tprac\Downloads\sahara\sahara\data\raw\fsd50k\FSD50K.dev_audio\236253.wav,dog_bark,fsd50k,real,0.0,fsd50k:236253
C:\Users\tprac\Downloads\sahara\sahara\data\raw\fsd50k\FSD50K.dev_audio\236255.wav,dog_bark,fsd50k,real,0.0,fsd50k:236255
C:\Users\tprac\Downloads\sahara\sahara\data\raw\fsd50k\FSD50K.dev_audio\236256.wav,dog_bark,fsd50k,real,0.0,fsd50k:236256
C:\Users\tprac\Downloads\sahara\sahara\data\raw\fsd50k\FSD50K.dev_audio\242402.wav,dog_bark,fsd50k,real,0.0,fsd50k:242402
C:\Users\tprac\Downloads\sahara\sahara\data\raw\fsd50k\FSD50K.dev_audio\242403.wav,dog_bark,fsd50k,real,0.0,fsd50k:242403
C:\Users\tprac\Downloads\sahara\sahara\data\raw\fsd50k\FSD50K.dev_audio\55013.wav,dog_bark,fsd50k,real,0.0,fsd50k:55013
C:\Users\tprac\Downloads\sahara\sahara\data\raw\fsd50k\FSD50K.dev_audio\236262.wav,dog_bark,fsd50k,real,0.0,fsd50k:236262
C:\Users\tprac\Downloads\sahara\sahara\data\raw\fsd50k\FSD50K.dev_audio\236263.wav,dog_bark,fsd50k,real,0.0,fsd50k:236263
C:\Users\tprac\Downloads\sahara\sahara\data\raw\fsd50k\FSD50K.dev_audio\236264.wav,dog_bark,fsd50k,real,0.0,fsd50k:236264
C:\Users\tprac\Downloads\sahara\sahara\data\raw\fsd50k\FSD50K.dev_audio\220901.wav,dog_bark,fsd50k,real,0.0,fsd50k:220901
C:\Users\tprac\Downloads\sahara\sahara\data\raw\fsd50k\FSD50K.dev_audio\236269.wav,dog_bark,fsd50k,real,0.0,fsd50k:236269
C:\Users\tprac\Downloads\sahara\sahara\data\raw\fsd50k\FSD50K.dev_audio\236270.wav,dog_bark,fsd50k,real,0.0,fsd50k:236270
C:\Users\tprac\Downloads\sahara\sahara\data\raw\fsd50k\FSD50K.dev_audio\236272.wav,dog_bark,fsd50k,real,0.0,fsd50k:236272
C:\Users\tprac\Downloads\sahara\sahara\data\raw\fsd50k\FSD50K.dev_audio\236273.wav,dog_bark,fsd50k,real,0.0,fsd50k:236273
C:\Users\tprac\Downloads\sahara\sahara\data\raw\fsd50k\FSD50K.dev_audio\236274.wav,dog_bark,fsd50k,real,0.0,fsd50k:236274
C:\Users\tprac\Downloads\sahara\sahara\data\raw\fsd50k\FSD50K.dev_audio\236276.wav,dog_bark,fsd50k,real,0.0,fsd50k:236276
C:\Users\tprac\Downloads\sahara\sahara\data\raw\fsd50k\FSD50K.dev_audio\244469.wav,dog_bark,fsd50k,real,0.0,fsd50k:244469
C:\Users\tprac\Downloads\sahara\sahara\data\raw\fsd50k\FSD50K.dev_audio\86774.wav,dog_bark,fsd50k,real,0.0,fsd50k:86774
C:\Users\tprac\Downloads\sahara\sahara\data\raw\fsd50k\FSD50K.dev_audio\236278.wav,dog_bark,fsd50k,real,0.0,fsd50k:236278
C:\Users\tprac\Downloads\sahara\sahara\data\raw\fsd50k\FSD50K.dev_audio\236282.wav,dog_bark,fsd50k,real,0.0,fsd50k:236282
C:\Users\tprac\Downloads\sahara\sahara\data\raw\fsd50k\FSD50K.dev_audio\236280.wav,dog_bark,fsd50k,real,0.0,fsd50k:236280
C:\Users\tprac\Downloads\sahara\sahara\data\raw\fsd50k\FSD50K.dev_audio\156418.wav,dog_bark,fsd50k,real,0.0,fsd50k:156418
C:\Users\tprac\Downloads\sahara\sahara\data\raw\fsd50k\FSD50K.dev_audio\43787.wav,dog_bark,fsd50k,real,0.0,fsd50k:43787
C:\Users\tprac\Downloads\sahara\sahara\data\raw\fsd50k\FSD50K.dev_audio\63261.wav,dog_bark,fsd50k,real,0.0,fsd50k:63261
C:\Users\tprac\Downloads\sahara\sahara\data\raw\fsd50k\FSD50K.dev_audio\372521.wav,dog_bark,fsd50k,real,0.0,fsd50k:372521
C:\Users\tprac\Downloads\sahara\sahara\data\raw\fsd50k\FSD50K.dev_audio\372525.wav,dog_bark,fsd50k,real,0.0,fsd50k:372525
C:\Users\tprac\Downloads\sahara\sahara\data\raw\fsd50k\FSD50K.dev_audio\4910.wav,dog_bark,fsd50k,real,0.0,fsd50k:4910
C:\Users\tprac\Downloads\sahara\sahara\data\raw\fsd50k\FSD50K.dev_audio\4912.wav,dog_bark,fsd50k,real,0.0,fsd50k:4912
C:\Users\tprac\Downloads\sahara\sahara\data\raw\fsd50k\FSD50K.dev_audio\372527.wav,dog_bark,fsd50k,real,0.0,fsd50k:372527
C:\Users\tprac\Downloads\sahara\sahara\data\raw\fsd50k\FSD50K.dev_audio\372530.wav,dog_bark,fsd50k,real,0.0,fsd50k:372530
C:\Users\tprac\Downloads\sahara\sahara\data\raw\fsd50k\FSD50K.dev_audio\387683.wav,dog_bark,fsd50k,real,0.0,fsd50k:387683
C:\Users\tprac\Downloads\sahara\sahara\data\raw\fsd50k\FSD50K.dev_audio\420451.wav,dog_bark,fsd50k,real,0.0,fsd50k:420451
C:\Users\tprac\Downloads\sahara\sahara\data\raw\fsd50k\FSD50K.dev_audio\180052.wav,dog_bark,fsd50k,real,0.0,fsd50k:180052
C:\Users\tprac\Downloads\sahara\sahara\data\raw\fsd50k\FSD50K.dev_audio\72538.wav,dog_bark,fsd50k,real,0.0,fsd50k:72538
C:\Users\tprac\Downloads\sahara\sahara\data\raw\fsd50k\FSD50K.dev_audio\325466.wav,dog_bark,fsd50k,real,0.0,fsd50k:325466
C:\Users\tprac\Downloads\sahara\sahara\data\raw\fsd50k\FSD50K.dev_audio\387688.wav,dog_bark,fsd50k,real,0.0,fsd50k:387688
C:\Users\tprac\Downloads\sahara\sahara\data\raw\fsd50k\FSD50K.dev_audio\372571.wav,dog_bark,fsd50k,real,0.0,fsd50k:372571
C:\Users\tprac\Downloads\sahara\sahara\data\raw\fsd50k\FSD50K.dev_audio\325470.wav,dog_bark,fsd50k,real,0.0,fsd50k:325470
C:\Users\tprac\Downloads\sahara\sahara\data\raw\fsd50k\FSD50K.dev_audio\239456.wav,dog_bark,fsd50k,real,0.0,fsd50k:239456
C:\Users\tprac\Downloads\sahara\sahara\data\raw\fsd50k\FSD50K.dev_audio\325473.wav,dog_bark,fsd50k,real,0.0,fsd50k:325473
C:\Users\tprac\Downloads\sahara\sahara\data\raw\fsd50k\FSD50K.dev_audio\325474.wav,dog_bark,fsd50k,real,0.0,fsd50k:325474
C:\Users\tprac\Downloads\sahara\sahara\data\raw\fsd50k\FSD50K.dev_audio\381799.wav,dog_bark,fsd50k,real,0.0,fsd50k:381799
C:\Users\tprac\Downloads\sahara\sahara\data\raw\fsd50k\FSD50K.dev_audio\325479.wav,dog_bark,fsd50k,real,0.0,fsd50k:325479
C:\Users\tprac\Downloads\sahara\sahara\data\raw\fsd50k\FSD50K.dev_audio\325481.wav,dog_bark,fsd50k,real,0.0,fsd50k:325481
C:\Users\tprac\Downloads\sahara\sahara\data\raw\fsd50k\FSD50K.dev_audio\268019.wav,dog_bark,fsd50k,real,0.0,fsd50k:268019
C:\Users\tprac\Downloads\sahara\sahara\data\raw\fsd50k\FSD50K.dev_audio\128891.wav,dog_bark,fsd50k,real,0.0,fsd50k:128891
C:\Users\tprac\Downloads\sahara\sahara\data\raw\fsd50k\FSD50K.dev_audio\351876.wav,dog_bark,fsd50k,real,0.0,fsd50k:351876
C:\Users\tprac\Downloads\sahara\sahara\data\raw\fsd50k\FSD50K.dev_audio\179096.wav,dog_bark,fsd50k,real,0.0,fsd50k:179096
C:\Users\tprac\Downloads\sahara\sahara\data\raw\fsd50k\FSD50K.dev_audio\116400.wav,dog_bark,fsd50k,real,0.0,fsd50k:116400
C:\Users\tprac\Downloads\sahara\sahara\data\raw\fsd50k\FSD50K.dev_audio\97193.wav,dog_bark,fsd50k,real,0.0,fsd50k:97193
C:\Users\tprac\Downloads\sahara\sahara\data\raw\fsd50k\FSD50K.dev_audio\410555.wav,dog_bark,fsd50k,real,0.0,fsd50k:410555
C:\Users\tprac\Downloads\sahara\sahara\data\raw\fsd50k\FSD50K.dev_audio\178118.wav,dog_bark,fsd50k,real,0.0,fsd50k:178118
C:\Users\tprac\Downloads\sahara\sahara\data\raw\fsd50k\FSD50K.dev_audio\351182.wav,dog_bark,fsd50k,real,0.0,fsd50k:351182
C:\Users\tprac\Downloads\sahara\sahara\data\raw\fsd50k\FSD50K.dev_audio\360411.wav,dog_bark,fsd50k,real,0.0,fsd50k:360411
C:\Users\tprac\Downloads\sahara\sahara\data\raw\fsd50k\FSD50K.dev_audio\28284.wav,dog_bark,fsd50k,real,0.0,fsd50k:28284
C:\Users\tprac\Downloads\sahara\sahara\data\raw\fsd50k\FSD50K.dev_audio\157322.wav,dog_bark,fsd50k,real,0.0,fsd50k:157322
C:\Users\tprac\Downloads\sahara\sahara\data\raw\fsd50k\FSD50K.dev_audio\130030.wav,dog_bark,fsd50k,real,0.0,fsd50k:130030
C:\Users\tprac\Downloads\sahara\sahara\data\raw\fsd50k\FSD50K.dev_audio\369648.wav,dog_bark,fsd50k,real,0.0,fsd50k:369648
C:\Users\tprac\Downloads\sahara\sahara\data\raw\fsd50k\FSD50K.dev_audio\146343.wav,dog_bark,fsd50k,real,0.0,fsd50k:146343
C:\Users\tprac\Downloads\sahara\sahara\data\raw\fsd50k\FSD50K.dev_audio\327138.wav,dog_bark,fsd50k,real,0.0,fsd50k:327138
C:\Users\tprac\Downloads\sahara\sahara\data\raw\fsd50k\FSD50K.dev_audio\266603.wav,dog_bark,fsd50k,real,0.0,fsd50k:266603
C:\Users\tprac\Downloads\sahara\sahara\data\raw\fsd50k\FSD50K.dev_audio\232271.wav,dog_bark,fsd50k,real,0.0,fsd50k:232271
C:\Users\tprac\Downloads\sahara\sahara\data\raw\fsd50k\FSD50K.dev_audio\167487.wav,dog_bark,fsd50k,real,0.0,fsd50k:167487
C:\Users\tprac\Downloads\sahara\sahara\data\raw\fsd50k\FSD50K.eval_audio\118577.wav,dog_bark,fsd50k,real,0.0,fsd50k:118577
C:\Users\tprac\Downloads\sahara\sahara\data\raw\fsd50k\FSD50K.eval_audio\62327.wav,dog_bark,fsd50k,real,0.0,fsd50k:62327
C:\Users\tprac\Downloads\sahara\sahara\data\raw\fsd50k\FSD50K.eval_audio\17486.wav,dog_bark,fsd50k,real,0.0,fsd50k:17486
C:\Users\tprac\Downloads\sahara\sahara\data\raw\fsd50k\FSD50K.eval_audio\76220.wav,dog_bark,fsd50k,real,0.0,fsd50k:76220
C:\Users\tprac\Downloads\sahara\sahara\data\raw\fsd50k\FSD50K.eval_audio\328087.wav,dog_bark,fsd50k,real,0.0,fsd50k:328087
C:\Users\tprac\Downloads\sahara\sahara\data\raw\fsd50k\FSD50K.eval_audio\116163.wav,dog_bark,fsd50k,real,0.0,fsd50k:116163
C:\Users\tprac\Downloads\sahara\sahara\data\raw\fsd50k\FSD50K.eval_audio\211191.wav,dog_bark,fsd50k,real,0.0,fsd50k:211191
C:\Users\tprac\Downloads\sahara\sahara\data\raw\fsd50k\FSD50K.eval_audio\171464.wav,dog_bark,fsd50k,real,0.0,fsd50k:171464
C:\Users\tprac\Downloads\sahara\sahara\data\raw\fsd50k\FSD50K.eval_audio\425662.wav,dog_bark,fsd50k,real,0.0,fsd50k:425662
C:\Users\tprac\Downloads\sahara\sahara\data\raw\fsd50k\FSD50K.eval_audio\131199.wav,dog_bark,fsd50k,real,0.0,fsd50k:131199
C:\Users\tprac\Downloads\sahara\sahara\data\raw\fsd50k\FSD50K.eval_audio\115537.wav,dog_bark,fsd50k,real,0.0,fsd50k:115537
C:\Users\tprac\Downloads\sahara\sahara\data\raw\fsd50k\FSD50K.eval_audio\73373.wav,dog_bark,fsd50k,real,0.0,fsd50k:73373
C:\Users\tprac\Downloads\sahara\sahara\data\raw\fsd50k\FSD50K.eval_audio\398885.wav,dog_bark,fsd50k,real,0.0,fsd50k:398885
C:\Users\tprac\Downloads\sahara\sahara\data\raw\fsd50k\FSD50K.eval_audio\413758.wav,dog_bark,fsd50k,real,0.0,fsd50k:413758
C:\Users\tprac\Downloads\sahara\sahara\data\raw\fsd50k\FSD50K.eval_audio\275353.wav,dog_bark,fsd50k,real,0.0,fsd50k:275353
C:\Users\tprac\Downloads\sahara\sahara\data\raw\fsd50k\FSD50K.eval_audio\359120.wav,dog_bark,fsd50k,real,0.0,fsd50k:359120
C:\Users\tprac\Downloads\sahara\sahara\data\raw\fsd50k\FSD50K.eval_audio\321594.wav,dog_bark,fsd50k,real,0.0,fsd50k:321594
C:\Users\tprac\Downloads\sahara\sahara\data\raw\fsd50k\FSD50K.eval_audio\424740.wav,dog_bark,fsd50k,real,0.0,fsd50k:424740
C:\Users\tprac\Downloads\sahara\sahara\data\raw\fsd50k\FSD50K.eval_audio\102547.wav,dog_bark,fsd50k,real,0.0,fsd50k:102547
C:\Users\tprac\Downloads\sahara\sahara\data\raw\fsd50k\FSD50K.eval_audio\31840.wav,dog_bark,fsd50k,real,0.0,fsd50k:31840
C:\Users\tprac\Downloads\sahara\sahara\data\raw\fsd50k\FSD50K.eval_audio\55005.wav,dog_bark,fsd50k,real,0.0,fsd50k:55005
C:\Users\tprac\Downloads\sahara\sahara\data\raw\fsd50k\FSD50K.eval_audio\74723.wav,dog_bark,fsd50k,real,0.0,fsd50k:74723
C:\Users\tprac\Downloads\sahara\sahara\data\raw\fsd50k\FSD50K.eval_audio\113785.wav,dog_bark,fsd50k,real,0.0,fsd50k:113785
C:\Users\tprac\Downloads\sahara\sahara\data\raw\fsd50k\FSD50K.eval_audio\110389.wav,dog_bark,fsd50k,real,0.0,fsd50k:110389
C:\Users\tprac\Downloads\sahara\sahara\data\raw\fsd50k\FSD50K.eval_audio\434049.wav,dog_bark,fsd50k,real,0.0,fsd50k:434049
C:\Users\tprac\Downloads\sahara\sahara\data\raw\fsd50k\FSD50K.eval_audio\98843.wav,dog_bark,fsd50k,real,0.0,fsd50k:98843
C:\Users\tprac\Downloads\sahara\sahara\data\raw\fsd50k\FSD50K.eval_audio\166489.wav,dog_bark,fsd50k,real,0.0,fsd50k:166489
C:\Users\tprac\Downloads\sahara\sahara\data\raw\fsd50k\FSD50K.eval_audio\58382.wav,dog_bark,fsd50k,real,0.0,fsd50k:58382
C:\Users\tprac\Downloads\sahara\sahara\data\raw\fsd50k\FSD50K.eval_audio\182501.wav,dog_bark,fsd50k,real,0.0,fsd50k:182501
C:\Users\tprac\Downloads\sahara\sahara\data\raw\fsd50k\FSD50K.eval_audio\394223.wav,dog_bark,fsd50k,real,0.0,fsd50k:394223
C:\Users\tprac\Downloads\sahara\sahara\data\raw\fsd50k\FSD50K.eval_audio\379170.wav,dog_bark,fsd50k,real,0.0,fsd50k:379170
C:\Users\tprac\Downloads\sahara\sahara\data\raw\fsd50k\FSD50K.eval_audio\338322.wav,dog_bark,fsd50k,real,0.0,fsd50k:338322
C:\Users\tprac\Downloads\sahara\sahara\data\raw\fsd50k\FSD50K.eval_audio\57596.wav,dog_bark,fsd50k,real,0.0,fsd50k:57596
C:\Users\tprac\Downloads\sahara\sahara\data\raw\fsd50k\FSD50K.eval_audio\103076.wav,dog_bark,fsd50k,real,0.0,fsd50k:103076
C:\Users\tprac\Downloads\sahara\sahara\data\raw\fsd50k\FSD50K.eval_audio\348129.wav,dog_bark,fsd50k,real,0.0,fsd50k:348129
C:\Users\tprac\Downloads\sahara\sahara\data\raw\fsd50k\FSD50K.eval_audio\366368.wav,dog_bark,fsd50k,real,0.0,fsd50k:366368
C:\Users\tprac\Downloads\sahara\sahara\data\raw\fsd50k\FSD50K.eval_audio\338326.wav,dog_bark,fsd50k,real,0.0,fsd50k:338326
C:\Users\tprac\Downloads\sahara\sahara\data\raw\fsd50k\FSD50K.eval_audio\400994.wav,dog_bark,fsd50k,real,0.0,fsd50k:400994
C:\Users\tprac\Downloads\sahara\sahara\data\raw\fsd50k\FSD50K.eval_audio\408810.wav,dog_bark,fsd50k,real,0.0,fsd50k:408810
C:\Users\tprac\Downloads\sahara\sahara\data\raw\fsd50k\FSD50K.eval_audio\411664.wav,dog_bark,fsd50k,real,0.0,fsd50k:411664
C:\Users\tprac\Downloads\sahara\sahara\data\raw\fsd50k\FSD50K.eval_audio\31615.wav,dog_bark,fsd50k,real,0.0,fsd50k:31615
C:\Users\tprac\Downloads\sahara\sahara\data\raw\fsd50k\FSD50K.eval_audio\91113.wav,dog_bark,fsd50k,real,0.0,fsd50k:91113
C:\Users\tprac\Downloads\sahara\sahara\data\raw\fsd50k\FSD50K.eval_audio\402568.wav,dog_bark,fsd50k,real,0.0,fsd50k:402568
C:\Users\tprac\Downloads\sahara\sahara\data\raw\fsd50k\FSD50K.eval_audio\382736.wav,dog_bark,fsd50k,real,0.0,fsd50k:382736
C:\Users\tprac\Downloads\sahara\sahara\data\raw\fsd50k\FSD50K.eval_audio\154757.wav,dog_bark,fsd50k,real,0.0,fsd50k:154757
C:\Users\tprac\Downloads\sahara\sahara\data\raw\fsd50k\FSD50K.eval_audio\427152.wav,dog_bark,fsd50k,real,0.0,fsd50k:427152
C:\Users\tprac\Downloads\sahara\sahara\data\raw\fsd50k\FSD50K.eval_audio\403207.wav,dog_bark,fsd50k,real,0.0,fsd50k:403207
C:\Users\tprac\Downloads\sahara\sahara\data\raw\fsd50k\FSD50K.eval_audio\393694.wav,dog_bark,fsd50k,real,0.0,fsd50k:393694
C:\Users\tprac\Downloads\sahara\sahara\data\raw\fsd50k\FSD50K.eval_audio\180257.wav,dog_bark,fsd50k,real,0.0,fsd50k:180257
C:\Users\tprac\Downloads\sahara\sahara\data\raw\fsd50k\FSD50K.eval_audio\38272.wav,dog_bark,fsd50k,real,0.0,fsd50k:38272
C:\Users\tprac\Downloads\sahara\sahara\data\raw\fsd50k\FSD50K.eval_audio\219532.wav,dog_bark,fsd50k,real,0.0,fsd50k:219532
C:\Users\tprac\Downloads\sahara\sahara\data\raw\fsd50k\FSD50K.eval_audio\415023.wav,dog_bark,fsd50k,real,0.0,fsd50k:415023
C:\Users\tprac\Downloads\sahara\sahara\data\raw\fsd50k\FSD50K.eval_audio\89210.wav,dog_bark,fsd50k,real,0.0,fsd50k:89210
C:\Users\tprac\Downloads\sahara\sahara\data\raw\fsd50k\FSD50K.eval_audio\396307.wav,dog_bark,fsd50k,real,0.0,fsd50k:396307
C:\Users\tprac\Downloads\sahara\sahara\data\raw\fsd50k\FSD50K.eval_audio\365669.wav,dog_bark,fsd50k,real,0.0,fsd50k:365669
C:\Users\tprac\Downloads\sahara\sahara\data\raw\fsd50k\FSD50K.eval_audio\274471.wav,dog_bark,fsd50k,real,0.0,fsd50k:274471
C:\Users\tprac\Downloads\sahara\sahara\data\raw\fsd50k\FSD50K.eval_audio\38121.wav,dog_bark,fsd50k,real,0.0,fsd50k:38121
C:\Users\tprac\Downloads\sahara\sahara\data\raw\fsd50k\FSD50K.eval_audio\261020.wav,dog_bark,fsd50k,real,0.0,fsd50k:261020
C:\Users\tprac\Downloads\sahara\sahara\data\raw\fsd50k\FSD50K.eval_audio\207962.wav,dog_bark,fsd50k,real,0.0,fsd50k:207962
C:\Users\tprac\Downloads\sahara\sahara\data\raw\fsd50k\FSD50K.eval_audio\15792.wav,dog_bark,fsd50k,real,0.0,fsd50k:15792
C:\Users\tprac\Downloads\sahara\sahara\data\raw\fsd50k\FSD50K.eval_audio\32318.wav,dog_bark,fsd50k,real,0.0,fsd50k:32318
C:\Users\tprac\Downloads\sahara\sahara\data\raw\fsd50k\FSD50K.eval_audio\68389.wav,dog_bark,fsd50k,real,0.0,fsd50k:68389
C:\Users\tprac\Downloads\sahara\sahara\data\raw\fsd50k\FSD50K.eval_audio\344955.wav,dog_bark,fsd50k,real,0.0,fsd50k:344955
C:\Users\tprac\Downloads\sahara\sahara\data\raw\fsd50k\FSD50K.eval_audio\365053.wav,dog_bark,fsd50k,real,0.0,fsd50k:365053
C:\Users\tprac\Downloads\sahara\sahara\data\raw\fsd50k\FSD50K.eval_audio\262520.wav,dog_bark,fsd50k,real,0.0,fsd50k:262520
C:\Users\tprac\Downloads\sahara\sahara\data\raw\fsd50k\FSD50K.eval_audio\411786.wav,dog_bark,fsd50k,real,0.0,fsd50k:411786
C:\Users\tprac\Downloads\sahara\sahara\data\raw\fsd50k\FSD50K.eval_audio\194301.wav,dog_bark,fsd50k,real,0.0,fsd50k:194301
C:\Users\tprac\Downloads\sahara\sahara\data\raw\fsd50k\FSD50K.eval_audio\100032.wav,dog_bark,fsd50k,real,0.0,fsd50k:100032
C:\Users\tprac\Downloads\sahara\sahara\data\raw\fsd50k\FSD50K.eval_audio\17414.wav,dog_bark,fsd50k,real,0.0,fsd50k:17414
C:\Users\tprac\Downloads\sahara\sahara\data\raw\fsd50k\FSD50K.eval_audio\59513.wav,dog_bark,fsd50k,real,0.0,fsd50k:59513
C:\Users\tprac\Downloads\sahara\sahara\data\raw\fsd50k\FSD50K.eval_audio\379181.wav,dog_bark,fsd50k,real,0.0,fsd50k:379181
C:\Users\tprac\Downloads\sahara\sahara\data\raw\fsd50k\FSD50K.eval_audio\260773.wav,dog_bark,fsd50k,real,0.0,fsd50k:260773
C:\Users\tprac\Downloads\sahara\sahara\data\raw\fsd50k\FSD50K.eval_audio\328055.wav,dog_bark,fsd50k,real,0.0,fsd50k:328055
C:\Users\tprac\Downloads\sahara\sahara\data\raw\fsd50k\FSD50K.eval_audio\396220.wav,dog_bark,fsd50k,real,0.0,fsd50k:396220
C:\Users\tprac\Downloads\sahara\sahara\data\raw\fsd50k\FSD50K.eval_audio\29596.wav,dog_bark,fsd50k,real,0.0,fsd50k:29596
C:\Users\tprac\Downloads\sahara\sahara\data\raw\fsd50k\FSD50K.eval_audio\189737.wav,dog_bark,fsd50k,real,0.0,fsd50k:189737
C:\Users\tprac\Downloads\sahara\sahara\data\raw\fsd50k\FSD50K.eval_audio\54545.wav,dog_bark,fsd50k,real,0.0,fsd50k:54545
C:\Users\tprac\Downloads\sahara\sahara\data\raw\fsd50k\FSD50K.eval_audio\57553.wav,dog_bark,fsd50k,real,0.0,fsd50k:57553
C:\Users\tprac\Downloads\sahara\sahara\data\raw\fsd50k\FSD50K.eval_audio\118072.wav,dog_bark,fsd50k,real,0.0,fsd50k:118072
C:\Users\tprac\Downloads\sahara\sahara\data\raw\fsd50k\FSD50K.eval_audio\326563.wav,dog_bark,fsd50k,real,0.0,fsd50k:326563
C:\Users\tprac\Downloads\sahara\sahara\data\raw\fsd50k\FSD50K.eval_audio\253754.wav,dog_bark,fsd50k,real,0.0,fsd50k:253754
C:\Users\tprac\Downloads\sahara\sahara\data\raw\fsd50k\FSD50K.eval_audio\94217.wav,dog_bark,fsd50k,real,0.0,fsd50k:94217
C:\Users\tprac\Downloads\sahara\sahara\data\raw\fsd50k\FSD50K.eval_audio\26720.wav,dog_bark,fsd50k,real,0.0,fsd50k:26720
C:\Users\tprac\Downloads\sahara\sahara\data\raw\fsd50k\FSD50K.eval_audio\207124.wav,dog_bark,fsd50k,real,0.0,fsd50k:207124
C:\Users\tprac\Downloads\sahara\sahara\data\raw\audioset\dog_bark\-hDuDDv0lbQ_30_000_40_000.wav,dog_bark,audioset,real,19.9935,audioset:-hDuDDv0lbQ
C:\Users\tprac\Downloads\sahara\sahara\data\raw\audioset\dog_bark\-qJ-NY6wY3s_30_000_40_000.wav,dog_bark,audioset,real,10.008,audioset:-qJ-NY6wY3s
C:\Users\tprac\Downloads\sahara\sahara\data\raw\audioset\dog_bark\-QVqh513RxQ_15_000_25_000.wav,dog_bark,audioset,real,9.72925,audioset:-QVqh513RxQ
C:\Users\tprac\Downloads\sahara\sahara\data\raw\audioset\dog_bark\-skhG36uWM0_20_000_30_000.wav,dog_bark,audioset,real,10.0001875,audioset:-skhG36uWM0
C:\Users\tprac\Downloads\sahara\sahara\data\raw\audioset\dog_bark\02q5C77_xeQ_250_000_260_000.wav,dog_bark,audioset,real,10.0170625,audioset:02q5C77
C:\Users\tprac\Downloads\sahara\sahara\data\raw\audioset\dog_bark\06OT6nqAuLM_50_000_60_000.wav,dog_bark,audioset,real,10.000375,audioset:06OT6nqAuLM
C:\Users\tprac\Downloads\sahara\sahara\data\raw\audioset\dog_bark\1NYANpd5Grs_160_000_170_000.wav,dog_bark,audioset,real,10.0165,audioset:1NYANpd5Grs
C:\Users\tprac\Downloads\sahara\sahara\data\raw\audioset\dog_bark\1PxKjFulkLs_30_000_40_000.wav,dog_bark,audioset,real,19.9935,audioset:1PxKjFulkLs
C:\Users\tprac\Downloads\sahara\sahara\data\raw\audioset\dog_bark\2IWV8hlUydk_20_000_30_000.wav,dog_bark,audioset,real,10.0001875,audioset:2IWV8hlUydk
C:\Users\tprac\Downloads\sahara\sahara\data\raw\audioset\dog_bark\2mJbGx5D-zA_150_000_160_000.wav,dog_bark,audioset,real,19.9935,audioset:2mJbGx5D-zA
C:\Users\tprac\Downloads\sahara\sahara\data\raw\audioset\dog_bark\2p7QjnOHpUI_30_000_40_000.wav,dog_bark,audioset,real,19.9935,audioset:2p7QjnOHpUI
C:\Users\tprac\Downloads\sahara\sahara\data\raw\audioset\dog_bark\2PXcJCAVf38_30_000_40_000.wav,dog_bark,audioset,real,19.9935,audioset:2PXcJCAVf38
C:\Users\tprac\Downloads\sahara\sahara\data\raw\fsd50k\FSD50K.dev_audio\69184.wav,doorbell,fsd50k,real,0.0,fsd50k:69184
C:\Users\tprac\Downloads\sahara\sahara\data\raw\fsd50k\FSD50K.dev_audio\203941.wav,doorbell,fsd50k,real,0.0,fsd50k:203941
C:\Users\tprac\Downloads\sahara\sahara\data\raw\fsd50k\FSD50K.dev_audio\203942.wav,doorbell,fsd50k,real,0.0,fsd50k:203942
C:\Users\tprac\Downloads\sahara\sahara\data\raw\fsd50k\FSD50K.dev_audio\203945.wav,doorbell,fsd50k,real,0.0,fsd50k:203945
C:\Users\tprac\Downloads\sahara\sahara\data\raw\fsd50k\FSD50K.dev_audio\203947.wav,doorbell,fsd50k,real,0.0,fsd50k:203947
C:\Users\tprac\Downloads\sahara\sahara\data\raw\fsd50k\FSD50K.dev_audio\196378.wav,doorbell,fsd50k,real,0.0,fsd50k:196378
C:\Users\tprac\Downloads\sahara\sahara\data\raw\fsd50k\FSD50K.dev_audio\196379.wav,doorbell,fsd50k,real,0.0,fsd50k:196379
C:\Users\tprac\Downloads\sahara\sahara\data\raw\fsd50k\FSD50K.dev_audio\196380.wav,doorbell,fsd50k,real,0.0,fsd50k:196380
C:\Users\tprac\Downloads\sahara\sahara\data\raw\fsd50k\FSD50K.dev_audio\223672.wav,doorbell,fsd50k,real,0.0,fsd50k:223672
C:\Users\tprac\Downloads\sahara\sahara\data\raw\fsd50k\FSD50K.dev_audio\21986.wav,doorbell,fsd50k,real,0.0,fsd50k:21986
C:\Users\tprac\Downloads\sahara\sahara\data\raw\fsd50k\FSD50K.dev_audio\243607.wav,doorbell,fsd50k,real,0.0,fsd50k:243607
C:\Users\tprac\Downloads\sahara\sahara\data\raw\fsd50k\FSD50K.dev_audio\155769.wav,doorbell,fsd50k,real,0.0,fsd50k:155769
C:\Users\tprac\Downloads\sahara\sahara\data\raw\fsd50k\FSD50K.dev_audio\155770.wav,doorbell,fsd50k,real,0.0,fsd50k:155770
C:\Users\tprac\Downloads\sahara\sahara\data\raw\fsd50k\FSD50K.dev_audio\155776.wav,doorbell,fsd50k,real,0.0,fsd50k:155776
C:\Users\tprac\Downloads\sahara\sahara\data\raw\fsd50k\FSD50K.dev_audio\187306.wav,doorbell,fsd50k,real,0.0,fsd50k:187306
C:\Users\tprac\Downloads\sahara\sahara\data\raw\fsd50k\FSD50K.dev_audio\253982.wav,doorbell,fsd50k,real,0.0,fsd50k:253982
C:\Users\tprac\Downloads\sahara\sahara\data\raw\fsd50k\FSD50K.dev_audio\347677.wav,doorbell,fsd50k,real,0.0,fsd50k:347677
C:\Users\tprac\Downloads\sahara\sahara\data\raw\fsd50k\FSD50K.dev_audio\426019.wav,doorbell,fsd50k,real,0.0,fsd50k:426019
C:\Users\tprac\Downloads\sahara\sahara\data\raw\fsd50k\FSD50K.dev_audio\332858.wav,doorbell,fsd50k,real,0.0,fsd50k:332858
C:\Users\tprac\Downloads\sahara\sahara\data\raw\fsd50k\FSD50K.dev_audio\69185.wav,doorbell,fsd50k,real,0.0,fsd50k:69185
C:\Users\tprac\Downloads\sahara\sahara\data\raw\fsd50k\FSD50K.dev_audio\319041.wav,doorbell,fsd50k,real,0.0,fsd50k:319041
C:\Users\tprac\Downloads\sahara\sahara\data\raw\fsd50k\FSD50K.dev_audio\371782.wav,doorbell,fsd50k,real,0.0,fsd50k:371782
C:\Users\tprac\Downloads\sahara\sahara\data\raw\fsd50k\FSD50K.dev_audio\347216.wav,doorbell,fsd50k,real,0.0,fsd50k:347216
C:\Users\tprac\Downloads\sahara\sahara\data\raw\fsd50k\FSD50K.dev_audio\347217.wav,doorbell,fsd50k,real,0.0,fsd50k:347217
C:\Users\tprac\Downloads\sahara\sahara\data\raw\fsd50k\FSD50K.dev_audio\110165.wav,doorbell,fsd50k,real,0.0,fsd50k:110165
C:\Users\tprac\Downloads\sahara\sahara\data\raw\fsd50k\FSD50K.dev_audio\407637.wav,doorbell,fsd50k,real,0.0,fsd50k:407637
C:\Users\tprac\Downloads\sahara\sahara\data\raw\fsd50k\FSD50K.dev_audio\275564.wav,doorbell,fsd50k,real,0.0,fsd50k:275564
C:\Users\tprac\Downloads\sahara\sahara\data\raw\fsd50k\FSD50K.dev_audio\275566.wav,doorbell,fsd50k,real,0.0,fsd50k:275566
C:\Users\tprac\Downloads\sahara\sahara\data\raw\fsd50k\FSD50K.dev_audio\87151.wav,doorbell,fsd50k,real,0.0,fsd50k:87151
C:\Users\tprac\Downloads\sahara\sahara\data\raw\fsd50k\FSD50K.dev_audio\275567.wav,doorbell,fsd50k,real,0.0,fsd50k:275567
C:\Users\tprac\Downloads\sahara\sahara\data\raw\fsd50k\FSD50K.dev_audio\275570.wav,doorbell,fsd50k,real,0.0,fsd50k:275570
C:\Users\tprac\Downloads\sahara\sahara\data\raw\fsd50k\FSD50K.dev_audio\275571.wav,doorbell,fsd50k,real,0.0,fsd50k:275571
C:\Users\tprac\Downloads\sahara\sahara\data\raw\fsd50k\FSD50K.dev_audio\275068.wav,doorbell,fsd50k,real,0.0,fsd50k:275068
C:\Users\tprac\Downloads\sahara\sahara\data\raw\fsd50k\FSD50K.dev_audio\275069.wav,doorbell,fsd50k,real,0.0,fsd50k:275069
C:\Users\tprac\Downloads\sahara\sahara\data\raw\fsd50k\FSD50K.dev_audio\76925.wav,doorbell,fsd50k,real,0.0,fsd50k:76925
C:\Users\tprac\Downloads\sahara\sahara\data\raw\fsd50k\FSD50K.dev_audio\205949.wav,doorbell,fsd50k,real,0.0,fsd50k:205949
C:\Users\tprac\Downloads\sahara\sahara\data\raw\fsd50k\FSD50K.dev_audio\275072.wav,doorbell,fsd50k,real,0.0,fsd50k:275072
C:\Users\tprac\Downloads\sahara\sahara\data\raw\fsd50k\FSD50K.dev_audio\275070.wav,doorbell,fsd50k,real,0.0,fsd50k:275070
C:\Users\tprac\Downloads\sahara\sahara\data\raw\fsd50k\FSD50K.dev_audio\275071.wav,doorbell,fsd50k,real,0.0,fsd50k:275071
C:\Users\tprac\Downloads\sahara\sahara\data\raw\fsd50k\FSD50K.dev_audio\41629.wav,doorbell,fsd50k,real,0.0,fsd50k:41629
C:\Users\tprac\Downloads\sahara\sahara\data\raw\fsd50k\FSD50K.dev_audio\212127.wav,doorbell,fsd50k,real,0.0,fsd50k:212127
C:\Users\tprac\Downloads\sahara\sahara\data\raw\fsd50k\FSD50K.dev_audio\212129.wav,doorbell,fsd50k,real,0.0,fsd50k:212129
C:\Users\tprac\Downloads\sahara\sahara\data\raw\fsd50k\FSD50K.dev_audio\203943.wav,doorbell,fsd50k,real,0.0,fsd50k:203943
C:\Users\tprac\Downloads\sahara\sahara\data\raw\fsd50k\FSD50K.dev_audio\203946.wav,doorbell,fsd50k,real,0.0,fsd50k:203946
C:\Users\tprac\Downloads\sahara\sahara\data\raw\fsd50k\FSD50K.dev_audio\203948.wav,doorbell,fsd50k,real,0.0,fsd50k:203948
C:\Users\tprac\Downloads\sahara\sahara\data\raw\fsd50k\FSD50K.dev_audio\88243.wav,doorbell,fsd50k,real,0.0,fsd50k:88243
C:\Users\tprac\Downloads\sahara\sahara\data\raw\fsd50k\FSD50K.dev_audio\218317.wav,doorbell,fsd50k,real,0.0,fsd50k:218317
C:\Users\tprac\Downloads\sahara\sahara\data\raw\fsd50k\FSD50K.dev_audio\177875.wav,doorbell,fsd50k,real,0.0,fsd50k:177875
C:\Users\tprac\Downloads\sahara\sahara\data\raw\fsd50k\FSD50K.dev_audio\370919.wav,doorbell,fsd50k,real,0.0,fsd50k:370919
C:\Users\tprac\Downloads\sahara\sahara\data\raw\fsd50k\FSD50K.dev_audio\422668.wav,doorbell,fsd50k,real,0.0,fsd50k:422668
C:\Users\tprac\Downloads\sahara\sahara\data\raw\fsd50k\FSD50K.dev_audio\196372.wav,doorbell,fsd50k,real,0.0,fsd50k:196372
C:\Users\tprac\Downloads\sahara\sahara\data\raw\fsd50k\FSD50K.dev_audio\196374.wav,doorbell,fsd50k,real,0.0,fsd50k:196374
C:\Users\tprac\Downloads\sahara\sahara\data\raw\fsd50k\FSD50K.dev_audio\196375.wav,doorbell,fsd50k,real,0.0,fsd50k:196375
C:\Users\tprac\Downloads\sahara\sahara\data\raw\fsd50k\FSD50K.dev_audio\196376.wav,doorbell,fsd50k,real,0.0,fsd50k:196376
C:\Users\tprac\Downloads\sahara\sahara\data\raw\fsd50k\FSD50K.dev_audio\196377.wav,doorbell,fsd50k,real,0.0,fsd50k:196377
C:\Users\tprac\Downloads\sahara\sahara\data\raw\fsd50k\FSD50K.dev_audio\268074.wav,doorbell,fsd50k,real,0.0,fsd50k:268074
C:\Users\tprac\Downloads\sahara\sahara\data\raw\fsd50k\FSD50K.dev_audio\268076.wav,doorbell,fsd50k,real,0.0,fsd50k:268076
C:\Users\tprac\Downloads\sahara\sahara\data\raw\fsd50k\FSD50K.dev_audio\331569.wav,doorbell,fsd50k,real,0.0,fsd50k:331569
C:\Users\tprac\Downloads\sahara\sahara\data\raw\fsd50k\FSD50K.dev_audio\273719.wav,doorbell,fsd50k,real,0.0,fsd50k:273719
C:\Users\tprac\Downloads\sahara\sahara\data\raw\fsd50k\FSD50K.dev_audio\20285.wav,doorbell,fsd50k,real,0.0,fsd50k:20285
C:\Users\tprac\Downloads\sahara\sahara\data\raw\fsd50k\FSD50K.dev_audio\242494.wav,doorbell,fsd50k,real,0.0,fsd50k:242494
C:\Users\tprac\Downloads\sahara\sahara\data\raw\fsd50k\FSD50K.dev_audio\151893.wav,doorbell,fsd50k,real,0.0,fsd50k:151893
C:\Users\tprac\Downloads\sahara\sahara\data\raw\fsd50k\FSD50K.dev_audio\335224.wav,doorbell,fsd50k,real,0.0,fsd50k:335224
C:\Users\tprac\Downloads\sahara\sahara\data\raw\fsd50k\FSD50K.dev_audio\411515.wav,doorbell,fsd50k,real,0.0,fsd50k:411515
C:\Users\tprac\Downloads\sahara\sahara\data\raw\fsd50k\FSD50K.dev_audio\411517.wav,doorbell,fsd50k,real,0.0,fsd50k:411517
C:\Users\tprac\Downloads\sahara\sahara\data\raw\fsd50k\FSD50K.dev_audio\411519.wav,doorbell,fsd50k,real,0.0,fsd50k:411519
C:\Users\tprac\Downloads\sahara\sahara\data\raw\fsd50k\FSD50K.dev_audio\411521.wav,doorbell,fsd50k,real,0.0,fsd50k:411521
C:\Users\tprac\Downloads\sahara\sahara\data\raw\fsd50k\FSD50K.dev_audio\163730.wav,doorbell,fsd50k,real,0.0,fsd50k:163730
C:\Users\tprac\Downloads\sahara\sahara\data\raw\fsd50k\FSD50K.dev_audio\223673.wav,doorbell,fsd50k,real,0.0,fsd50k:223673
C:\Users\tprac\Downloads\sahara\sahara\data\raw\fsd50k\FSD50K.dev_audio\93646.wav,doorbell,fsd50k,real,0.0,fsd50k:93646
C:\Users\tprac\Downloads\sahara\sahara\data\raw\fsd50k\FSD50K.dev_audio\123350.wav,doorbell,fsd50k,real,0.0,fsd50k:123350
C:\Users\tprac\Downloads\sahara\sahara\data\raw\fsd50k\FSD50K.dev_audio\21985.wav,doorbell,fsd50k,real,0.0,fsd50k:21985
C:\Users\tprac\Downloads\sahara\sahara\data\raw\fsd50k\FSD50K.dev_audio\383976.wav,doorbell,fsd50k,real,0.0,fsd50k:383976
C:\Users\tprac\Downloads\sahara\sahara\data\raw\fsd50k\FSD50K.eval_audio\417608.wav,doorbell,fsd50k,real,0.0,fsd50k:417608
C:\Users\tprac\Downloads\sahara\sahara\data\raw\fsd50k\FSD50K.eval_audio\31775.wav,doorbell,fsd50k,real,0.0,fsd50k:31775
C:\Users\tprac\Downloads\sahara\sahara\data\raw\fsd50k\FSD50K.eval_audio\332563.wav,doorbell,fsd50k,real,0.0,fsd50k:332563
C:\Users\tprac\Downloads\sahara\sahara\data\raw\fsd50k\FSD50K.eval_audio\131560.wav,doorbell,fsd50k,real,0.0,fsd50k:131560
C:\Users\tprac\Downloads\sahara\sahara\data\raw\fsd50k\FSD50K.eval_audio\403213.wav,doorbell,fsd50k,real,0.0,fsd50k:403213
C:\Users\tprac\Downloads\sahara\sahara\data\raw\fsd50k\FSD50K.eval_audio\69384.wav,doorbell,fsd50k,real,0.0,fsd50k:69384
C:\Users\tprac\Downloads\sahara\sahara\data\raw\fsd50k\FSD50K.eval_audio\397919.wav,doorbell,fsd50k,real,0.0,fsd50k:397919
C:\Users\tprac\Downloads\sahara\sahara\data\raw\fsd50k\FSD50K.eval_audio\345275.wav,doorbell,fsd50k,real,0.0,fsd50k:345275
C:\Users\tprac\Downloads\sahara\sahara\data\raw\fsd50k\FSD50K.eval_audio\397621.wav,doorbell,fsd50k,real,0.0,fsd50k:397621
C:\Users\tprac\Downloads\sahara\sahara\data\raw\fsd50k\FSD50K.eval_audio\2539.wav,doorbell,fsd50k,real,0.0,fsd50k:2539
C:\Users\tprac\Downloads\sahara\sahara\data\raw\fsd50k\FSD50K.eval_audio\57771.wav,doorbell,fsd50k,real,0.0,fsd50k:57771
C:\Users\tprac\Downloads\sahara\sahara\data\raw\fsd50k\FSD50K.eval_audio\342654.wav,doorbell,fsd50k,real,0.0,fsd50k:342654
C:\Users\tprac\Downloads\sahara\sahara\data\raw\fsd50k\FSD50K.eval_audio\131989.wav,doorbell,fsd50k,real,0.0,fsd50k:131989
C:\Users\tprac\Downloads\sahara\sahara\data\raw\fsd50k\FSD50K.eval_audio\400695.wav,doorbell,fsd50k,real,0.0,fsd50k:400695
C:\Users\tprac\Downloads\sahara\sahara\data\raw\fsd50k\FSD50K.eval_audio\399092.wav,doorbell,fsd50k,real,0.0,fsd50k:399092
C:\Users\tprac\Downloads\sahara\sahara\data\raw\fsd50k\FSD50K.eval_audio\365575.wav,doorbell,fsd50k,real,0.0,fsd50k:365575
C:\Users\tprac\Downloads\sahara\sahara\data\raw\fsd50k\FSD50K.eval_audio\347400.wav,doorbell,fsd50k,real,0.0,fsd50k:347400
C:\Users\tprac\Downloads\sahara\sahara\data\raw\fsd50k\FSD50K.eval_audio\69385.wav,doorbell,fsd50k,real,0.0,fsd50k:69385
C:\Users\tprac\Downloads\sahara\sahara\data\raw\fsd50k\FSD50K.eval_audio\69386.wav,doorbell,fsd50k,real,0.0,fsd50k:69386
C:\Users\tprac\Downloads\sahara\sahara\data\raw\fsd50k\FSD50K.eval_audio\410384.wav,doorbell,fsd50k,real,0.0,fsd50k:410384
C:\Users\tprac\Downloads\sahara\sahara\data\raw\fsd50k\FSD50K.eval_audio\317330.wav,doorbell,fsd50k,real,0.0,fsd50k:317330
C:\Users\tprac\Downloads\sahara\sahara\data\raw\fsd50k\FSD50K.eval_audio\53268.wav,doorbell,fsd50k,real,0.0,fsd50k:53268
C:\Users\tprac\Downloads\sahara\sahara\data\raw\fsd50k\FSD50K.eval_audio\119958.wav,doorbell,fsd50k,real,0.0,fsd50k:119958
C:\Users\tprac\Downloads\sahara\sahara\data\raw\fsd50k\FSD50K.eval_audio\106270.wav,doorbell,fsd50k,real,0.0,fsd50k:106270
C:\Users\tprac\Downloads\sahara\sahara\data\raw\fsd50k\FSD50K.eval_audio\81065.wav,doorbell,fsd50k,real,0.0,fsd50k:81065
C:\Users\tprac\Downloads\sahara\sahara\data\raw\fsd50k\FSD50K.eval_audio\131641.wav,doorbell,fsd50k,real,0.0,fsd50k:131641
C:\Users\tprac\Downloads\sahara\sahara\data\raw\fsd50k\FSD50K.eval_audio\131643.wav,doorbell,fsd50k,real,0.0,fsd50k:131643
C:\Users\tprac\Downloads\sahara\sahara\data\raw\fsd50k\FSD50K.eval_audio\168029.wav,doorbell,fsd50k,real,0.0,fsd50k:168029
C:\Users\tprac\Downloads\sahara\sahara\data\raw\fsd50k\FSD50K.eval_audio\426594.wav,doorbell,fsd50k,real,0.0,fsd50k:426594
C:\Users\tprac\Downloads\sahara\sahara\data\raw\audioset\doorbell\02JEvDAcq7U_10_000_20_000.wav,doorbell,audioset,real,18.9935,audioset:02JEvDAcq7U
C:\Users\tprac\Downloads\sahara\sahara\data\raw\audioset\doorbell\2aUWpuKZ-GQ_0_000_10_000.wav,doorbell,audioset,real,10.0078125,audioset:2aUWpuKZ-GQ
C:\Users\tprac\Downloads\sahara\sahara\data\raw\audioset\doorbell\4_cwAbkJLeY_430_000_440_000.wav,doorbell,audioset,real,19.9935,audioset:4
C:\Users\tprac\Downloads\sahara\sahara\data\raw\audioset\doorbell\6iyinlZEgS4_40_000_50_000.wav,doorbell,audioset,real,19.9935,audioset:6iyinlZEgS4
C:\Users\tprac\Downloads\sahara\sahara\data\raw\audioset\doorbell\6qlfodh49BA_0_000_3_000.wav,doorbell,audioset,real,2.020125,audioset:6qlfodh49BA
C:\Users\tprac\Downloads\sahara\sahara\data\raw\audioset\doorbell\Add11iatg0Y_50_000_60_000.wav,doorbell,audioset,real,19.9935,audioset:Add11iatg0Y
C:\Users\tprac\Downloads\sahara\sahara\data\raw\audioset\doorbell\BJ8up8BXMjg_570_000_580_000.wav,doorbell,audioset,real,10.01125,audioset:BJ8up8BXMjg
C:\Users\tprac\Downloads\sahara\sahara\data\raw\audioset\doorbell\ByZD9ujkkB4_50_000_60_000.wav,doorbell,audioset,real,19.9935,audioset:ByZD9ujkkB4
C:\Users\tprac\Downloads\sahara\sahara\data\raw\audioset\doorbell\DOtBB70Jgu4_60_000_70_000.wav,doorbell,audioset,real,10.0081875,audioset:DOtBB70Jgu4
C:\Users\tprac\Downloads\sahara\sahara\data\raw\audioset\doorbell\EGc41s7IIZ0_400_000_410_000.wav,doorbell,audioset,real,19.9935,audioset:EGc41s7IIZ0
C:\Users\tprac\Downloads\sahara\sahara\data\raw\audioset\doorbell\Es0DobdL8Kc_270_000_280_000.wav,doorbell,audioset,real,19.9935,audioset:Es0DobdL8Kc
C:\Users\tprac\Downloads\sahara\sahara\data\raw\audioset\doorbell\JL76D1HWv-U_550_000_560_000.wav,doorbell,audioset,real,19.9935,audioset:JL76D1HWv-U
C:\Users\tprac\Downloads\sahara\sahara\data\raw\fsd50k\FSD50K.dev_audio\256513.wav,knocking,fsd50k,real,0.0,fsd50k:256513
C:\Users\tprac\Downloads\sahara\sahara\data\raw\fsd50k\FSD50K.dev_audio\336390.wav,knocking,fsd50k,real,0.0,fsd50k:336390
C:\Users\tprac\Downloads\sahara\sahara\data\raw\fsd50k\FSD50K.dev_audio\336391.wav,knocking,fsd50k,real,0.0,fsd50k:336391
C:\Users\tprac\Downloads\sahara\sahara\data\raw\fsd50k\FSD50K.dev_audio\336392.wav,knocking,fsd50k,real,0.0,fsd50k:336392
C:\Users\tprac\Downloads\sahara\sahara\data\raw\fsd50k\FSD50K.dev_audio\76813.wav,knocking,fsd50k,real,0.0,fsd50k:76813
C:\Users\tprac\Downloads\sahara\sahara\data\raw\fsd50k\FSD50K.dev_audio\233486.wav,knocking,fsd50k,real,0.0,fsd50k:233486
C:\Users\tprac\Downloads\sahara\sahara\data\raw\fsd50k\FSD50K.dev_audio\85016.wav,knocking,fsd50k,real,0.0,fsd50k:85016
C:\Users\tprac\Downloads\sahara\sahara\data\raw\fsd50k\FSD50K.dev_audio\83479.wav,knocking,fsd50k,real,0.0,fsd50k:83479
C:\Users\tprac\Downloads\sahara\sahara\data\raw\fsd50k\FSD50K.dev_audio\211496.wav,knocking,fsd50k,real,0.0,fsd50k:211496
C:\Users\tprac\Downloads\sahara\sahara\data\raw\fsd50k\FSD50K.dev_audio\211498.wav,knocking,fsd50k,real,0.0,fsd50k:211498
C:\Users\tprac\Downloads\sahara\sahara\data\raw\fsd50k\FSD50K.dev_audio\211499.wav,knocking,fsd50k,real,0.0,fsd50k:211499
C:\Users\tprac\Downloads\sahara\sahara\data\raw\fsd50k\FSD50K.dev_audio\211502.wav,knocking,fsd50k,real,0.0,fsd50k:211502
C:\Users\tprac\Downloads\sahara\sahara\data\raw\fsd50k\FSD50K.dev_audio\151089.wav,knocking,fsd50k,real,0.0,fsd50k:151089
C:\Users\tprac\Downloads\sahara\sahara\data\raw\fsd50k\FSD50K.dev_audio\144947.wav,knocking,fsd50k,real,0.0,fsd50k:144947
C:\Users\tprac\Downloads\sahara\sahara\data\raw\fsd50k\FSD50K.dev_audio\144949.wav,knocking,fsd50k,real,0.0,fsd50k:144949
C:\Users\tprac\Downloads\sahara\sahara\data\raw\fsd50k\FSD50K.dev_audio\103995.wav,knocking,fsd50k,real,0.0,fsd50k:103995
C:\Users\tprac\Downloads\sahara\sahara\data\raw\fsd50k\FSD50K.dev_audio\103998.wav,knocking,fsd50k,real,0.0,fsd50k:103998
C:\Users\tprac\Downloads\sahara\sahara\data\raw\fsd50k\FSD50K.dev_audio\103999.wav,knocking,fsd50k,real,0.0,fsd50k:103999
C:\Users\tprac\Downloads\sahara\sahara\data\raw\fsd50k\FSD50K.dev_audio\190020.wav,knocking,fsd50k,real,0.0,fsd50k:190020
C:\Users\tprac\Downloads\sahara\sahara\data\raw\fsd50k\FSD50K.dev_audio\190025.wav,knocking,fsd50k,real,0.0,fsd50k:190025
C:\Users\tprac\Downloads\sahara\sahara\data\raw\fsd50k\FSD50K.dev_audio\190026.wav,knocking,fsd50k,real,0.0,fsd50k:190026
C:\Users\tprac\Downloads\sahara\sahara\data\raw\fsd50k\FSD50K.dev_audio\138323.wav,knocking,fsd50k,real,0.0,fsd50k:138323
C:\Users\tprac\Downloads\sahara\sahara\data\raw\fsd50k\FSD50K.dev_audio\413270.wav,knocking,fsd50k,real,0.0,fsd50k:413270
C:\Users\tprac\Downloads\sahara\sahara\data\raw\fsd50k\FSD50K.dev_audio\413271.wav,knocking,fsd50k,real,0.0,fsd50k:413271
C:\Users\tprac\Downloads\sahara\sahara\data\raw\fsd50k\FSD50K.dev_audio\68702.wav,knocking,fsd50k,real,0.0,fsd50k:68702
C:\Users\tprac\Downloads\sahara\sahara\data\raw\fsd50k\FSD50K.dev_audio\427613.wav,knocking,fsd50k,real,0.0,fsd50k:427613
C:\Users\tprac\Downloads\sahara\sahara\data\raw\fsd50k\FSD50K.dev_audio\365666.wav,knocking,fsd50k,real,0.0,fsd50k:365666
C:\Users\tprac\Downloads\sahara\sahara\data\raw\fsd50k\FSD50K.dev_audio\427619.wav,knocking,fsd50k,real,0.0,fsd50k:427619
C:\Users\tprac\Downloads\sahara\sahara\data\raw\fsd50k\FSD50K.dev_audio\364678.wav,knocking,fsd50k,real,0.0,fsd50k:364678
C:\Users\tprac\Downloads\sahara\sahara\data\raw\fsd50k\FSD50K.dev_audio\364680.wav,knocking,fsd50k,real,0.0,fsd50k:364680
C:\Users\tprac\Downloads\sahara\sahara\data\raw\fsd50k\FSD50K.dev_audio\412857.wav,knocking,fsd50k,real,0.0,fsd50k:412857
C:\Users\tprac\Downloads\sahara\sahara\data\raw\fsd50k\FSD50K.dev_audio\412858.wav,knocking,fsd50k,real,0.0,fsd50k:412858
C:\Users\tprac\Downloads\sahara\sahara\data\raw\fsd50k\FSD50K.dev_audio\32296.wav,knocking,fsd50k,real,0.0,fsd50k:32296
C:\Users\tprac\Downloads\sahara\sahara\data\raw\fsd50k\FSD50K.dev_audio\408788.wav,knocking,fsd50k,real,0.0,fsd50k:408788
C:\Users\tprac\Downloads\sahara\sahara\data\raw\fsd50k\FSD50K.dev_audio\164566.wav,knocking,fsd50k,real,0.0,fsd50k:164566
C:\Users\tprac\Downloads\sahara\sahara\data\raw\fsd50k\FSD50K.dev_audio\412375.wav,knocking,fsd50k,real,0.0,fsd50k:412375
C:\Users\tprac\Downloads\sahara\sahara\data\raw\fsd50k\FSD50K.dev_audio\164569.wav,knocking,fsd50k,real,0.0,fsd50k:164569
C:\Users\tprac\Downloads\sahara\sahara\data\raw\fsd50k\FSD50K.dev_audio\370913.wav,knocking,fsd50k,real,0.0,fsd50k:370913
C:\Users\tprac\Downloads\sahara\sahara\data\raw\fsd50k\FSD50K.dev_audio\422640.wav,knocking,fsd50k,real,0.0,fsd50k:422640
C:\Users\tprac\Downloads\sahara\sahara\data\raw\fsd50k\FSD50K.dev_audio\426736.wav,knocking,fsd50k,real,0.0,fsd50k:426736
C:\Users\tprac\Downloads\sahara\sahara\data\raw\fsd50k\FSD50K.dev_audio\133889.wav,knocking,fsd50k,real,0.0,fsd50k:133889
C:\Users\tprac\Downloads\sahara\sahara\data\raw\fsd50k\FSD50K.dev_audio\85253.wav,knocking,fsd50k,real,0.0,fsd50k:85253
C:\Users\tprac\Downloads\sahara\sahara\data\raw\fsd50k\FSD50K.dev_audio\182022.wav,knocking,fsd50k,real,0.0,fsd50k:182022
C:\Users\tprac\Downloads\sahara\sahara\data\raw\fsd50k\FSD50K.dev_audio\182023.wav,knocking,fsd50k,real,0.0,fsd50k:182023
C:\Users\tprac\Downloads\sahara\sahara\data\raw\fsd50k\FSD50K.dev_audio\182032.wav,knocking,fsd50k,real,0.0,fsd50k:182032
C:\Users\tprac\Downloads\sahara\sahara\data\raw\fsd50k\FSD50K.dev_audio\182033.wav,knocking,fsd50k,real,0.0,fsd50k:182033
C:\Users\tprac\Downloads\sahara\sahara\data\raw\fsd50k\FSD50K.dev_audio\182034.wav,knocking,fsd50k,real,0.0,fsd50k:182034
C:\Users\tprac\Downloads\sahara\sahara\data\raw\fsd50k\FSD50K.dev_audio\182039.wav,knocking,fsd50k,real,0.0,fsd50k:182039
C:\Users\tprac\Downloads\sahara\sahara\data\raw\fsd50k\FSD50K.dev_audio\182041.wav,knocking,fsd50k,real,0.0,fsd50k:182041
C:\Users\tprac\Downloads\sahara\sahara\data\raw\fsd50k\FSD50K.dev_audio\182043.wav,knocking,fsd50k,real,0.0,fsd50k:182043
C:\Users\tprac\Downloads\sahara\sahara\data\raw\fsd50k\FSD50K.dev_audio\399663.wav,knocking,fsd50k,real,0.0,fsd50k:399663
C:\Users\tprac\Downloads\sahara\sahara\data\raw\fsd50k\FSD50K.dev_audio\399664.wav,knocking,fsd50k,real,0.0,fsd50k:399664
C:\Users\tprac\Downloads\sahara\sahara\data\raw\fsd50k\FSD50K.dev_audio\209220.wav,knocking,fsd50k,real,0.0,fsd50k:209220
C:\Users\tprac\Downloads\sahara\sahara\data\raw\fsd50k\FSD50K.dev_audio\209222.wav,knocking,fsd50k,real,0.0,fsd50k:209222
C:\Users\tprac\Downloads\sahara\sahara\data\raw\fsd50k\FSD50K.dev_audio\209223.wav,knocking,fsd50k,real,0.0,fsd50k:209223
C:\Users\tprac\Downloads\sahara\sahara\data\raw\fsd50k\FSD50K.dev_audio\365902.wav,knocking,fsd50k,real,0.0,fsd50k:365902
C:\Users\tprac\Downloads\sahara\sahara\data\raw\fsd50k\FSD50K.dev_audio\151889.wav,knocking,fsd50k,real,0.0,fsd50k:151889
C:\Users\tprac\Downloads\sahara\sahara\data\raw\fsd50k\FSD50K.dev_audio\151894.wav,knocking,fsd50k,real,0.0,fsd50k:151894
C:\Users\tprac\Downloads\sahara\sahara\data\raw\fsd50k\FSD50K.dev_audio\218985.wav,knocking,fsd50k,real,0.0,fsd50k:218985
C:\Users\tprac\Downloads\sahara\sahara\data\raw\fsd50k\FSD50K.dev_audio\218987.wav,knocking,fsd50k,real,0.0,fsd50k:218987
C:\Users\tprac\Downloads\sahara\sahara\data\raw\fsd50k\FSD50K.dev_audio\237937.wav,knocking,fsd50k,real,0.0,fsd50k:237937
C:\Users\tprac\Downloads\sahara\sahara\data\raw\fsd50k\FSD50K.dev_audio\378740.wav,knocking,fsd50k,real,0.0,fsd50k:378740
C:\Users\tprac\Downloads\sahara\sahara\data\raw\fsd50k\FSD50K.dev_audio\114042.wav,knocking,fsd50k,real,0.0,fsd50k:114042
C:\Users\tprac\Downloads\sahara\sahara\data\raw\fsd50k\FSD50K.dev_audio\275911.wav,knocking,fsd50k,real,0.0,fsd50k:275911
C:\Users\tprac\Downloads\sahara\sahara\data\raw\fsd50k\FSD50K.dev_audio\148947.wav,knocking,fsd50k,real,0.0,fsd50k:148947
C:\Users\tprac\Downloads\sahara\sahara\data\raw\fsd50k\FSD50K.dev_audio\101336.wav,knocking,fsd50k,real,0.0,fsd50k:101336
C:\Users\tprac\Downloads\sahara\sahara\data\raw\fsd50k\FSD50K.dev_audio\274939.wav,knocking,fsd50k,real,0.0,fsd50k:274939
C:\Users\tprac\Downloads\sahara\sahara\data\raw\fsd50k\FSD50K.dev_audio\274943.wav,knocking,fsd50k,real,0.0,fsd50k:274943
C:\Users\tprac\Downloads\sahara\sahara\data\raw\fsd50k\FSD50K.dev_audio\349243.wav,knocking,fsd50k,real,0.0,fsd50k:349243
C:\Users\tprac\Downloads\sahara\sahara\data\raw\fsd50k\FSD50K.dev_audio\349245.wav,knocking,fsd50k,real,0.0,fsd50k:349245
C:\Users\tprac\Downloads\sahara\sahara\data\raw\fsd50k\FSD50K.dev_audio\104002.wav,knocking,fsd50k,real,0.0,fsd50k:104002
C:\Users\tprac\Downloads\sahara\sahara\data\raw\fsd50k\FSD50K.dev_audio\190023.wav,knocking,fsd50k,real,0.0,fsd50k:190023
C:\Users\tprac\Downloads\sahara\sahara\data\raw\fsd50k\FSD50K.dev_audio\349285.wav,knocking,fsd50k,real,0.0,fsd50k:349285
C:\Users\tprac\Downloads\sahara\sahara\data\raw\fsd50k\FSD50K.dev_audio\349287.wav,knocking,fsd50k,real,0.0,fsd50k:349287
C:\Users\tprac\Downloads\sahara\sahara\data\raw\fsd50k\FSD50K.dev_audio\349288.wav,knocking,fsd50k,real,0.0,fsd50k:349288
C:\Users\tprac\Downloads\sahara\sahara\data\raw\fsd50k\FSD50K.dev_audio\349291.wav,knocking,fsd50k,real,0.0,fsd50k:349291
C:\Users\tprac\Downloads\sahara\sahara\data\raw\fsd50k\FSD50K.dev_audio\325228.wav,knocking,fsd50k,real,0.0,fsd50k:325228
C:\Users\tprac\Downloads\sahara\sahara\data\raw\fsd50k\FSD50K.dev_audio\349292.wav,knocking,fsd50k,real,0.0,fsd50k:349292
C:\Users\tprac\Downloads\sahara\sahara\data\raw\fsd50k\FSD50K.dev_audio\325229.wav,knocking,fsd50k,real,0.0,fsd50k:325229
C:\Users\tprac\Downloads\sahara\sahara\data\raw\fsd50k\FSD50K.dev_audio\349294.wav,knocking,fsd50k,real,0.0,fsd50k:349294
C:\Users\tprac\Downloads\sahara\sahara\data\raw\fsd50k\FSD50K.dev_audio\349296.wav,knocking,fsd50k,real,0.0,fsd50k:349296
C:\Users\tprac\Downloads\sahara\sahara\data\raw\fsd50k\FSD50K.dev_audio\349299.wav,knocking,fsd50k,real,0.0,fsd50k:349299
C:\Users\tprac\Downloads\sahara\sahara\data\raw\fsd50k\FSD50K.dev_audio\349304.wav,knocking,fsd50k,real,0.0,fsd50k:349304
C:\Users\tprac\Downloads\sahara\sahara\data\raw\fsd50k\FSD50K.dev_audio\349305.wav,knocking,fsd50k,real,0.0,fsd50k:349305
C:\Users\tprac\Downloads\sahara\sahara\data\raw\fsd50k\FSD50K.dev_audio\193829.wav,knocking,fsd50k,real,0.0,fsd50k:193829
C:\Users\tprac\Downloads\sahara\sahara\data\raw\fsd50k\FSD50K.dev_audio\217388.wav,knocking,fsd50k,real,0.0,fsd50k:217388
C:\Users\tprac\Downloads\sahara\sahara\data\raw\fsd50k\FSD50K.dev_audio\193838.wav,knocking,fsd50k,real,0.0,fsd50k:193838
C:\Users\tprac\Downloads\sahara\sahara\data\raw\fsd50k\FSD50K.dev_audio\193843.wav,knocking,fsd50k,real,0.0,fsd50k:193843
C:\Users\tprac\Downloads\sahara\sahara\data\raw\fsd50k\FSD50K.dev_audio\193854.wav,knocking,fsd50k,real,0.0,fsd50k:193854
C:\Users\tprac\Downloads\sahara\sahara\data\raw\fsd50k\FSD50K.dev_audio\193856.wav,knocking,fsd50k,real,0.0,fsd50k:193856
C:\Users\tprac\Downloads\sahara\sahara\data\raw\fsd50k\FSD50K.dev_audio\193859.wav,knocking,fsd50k,real,0.0,fsd50k:193859
C:\Users\tprac\Downloads\sahara\sahara\data\raw\fsd50k\FSD50K.dev_audio\193861.wav,knocking,fsd50k,real,0.0,fsd50k:193861
C:\Users\tprac\Downloads\sahara\sahara\data\raw\fsd50k\FSD50K.dev_audio\193869.wav,knocking,fsd50k,real,0.0,fsd50k:193869
C:\Users\tprac\Downloads\sahara\sahara\data\raw\fsd50k\FSD50K.dev_audio\218988.wav,knocking,fsd50k,real,0.0,fsd50k:218988
C:\Users\tprac\Downloads\sahara\sahara\data\raw\fsd50k\FSD50K.dev_audio\335988.wav,knocking,fsd50k,real,0.0,fsd50k:335988
C:\Users\tprac\Downloads\sahara\sahara\data\raw\fsd50k\FSD50K.dev_audio\197866.wav,knocking,fsd50k,real,0.0,fsd50k:197866
C:\Users\tprac\Downloads\sahara\sahara\data\raw\fsd50k\FSD50K.dev_audio\402443.wav,knocking,fsd50k,real,0.0,fsd50k:402443
C:\Users\tprac\Downloads\sahara\sahara\data\raw\fsd50k\FSD50K.dev_audio\395282.wav,knocking,fsd50k,real,0.0,fsd50k:395282
C:\Users\tprac\Downloads\sahara\sahara\data\raw\fsd50k\FSD50K.dev_audio\46136.wav,knocking,fsd50k,real,0.0,fsd50k:46136
C:\Users\tprac\Downloads\sahara\sahara\data\raw\fsd50k\FSD50K.dev_audio\349242.wav,knocking,fsd50k,real,0.0,fsd50k:349242
C:\Users\tprac\Downloads\sahara\sahara\data\raw\fsd50k\FSD50K.dev_audio\427111.wav,knocking,fsd50k,real,0.0,fsd50k:427111
C:\Users\tprac\Downloads\sahara\sahara\data\raw\fsd50k\FSD50K.dev_audio\349293.wav,knocking,fsd50k,real,0.0,fsd50k:349293
C:\Users\tprac\Downloads\sahara\sahara\data\raw\fsd50k\FSD50K.dev_audio\349295.wav,knocking,fsd50k,real,0.0,fsd50k:349295
C:\Users\tprac\Downloads\sahara\sahara\data\raw\fsd50k\FSD50K.dev_audio\349297.wav,knocking,fsd50k,real,0.0,fsd50k:349297
C:\Users\tprac\Downloads\sahara\sahara\data\raw\fsd50k\FSD50K.dev_audio\349298.wav,knocking,fsd50k,real,0.0,fsd50k:349298
C:\Users\tprac\Downloads\sahara\sahara\data\raw\fsd50k\FSD50K.dev_audio\259181.wav,knocking,fsd50k,real,0.0,fsd50k:259181
C:\Users\tprac\Downloads\sahara\sahara\data\raw\fsd50k\FSD50K.dev_audio\349302.wav,knocking,fsd50k,real,0.0,fsd50k:349302
C:\Users\tprac\Downloads\sahara\sahara\data\raw\fsd50k\FSD50K.dev_audio\349307.wav,knocking,fsd50k,real,0.0,fsd50k:349307
C:\Users\tprac\Downloads\sahara\sahara\data\raw\fsd50k\FSD50K.dev_audio\349308.wav,knocking,fsd50k,real,0.0,fsd50k:349308
C:\Users\tprac\Downloads\sahara\sahara\data\raw\fsd50k\FSD50K.dev_audio\349309.wav,knocking,fsd50k,real,0.0,fsd50k:349309
C:\Users\tprac\Downloads\sahara\sahara\data\raw\fsd50k\FSD50K.dev_audio\349310.wav,knocking,fsd50k,real,0.0,fsd50k:349310
C:\Users\tprac\Downloads\sahara\sahara\data\raw\fsd50k\FSD50K.dev_audio\171136.wav,knocking,fsd50k,real,0.0,fsd50k:171136
C:\Users\tprac\Downloads\sahara\sahara\data\raw\fsd50k\FSD50K.dev_audio\362633.wav,knocking,fsd50k,real,0.0,fsd50k:362633
C:\Users\tprac\Downloads\sahara\sahara\data\raw\fsd50k\FSD50K.dev_audio\410763.wav,knocking,fsd50k,real,0.0,fsd50k:410763
C:\Users\tprac\Downloads\sahara\sahara\data\raw\fsd50k\FSD50K.dev_audio\318614.wav,knocking,fsd50k,real,0.0,fsd50k:318614
C:\Users\tprac\Downloads\sahara\sahara\data\raw\fsd50k\FSD50K.dev_audio\372917.wav,knocking,fsd50k,real,0.0,fsd50k:372917
C:\Users\tprac\Downloads\sahara\sahara\data\raw\fsd50k\FSD50K.dev_audio\410827.wav,knocking,fsd50k,real,0.0,fsd50k:410827
C:\Users\tprac\Downloads\sahara\sahara\data\raw\fsd50k\FSD50K.dev_audio\334043.wav,knocking,fsd50k,real,0.0,fsd50k:334043
C:\Users\tprac\Downloads\sahara\sahara\data\raw\fsd50k\FSD50K.dev_audio\429312.wav,knocking,fsd50k,real,0.0,fsd50k:429312
C:\Users\tprac\Downloads\sahara\sahara\data\raw\fsd50k\FSD50K.dev_audio\193826.wav,knocking,fsd50k,real,0.0,fsd50k:193826
C:\Users\tprac\Downloads\sahara\sahara\data\raw\fsd50k\FSD50K.dev_audio\193828.wav,knocking,fsd50k,real,0.0,fsd50k:193828
C:\Users\tprac\Downloads\sahara\sahara\data\raw\fsd50k\FSD50K.dev_audio\193831.wav,knocking,fsd50k,real,0.0,fsd50k:193831
C:\Users\tprac\Downloads\sahara\sahara\data\raw\fsd50k\FSD50K.dev_audio\193832.wav,knocking,fsd50k,real,0.0,fsd50k:193832
C:\Users\tprac\Downloads\sahara\sahara\data\raw\fsd50k\FSD50K.dev_audio\193834.wav,knocking,fsd50k,real,0.0,fsd50k:193834
C:\Users\tprac\Downloads\sahara\sahara\data\raw\fsd50k\FSD50K.dev_audio\193833.wav,knocking,fsd50k,real,0.0,fsd50k:193833
C:\Users\tprac\Downloads\sahara\sahara\data\raw\fsd50k\FSD50K.dev_audio\193835.wav,knocking,fsd50k,real,0.0,fsd50k:193835
C:\Users\tprac\Downloads\sahara\sahara\data\raw\fsd50k\FSD50K.dev_audio\193839.wav,knocking,fsd50k,real,0.0,fsd50k:193839
C:\Users\tprac\Downloads\sahara\sahara\data\raw\fsd50k\FSD50K.dev_audio\193840.wav,knocking,fsd50k,real,0.0,fsd50k:193840
C:\Users\tprac\Downloads\sahara\sahara\data\raw\fsd50k\FSD50K.dev_audio\193842.wav,knocking,fsd50k,real,0.0,fsd50k:193842
C:\Users\tprac\Downloads\sahara\sahara\data\raw\fsd50k\FSD50K.dev_audio\193845.wav,knocking,fsd50k,real,0.0,fsd50k:193845
C:\Users\tprac\Downloads\sahara\sahara\data\raw\fsd50k\FSD50K.dev_audio\193846.wav,knocking,fsd50k,real,0.0,fsd50k:193846
C:\Users\tprac\Downloads\sahara\sahara\data\raw\fsd50k\FSD50K.dev_audio\193847.wav,knocking,fsd50k,real,0.0,fsd50k:193847
C:\Users\tprac\Downloads\sahara\sahara\data\raw\fsd50k\FSD50K.dev_audio\193849.wav,knocking,fsd50k,real,0.0,fsd50k:193849
C:\Users\tprac\Downloads\sahara\sahara\data\raw\fsd50k\FSD50K.dev_audio\233795.wav,knocking,fsd50k,real,0.0,fsd50k:233795
C:\Users\tprac\Downloads\sahara\sahara\data\raw\fsd50k\FSD50K.dev_audio\193864.wav,knocking,fsd50k,real,0.0,fsd50k:193864
C:\Users\tprac\Downloads\sahara\sahara\data\raw\fsd50k\FSD50K.dev_audio\193858.wav,knocking,fsd50k,real,0.0,fsd50k:193858
C:\Users\tprac\Downloads\sahara\sahara\data\raw\fsd50k\FSD50K.dev_audio\193860.wav,knocking,fsd50k,real,0.0,fsd50k:193860
C:\Users\tprac\Downloads\sahara\sahara\data\raw\fsd50k\FSD50K.dev_audio\193870.wav,knocking,fsd50k,real,0.0,fsd50k:193870
C:\Users\tprac\Downloads\sahara\sahara\data\raw\fsd50k\FSD50K.dev_audio\193862.wav,knocking,fsd50k,real,0.0,fsd50k:193862
C:\Users\tprac\Downloads\sahara\sahara\data\raw\fsd50k\FSD50K.dev_audio\193863.wav,knocking,fsd50k,real,0.0,fsd50k:193863
C:\Users\tprac\Downloads\sahara\sahara\data\raw\fsd50k\FSD50K.dev_audio\193872.wav,knocking,fsd50k,real,0.0,fsd50k:193872
C:\Users\tprac\Downloads\sahara\sahara\data\raw\fsd50k\FSD50K.dev_audio\193873.wav,knocking,fsd50k,real,0.0,fsd50k:193873
C:\Users\tprac\Downloads\sahara\sahara\data\raw\fsd50k\FSD50K.dev_audio\365907.wav,knocking,fsd50k,real,0.0,fsd50k:365907
C:\Users\tprac\Downloads\sahara\sahara\data\raw\fsd50k\FSD50K.dev_audio\136544.wav,knocking,fsd50k,real,0.0,fsd50k:136544
C:\Users\tprac\Downloads\sahara\sahara\data\raw\fsd50k\FSD50K.dev_audio\77165.wav,knocking,fsd50k,real,0.0,fsd50k:77165
C:\Users\tprac\Downloads\sahara\sahara\data\raw\fsd50k\FSD50K.dev_audio\274814.wav,knocking,fsd50k,real,0.0,fsd50k:274814
C:\Users\tprac\Downloads\sahara\sahara\data\raw\fsd50k\FSD50K.dev_audio\345474.wav,knocking,fsd50k,real,0.0,fsd50k:345474
C:\Users\tprac\Downloads\sahara\sahara\data\raw\fsd50k\FSD50K.dev_audio\426372.wav,knocking,fsd50k,real,0.0,fsd50k:426372
C:\Users\tprac\Downloads\sahara\sahara\data\raw\fsd50k\FSD50K.dev_audio\208317.wav,knocking,fsd50k,real,0.0,fsd50k:208317
C:\Users\tprac\Downloads\sahara\sahara\data\raw\fsd50k\FSD50K.dev_audio\275912.wav,knocking,fsd50k,real,0.0,fsd50k:275912
C:\Users\tprac\Downloads\sahara\sahara\data\raw\fsd50k\FSD50K.dev_audio\188878.wav,knocking,fsd50k,real,0.0,fsd50k:188878
C:\Users\tprac\Downloads\sahara\sahara\data\raw\fsd50k\FSD50K.dev_audio\193851.wav,knocking,fsd50k,real,0.0,fsd50k:193851
C:\Users\tprac\Downloads\sahara\sahara\data\raw\fsd50k\FSD50K.dev_audio\188883.wav,knocking,fsd50k,real,0.0,fsd50k:188883
C:\Users\tprac\Downloads\sahara\sahara\data\raw\fsd50k\FSD50K.dev_audio\193852.wav,knocking,fsd50k,real,0.0,fsd50k:193852
C:\Users\tprac\Downloads\sahara\sahara\data\raw\fsd50k\FSD50K.dev_audio\148950.wav,knocking,fsd50k,real,0.0,fsd50k:148950
C:\Users\tprac\Downloads\sahara\sahara\data\raw\fsd50k\FSD50K.dev_audio\193853.wav,knocking,fsd50k,real,0.0,fsd50k:193853
C:\Users\tprac\Downloads\sahara\sahara\data\raw\fsd50k\FSD50K.dev_audio\113131.wav,knocking,fsd50k,real,0.0,fsd50k:113131
C:\Users\tprac\Downloads\sahara\sahara\data\raw\fsd50k\FSD50K.dev_audio\256512.wav,knocking,fsd50k,real,0.0,fsd50k:256512
C:\Users\tprac\Downloads\sahara\sahara\data\raw\fsd50k\FSD50K.dev_audio\120331.wav,knocking,fsd50k,real,0.0,fsd50k:120331
C:\Users\tprac\Downloads\sahara\sahara\data\raw\fsd50k\FSD50K.dev_audio\367129.wav,knocking,fsd50k,real,0.0,fsd50k:367129
C:\Users\tprac\Downloads\sahara\sahara\data\raw\fsd50k\FSD50K.dev_audio\251426.wav,knocking,fsd50k,real,0.0,fsd50k:251426
C:\Users\tprac\Downloads\sahara\sahara\data\raw\fsd50k\FSD50K.dev_audio\144942.wav,knocking,fsd50k,real,0.0,fsd50k:144942
C:\Users\tprac\Downloads\sahara\sahara\data\raw\fsd50k\FSD50K.dev_audio\151088.wav,knocking,fsd50k,real,0.0,fsd50k:151088
C:\Users\tprac\Downloads\sahara\sahara\data\raw\fsd50k\FSD50K.dev_audio\144950.wav,knocking,fsd50k,real,0.0,fsd50k:144950
C:\Users\tprac\Downloads\sahara\sahara\data\raw\fsd50k\FSD50K.dev_audio\104001.wav,knocking,fsd50k,real,0.0,fsd50k:104001
C:\Users\tprac\Downloads\sahara\sahara\data\raw\fsd50k\FSD50K.dev_audio\31371.wav,knocking,fsd50k,real,0.0,fsd50k:31371
C:\Users\tprac\Downloads\sahara\sahara\data\raw\fsd50k\FSD50K.dev_audio\267931.wav,knocking,fsd50k,real,0.0,fsd50k:267931
C:\Users\tprac\Downloads\sahara\sahara\data\raw\fsd50k\FSD50K.dev_audio\377500.wav,knocking,fsd50k,real,0.0,fsd50k:377500
C:\Users\tprac\Downloads\sahara\sahara\data\raw\fsd50k\FSD50K.dev_audio\133851.wav,knocking,fsd50k,real,0.0,fsd50k:133851
C:\Users\tprac\Downloads\sahara\sahara\data\raw\fsd50k\FSD50K.dev_audio\412381.wav,knocking,fsd50k,real,0.0,fsd50k:412381
C:\Users\tprac\Downloads\sahara\sahara\data\raw\fsd50k\FSD50K.dev_audio\222991.wav,knocking,fsd50k,real,0.0,fsd50k:222991
C:\Users\tprac\Downloads\sahara\sahara\data\raw\fsd50k\FSD50K.dev_audio\223017.wav,knocking,fsd50k,real,0.0,fsd50k:223017
C:\Users\tprac\Downloads\sahara\sahara\data\raw\fsd50k\FSD50K.dev_audio\268126.wav,knocking,fsd50k,real,0.0,fsd50k:268126
C:\Users\tprac\Downloads\sahara\sahara\data\raw\fsd50k\FSD50K.dev_audio\218980.wav,knocking,fsd50k,real,0.0,fsd50k:218980
C:\Users\tprac\Downloads\sahara\sahara\data\raw\fsd50k\FSD50K.dev_audio\218989.wav,knocking,fsd50k,real,0.0,fsd50k:218989
C:\Users\tprac\Downloads\sahara\sahara\data\raw\fsd50k\FSD50K.dev_audio\378742.wav,knocking,fsd50k,real,0.0,fsd50k:378742
C:\Users\tprac\Downloads\sahara\sahara\data\raw\fsd50k\FSD50K.dev_audio\137083.wav,knocking,fsd50k,real,0.0,fsd50k:137083
C:\Users\tprac\Downloads\sahara\sahara\data\raw\fsd50k\FSD50K.dev_audio\82817.wav,knocking,fsd50k,real,0.0,fsd50k:82817
C:\Users\tprac\Downloads\sahara\sahara\data\raw\fsd50k\FSD50K.dev_audio\180147.wav,knocking,fsd50k,real,0.0,fsd50k:180147
C:\Users\tprac\Downloads\sahara\sahara\data\raw\fsd50k\FSD50K.dev_audio\81001.wav,knocking,fsd50k,real,0.0,fsd50k:81001
C:\Users\tprac\Downloads\sahara\sahara\data\raw\fsd50k\FSD50K.dev_audio\242184.wav,knocking,fsd50k,real,0.0,fsd50k:242184
C:\Users\tprac\Downloads\sahara\sahara\data\raw\fsd50k\FSD50K.dev_audio\175417.wav,knocking,fsd50k,real,0.0,fsd50k:175417
C:\Users\tprac\Downloads\sahara\sahara\data\raw\fsd50k\FSD50K.dev_audio\266600.wav,knocking,fsd50k,real,0.0,fsd50k:266600
C:\Users\tprac\Downloads\sahara\sahara\data\raw\fsd50k\FSD50K.dev_audio\34859.wav,knocking,fsd50k,real,0.0,fsd50k:34859
C:\Users\tprac\Downloads\sahara\sahara\data\raw\fsd50k\FSD50K.dev_audio\366329.wav,knocking,fsd50k,real,0.0,fsd50k:366329
C:\Users\tprac\Downloads\sahara\sahara\data\raw\fsd50k\FSD50K.eval_audio\365908.wav,knocking,fsd50k,real,0.0,fsd50k:365908
C:\Users\tprac\Downloads\sahara\sahara\data\raw\fsd50k\FSD50K.eval_audio\326922.wav,knocking,fsd50k,real,0.0,fsd50k:326922
C:\Users\tprac\Downloads\sahara\sahara\data\raw\fsd50k\FSD50K.eval_audio\154780.wav,knocking,fsd50k,real,0.0,fsd50k:154780
C:\Users\tprac\Downloads\sahara\sahara\data\raw\fsd50k\FSD50K.eval_audio\26188.wav,knocking,fsd50k,real,0.0,fsd50k:26188
C:\Users\tprac\Downloads\sahara\sahara\data\raw\fsd50k\FSD50K.eval_audio\219668.wav,knocking,fsd50k,real,0.0,fsd50k:219668
C:\Users\tprac\Downloads\sahara\sahara\data\raw\fsd50k\FSD50K.eval_audio\413742.wav,knocking,fsd50k,real,0.0,fsd50k:413742
C:\Users\tprac\Downloads\sahara\sahara\data\raw\fsd50k\FSD50K.eval_audio\96838.wav,knocking,fsd50k,real,0.0,fsd50k:96838
C:\Users\tprac\Downloads\sahara\sahara\data\raw\fsd50k\FSD50K.eval_audio\260224.wav,knocking,fsd50k,real,0.0,fsd50k:260224
C:\Users\tprac\Downloads\sahara\sahara\data\raw\fsd50k\FSD50K.eval_audio\431745.wav,knocking,fsd50k,real,0.0,fsd50k:431745
C:\Users\tprac\Downloads\sahara\sahara\data\raw\fsd50k\FSD50K.eval_audio\361116.wav,knocking,fsd50k,real,0.0,fsd50k:361116
C:\Users\tprac\Downloads\sahara\sahara\data\raw\fsd50k\FSD50K.eval_audio\329911.wav,knocking,fsd50k,real,0.0,fsd50k:329911
C:\Users\tprac\Downloads\sahara\sahara\data\raw\fsd50k\FSD50K.eval_audio\83640.wav,knocking,fsd50k,real,0.0,fsd50k:83640
C:\Users\tprac\Downloads\sahara\sahara\data\raw\fsd50k\FSD50K.eval_audio\268500.wav,knocking,fsd50k,real,0.0,fsd50k:268500
C:\Users\tprac\Downloads\sahara\sahara\data\raw\fsd50k\FSD50K.eval_audio\419089.wav,knocking,fsd50k,real,0.0,fsd50k:419089
C:\Users\tprac\Downloads\sahara\sahara\data\raw\fsd50k\FSD50K.eval_audio\347944.wav,knocking,fsd50k,real,0.0,fsd50k:347944
C:\Users\tprac\Downloads\sahara\sahara\data\raw\fsd50k\FSD50K.eval_audio\197979.wav,knocking,fsd50k,real,0.0,fsd50k:197979
C:\Users\tprac\Downloads\sahara\sahara\data\raw\fsd50k\FSD50K.eval_audio\372573.wav,knocking,fsd50k,real,0.0,fsd50k:372573
C:\Users\tprac\Downloads\sahara\sahara\data\raw\fsd50k\FSD50K.eval_audio\416117.wav,knocking,fsd50k,real,0.0,fsd50k:416117
C:\Users\tprac\Downloads\sahara\sahara\data\raw\fsd50k\FSD50K.eval_audio\338299.wav,knocking,fsd50k,real,0.0,fsd50k:338299
C:\Users\tprac\Downloads\sahara\sahara\data\raw\fsd50k\FSD50K.eval_audio\420735.wav,knocking,fsd50k,real,0.0,fsd50k:420735
C:\Users\tprac\Downloads\sahara\sahara\data\raw\fsd50k\FSD50K.eval_audio\34261.wav,knocking,fsd50k,real,0.0,fsd50k:34261
C:\Users\tprac\Downloads\sahara\sahara\data\raw\fsd50k\FSD50K.eval_audio\34260.wav,knocking,fsd50k,real,0.0,fsd50k:34260
C:\Users\tprac\Downloads\sahara\sahara\data\raw\fsd50k\FSD50K.eval_audio\202231.wav,knocking,fsd50k,real,0.0,fsd50k:202231
C:\Users\tprac\Downloads\sahara\sahara\data\raw\fsd50k\FSD50K.eval_audio\334988.wav,knocking,fsd50k,real,0.0,fsd50k:334988
C:\Users\tprac\Downloads\sahara\sahara\data\raw\fsd50k\FSD50K.eval_audio\337721.wav,knocking,fsd50k,real,0.0,fsd50k:337721
C:\Users\tprac\Downloads\sahara\sahara\data\raw\fsd50k\FSD50K.eval_audio\275581.wav,knocking,fsd50k,real,0.0,fsd50k:275581
C:\Users\tprac\Downloads\sahara\sahara\data\raw\fsd50k\FSD50K.eval_audio\380812.wav,knocking,fsd50k,real,0.0,fsd50k:380812
C:\Users\tprac\Downloads\sahara\sahara\data\raw\fsd50k\FSD50K.eval_audio\170902.wav,knocking,fsd50k,real,0.0,fsd50k:170902
C:\Users\tprac\Downloads\sahara\sahara\data\raw\fsd50k\FSD50K.eval_audio\410294.wav,knocking,fsd50k,real,0.0,fsd50k:410294
C:\Users\tprac\Downloads\sahara\sahara\data\raw\fsd50k\FSD50K.eval_audio\238287.wav,knocking,fsd50k,real,0.0,fsd50k:238287
C:\Users\tprac\Downloads\sahara\sahara\data\raw\fsd50k\FSD50K.eval_audio\232848.wav,knocking,fsd50k,real,0.0,fsd50k:232848
C:\Users\tprac\Downloads\sahara\sahara\data\raw\fsd50k\FSD50K.eval_audio\394162.wav,knocking,fsd50k,real,0.0,fsd50k:394162
C:\Users\tprac\Downloads\sahara\sahara\data\raw\fsd50k\FSD50K.eval_audio\254981.wav,knocking,fsd50k,real,0.0,fsd50k:254981
C:\Users\tprac\Downloads\sahara\sahara\data\raw\fsd50k\FSD50K.eval_audio\67304.wav,knocking,fsd50k,real,0.0,fsd50k:67304
C:\Users\tprac\Downloads\sahara\sahara\data\raw\fsd50k\FSD50K.eval_audio\154378.wav,knocking,fsd50k,real,0.0,fsd50k:154378
C:\Users\tprac\Downloads\sahara\sahara\data\raw\fsd50k\FSD50K.eval_audio\407191.wav,knocking,fsd50k,real,0.0,fsd50k:407191
C:\Users\tprac\Downloads\sahara\sahara\data\raw\fsd50k\FSD50K.eval_audio\329924.wav,knocking,fsd50k,real,0.0,fsd50k:329924
C:\Users\tprac\Downloads\sahara\sahara\data\raw\fsd50k\FSD50K.eval_audio\383761.wav,knocking,fsd50k,real,0.0,fsd50k:383761
C:\Users\tprac\Downloads\sahara\sahara\data\raw\fsd50k\FSD50K.eval_audio\174640.wav,knocking,fsd50k,real,0.0,fsd50k:174640
C:\Users\tprac\Downloads\sahara\sahara\data\raw\fsd50k\FSD50K.eval_audio\65925.wav,knocking,fsd50k,real,0.0,fsd50k:65925
C:\Users\tprac\Downloads\sahara\sahara\data\raw\fsd50k\FSD50K.eval_audio\347401.wav,knocking,fsd50k,real,0.0,fsd50k:347401
C:\Users\tprac\Downloads\sahara\sahara\data\raw\fsd50k\FSD50K.eval_audio\94773.wav,knocking,fsd50k,real,0.0,fsd50k:94773
C:\Users\tprac\Downloads\sahara\sahara\data\raw\fsd50k\FSD50K.eval_audio\372231.wav,knocking,fsd50k,real,0.0,fsd50k:372231
C:\Users\tprac\Downloads\sahara\sahara\data\raw\fsd50k\FSD50K.eval_audio\152614.wav,knocking,fsd50k,real,0.0,fsd50k:152614
C:\Users\tprac\Downloads\sahara\sahara\data\raw\fsd50k\FSD50K.eval_audio\199882.wav,knocking,fsd50k,real,0.0,fsd50k:199882
C:\Users\tprac\Downloads\sahara\sahara\data\raw\fsd50k\FSD50K.eval_audio\82421.wav,knocking,fsd50k,real,0.0,fsd50k:82421
C:\Users\tprac\Downloads\sahara\sahara\data\raw\fsd50k\FSD50K.eval_audio\83136.wav,knocking,fsd50k,real,0.0,fsd50k:83136
C:\Users\tprac\Downloads\sahara\sahara\data\raw\fsd50k\FSD50K.eval_audio\152594.wav,knocking,fsd50k,real,0.0,fsd50k:152594
C:\Users\tprac\Downloads\sahara\sahara\data\raw\fsd50k\FSD50K.eval_audio\23710.wav,knocking,fsd50k,real,0.0,fsd50k:23710
C:\Users\tprac\Downloads\sahara\sahara\data\raw\fsd50k\FSD50K.eval_audio\430844.wav,knocking,fsd50k,real,0.0,fsd50k:430844
C:\Users\tprac\Downloads\sahara\sahara\data\raw\fsd50k\FSD50K.eval_audio\181923.wav,knocking,fsd50k,real,0.0,fsd50k:181923
C:\Users\tprac\Downloads\sahara\sahara\data\raw\fsd50k\FSD50K.eval_audio\171973.wav,knocking,fsd50k,real,0.0,fsd50k:171973
C:\Users\tprac\Downloads\sahara\sahara\data\raw\fsd50k\FSD50K.eval_audio\402612.wav,knocking,fsd50k,real,0.0,fsd50k:402612
C:\Users\tprac\Downloads\sahara\sahara\data\raw\fsd50k\FSD50K.eval_audio\372232.wav,knocking,fsd50k,real,0.0,fsd50k:372232
C:\Users\tprac\Downloads\sahara\sahara\data\raw\fsd50k\FSD50K.eval_audio\199879.wav,knocking,fsd50k,real,0.0,fsd50k:199879
C:\Users\tprac\Downloads\sahara\sahara\data\raw\fsd50k\FSD50K.eval_audio\399811.wav,knocking,fsd50k,real,0.0,fsd50k:399811
C:\Users\tprac\Downloads\sahara\sahara\data\raw\fsd50k\FSD50K.eval_audio\127800.wav,knocking,fsd50k,real,0.0,fsd50k:127800
C:\Users\tprac\Downloads\sahara\sahara\data\raw\fsd50k\FSD50K.eval_audio\53442.wav,knocking,fsd50k,real,0.0,fsd50k:53442
C:\Users\tprac\Downloads\sahara\sahara\data\raw\fsd50k\FSD50K.eval_audio\85087.wav,knocking,fsd50k,real,0.0,fsd50k:85087
C:\Users\tprac\Downloads\sahara\sahara\data\raw\fsd50k\FSD50K.eval_audio\98851.wav,knocking,fsd50k,real,0.0,fsd50k:98851
C:\Users\tprac\Downloads\sahara\sahara\data\raw\fsd50k\FSD50K.eval_audio\186517.wav,knocking,fsd50k,real,0.0,fsd50k:186517
C:\Users\tprac\Downloads\sahara\sahara\data\raw\fsd50k\FSD50K.eval_audio\379121.wav,knocking,fsd50k,real,0.0,fsd50k:379121
C:\Users\tprac\Downloads\sahara\sahara\data\raw\fsd50k\FSD50K.eval_audio\152593.wav,knocking,fsd50k,real,0.0,fsd50k:152593
C:\Users\tprac\Downloads\sahara\sahara\data\raw\fsd50k\FSD50K.eval_audio\154463.wav,knocking,fsd50k,real,0.0,fsd50k:154463
C:\Users\tprac\Downloads\sahara\sahara\data\raw\fsd50k\FSD50K.eval_audio\403691.wav,knocking,fsd50k,real,0.0,fsd50k:403691
C:\Users\tprac\Downloads\sahara\sahara\data\raw\fsd50k\FSD50K.eval_audio\135428.wav,knocking,fsd50k,real,0.0,fsd50k:135428
C:\Users\tprac\Downloads\sahara\sahara\data\raw\fsd50k\FSD50K.eval_audio\210536.wav,knocking,fsd50k,real,0.0,fsd50k:210536
C:\Users\tprac\Downloads\sahara\sahara\data\raw\fsd50k\FSD50K.eval_audio\399825.wav,knocking,fsd50k,real,0.0,fsd50k:399825
C:\Users\tprac\Downloads\sahara\sahara\data\raw\fsd50k\FSD50K.eval_audio\347609.wav,knocking,fsd50k,real,0.0,fsd50k:347609
C:\Users\tprac\Downloads\sahara\sahara\data\raw\fsd50k\FSD50K.eval_audio\83910.wav,knocking,fsd50k,real,0.0,fsd50k:83910
C:\Users\tprac\Downloads\sahara\sahara\data\raw\fsd50k\FSD50K.eval_audio\366236.wav,knocking,fsd50k,real,0.0,fsd50k:366236
C:\Users\tprac\Downloads\sahara\sahara\data\raw\fsd50k\FSD50K.eval_audio\388270.wav,knocking,fsd50k,real,0.0,fsd50k:388270
C:\Users\tprac\Downloads\sahara\sahara\data\raw\fsd50k\FSD50K.eval_audio\114254.wav,knocking,fsd50k,real,0.0,fsd50k:114254
C:\Users\tprac\Downloads\sahara\sahara\data\raw\fsd50k\FSD50K.eval_audio\335393.wav,knocking,fsd50k,real,0.0,fsd50k:335393
C:\Users\tprac\Downloads\sahara\sahara\data\raw\fsd50k\FSD50K.eval_audio\399826.wav,knocking,fsd50k,real,0.0,fsd50k:399826
C:\Users\tprac\Downloads\sahara\sahara\data\raw\audioset\knocking\-ItCGHv_9Gs_3_000_13_000.wav,knocking,audioset,real,9.863875,audioset:-ItCGHv
C:\Users\tprac\Downloads\sahara\sahara\data\raw\audioset\knocking\-lUCohWH9xg_29_000_39_000.wav,knocking,audioset,real,18.5948125,audioset:-lUCohWH9xg
C:\Users\tprac\Downloads\sahara\sahara\data\raw\audioset\knocking\-M_5w6KKfgQ_0_000_10_000.wav,knocking,audioset,real,10.0135,audioset:-M
C:\Users\tprac\Downloads\sahara\sahara\data\raw\audioset\knocking\-Ypg2o4TqXM_30_000_40_000.wav,knocking,audioset,real,10.008,audioset:-Ypg2o4TqXM
C:\Users\tprac\Downloads\sahara\sahara\data\raw\audioset\knocking\-z0muTLomL4_11_000_21_000.wav,knocking,audioset,real,10.448375,audioset:-z0muTLomL4
C:\Users\tprac\Downloads\sahara\sahara\data\raw\audioset\knocking\0yjZRw5Ks3Y_30_000_40_000.wav,knocking,audioset,real,19.9935,audioset:0yjZRw5Ks3Y
C:\Users\tprac\Downloads\sahara\sahara\data\raw\audioset\knocking\19DRe0cdeXQ_20_000_30_000.wav,knocking,audioset,real,10.0001875,audioset:19DRe0cdeXQ
C:\Users\tprac\Downloads\sahara\sahara\data\raw\audioset\knocking\1PXdsHgpRgA_30_000_40_000.wav,knocking,audioset,real,10.008,audioset:1PXdsHgpRgA
C:\Users\tprac\Downloads\sahara\sahara\data\raw\audioset\knocking\1Ul-LlPhELw_220_000_230_000.wav,knocking,audioset,real,19.9935,audioset:1Ul-LlPhELw
C:\Users\tprac\Downloads\sahara\sahara\data\raw\audioset\knocking\1WFBllfIMPA_0_000_2_000.wav,knocking,audioset,real,1.6021875,audioset:1WFBllfIMPA
C:\Users\tprac\Downloads\sahara\sahara\data\raw\audioset\knocking\1y7lQSNaMjw_60_000_70_000.wav,knocking,audioset,real,19.9935,audioset:1y7lQSNaMjw
C:\Users\tprac\Downloads\sahara\sahara\data\raw\audioset\knocking\2EVcnKR39PI_30_000_40_000.wav,knocking,audioset,real,10.008,audioset:2EVcnKR39PI
C:\Users\tprac\Downloads\sahara\sahara\data\raw\audioset\knocking\2OROEX0O-kw_30_000_40_000.wav,knocking,audioset,real,10.008,audioset:2OROEX0O-kw
C:\Users\tprac\Downloads\sahara\sahara\data\raw\audioset\knocking\3-Lvdqfmj2U_30_000_40_000.wav,knocking,audioset,real,19.9935,audioset:3-Lvdqfmj2U
C:\Users\tprac\Downloads\sahara\sahara\data\raw\audioset\knocking\4ertekFHXbg_170_000_180_000.wav,knocking,audioset,real,19.9935,audioset:4ertekFHXbg
C:\Users\tprac\Downloads\sahara\sahara\data\raw\audioset\knocking\5OXcmim3SFQ_20_000_30_000.wav,knocking,audioset,real,10.0001875,audioset:5OXcmim3SFQ
C:\Users\tprac\Downloads\sahara\sahara\data\raw\audioset\knocking\6X6wb0FC6Fg_540_000_550_000.wav,knocking,audioset,real,19.9935,audioset:6X6wb0FC6Fg
C:\Users\tprac\Downloads\sahara\sahara\data\raw\audioset\knocking\7fsUq4smsKU_420_000_430_000.wav,knocking,audioset,real,10.010375,audioset:7fsUq4smsKU
C:\Users\tprac\Downloads\sahara\sahara\data\raw\audioset\knocking\8itgAad5TdE_110_000_120_000.wav,knocking,audioset,real,19.9935,audioset:8itgAad5TdE
C:\Users\tprac\Downloads\sahara\sahara\data\raw\audioset\knocking\A4hM0IWnljM_10_000_20_000.wav,knocking,audioset,real,19.9935,audioset:A4hM0IWnljM
C:\Users\tprac\Downloads\sahara\sahara\data\raw\audioset\knocking\AaqfoHudOPI_30_000_40_000.wav,knocking,audioset,real,19.9935,audioset:AaqfoHudOPI
C:\Users\tprac\Downloads\sahara\sahara\data\raw\audioset\knocking\BBlzg67T3aA_30_000_40_000.wav,knocking,audioset,real,19.9935,audioset:BBlzg67T3aA
C:\Users\tprac\Downloads\sahara\sahara\data\raw\audioset\smoke_alarm\04JKX_vlePE_90_000_100_000.wav,smoke_alarm,audioset,real,19.9935,audioset:04JKX
C:\Users\tprac\Downloads\sahara\sahara\data\raw\audioset\smoke_alarm\1WFLYqsLvv0_0_000_10_000.wav,smoke_alarm,audioset,real,9.8685,audioset:1WFLYqsLvv0
C:\Users\tprac\Downloads\sahara\sahara\data\raw\audioset\smoke_alarm\2fc_QUbbS-I_470_000_480_000.wav,smoke_alarm,audioset,real,19.9935,audioset:2fc
C:\Users\tprac\Downloads\sahara\sahara\data\raw\audioset\smoke_alarm\2i_xXpPIi0w_210_000_220_000.wav,smoke_alarm,audioset,real,19.9935,audioset:2i
C:\Users\tprac\Downloads\sahara\sahara\data\raw\audioset\smoke_alarm\3rWuqvyN4os_8_000_18_000.wav,smoke_alarm,audioset,real,17.9935,audioset:3rWuqvyN4os
C:\Users\tprac\Downloads\sahara\sahara\data\raw\audioset\smoke_alarm\6z4HD7Dw7i8_30_000_40_000.wav,smoke_alarm,audioset,real,19.9935,audioset:6z4HD7Dw7i8
C:\Users\tprac\Downloads\sahara\sahara\data\raw\audioset\smoke_alarm\919RleFXcNM_380_000_390_000.wav,smoke_alarm,audioset,real,19.9935,audioset:919RleFXcNM
C:\Users\tprac\Downloads\sahara\sahara\data\raw\audioset\smoke_alarm\AkWEga9gUIQ_0_000_10_000.wav,smoke_alarm,audioset,real,10.0135,audioset:AkWEga9gUIQ
C:\Users\tprac\Downloads\sahara\sahara\data\raw\audioset\smoke_alarm\B4k036R3wQE_18_000_28_000.wav,smoke_alarm,audioset,real,9.0048125,audioset:B4k036R3wQE
C:\Users\tprac\Downloads\sahara\sahara\data\raw\audioset\smoke_alarm\CnYUEif7qF8_140_000_150_000.wav,smoke_alarm,audioset,real,19.9935,audioset:CnYUEif7qF8
C:\Users\tprac\Downloads\sahara\sahara\data\raw\audioset\smoke_alarm\EviorW0wbVo_500_000_510_000.wav,smoke_alarm,audioset,real,19.9935,audioset:EviorW0wbVo
C:\Users\tprac\Downloads\sahara\sahara\data\raw\audioset\smoke_alarm\HFpfDaLZtzQ_30_000_40_000.wav,smoke_alarm,audioset,real,19.9935,audioset:HFpfDaLZtzQ
C:\Users\tprac\Downloads\sahara\sahara\data\raw\audioset\smoke_alarm\I3etAR5FQjo_60_000_70_000.wav,smoke_alarm,audioset,real,19.9935,audioset:I3etAR5FQjo
C:\Users\tprac\Downloads\sahara\sahara\data\raw\audioset\smoke_alarm\JW36HYLa4E4_0_000_9_000.wav,smoke_alarm,audioset,real,8.0135,audioset:JW36HYLa4E4
C:\Users\tprac\Downloads\sahara\sahara\data\raw\audioset\baby_cry\1TB3-XSom_A_30_000_40_000.wav,baby_cry,audioset,real,19.9935,audioset:1TB3-XSom
C:\Users\tprac\Downloads\sahara\sahara\data\raw\audioset\baby_cry\6XOsBs2rZRg_30_000_40_000.wav,baby_cry,audioset,real,19.9935,audioset:6XOsBs2rZRg
C:\Users\tprac\Downloads\sahara\sahara\data\raw\audioset\baby_cry\Bh2dm_FYKpE_30_000_40_000.wav,baby_cry,audioset,real,10.008,audioset:Bh2dm
C:\Users\tprac\Downloads\sahara\sahara\data\raw\audioset\baby_cry\EpOxIPicC7U_30_000_40_000.wav,baby_cry,audioset,real,10.008,audioset:EpOxIPicC7U
C:\Users\tprac\Downloads\sahara\sahara\data\raw\audioset\baby_cry\ESM5iFLydek_130_000_140_000.wav,baby_cry,audioset,real,19.9935,audioset:ESM5iFLydek
C:\Users\tprac\Downloads\sahara\sahara\data\raw\audioset\baby_cry\HVv0jG7J0to_490_000_500_000.wav,baby_cry,audioset,real,10.0185,audioset:HVv0jG7J0to
C:\Users\tprac\Downloads\sahara\sahara\data\raw\audioset\baby_cry\NLNo9hvgWKs_28_000_38_000.wav,baby_cry,audioset,real,9.012625,audioset:NLNo9hvgWKs
C:\Users\tprac\Downloads\sahara\sahara\data\raw\audioset\baby_cry\NQddcOXRcmI_9_000_19_000.wav,baby_cry,audioset,real,10.017125,audioset:NQddcOXRcmI
C:\Users\tprac\Downloads\sahara\sahara\data\raw\audioset\baby_cry\OuGic_IXSaA_1_000_11_000.wav,baby_cry,audioset,real,10.5450625,audioset:OuGic
C:\Users\tprac\Downloads\sahara\sahara\data\raw\audioset\baby_cry\QbIrDllRK4E_0_000_9_000.wav,baby_cry,audioset,real,8.0135,audioset:QbIrDllRK4E
C:\Users\tprac\Downloads\sahara\sahara\data\raw\audioset\baby_cry\UhXKXjckLyY_21_000_31_000.wav,baby_cry,audioset,real,9.9801875,audioset:UhXKXjckLyY
C:\Users\tprac\Downloads\sahara\sahara\data\raw\audioset\baby_cry\XDwyGwyglMg_0_000_10_000.wav,baby_cry,audioset,real,9.671125,audioset:XDwyGwyglMg
C:\Users\tprac\Downloads\sahara\sahara\data\raw\audioset\baby_cry\XeqE7ZHdJZg_30_000_40_000.wav,baby_cry,audioset,real,19.9935,audioset:XeqE7ZHdJZg
C:\Users\tprac\Downloads\sahara\sahara\data\raw\audioset\baby_cry\Zod0m8VClJA_3_000_13_000.wav,baby_cry,audioset,real,11.9935,audioset:Zod0m8VClJA
C:\Users\tprac\Downloads\sahara\sahara\data\raw\desed\real\audio\validation\validation\Y1tFkjBMoUkM_90.000_100.000.wav,background,desed,real,10.0,desed:validation:Y1tFkjBMoUkM_90.000_100.000
C:\Users\tprac\Downloads\sahara\sahara\data\raw\desed\real\audio\validation\validation\Y3AzacBprTzU_60.000_70.000.wav,background,desed,real,10.0,desed:validation:Y3AzacBprTzU_60.000_70.000
C:\Users\tprac\Downloads\sahara\sahara\data\raw\desed\real\audio\validation\validation\YSktlw1AytXw_0.000_3.000.wav,background,desed,real,2.4380952380952383,desed:validation:YSktlw1AytXw_0.000_3.000
C:\Users\tprac\Downloads\sahara\sahara\data\raw\desed\real\audio\train\unlabel_in_domain\Y-HVUL5tNzdo_30.000_40.000.wav,background,desed,real,10.0,desed:unlabel_in_domain:Y-HVUL5tNzdo_30.000_40.000
C:\Users\tprac\Downloads\sahara\sahara\data\raw\desed\real\audio\train\unlabel_in_domain\Y-I1upuU0HXs_16.000_26.000.wav,background,desed,real,9.623242630385487,desed:unlabel_in_domain:Y-I1upuU0HXs_16.000_26.000
C:\Users\tprac\Downloads\sahara\sahara\data\raw\desed\real\audio\train\unlabel_in_domain\Y0-ztjlgsmxw_11.000_21.000.wav,background,desed,real,9.108480725623583,desed:unlabel_in_domain:Y0-ztjlgsmxw_11.000_21.000
C:\Users\tprac\Downloads\sahara\sahara\data\raw\desed\real\audio\train\unlabel_in_domain\Y0BtHd6dvm78_24.000_34.000.wav,background,desed,real,9.95920634920635,desed:unlabel_in_domain:Y0BtHd6dvm78_24.000_34.000
C:\Users\tprac\Downloads\sahara\sahara\data\raw\desed\real\audio\train\unlabel_in_domain\Y0gJPpZXeGms_10.000_20.000.wav,background,desed,real,10.0,desed:unlabel_in_domain:Y0gJPpZXeGms_10.000_20.000
C:\Users\tprac\Downloads\sahara\sahara\data\raw\desed\real\audio\train\unlabel_in_domain\Y0GnvsN_8_Sk_3.000_13.000.wav,background,desed,real,9.283356009070294,desed:unlabel_in_domain:Y0GnvsN_8_Sk_3.000_13.000
C:\Users\tprac\Downloads\sahara\sahara\data\raw\desed\real\audio\train\unlabel_in_domain\Y0njUbtV9tX0_24.000_34.000.wav,background,desed,real,9.134875283446712,desed:unlabel_in_domain:Y0njUbtV9tX0_24.000_34.000
C:\Users\tprac\Downloads\sahara\sahara\data\raw\desed\real\audio\train\unlabel_in_domain\Y13yT2k5evdY_23.000_33.000.wav,background,desed,real,9.507936507936508,desed:unlabel_in_domain:Y13yT2k5evdY_23.000_33.000
C:\Users\tprac\Downloads\sahara\sahara\data\raw\desed\real\audio\train\unlabel_in_domain\Y1jUBcz4KwrQ_10.000_20.000.wav,background,desed,real,10.0,desed:unlabel_in_domain:Y1jUBcz4KwrQ_10.000_20.000
C:\Users\tprac\Downloads\sahara\sahara\data\raw\desed\real\audio\train\unlabel_in_domain\Y24-1YXoZm-M_30.000_40.000.wav,background,desed,real,10.0,desed:unlabel_in_domain:Y24-1YXoZm-M_30.000_40.000
C:\Users\tprac\Downloads\sahara\sahara\data\raw\desed\real\audio\train\unlabel_in_domain\Y2DmtgJv97-U_30.000_40.000.wav,background,desed,real,10.0,desed:unlabel_in_domain:Y2DmtgJv97-U_30.000_40.000
C:\Users\tprac\Downloads\sahara\sahara\data\raw\desed\real\audio\train\unlabel_in_domain\Y2hRLnJsE8Tc_14.000_24.000.wav,background,desed,real,9.127074829931972,desed:unlabel_in_domain:Y2hRLnJsE8Tc_14.000_24.000
C:\Users\tprac\Downloads\sahara\sahara\data\raw\desed\real\audio\train\unlabel_in_domain\Y2pFMLd01iLo_21.000_31.000.wav,background,desed,real,9.046643990929706,desed:unlabel_in_domain:Y2pFMLd01iLo_21.000_31.000
C:\Users\tprac\Downloads\sahara\sahara\data\raw\desed\real\audio\train\unlabel_in_domain\Y2R8c_BR_kSQ_10.000_20.000.wav,background,desed,real,10.0,desed:unlabel_in_domain:Y2R8c_BR_kSQ_10.000_20.000
C:\Users\tprac\Downloads\sahara\sahara\data\raw\desed\real\audio\train\unlabel_in_domain\Y2zeaJqawiZA_30.000_40.000.wav,background,desed,real,10.0,desed:unlabel_in_domain:Y2zeaJqawiZA_30.000_40.000
C:\Users\tprac\Downloads\sahara\sahara\data\raw\desed\real\audio\train\unlabel_in_domain\Y3DeZo8Ty-Uc_29.000_39.000.wav,background,desed,real,9.35936507936508,desed:unlabel_in_domain:Y3DeZo8Ty-Uc_29.000_39.000
C:\Users\tprac\Downloads\sahara\sahara\data\raw\desed\real\audio\train\unlabel_in_domain\Y4-ZDiPFBwOc_0.000_10.000.wav,background,desed,real,10.0,desed:unlabel_in_domain:Y4-ZDiPFBwOc_0.000_10.000
C:\Users\tprac\Downloads\sahara\sahara\data\raw\desed\real\audio\train\unlabel_in_domain\Y4f57mhJZPjk_40.000_50.000.wav,background,desed,real,10.0,desed:unlabel_in_domain:Y4f57mhJZPjk_40.000_50.000
C:\Users\tprac\Downloads\sahara\sahara\data\raw\desed\real\audio\train\unlabel_in_domain\Y4Gut-EZr8wE_15.000_25.000.wav,background,desed,real,9.415804988662131,desed:unlabel_in_domain:Y4Gut-EZr8wE_15.000_25.000
C:\Users\tprac\Downloads\sahara\sahara\data\raw\desed\real\audio\train\unlabel_in_domain\Y4MwTY38cFvw_30.000_40.000.wav,background,desed,real,10.0,desed:unlabel_in_domain:Y4MwTY38cFvw_30.000_40.000
C:\Users\tprac\Downloads\sahara\sahara\data\raw\desed\real\audio\train\unlabel_in_domain\Y4P36nGEVI10_60.000_70.000.wav,background,desed,real,10.0,desed:unlabel_in_domain:Y4P36nGEVI10_60.000_70.000
C:\Users\tprac\Downloads\sahara\sahara\data\raw\desed\real\audio\train\unlabel_in_domain\Y4tbUkiGEoqY_10.000_20.000.wav,background,desed,real,10.0,desed:unlabel_in_domain:Y4tbUkiGEoqY_10.000_20.000
C:\Users\tprac\Downloads\sahara\sahara\data\raw\desed\real\audio\train\unlabel_in_domain\Y683CFSN_AC4_140.000_150.000.wav,background,desed,real,10.0,desed:unlabel_in_domain:Y683CFSN_AC4_140.000_150.000
C:\Users\tprac\Downloads\sahara\sahara\data\raw\desed\real\audio\train\unlabel_in_domain\Y6gylSYNKTRs_200.000_210.000.wav,background,desed,real,10.0,desed:unlabel_in_domain:Y6gylSYNKTRs_200.000_210.000
C:\Users\tprac\Downloads\sahara\sahara\data\raw\desed\real\audio\train\unlabel_in_domain\Y8GJJi8OivOo_12.000_22.000.wav,background,desed,real,10.0,desed:unlabel_in_domain:Y8GJJi8OivOo_12.000_22.000
C:\Users\tprac\Downloads\sahara\sahara\data\raw\desed\real\audio\train\unlabel_in_domain\Yb2-Kg3Xecq4_10.000_20.000.wav,background,desed,real,10.0,desed:unlabel_in_domain:Yb2-Kg3Xecq4_10.000_20.000
C:\Users\tprac\Downloads\sahara\sahara\data\raw\desed\real\audio\train\unlabel_in_domain\YBbF93ghqvpM_30.000_40.000.wav,background,desed,real,10.0,desed:unlabel_in_domain:YBbF93ghqvpM_30.000_40.000
C:\Users\tprac\Downloads\sahara\sahara\data\raw\desed\real\audio\train\unlabel_in_domain\YbLoPYZnyDls_440.000_450.000.wav,background,desed,real,10.0,desed:unlabel_in_domain:YbLoPYZnyDls_440.000_450.000
C:\Users\tprac\Downloads\sahara\sahara\data\raw\desed\real\audio\train\unlabel_in_domain\YBtW3hWhaxWo_30.000_40.000.wav,background,desed,real,10.0,desed:unlabel_in_domain:YBtW3hWhaxWo_30.000_40.000
C:\Users\tprac\Downloads\sahara\sahara\data\raw\desed\real\audio\train\unlabel_in_domain\YCC4Nk0kQXhg_0.000_10.000.wav,background,desed,real,10.0,desed:unlabel_in_domain:YCC4Nk0kQXhg_0.000_10.000
C:\Users\tprac\Downloads\sahara\sahara\data\raw\desed\real\audio\train\unlabel_in_domain\Ycf8kZWXN9C0_520.000_530.000.wav,background,desed,real,10.0,desed:unlabel_in_domain:Ycf8kZWXN9C0_520.000_530.000
C:\Users\tprac\Downloads\sahara\sahara\data\raw\desed\real\audio\train\unlabel_in_domain\YDE1mc74X15s_360.000_370.000.wav,background,desed,real,10.0,desed:unlabel_in_domain:YDE1mc74X15s_360.000_370.000
C:\Users\tprac\Downloads\sahara\sahara\data\raw\desed\real\audio\train\unlabel_in_domain\YDvBCMcGE1ZU_0.000_10.000.wav,background,desed,real,10.0,desed:unlabel_in_domain:YDvBCMcGE1ZU_0.000_10.000
C:\Users\tprac\Downloads\sahara\sahara\data\raw\desed\real\audio\train\unlabel_in_domain\Yfqgl3rHXYxw_40.000_50.000.wav,background,desed,real,10.0,desed:unlabel_in_domain:Yfqgl3rHXYxw_40.000_50.000
C:\Users\tprac\Downloads\sahara\sahara\data\raw\desed\real\audio\train\unlabel_in_domain\YFquQPp49-Xw_170.000_180.000.wav,background,desed,real,10.0,desed:unlabel_in_domain:YFquQPp49-Xw_170.000_180.000
C:\Users\tprac\Downloads\sahara\sahara\data\raw\desed\real\audio\train\unlabel_in_domain\YG-ydXhTACoA_70.000_80.000.wav,background,desed,real,10.0,desed:unlabel_in_domain:YG-ydXhTACoA_70.000_80.000
C:\Users\tprac\Downloads\sahara\sahara\data\raw\desed\real\audio\train\unlabel_in_domain\YgawqwXq-4Uw_200.000_210.000.wav,background,desed,real,10.0,desed:unlabel_in_domain:YgawqwXq-4Uw_200.000_210.000
C:\Users\tprac\Downloads\sahara\sahara\data\raw\desed\real\audio\train\unlabel_in_domain\Ygb06C61Rr4w_120.000_130.000.wav,background,desed,real,10.0,desed:unlabel_in_domain:Ygb06C61Rr4w_120.000_130.000
C:\Users\tprac\Downloads\sahara\sahara\data\raw\desed\real\audio\train\unlabel_in_domain\YIrg5t8Lw-i8_290.000_300.000.wav,background,desed,real,10.0,desed:unlabel_in_domain:YIrg5t8Lw-i8_290.000_300.000
C:\Users\tprac\Downloads\sahara\sahara\data\raw\desed\real\audio\train\unlabel_in_domain\YK0lz3KW1MrA_30.000_40.000.wav,background,desed,real,10.0,desed:unlabel_in_domain:YK0lz3KW1MrA_30.000_40.000
C:\Users\tprac\Downloads\sahara\sahara\data\raw\desed\real\audio\train\unlabel_in_domain\YMsug7At6eOI_130.000_140.000.wav,background,desed,real,10.0,desed:unlabel_in_domain:YMsug7At6eOI_130.000_140.000
C:\Users\tprac\Downloads\sahara\sahara\data\raw\desed\real\audio\train\unlabel_in_domain\YNGD09NFbUTs_90.000_100.000.wav,background,desed,real,10.0,desed:unlabel_in_domain:YNGD09NFbUTs_90.000_100.000
C:\Users\tprac\Downloads\sahara\sahara\data\raw\desed\real\audio\train\unlabel_in_domain\YOLi7fRuJSFI_170.000_180.000.wav,background,desed,real,10.0,desed:unlabel_in_domain:YOLi7fRuJSFI_170.000_180.000
C:\Users\tprac\Downloads\sahara\sahara\data\raw\desed\real\audio\train\unlabel_in_domain\YOWfzvhz5n-8_190.000_200.000.wav,background,desed,real,10.0,desed:unlabel_in_domain:YOWfzvhz5n-8_190.000_200.000
C:\Users\tprac\Downloads\sahara\sahara\data\raw\desed\real\audio\train\unlabel_in_domain\YQ4njTdVPWNo_20.000_30.000.wav,background,desed,real,10.0,desed:unlabel_in_domain:YQ4njTdVPWNo_20.000_30.000
C:\Users\tprac\Downloads\sahara\sahara\data\raw\desed\real\audio\train\unlabel_in_domain\YqDeCBz1GPIo_21.000_31.000.wav,background,desed,real,9.650340136054421,desed:unlabel_in_domain:YqDeCBz1GPIo_21.000_31.000
C:\Users\tprac\Downloads\sahara\sahara\data\raw\desed\real\audio\train\unlabel_in_domain\Yr7jwcL-344U_30.000_40.000.wav,background,desed,real,10.0,desed:unlabel_in_domain:Yr7jwcL-344U_30.000_40.000
C:\Users\tprac\Downloads\sahara\sahara\data\raw\desed\real\audio\train\unlabel_in_domain\YRIeWYi9ZmkE_40.000_50.000.wav,background,desed,real,10.0,desed:unlabel_in_domain:YRIeWYi9ZmkE_40.000_50.000
C:\Users\tprac\Downloads\sahara\sahara\data\raw\desed\real\audio\train\unlabel_in_domain\YrLcu9SeuuP8_100.000_110.000.wav,background,desed,real,10.0,desed:unlabel_in_domain:YrLcu9SeuuP8_100.000_110.000
C:\Users\tprac\Downloads\sahara\sahara\data\raw\desed\real\audio\train\unlabel_in_domain\YsPGBsAhur0s_100.000_110.000.wav,background,desed,real,10.0,desed:unlabel_in_domain:YsPGBsAhur0s_100.000_110.000
C:\Users\tprac\Downloads\sahara\sahara\data\raw\desed\real\audio\train\unlabel_in_domain\YT2IBMQJrxxA_0.000_10.000.wav,background,desed,real,10.0,desed:unlabel_in_domain:YT2IBMQJrxxA_0.000_10.000
C:\Users\tprac\Downloads\sahara\sahara\data\raw\desed\real\audio\train\unlabel_in_domain\YUK0uLlGeXuE_30.000_40.000.wav,background,desed,real,10.0,desed:unlabel_in_domain:YUK0uLlGeXuE_30.000_40.000
C:\Users\tprac\Downloads\sahara\sahara\data\raw\desed\real\audio\train\unlabel_in_domain\YUyjm-rOABxU_40.000_50.000.wav,background,desed,real,10.0,desed:unlabel_in_domain:YUyjm-rOABxU_40.000_50.000
C:\Users\tprac\Downloads\sahara\sahara\data\raw\desed\real\audio\train\unlabel_in_domain\YwY7TBVBpuy4_170.000_180.000.wav,background,desed,real,10.0,desed:unlabel_in_domain:YwY7TBVBpuy4_170.000_180.000
C:\Users\tprac\Downloads\sahara\sahara\data\raw\desed\real\audio\train\unlabel_in_domain\Yx6fexWl5VKE_50.000_60.000.wav,background,desed,real,10.0,desed:unlabel_in_domain:Yx6fexWl5VKE_50.000_60.000
C:\Users\tprac\Downloads\sahara\sahara\data\raw\desed\real\audio\train\unlabel_in_domain\YxdIxHQYH4ME_30.000_40.000.wav,background,desed,real,10.0,desed:unlabel_in_domain:YxdIxHQYH4ME_30.000_40.000
C:\Users\tprac\Downloads\sahara\sahara\data\raw\desed\real\audio\train\unlabel_in_domain\YzjvFo0tuOKg_30.000_40.000.wav,background,desed,real,10.0,desed:unlabel_in_domain:YzjvFo0tuOKg_30.000_40.000
C:\Users\tprac\Downloads\sahara\sahara\data\raw\desed\real\audio\train\unlabel_in_domain\YzkELVLpXmAQ_120.000_130.000.wav,background,desed,real,10.0,desed:unlabel_in_domain:YzkELVLpXmAQ_120.000_130.000
C:\Users\tprac\Downloads\sahara\sahara\data\raw\desed\real\audio\train\unlabel_in_domain\Y_FyRG7UV8P0_30.000_40.000.wav,background,desed,real,10.0,desed:unlabel_in_domain:Y_FyRG7UV8P0_30.000_40.000
C:\Users\tprac\Downloads\sahara\sahara\data\raw\desed\real\audio\train\weak\Y-6p32k2WUCs_0.000_10.000.wav,background,desed,real,10.0,desed:weak:Y-6p32k2WUCs_0.000_10.000
C:\Users\tprac\Downloads\sahara\sahara\data\raw\desed\real\audio\train\weak\Y-ikrSfqB0LU_0.000_3.000.wav,background,desed,real,2.6819274376417233,desed:weak:Y-ikrSfqB0LU_0.000_3.000
C:\Users\tprac\Downloads\sahara\sahara\data\raw\desed\real\audio\train\weak\Y-Zjgm_sZd10_0.000_4.000.wav,background,desed,real,3.831315192743764,desed:weak:Y-Zjgm_sZd10_0.000_4.000
C:\Users\tprac\Downloads\sahara\sahara\data\raw\desed\real\audio\train\weak\Y08R27f6Ffdk_6.000_16.000.wav,background,desed,real,9.569002267573696,desed:weak:Y08R27f6Ffdk_6.000_16.000
C:\Users\tprac\Downloads\sahara\sahara\data\raw\desed\real\audio\train\weak\Y0aZ3vvM4V34_10.000_20.000.wav,background,desed,real,10.0,desed:weak:Y0aZ3vvM4V34_10.000_20.000
C:\Users\tprac\Downloads\sahara\sahara\data\raw\desed\real\audio\train\weak\Y0b06i5LzIFw_26.000_36.000.wav,background,desed,real,10.0,desed:weak:Y0b06i5LzIFw_26.000_36.000
C:\Users\tprac\Downloads\sahara\sahara\data\raw\desed\real\audio\train\weak\Y0crSdgvedhc_150.000_160.000.wav,background,desed,real,10.0,desed:weak:Y0crSdgvedhc_150.000_160.000
C:\Users\tprac\Downloads\sahara\sahara\data\raw\desed\real\audio\train\weak\Y0DtJdRFPmS4_30.000_40.000.wav,background,desed,real,10.0,desed:weak:Y0DtJdRFPmS4_30.000_40.000
C:\Users\tprac\Downloads\sahara\sahara\data\raw\desed\real\audio\train\weak\Y0E6Uaq_e6OA_20.000_30.000.wav,background,desed,real,9.767981859410432,desed:weak:Y0E6Uaq_e6OA_20.000_30.000
C:\Users\tprac\Downloads\sahara\sahara\data\raw\desed\real\audio\train\weak\Y0EOJ3ZqLJDU_10.000_20.000.wav,background,desed,real,10.0,desed:weak:Y0EOJ3ZqLJDU_10.000_20.000
C:\Users\tprac\Downloads\sahara\sahara\data\raw\desed\real\audio\train\weak\Y0F40MJSfsDw_30.000_40.000.wav,background,desed,real,10.0,desed:weak:Y0F40MJSfsDw_30.000_40.000
C:\Users\tprac\Downloads\sahara\sahara\data\raw\desed\real\audio\train\weak\Y0F7yaWNgTGg_30.000_40.000.wav,background,desed,real,10.0,desed:weak:Y0F7yaWNgTGg_30.000_40.000
C:\Users\tprac\Downloads\sahara\sahara\data\raw\desed\real\audio\train\weak\Y0F8srmjGqtA_30.000_40.000.wav,background,desed,real,10.0,desed:weak:Y0F8srmjGqtA_30.000_40.000
C:\Users\tprac\Downloads\sahara\sahara\data\raw\desed\real\audio\train\weak\Y0G-Qx3Gv01s_0.000_8.000.wav,background,desed,real,7.63936507936508,desed:weak:Y0G-Qx3Gv01s_0.000_8.000
C:\Users\tprac\Downloads\sahara\sahara\data\raw\desed\real\audio\train\weak\Y0GGO5npJzWI_0.000_10.000.wav,background,desed,real,10.0,desed:weak:Y0GGO5npJzWI_0.000_10.000
C:\Users\tprac\Downloads\sahara\sahara\data\raw\desed\real\audio\train\weak\Y0hbOtaw86mk_30.000_40.000.wav,background,desed,real,10.0,desed:weak:Y0hbOtaw86mk_30.000_40.000
C:\Users\tprac\Downloads\sahara\sahara\data\raw\desed\real\audio\train\weak\Y0i31R7PS-GA_20.000_30.000.wav,background,desed,real,9.675124716553288,desed:weak:Y0i31R7PS-GA_20.000_30.000
C:\Users\tprac\Downloads\sahara\sahara\data\raw\desed\real\audio\train\weak\Y0kOj9aZEySE_21.000_31.000.wav,background,desed,real,9.046621315192743,desed:weak:Y0kOj9aZEySE_21.000_31.000
C:\Users\tprac\Downloads\sahara\sahara\data\raw\desed\real\audio\train\weak\Y0lUFEAnnET8_30.000_40.000.wav,background,desed,real,10.0,desed:weak:Y0lUFEAnnET8_30.000_40.000
C:\Users\tprac\Downloads\sahara\sahara\data\raw\desed\real\audio\train\weak\Y0lV5Fln3nYA_390.000_400.000.wav,background,desed,real,10.0,desed:weak:Y0lV5Fln3nYA_390.000_400.000
C:\Users\tprac\Downloads\sahara\sahara\data\raw\desed\real\audio\train\weak\Y0owoOrZH2mI_28.000_38.000.wav,background,desed,real,9.894965986394558,desed:weak:Y0owoOrZH2mI_28.000_38.000
C:\Users\tprac\Downloads\sahara\sahara\data\raw\desed\real\audio\train\weak\Y0q1Ytfn8yMU_10.000_20.000.wav,background,desed,real,10.0,desed:weak:Y0q1Ytfn8yMU_10.000_20.000
C:\Users\tprac\Downloads\sahara\sahara\data\raw\desed\real\audio\train\weak\Y0QtmEs-OOsA_21.000_31.000.wav,background,desed,real,9.232380952380952,desed:weak:Y0QtmEs-OOsA_21.000_31.000
C:\Users\tprac\Downloads\sahara\sahara\data\raw\desed\real\audio\train\weak\Y0rJwumFz1O0_30.000_40.000.wav,background,desed,real,9.218503401360545,desed:weak:Y0rJwumFz1O0_30.000_40.000
C:\Users\tprac\Downloads\sahara\sahara\data\raw\desed\real\audio\train\weak\Y0SjvusZqA3w_0.000_6.000.wav,background,desed,real,5.108412698412699,desed:weak:Y0SjvusZqA3w_0.000_6.000
C:\Users\tprac\Downloads\sahara\sahara\data\raw\desed\real\audio\train\weak\Y0Sq8ge7D4wU_3.000_13.000.wav,background,desed,real,9.84063492063492,desed:weak:Y0Sq8ge7D4wU_3.000_13.000
C:\Users\tprac\Downloads\sahara\sahara\data\raw\desed\real\audio\train\weak\Y0uab4-3d6MM_30.000_40.000.wav,background,desed,real,9.671315192743764,desed:weak:Y0uab4-3d6MM_30.000_40.000
C:\Users\tprac\Downloads\sahara\sahara\data\raw\desed\real\audio\train\weak\Y0UKzyBqyhGc_27.000_37.000.wav,background,desed,real,9.501337868480725,desed:weak:Y0UKzyBqyhGc_27.000_37.000
C:\Users\tprac\Downloads\sahara\sahara\data\raw\desed\real\audio\train\weak\Y0v87UfMga5U_30.000_40.000.wav,background,desed,real,10.0,desed:weak:Y0v87UfMga5U_30.000_40.000
C:\Users\tprac\Downloads\sahara\sahara\data\raw\desed\real\audio\train\weak\Y0W_gYR6p-D0_30.000_40.000.wav,background,desed,real,10.0,desed:weak:Y0W_gYR6p-D0_30.000_40.000
C:\Users\tprac\Downloads\sahara\sahara\data\raw\desed\real\audio\train\weak\Y0_K6OKtoBBU_30.000_40.000.wav,background,desed,real,10.0,desed:weak:Y0_K6OKtoBBU_30.000_40.000
C:\Users\tprac\Downloads\sahara\sahara\data\raw\desed\real\audio\train\weak\Y19UTZe1Gwj4_30.000_40.000.wav,background,desed,real,10.0,desed:weak:Y19UTZe1Gwj4_30.000_40.000
C:\Users\tprac\Downloads\sahara\sahara\data\raw\desed\real\audio\train\weak\Y1ci9EhneRNs_30.000_40.000.wav,background,desed,real,10.0,desed:weak:Y1ci9EhneRNs_30.000_40.000
C:\Users\tprac\Downloads\sahara\sahara\data\raw\desed\real\audio\train\weak\Y1H0jwhMaS70_30.000_40.000.wav,background,desed,real,10.0,desed:weak:Y1H0jwhMaS70_30.000_40.000
C:\Users\tprac\Downloads\sahara\sahara\data\raw\desed\real\audio\train\weak\Y1Kxgh-Eciz0_30.000_40.000.wav,background,desed,real,10.0,desed:weak:Y1Kxgh-Eciz0_30.000_40.000
C:\Users\tprac\Downloads\sahara\sahara\data\raw\desed\real\audio\train\weak\Y1NwoL7fn1Qk_40.000_50.000.wav,background,desed,real,10.0,desed:weak:Y1NwoL7fn1Qk_40.000_50.000
C:\Users\tprac\Downloads\sahara\sahara\data\raw\desed\real\audio\train\weak\Y1QAZc5vOLlE_10.000_20.000.wav,background,desed,real,10.0,desed:weak:Y1QAZc5vOLlE_10.000_20.000
C:\Users\tprac\Downloads\sahara\sahara\data\raw\desed\real\audio\train\weak\Y1RNq7dbRpWU_16.000_26.000.wav,background,desed,real,9.425850340136055,desed:weak:Y1RNq7dbRpWU_16.000_26.000
C:\Users\tprac\Downloads\sahara\sahara\data\raw\desed\real\audio\train\weak\Y1sLF9mlF1yg_2.000_12.000.wav,background,desed,real,10.0,desed:weak:Y1sLF9mlF1yg_2.000_12.000
C:\Users\tprac\Downloads\sahara\sahara\data\raw\desed\real\audio\train\weak\Y1szSQEuQ5WM_30.000_40.000.wav,background,desed,real,10.0,desed:weak:Y1szSQEuQ5WM_30.000_40.000
C:\Users\tprac\Downloads\sahara\sahara\data\raw\desed\real\audio\train\weak\Y1tHhN-4fTiU_30.000_40.000.wav,background,desed,real,10.0,desed:weak:Y1tHhN-4fTiU_30.000_40.000
C:\Users\tprac\Downloads\sahara\sahara\data\raw\desed\real\audio\train\weak\Y1tJdV9lG8dI_30.000_40.000.wav,background,desed,real,10.0,desed:weak:Y1tJdV9lG8dI_30.000_40.000
C:\Users\tprac\Downloads\sahara\sahara\data\raw\desed\real\audio\train\weak\Y1UgCfEUzfqo_30.000_40.000.wav,background,desed,real,10.0,desed:weak:Y1UgCfEUzfqo_30.000_40.000
C:\Users\tprac\Downloads\sahara\sahara\data\raw\desed\real\audio\train\weak\Y1vEjPObCs-c_6.000_16.000.wav,background,desed,real,10.0,desed:weak:Y1vEjPObCs-c_6.000_16.000
C:\Users\tprac\Downloads\sahara\sahara\data\raw\desed\real\audio\train\weak\Y1VQZAJgvzWI_30.000_40.000.wav,background,desed,real,10.0,desed:weak:Y1VQZAJgvzWI_30.000_40.000
C:\Users\tprac\Downloads\sahara\sahara\data\raw\desed\real\audio\train\weak\Y1x2dJASMVi4_30.000_40.000.wav,background,desed,real,10.0,desed:weak:Y1x2dJASMVi4_30.000_40.000
C:\Users\tprac\Downloads\sahara\sahara\data\raw\desed\real\audio\train\weak\Y1zYsKe5HhsQ_21.000_31.000.wav,background,desed,real,9.696780045351474,desed:weak:Y1zYsKe5HhsQ_21.000_31.000
C:\Users\tprac\Downloads\sahara\sahara\data\raw\desed\real\audio\train\weak\Y221Ia1cD5dQ_22.000_32.000.wav,background,desed,real,10.0,desed:weak:Y221Ia1cD5dQ_22.000_32.000
C:\Users\tprac\Downloads\sahara\sahara\data\raw\desed\real\audio\train\weak\Y26ubekDhG_Y_0.000_10.000.wav,background,desed,real,9.891700680272109,desed:weak:Y26ubekDhG_Y_0.000_10.000
C:\Users\tprac\Downloads\sahara\sahara\data\raw\desed\real\audio\train\weak\Y2CSHWGtuxAY_30.000_40.000.wav,background,desed,real,10.0,desed:weak:Y2CSHWGtuxAY_30.000_40.000
C:\Users\tprac\Downloads\sahara\sahara\data\raw\desed\real\audio\train\weak\Y2DaEW8tcMvo_30.000_40.000.wav,background,desed,real,10.0,desed:weak:Y2DaEW8tcMvo_30.000_40.000
C:\Users\tprac\Downloads\sahara\sahara\data\raw\desed\real\audio\train\weak\Y2gCoy1QSPKM_10.000_20.000.wav,background,desed,real,10.0,desed:weak:Y2gCoy1QSPKM_10.000_20.000
C:\Users\tprac\Downloads\sahara\sahara\data\raw\desed\real\audio\train\weak\Y2nSWjsRllr8_30.000_40.000.wav,background,desed,real,10.0,desed:weak:Y2nSWjsRllr8_30.000_40.000
C:\Users\tprac\Downloads\sahara\sahara\data\raw\desed\real\audio\train\weak\Y2xo20i_OZrM_80.000_90.000.wav,background,desed,real,10.0,desed:weak:Y2xo20i_OZrM_80.000_90.000
C:\Users\tprac\Downloads\sahara\sahara\data\raw\desed\real\audio\train\weak\Y2xXpSgqrtDE_40.000_50.000.wav,background,desed,real,10.0,desed:weak:Y2xXpSgqrtDE_40.000_50.000
C:\Users\tprac\Downloads\sahara\sahara\data\raw\desed\real\audio\train\weak\Y3drnEnI8bls_10.000_20.000.wav,background,desed,real,10.0,desed:weak:Y3drnEnI8bls_10.000_20.000
C:\Users\tprac\Downloads\sahara\sahara\data\raw\desed\real\audio\train\weak\Y4n7ne-sC-JM_520.000_530.000.wav,background,desed,real,10.0,desed:weak:Y4n7ne-sC-JM_520.000_530.000
C:\Users\tprac\Downloads\sahara\sahara\data\raw\desed\real\audio\train\weak\Y52Usv8FcO0w_30.000_40.000.wav,background,desed,real,10.0,desed:weak:Y52Usv8FcO0w_30.000_40.000
C:\Users\tprac\Downloads\sahara\sahara\data\raw\desed\real\audio\train\weak\Y5pNzHcUedVo_10.000_20.000.wav,background,desed,real,10.0,desed:weak:Y5pNzHcUedVo_10.000_20.000
C:\Users\tprac\Downloads\sahara\sahara\data\raw\desed\real\audio\train\weak\Y6aNA6pqmpd8_0.000_6.000.wav,background,desed,real,5.735351473922902,desed:weak:Y6aNA6pqmpd8_0.000_6.000
C:\Users\tprac\Downloads\sahara\sahara\data\raw\desed\real\audio\train\weak\Y7fGU8SFid9E_130.000_140.000.wav,background,desed,real,10.0,desed:weak:Y7fGU8SFid9E_130.000_140.000
C:\Users\tprac\Downloads\sahara\sahara\data\raw\desed\real\audio\train\weak\YaeEdZ2Pd7Mo_10.000_20.000.wav,background,desed,real,10.0,desed:weak:YaeEdZ2Pd7Mo_10.000_20.000
C:\Users\tprac\Downloads\sahara\sahara\data\raw\desed\real\audio\train\weak\Yb2o_IFW-9HQ_2.000_12.000.wav,background,desed,real,9.517120181405895,desed:weak:Yb2o_IFW-9HQ_2.000_12.000
C:\Users\tprac\Downloads\sahara\sahara\data\raw\desed\real\audio\train\weak\YCvvvGRbF5mU_30.000_40.000.wav,background,desed,real,10.0,desed:weak:YCvvvGRbF5mU_30.000_40.000
C:\Users\tprac\Downloads\sahara\sahara\data\raw\desed\real\audio\train\weak\YE8Yi41OgpWo_0.000_10.000.wav,background,desed,real,10.0,desed:weak:YE8Yi41OgpWo_0.000_10.000
C:\Users\tprac\Downloads\sahara\sahara\data\raw\desed\real\audio\train\weak\YEenFsKjpsQc_200.000_210.000.wav,background,desed,real,10.0,desed:weak:YEenFsKjpsQc_200.000_210.000
C:\Users\tprac\Downloads\sahara\sahara\data\raw\desed\real\audio\train\weak\YEL3v64rTpG8_0.000_9.000.wav,background,desed,real,8.951315192743763,desed:weak:YEL3v64rTpG8_0.000_9.000
C:\Users\tprac\Downloads\sahara\sahara\data\raw\desed\real\audio\train\weak\YfjcfhE22AVQ_540.000_550.000.wav,background,desed,real,10.0,desed:weak:YfjcfhE22AVQ_540.000_550.000
C:\Users\tprac\Downloads\sahara\sahara\data\raw\desed\real\audio\train\weak\YHoBWL3qAnGU_350.000_360.000.wav,background,desed,real,10.0,desed:weak:YHoBWL3qAnGU_350.000_360.000
C:\Users\tprac\Downloads\sahara\sahara\data\raw\desed\real\audio\train\weak\Yhx-l6uiP3Hs_170.000_180.000.wav,background,desed,real,10.0,desed:weak:Yhx-l6uiP3Hs_170.000_180.000
C:\Users\tprac\Downloads\sahara\sahara\data\raw\desed\real\audio\train\weak\YI-uouJ_Zsv4_0.000_10.000.wav,background,desed,real,10.0,desed:weak:YI-uouJ_Zsv4_0.000_10.000
C:\Users\tprac\Downloads\sahara\sahara\data\raw\desed\real\audio\train\weak\YI3kPmcHvMrg_30.000_40.000.wav,background,desed,real,10.0,desed:weak:YI3kPmcHvMrg_30.000_40.000
C:\Users\tprac\Downloads\sahara\sahara\data\raw\desed\real\audio\train\weak\YJ1EO9afbq4U_80.000_90.000.wav,background,desed,real,10.0,desed:weak:YJ1EO9afbq4U_80.000_90.000
C:\Users\tprac\Downloads\sahara\sahara\data\raw\desed\real\audio\train\weak\YJ1Qv0p8QsR8_150.000_160.000.wav,background,desed,real,10.0,desed:weak:YJ1Qv0p8QsR8_150.000_160.000
C:\Users\tprac\Downloads\sahara\sahara\data\raw\desed\real\audio\train\weak\Yj2ZWCwZh9LQ_10.000_20.000.wav,background,desed,real,10.0,desed:weak:Yj2ZWCwZh9LQ_10.000_20.000
C:\Users\tprac\Downloads\sahara\sahara\data\raw\desed\real\audio\train\weak\YJQplKcC6Ejw_0.000_10.000.wav,background,desed,real,10.0,desed:weak:YJQplKcC6Ejw_0.000_10.000
C:\Users\tprac\Downloads\sahara\sahara\data\raw\desed\real\audio\train\weak\Yl8ImMjuK29M_330.000_340.000.wav,background,desed,real,10.0,desed:weak:Yl8ImMjuK29M_330.000_340.000
C:\Users\tprac\Downloads\sahara\sahara\data\raw\desed\real\audio\train\weak\YmOfTDGOGBpI_160.000_170.000.wav,background,desed,real,10.0,desed:weak:YmOfTDGOGBpI_160.000_170.000
C:\Users\tprac\Downloads\sahara\sahara\data\raw\desed\real\audio\train\weak\Yn2u-4A9fY28_20.000_30.000.wav,background,desed,real,10.0,desed:weak:Yn2u-4A9fY28_20.000_30.000
C:\Users\tprac\Downloads\sahara\sahara\data\raw\desed\real\audio\train\weak\YPpKpwTI1REQ_410.000_420.000.wav,background,desed,real,10.0,desed:weak:YPpKpwTI1REQ_410.000_420.000
C:\Users\tprac\Downloads\sahara\sahara\data\raw\desed\real\audio\train\weak\Yr4auqsn1UuA_430.000_440.000.wav,background,desed,real,10.0,desed:weak:Yr4auqsn1UuA_430.000_440.000
C:\Users\tprac\Downloads\sahara\sahara\data\raw\desed\real\audio\train\weak\YtLgYuO-w638_0.000_10.000.wav,background,desed,real,10.0,desed:weak:YtLgYuO-w638_0.000_10.000
C:\Users\tprac\Downloads\sahara\sahara\data\raw\desed\real\audio\train\weak\YtNr5TNpI_SY_30.000_40.000.wav,background,desed,real,10.0,desed:weak:YtNr5TNpI_SY_30.000_40.000
C:\Users\tprac\Downloads\sahara\sahara\data\raw\desed\real\audio\train\weak\YU10g6Ou2A58_10.000_20.000.wav,background,desed,real,10.0,desed:weak:YU10g6Ou2A58_10.000_20.000
C:\Users\tprac\Downloads\sahara\sahara\data\raw\desed\real\audio\train\weak\YUhrqWmzFf8A_60.000_70.000.wav,background,desed,real,9.578616780045351,desed:weak:YUhrqWmzFf8A_60.000_70.000
C:\Users\tprac\Downloads\sahara\sahara\data\raw\desed\real\audio\train\weak\YWmOE-cfIJe0_8.000_18.000.wav,background,desed,real,9.287278911564625,desed:weak:YWmOE-cfIJe0_8.000_18.000
C:\Users\tprac\Downloads\sahara\sahara\data\raw\desed\real\audio\train\weak\YxnwwsEEJvdk_200.000_210.000.wav,background,desed,real,10.0,desed:weak:YxnwwsEEJvdk_200.000_210.000
C:\Users\tprac\Downloads\sahara\sahara\data\raw\desed\real\audio\train\weak\YYaTkV4qCqQc_19.000_29.000.wav,background,desed,real,9.862403628117914,desed:weak:YYaTkV4qCqQc_19.000_29.000
C:\Users\tprac\Downloads\sahara\sahara\data\raw\desed\real\audio\train\weak\YylADXwDnjwY_550.000_560.000.wav,background,desed,real,10.0,desed:weak:YylADXwDnjwY_550.000_560.000
C:\Users\tprac\Downloads\sahara\sahara\data\raw\desed\real\audio\train\weak\YyNNf4uTzPjQ_10.000_20.000.wav,background,desed,real,10.0,desed:weak:YyNNf4uTzPjQ_10.000_20.000
C:\Users\tprac\Downloads\sahara\sahara\data\raw\desed\real\audio\train\weak\Y_CZzm6jUxbo_30.000_40.000.wav,background,desed,real,10.0,desed:weak:Y_CZzm6jUxbo_30.000_40.000
C:\Users\tprac\Downloads\sahara\sahara\data\raw\desed\real\audio\train\weak\Y_KNIJQJ-CHA_30.000_40.000.wav,background,desed,real,10.0,desed:weak:Y_KNIJQJ-CHA_30.000_40.000
C:\Users\tprac\Downloads\sahara\sahara\data\raw\desed\real\audio\train\weak\Y_YoIeZgxdAI_0.000_10.000.wav,background,desed,real,10.0,desed:weak:Y_YoIeZgxdAI_0.000_10.000
C:\Users\tprac\Downloads\sahara\sahara\data\raw\desed\real\audio\eval\public\-0H7vrzA80U_4_14.wav,background,desed,real,10.0,desed:public:-0H7vrzA80U_4_14
C:\Users\tprac\Downloads\sahara\sahara\data\raw\desed\real\audio\eval\public\-6Vtt4ubkC8_78_88.wav,background,desed,real,10.0,desed:public:-6Vtt4ubkC8_78_88
C:\Users\tprac\Downloads\sahara\sahara\data\raw\desed\real\audio\eval\public\-vVpo679xac_4_14.wav,background,desed,real,10.0,desed:public:-vVpo679xac_4_14
C:\Users\tprac\Downloads\sahara\sahara\data\raw\desed\real\audio\eval\public\03Gx1-dXY6A_466_476.wav,background,desed,real,10.0,desed:public:03Gx1-dXY6A_466_476
C:\Users\tprac\Downloads\sahara\sahara\data\raw\desed\real\audio\eval\public\0BYDGId5pdo_0_10.wav,background,desed,real,10.0,desed:public:0BYDGId5pdo_0_10
C:\Users\tprac\Downloads\sahara\sahara\data\raw\desed\real\audio\eval\public\0DEKat97psc_27_37.wav,background,desed,real,10.0,desed:public:0DEKat97psc_27_37
C:\Users\tprac\Downloads\sahara\sahara\data\raw\desed\real\audio\eval\public\0eJ5Fwo2hrM_118_128.wav,background,desed,real,10.0,desed:public:0eJ5Fwo2hrM_118_128
C:\Users\tprac\Downloads\sahara\sahara\data\raw\desed\real\audio\eval\public\0qo-ZXw2k-4_21_31.wav,background,desed,real,10.0,desed:public:0qo-ZXw2k-4_21_31
C:\Users\tprac\Downloads\sahara\sahara\data\raw\desed\real\audio\eval\public\0uxmjq4KU9U_0_10.wav,background,desed,real,10.0,desed:public:0uxmjq4KU9U_0_10
C:\Users\tprac\Downloads\sahara\sahara\data\raw\desed\real\audio\eval\public\12Dnv8nDcdc_300_310.wav,background,desed,real,10.0,desed:public:12Dnv8nDcdc_300_310
C:\Users\tprac\Downloads\sahara\sahara\data\raw\desed\real\audio\eval\public\13OkKMqxWjU_60_70.wav,background,desed,real,10.0,desed:public:13OkKMqxWjU_60_70
C:\Users\tprac\Downloads\sahara\sahara\data\raw\desed\real\audio\eval\public\1bJpJ0pxFrE_0_10.wav,background,desed,real,10.0,desed:public:1bJpJ0pxFrE_0_10
C:\Users\tprac\Downloads\sahara\sahara\data\raw\desed\real\audio\eval\public\1gb4ATePtAM_100_110.wav,background,desed,real,10.0,desed:public:1gb4ATePtAM_100_110
C:\Users\tprac\Downloads\sahara\sahara\data\raw\desed\real\audio\eval\public\1PG36qCNq-8_820_830.wav,background,desed,real,10.0,desed:public:1PG36qCNq-8_820_830
C:\Users\tprac\Downloads\sahara\sahara\data\raw\desed\real\audio\eval\public\1Q75gU6FXIw_190_200.wav,background,desed,real,10.0,desed:public:1Q75gU6FXIw_190_200
C:\Users\tprac\Downloads\sahara\sahara\data\raw\desed\real\audio\eval\public\1S4Oa9ERcHU_3_13.wav,background,desed,real,10.0,desed:public:1S4Oa9ERcHU_3_13
C:\Users\tprac\Downloads\sahara\sahara\data\raw\desed\real\audio\eval\public\28J2wfnCVwI_85_95.wav,background,desed,real,10.0,desed:public:28J2wfnCVwI_85_95
C:\Users\tprac\Downloads\sahara\sahara\data\raw\desed\real\audio\eval\public\2ci7A2dEb3k_0_10.wav,background,desed,real,10.0,desed:public:2ci7A2dEb3k_0_10
C:\Users\tprac\Downloads\sahara\sahara\data\raw\desed\real\audio\eval\public\2cu67vMHb8M_290_300.wav,background,desed,real,10.0,desed:public:2cu67vMHb8M_290_300
C:\Users\tprac\Downloads\sahara\sahara\data\raw\desed\real\audio\eval\public\2duVGulE6lo_81_91.wav,background,desed,real,10.0,desed:public:2duVGulE6lo_81_91
C:\Users\tprac\Downloads\sahara\sahara\data\raw\desed\real\audio\eval\public\2ihT-Zg9aAc_0_10.wav,background,desed,real,10.0,desed:public:2ihT-Zg9aAc_0_10
C:\Users\tprac\Downloads\sahara\sahara\data\raw\desed\real\audio\eval\public\2sEIY7mDmgg_21_31.wav,background,desed,real,10.0,desed:public:2sEIY7mDmgg_21_31
C:\Users\tprac\Downloads\sahara\sahara\data\raw\desed\real\audio\eval\public\2sMzNr0q_as_246_256.wav,background,desed,real,10.0,desed:public:2sMzNr0q_as_246_256
C:\Users\tprac\Downloads\sahara\sahara\data\raw\desed\real\audio\eval\public\2tIZoLqidPs_598_608.wav,background,desed,real,10.0,desed:public:2tIZoLqidPs_598_608
C:\Users\tprac\Downloads\sahara\sahara\data\raw\desed\real\audio\eval\public\2TkylvkNpPw_4_14.wav,background,desed,real,10.0,desed:public:2TkylvkNpPw_4_14
C:\Users\tprac\Downloads\sahara\sahara\data\raw\desed\real\audio\eval\public\2UB7ZxVjpNU_0_10.wav,background,desed,real,10.0,desed:public:2UB7ZxVjpNU_0_10
C:\Users\tprac\Downloads\sahara\sahara\data\raw\desed\real\audio\eval\public\2w96QJ7UvhQ_133_143.wav,background,desed,real,10.0,desed:public:2w96QJ7UvhQ_133_143
C:\Users\tprac\Downloads\sahara\sahara\data\raw\desed\real\audio\eval\public\2YG4-o_mX1g_0_7.wav,background,desed,real,7.0,desed:public:2YG4-o_mX1g_0_7
C:\Users\tprac\Downloads\sahara\sahara\data\raw\desed\real\audio\eval\public\31etSiozBZ4_56_66.wav,background,desed,real,10.0,desed:public:31etSiozBZ4_56_66
C:\Users\tprac\Downloads\sahara\sahara\data\raw\desed\real\audio\eval\public\3BJGUZnSlfw_0_10.wav,background,desed,real,10.0,desed:public:3BJGUZnSlfw_0_10
C:\Users\tprac\Downloads\sahara\sahara\data\raw\desed\real\audio\eval\public\3cqsXEzUdiY_248_258.wav,background,desed,real,10.0,desed:public:3cqsXEzUdiY_248_258
C:\Users\tprac\Downloads\sahara\sahara\data\raw\desed\real\audio\eval\public\3IolIoLZBCQ_25_35.wav,background,desed,real,10.0,desed:public:3IolIoLZBCQ_25_35
C:\Users\tprac\Downloads\sahara\sahara\data\raw\desed\real\audio\eval\public\3p3u-Utoj8Y_0_10.wav,background,desed,real,10.0,desed:public:3p3u-Utoj8Y_0_10
C:\Users\tprac\Downloads\sahara\sahara\data\raw\desed\real\audio\eval\public\3XGni7aHhr4_360_370.wav,background,desed,real,10.0,desed:public:3XGni7aHhr4_360_370
C:\Users\tprac\Downloads\sahara\sahara\data\raw\desed\real\audio\eval\public\45OrmgLniPE_940_950.wav,background,desed,real,10.0,desed:public:45OrmgLniPE_940_950
C:\Users\tprac\Downloads\sahara\sahara\data\raw\desed\real\audio\eval\public\49AbSai8It4_635_645.wav,background,desed,real,10.0,desed:public:49AbSai8It4_635_645
C:\Users\tprac\Downloads\sahara\sahara\data\raw\desed\real\audio\eval\public\4e__S9UXOMM_740_750.wav,background,desed,real,10.0,desed:public:4e__S9UXOMM_740_750
C:\Users\tprac\Downloads\sahara\sahara\data\raw\desed\real\audio\eval\public\4fyWleU80yY_366_376.wav,background,desed,real,10.0,desed:public:4fyWleU80yY_366_376
C:\Users\tprac\Downloads\sahara\sahara\data\raw\desed\real\audio\eval\public\4iAq_bdEXBg_187_197.wav,background,desed,real,10.0,desed:public:4iAq_bdEXBg_187_197
C:\Users\tprac\Downloads\sahara\sahara\data\raw\desed\real\audio\eval\public\4IEUeikTp2A_13_23.wav,background,desed,real,10.0,desed:public:4IEUeikTp2A_13_23
C:\Users\tprac\Downloads\sahara\sahara\data\raw\desed\real\audio\eval\public\4Kt1aojcpdU_0_10.wav,background,desed,real,10.0,desed:public:4Kt1aojcpdU_0_10
C:\Users\tprac\Downloads\sahara\sahara\data\raw\desed\real\audio\eval\public\4MIDr6pY_80_8_18.wav,background,desed,real,10.0,desed:public:4MIDr6pY_80_8_18
C:\Users\tprac\Downloads\sahara\sahara\data\raw\desed\real\audio\eval\public\4Ue4_WhD6Mg_10_20.wav,background,desed,real,10.0,desed:public:4Ue4_WhD6Mg_10_20
C:\Users\tprac\Downloads\sahara\sahara\data\raw\desed\real\audio\eval\public\4wWbf0qP5K0_420_430.wav,background,desed,real,10.0,desed:public:4wWbf0qP5K0_420_430
C:\Users\tprac\Downloads\sahara\sahara\data\raw\desed\real\audio\eval\public\4z9TmhD-3aM_99_109.wav,background,desed,real,10.0,desed:public:4z9TmhD-3aM_99_109
C:\Users\tprac\Downloads\sahara\sahara\data\raw\desed\real\audio\eval\public\4_1zk1dkwfE_0_9.wav,background,desed,real,9.0,desed:public:4_1zk1dkwfE_0_9
C:\Users\tprac\Downloads\sahara\sahara\data\raw\desed\real\audio\eval\public\55SE3frignA_305_315.wav,background,desed,real,10.0,desed:public:55SE3frignA_305_315
C:\Users\tprac\Downloads\sahara\sahara\data\raw\desed\real\audio\eval\public\5OjbMgvwJCg_0_10.wav,background,desed,real,10.0,desed:public:5OjbMgvwJCg_0_10
C:\Users\tprac\Downloads\sahara\sahara\data\raw\desed\real\audio\eval\public\5zF2tJIkqdU_30_40.wav,background,desed,real,10.0,desed:public:5zF2tJIkqdU_30_40
C:\Users\tprac\Downloads\sahara\sahara\data\raw\desed\real\audio\eval\public\64zwMCsqdeM_106_116.wav,background,desed,real,10.0,desed:public:64zwMCsqdeM_106_116
C:\Users\tprac\Downloads\sahara\sahara\data\raw\desed\real\audio\eval\public\64zwMCsqdeM_133_143.wav,background,desed,real,10.0,desed:public:64zwMCsqdeM_133_143
C:\Users\tprac\Downloads\sahara\sahara\data\raw\desed\real\audio\eval\public\66ATwgFqM-U_0_10.wav,background,desed,real,10.0,desed:public:66ATwgFqM-U_0_10
C:\Users\tprac\Downloads\sahara\sahara\data\raw\desed\real\audio\eval\public\67MbfbSyW-A_0_10.wav,background,desed,real,10.0,desed:public:67MbfbSyW-A_0_10
C:\Users\tprac\Downloads\sahara\sahara\data\raw\desed\real\audio\eval\public\68BYINd-Wr8_329_339.wav,background,desed,real,10.0,desed:public:68BYINd-Wr8_329_339
C:\Users\tprac\Downloads\sahara\sahara\data\raw\desed\real\audio\eval\public\6BGEiBFVVvs_174_184.wav,background,desed,real,10.0,desed:public:6BGEiBFVVvs_174_184
C:\Users\tprac\Downloads\sahara\sahara\data\raw\desed\real\audio\eval\public\6bgTyN0q-ug_1_11.wav,background,desed,real,10.0,desed:public:6bgTyN0q-ug_1_11
C:\Users\tprac\Downloads\sahara\sahara\data\raw\desed\real\audio\eval\public\6nh51gqR47k_1970_1980.wav,background,desed,real,10.0,desed:public:6nh51gqR47k_1970_1980
C:\Users\tprac\Downloads\sahara\sahara\data\raw\desed\real\audio\eval\public\6sjz04nF7jQ_9_19.wav,background,desed,real,10.0,desed:public:6sjz04nF7jQ_9_19
C:\Users\tprac\Downloads\sahara\sahara\data\raw\desed\real\audio\eval\public\6tm4pEI2s9Y_1_11.wav,background,desed,real,10.0,desed:public:6tm4pEI2s9Y_1_11
C:\Users\tprac\Downloads\sahara\sahara\data\raw\desed\real\audio\eval\public\6VmWlDdKsLQ_104_114.wav,background,desed,real,10.0,desed:public:6VmWlDdKsLQ_104_114
C:\Users\tprac\Downloads\sahara\sahara\data\raw\desed\real\audio\eval\public\6Y8vX8Sy8b8_840_850.wav,background,desed,real,10.0,desed:public:6Y8vX8Sy8b8_840_850
C:\Users\tprac\Downloads\sahara\sahara\data\raw\desed\real\audio\eval\public\6ze6mWloUw8_144_154.wav,background,desed,real,10.0,desed:public:6ze6mWloUw8_144_154
C:\Users\tprac\Downloads\sahara\sahara\data\raw\desed\real\audio\eval\public\7LthJS6PuPI_550_560.wav,background,desed,real,10.0,desed:public:7LthJS6PuPI_550_560
C:\Users\tprac\Downloads\sahara\sahara\data\raw\desed\real\audio\eval\public\7Ngf_EYN1Aw_24_34.wav,background,desed,real,10.0,desed:public:7Ngf_EYN1Aw_24_34
C:\Users\tprac\Downloads\sahara\sahara\data\raw\desed\real\audio\eval\public\7qTsccKPPpA_0_10.wav,background,desed,real,10.0,desed:public:7qTsccKPPpA_0_10
C:\Users\tprac\Downloads\sahara\sahara\data\raw\desed\real\audio\eval\public\7tt7NBIVeMY_141_151.wav,background,desed,real,10.0,desed:public:7tt7NBIVeMY_141_151
C:\Users\tprac\Downloads\sahara\sahara\data\raw\desed\real\audio\eval\public\7YB8tx4ug1E_0_10.wav,background,desed,real,10.0,desed:public:7YB8tx4ug1E_0_10
C:\Users\tprac\Downloads\sahara\sahara\data\raw\desed\real\audio\eval\public\86ekc_OvaCI_192_202.wav,background,desed,real,10.0,desed:public:86ekc_OvaCI_192_202
C:\Users\tprac\Downloads\sahara\sahara\data\raw\desed\real\audio\eval\public\8eaysdvS-0I_30_40.wav,background,desed,real,10.0,desed:public:8eaysdvS-0I_30_40
C:\Users\tprac\Downloads\sahara\sahara\data\raw\desed\real\audio\eval\public\8FdvR75XaHw_102_112.wav,background,desed,real,10.0,desed:public:8FdvR75XaHw_102_112
C:\Users\tprac\Downloads\sahara\sahara\data\raw\desed\real\audio\eval\public\8ORBpGTScPQ_0_10.wav,background,desed,real,10.0,desed:public:8ORBpGTScPQ_0_10
C:\Users\tprac\Downloads\sahara\sahara\data\raw\desed\real\audio\eval\public\8RObHsG-C1M_0_10.wav,background,desed,real,10.0,desed:public:8RObHsG-C1M_0_10
C:\Users\tprac\Downloads\sahara\sahara\data\raw\desed\real\audio\eval\public\8ykvfuAfh3Q_23_33.wav,background,desed,real,10.0,desed:public:8ykvfuAfh3Q_23_33
C:\Users\tprac\Downloads\sahara\sahara\data\raw\desed\real\audio\eval\public\92DnfXg9Y6k_1200_1210.wav,background,desed,real,10.0,desed:public:92DnfXg9Y6k_1200_1210
C:\Users\tprac\Downloads\sahara\sahara\data\raw\desed\real\audio\eval\public\92ZU3IcYEIE_270_280.wav,background,desed,real,10.0,desed:public:92ZU3IcYEIE_270_280
C:\Users\tprac\Downloads\sahara\sahara\data\raw\desed\real\audio\eval\public\9Buwu9vuQEY_0_10.wav,background,desed,real,10.0,desed:public:9Buwu9vuQEY_0_10
C:\Users\tprac\Downloads\sahara\sahara\data\raw\desed\real\audio\eval\public\9FuBQiBH2mg_0_10.wav,background,desed,real,10.0,desed:public:9FuBQiBH2mg_0_10
C:\Users\tprac\Downloads\sahara\sahara\data\raw\desed\real\audio\eval\public\9ukvwp1Z1WQ_0_10.wav,background,desed,real,10.0,desed:public:9ukvwp1Z1WQ_0_10
C:\Users\tprac\Downloads\sahara\sahara\data\raw\desed\real\audio\eval\public\9VrPJEGvXXQ_510_520.wav,background,desed,real,10.0,desed:public:9VrPJEGvXXQ_510_520
C:\Users\tprac\Downloads\sahara\sahara\data\raw\desed\real\audio\eval\public\9xcpJJiNtX4_1470_1480.wav,background,desed,real,10.0,desed:public:9xcpJJiNtX4_1470_1480
C:\Users\tprac\Downloads\sahara\sahara\data\raw\desed\real\audio\eval\public\a2fUv6m_mjE_0_10.wav,background,desed,real,10.0,desed:public:a2fUv6m_mjE_0_10
C:\Users\tprac\Downloads\sahara\sahara\data\raw\desed\real\audio\eval\public\A5bC6KJD6l8_0_10.wav,background,desed,real,10.0,desed:public:A5bC6KJD6l8_0_10
C:\Users\tprac\Downloads\sahara\sahara\data\raw\desed\real\audio\eval\public\AaWeLSe3rd0_636_646.wav,background,desed,real,10.0,desed:public:AaWeLSe3rd0_636_646
C:\Users\tprac\Downloads\sahara\sahara\data\raw\desed\real\audio\eval\public\aAywvxNlTsk_14_24.wav,background,desed,real,10.0,desed:public:aAywvxNlTsk_14_24
C:\Users\tprac\Downloads\sahara\sahara\data\raw\desed\real\audio\eval\public\AeCMD0ldMBQ_0_10.wav,background,desed,real,10.0,desed:public:AeCMD0ldMBQ_0_10
C:\Users\tprac\Downloads\sahara\sahara\data\raw\desed\real\audio\eval\public\aHlRSYHWFTg_187_197.wav,background,desed,real,10.0,desed:public:aHlRSYHWFTg_187_197
C:\Users\tprac\Downloads\sahara\sahara\data\raw\desed\real\audio\eval\public\aLEle1O8hZY_23_33.wav,background,desed,real,10.0,desed:public:aLEle1O8hZY_23_33
C:\Users\tprac\Downloads\sahara\sahara\data\raw\desed\real\audio\eval\public\amZFmEB9Opg_0_10.wav,background,desed,real,10.0,desed:public:amZFmEB9Opg_0_10
C:\Users\tprac\Downloads\sahara\sahara\data\raw\desed\real\audio\eval\public\ANFAQvPgg-8_0_10.wav,background,desed,real,10.0,desed:public:ANFAQvPgg-8_0_10
C:\Users\tprac\Downloads\sahara\sahara\data\raw\desed\real\audio\eval\public\AnFaTuhLHKw_0_10.wav,background,desed,real,10.0,desed:public:AnFaTuhLHKw_0_10
C:\Users\tprac\Downloads\sahara\sahara\data\raw\desed\real\audio\eval\public\anQIAJICj4o_17_27.wav,background,desed,real,10.0,desed:public:anQIAJICj4o_17_27
C:\Users\tprac\Downloads\sahara\sahara\data\raw\desed\real\audio\eval\public\aRdB8Q7b3BE_182_192.wav,background,desed,real,10.0,desed:public:aRdB8Q7b3BE_182_192
C:\Users\tprac\Downloads\sahara\sahara\data\raw\desed\real\audio\eval\public\aUf48Qu6TaE_1_11.wav,background,desed,real,10.0,desed:public:aUf48Qu6TaE_1_11
C:\Users\tprac\Downloads\sahara\sahara\data\raw\desed\real\audio\eval\public\aY2Ds85OoYg_0_10.wav,background,desed,real,10.0,desed:public:aY2Ds85OoYg_0_10
C:\Users\tprac\Downloads\sahara\sahara\data\raw\desed\real\audio\eval\public\AYcRe4sIABM_328_338.wav,background,desed,real,10.0,desed:public:AYcRe4sIABM_328_338
C:\Users\tprac\Downloads\sahara\sahara\data\raw\desed\real\audio\eval\public\aYZXb_sJn3s_0_10.wav,background,desed,real,10.0,desed:public:aYZXb_sJn3s_0_10
C:\Users\tprac\Downloads\sahara\sahara\data\raw\desed\real\audio\eval\public\b2BPdW3prtc_0_10.wav,background,desed,real,10.0,desed:public:b2BPdW3prtc_0_10
C:\Users\tprac\Downloads\sahara\sahara\data\raw\desed\real\audio\eval\public\B2hv0XvgwdM_154_164.wav,background,desed,real,10.0,desed:public:B2hv0XvgwdM_154_164
C:\Users\tprac\Downloads\sahara\sahara\data\raw\desed\real\audio\eval\public\b4-NjAp2Fpg_16_26.wav,background,desed,real,10.0,desed:public:b4-NjAp2Fpg_16_26
C:\Users\tprac\Downloads\sahara\sahara\data\raw\desed\real\audio\eval\public\B4gnwvuWaZ4_40_50.wav,background,desed,real,10.0,desed:public:B4gnwvuWaZ4_40_50
C:\Users\tprac\Downloads\sahara\sahara\data\raw\desed\real\audio\eval\public\b8xOvC2KnOU_438_448.wav,background,desed,real,10.0,desed:public:b8xOvC2KnOU_438_448
C:\Users\tprac\Downloads\sahara\sahara\data\raw\desed\real\audio\eval\public\bc8GRwZYepo_0_10.wav,background,desed,real,10.0,desed:public:bc8GRwZYepo_0_10
C:\Users\tprac\Downloads\sahara\sahara\data\raw\desed\real\audio\eval\public\BdsaucMG7hg_240_250.wav,background,desed,real,10.0,desed:public:BdsaucMG7hg_240_250
C:\Users\tprac\Downloads\sahara\sahara\data\raw\desed\real\audio\eval\public\BFWN_OXjYM0_0_10.wav,background,desed,real,10.0,desed:public:BFWN_OXjYM0_0_10
C:\Users\tprac\Downloads\sahara\sahara\data\raw\desed\real\audio\eval\public\BFWN_OXjYM0_14_24.wav,background,desed,real,10.0,desed:public:BFWN_OXjYM0_14_24
C:\Users\tprac\Downloads\sahara\sahara\data\raw\desed\real\audio\eval\public\Bglx4lKPQRw_1020_1030.wav,background,desed,real,10.0,desed:public:Bglx4lKPQRw_1020_1030
C:\Users\tprac\Downloads\sahara\sahara\data\raw\desed\real\audio\eval\public\bI2PP0iHa9s_641_651.wav,background,desed,real,10.0,desed:public:bI2PP0iHa9s_641_651
C:\Users\tprac\Downloads\sahara\sahara\data\raw\desed\real\audio\eval\public\Bl47fI-jiIk_0_10.wav,background,desed,real,10.0,desed:public:Bl47fI-jiIk_0_10
C:\Users\tprac\Downloads\sahara\sahara\data\raw\desed\real\audio\eval\public\BlrC0i8_67g_9_19.wav,background,desed,real,10.0,desed:public:BlrC0i8_67g_9_19
C:\Users\tprac\Downloads\sahara\sahara\data\raw\desed\real\audio\eval\public\bltqad8qBzA_305_315.wav,background,desed,real,10.0,desed:public:bltqad8qBzA_305_315
C:\Users\tprac\Downloads\sahara\sahara\data\raw\desed\real\audio\eval\public\bM6UNykqP3Q_127_137.wav,background,desed,real,10.0,desed:public:bM6UNykqP3Q_127_137
C:\Users\tprac\Downloads\sahara\sahara\data\raw\desed\real\audio\eval\public\Bnb3svkwpdY_550_560.wav,background,desed,real,10.0,desed:public:Bnb3svkwpdY_550_560
C:\Users\tprac\Downloads\sahara\sahara\data\raw\desed\real\audio\eval\public\bqsGJ1_SbcI_123_133.wav,background,desed,real,10.0,desed:public:bqsGJ1_SbcI_123_133
C:\Users\tprac\Downloads\sahara\sahara\data\raw\desed\real\audio\eval\public\BTC4nw4Mg5c_9_19.wav,background,desed,real,10.0,desed:public:BTC4nw4Mg5c_9_19
C:\Users\tprac\Downloads\sahara\sahara\data\raw\desed\real\audio\eval\public\BxvVczsBH2U_0_10.wav,background,desed,real,10.0,desed:public:BxvVczsBH2U_0_10
C:\Users\tprac\Downloads\sahara\sahara\data\raw\desed\real\audio\eval\public\Byfno7q1T-w_4_14.wav,background,desed,real,10.0,desed:public:Byfno7q1T-w_4_14
C:\Users\tprac\Downloads\sahara\sahara\data\raw\desed\real\audio\eval\public\c30s6OnCApw_590_600.wav,background,desed,real,10.0,desed:public:c30s6OnCApw_590_600
C:\Users\tprac\Downloads\sahara\sahara\data\raw\desed\real\audio\eval\public\cHe4xgwz2hA_13_23.wav,background,desed,real,10.0,desed:public:cHe4xgwz2hA_13_23
C:\Users\tprac\Downloads\sahara\sahara\data\raw\desed\real\audio\eval\public\cKgGzyBosrA_14_24.wav,background,desed,real,10.0,desed:public:cKgGzyBosrA_14_24
C:\Users\tprac\Downloads\sahara\sahara\data\raw\desed\real\audio\eval\public\CMqILvK7m0M_0_10.wav,background,desed,real,10.0,desed:public:CMqILvK7m0M_0_10
C:\Users\tprac\Downloads\sahara\sahara\data\raw\desed\real\audio\eval\public\CN0gaknlKNE_443_453.wav,background,desed,real,10.0,desed:public:CN0gaknlKNE_443_453
C:\Users\tprac\Downloads\sahara\sahara\data\raw\desed\real\audio\eval\public\croKDPQZ2F8_23_33.wav,background,desed,real,10.0,desed:public:croKDPQZ2F8_23_33
C:\Users\tprac\Downloads\sahara\sahara\data\raw\desed\real\audio\eval\public\CRPMU1WG36Q_0_10.wav,background,desed,real,10.0,desed:public:CRPMU1WG36Q_0_10
C:\Users\tprac\Downloads\sahara\sahara\data\raw\desed\real\audio\eval\public\CS5klzZwjq8_0_10.wav,background,desed,real,10.0,desed:public:CS5klzZwjq8_0_10
C:\Users\tprac\Downloads\sahara\sahara\data\raw\desed\real\audio\eval\public\Cs9bkMQ4yuc_5_10.wav,background,desed,real,5.0,desed:public:Cs9bkMQ4yuc_5_10
C:\Users\tprac\Downloads\sahara\sahara\data\raw\desed\real\audio\eval\public\CSQ6df2KWqE_417_427.wav,background,desed,real,10.0,desed:public:CSQ6df2KWqE_417_427
C:\Users\tprac\Downloads\sahara\sahara\data\raw\desed\real\audio\eval\public\cYdIxGnf2_w_30_40.wav,background,desed,real,10.0,desed:public:cYdIxGnf2_w_30_40
C:\Users\tprac\Downloads\sahara\sahara\data\raw\desed\real\audio\eval\public\CZX4OfrejSU_118_128.wav,background,desed,real,10.0,desed:public:CZX4OfrejSU_118_128
C:\Users\tprac\Downloads\sahara\sahara\data\raw\desed\real\audio\eval\public\czyGmRXJ184_1070_1080.wav,background,desed,real,10.0,desed:public:czyGmRXJ184_1070_1080
C:\Users\tprac\Downloads\sahara\sahara\data\raw\desed\real\audio\eval\public\d1RLvzECuR0_5_15.wav,background,desed,real,10.0,desed:public:d1RLvzECuR0_5_15
C:\Users\tprac\Downloads\sahara\sahara\data\raw\desed\real\audio\eval\public\D8N1fJ81wE4_156_166.wav,background,desed,real,10.0,desed:public:D8N1fJ81wE4_156_166
C:\Users\tprac\Downloads\sahara\sahara\data\raw\desed\real\audio\eval\public\D9l2WbEm2p8_36_46.wav,background,desed,real,10.0,desed:public:D9l2WbEm2p8_36_46
C:\Users\tprac\Downloads\sahara\sahara\data\raw\desed\real\audio\eval\public\dAji7kMm2jk_37_47.wav,background,desed,real,10.0,desed:public:dAji7kMm2jk_37_47
C:\Users\tprac\Downloads\sahara\sahara\data\raw\desed\real\audio\eval\public\dERGNR5XkuM_198_208.wav,background,desed,real,10.0,desed:public:dERGNR5XkuM_198_208
C:\Users\tprac\Downloads\sahara\sahara\data\raw\desed\real\audio\eval\public\Df7veBP0Wu4_28_38.wav,background,desed,real,10.0,desed:public:Df7veBP0Wu4_28_38
C:\Users\tprac\Downloads\sahara\sahara\data\raw\desed\real\audio\eval\public\DiakukOAAms_17_27.wav,background,desed,real,10.0,desed:public:DiakukOAAms_17_27
C:\Users\tprac\Downloads\sahara\sahara\data\raw\desed\real\audio\eval\public\DjydV6lJuXA_0_10.wav,background,desed,real,10.0,desed:public:DjydV6lJuXA_0_10
C:\Users\tprac\Downloads\sahara\sahara\data\raw\desed\real\audio\eval\public\dmvo5XxvvAk_180_190.wav,background,desed,real,10.0,desed:public:dmvo5XxvvAk_180_190
C:\Users\tprac\Downloads\sahara\sahara\data\raw\desed\real\audio\eval\public\dm_yucoFC_M_60_70.wav,background,desed,real,10.0,desed:public:dm_yucoFC_M_60_70
C:\Users\tprac\Downloads\sahara\sahara\data\raw\desed\real\audio\eval\public\DnlqHy-b_w0_20_30.wav,background,desed,real,10.0,desed:public:DnlqHy-b_w0_20_30
C:\Users\tprac\Downloads\sahara\sahara\data\raw\desed\real\audio\eval\public\dN_t0pCr134_30_40.wav,background,desed,real,10.0,desed:public:dN_t0pCr134_30_40
C:\Users\tprac\Downloads\sahara\sahara\data\raw\desed\real\audio\eval\public\DSi8R5IdmoQ_2290_2300.wav,background,desed,real,10.0,desed:public:DSi8R5IdmoQ_2290_2300
C:\Users\tprac\Downloads\sahara\sahara\data\raw\desed\real\audio\eval\public\Dtd-R_MjDp8_148_158.wav,background,desed,real,10.0,desed:public:Dtd-R_MjDp8_148_158
C:\Users\tprac\Downloads\sahara\sahara\data\raw\desed\real\audio\eval\public\DxwTRNxB62g_0_4.wav,background,desed,real,4.0,desed:public:DxwTRNxB62g_0_4
C:\Users\tprac\Downloads\sahara\sahara\data\raw\desed\real\audio\eval\public\dysBsinlxm8_136_146.wav,background,desed,real,10.0,desed:public:dysBsinlxm8_136_146
C:\Users\tprac\Downloads\sahara\sahara\data\raw\desed\real\audio\eval\public\DzyrGWN8GOU_335_345.wav,background,desed,real,10.0,desed:public:DzyrGWN8GOU_335_345
C:\Users\tprac\Downloads\sahara\sahara\data\raw\desed\real\audio\eval\public\e0CcD1uOlrY_0_10.wav,background,desed,real,10.0,desed:public:e0CcD1uOlrY_0_10
C:\Users\tprac\Downloads\sahara\sahara\data\raw\desed\real\audio\eval\public\E0GT7asBVsM_295_305.wav,background,desed,real,10.0,desed:public:E0GT7asBVsM_295_305
C:\Users\tprac\Downloads\sahara\sahara\data\raw\desed\real\audio\eval\public\e7ANz022kME_0_10.wav,background,desed,real,10.0,desed:public:e7ANz022kME_0_10
C:\Users\tprac\Downloads\sahara\sahara\data\raw\desed\real\audio\eval\public\E7G8TNZVi88_2_12.wav,background,desed,real,7.148662131519274,desed:public:E7G8TNZVi88_2_12
C:\Users\tprac\Downloads\sahara\sahara\data\raw\desed\real\audio\eval\public\ea8HGPkBy40_455_465.wav,background,desed,real,10.0,desed:public:ea8HGPkBy40_455_465
C:\Users\tprac\Downloads\sahara\sahara\data\raw\desed\real\audio\eval\public\eEX5cg27rYs_557_567.wav,background,desed,real,10.0,desed:public:eEX5cg27rYs_557_567
C:\Users\tprac\Downloads\sahara\sahara\data\raw\desed\real\audio\eval\public\eExY5ysxeCc_0_10.wav,background,desed,real,10.0,desed:public:eExY5ysxeCc_0_10
C:\Users\tprac\Downloads\sahara\sahara\data\raw\desed\real\audio\eval\public\EjOoZ3_3ADA_6_16.wav,background,desed,real,10.0,desed:public:EjOoZ3_3ADA_6_16
C:\Users\tprac\Downloads\sahara\sahara\data\raw\desed\real\audio\eval\public\Es3u8oGkQeU_0_10.wav,background,desed,real,10.0,desed:public:Es3u8oGkQeU_0_10
C:\Users\tprac\Downloads\sahara\sahara\data\raw\desed\real\audio\eval\public\EsRJ9-4deo8_20_30.wav,background,desed,real,10.0,desed:public:EsRJ9-4deo8_20_30
C:\Users\tprac\Downloads\sahara\sahara\data\raw\desed\real\audio\eval\public\eXhXryMU68g_18_28.wav,background,desed,real,10.0,desed:public:eXhXryMU68g_18_28
C:\Users\tprac\Downloads\sahara\sahara\data\raw\desed\real\audio\eval\public\e_c68m8q0og_102_112.wav,background,desed,real,10.0,desed:public:e_c68m8q0og_102_112
C:\Users\tprac\Downloads\sahara\sahara\data\raw\desed\real\audio\eval\public\F2y6HsWY21c_43_53.wav,background,desed,real,10.0,desed:public:F2y6HsWY21c_43_53
C:\Users\tprac\Downloads\sahara\sahara\data\raw\desed\real\audio\eval\public\f3yml_aKs7M_87_97.wav,background,desed,real,10.0,desed:public:f3yml_aKs7M_87_97
C:\Users\tprac\Downloads\sahara\sahara\data\raw\desed\real\audio\eval\public\f4_7OgNkl-4_25_35.wav,background,desed,real,10.0,desed:public:f4_7OgNkl-4_25_35
C:\Users\tprac\Downloads\sahara\sahara\data\raw\desed\real\audio\eval\public\FfsQLg2JaEo_85_95.wav,background,desed,real,10.0,desed:public:FfsQLg2JaEo_85_95
C:\Users\tprac\Downloads\sahara\sahara\data\raw\desed\real\audio\eval\public\ffTF9ZOjAxU_180_190.wav,background,desed,real,10.0,desed:public:ffTF9ZOjAxU_180_190
C:\Users\tprac\Downloads\sahara\sahara\data\raw\desed\real\audio\eval\public\FG1LO79tmas_95_105.wav,background,desed,real,10.0,desed:public:FG1LO79tmas_95_105
C:\Users\tprac\Downloads\sahara\sahara\data\raw\desed\real\audio\eval\public\fhOMBfXlvwM_30_40.wav,background,desed,real,10.0,desed:public:fhOMBfXlvwM_30_40
C:\Users\tprac\Downloads\sahara\sahara\data\raw\desed\real\audio\eval\public\FkQ12ZSWlcQ_162_172.wav,background,desed,real,10.0,desed:public:FkQ12ZSWlcQ_162_172
C:\Users\tprac\Downloads\sahara\sahara\data\raw\desed\real\audio\eval\public\fKxQaqctjbg_0_10.wav,background,desed,real,10.0,desed:public:fKxQaqctjbg_0_10
C:\Users\tprac\Downloads\sahara\sahara\data\raw\desed\real\audio\eval\public\fMQLCvgSCBk_18_28.wav,background,desed,real,10.0,desed:public:fMQLCvgSCBk_18_28
C:\Users\tprac\Downloads\sahara\sahara\data\raw\desed\real\audio\eval\public\fQGv7ZJEd3g_117_127.wav,background,desed,real,10.0,desed:public:fQGv7ZJEd3g_117_127
C:\Users\tprac\Downloads\sahara\sahara\data\raw\desed\real\audio\eval\public\FrbI9OVmnOs_255_265.wav,background,desed,real,10.0,desed:public:FrbI9OVmnOs_255_265
C:\Users\tprac\Downloads\sahara\sahara\data\raw\desed\real\audio\eval\public\FRJa9ibKm_U_0_10.wav,background,desed,real,10.0,desed:public:FRJa9ibKm_U_0_10
C:\Users\tprac\Downloads\sahara\sahara\data\raw\desed\real\audio\eval\public\FRNo-gYhgbM_0_10.wav,background,desed,real,10.0,desed:public:FRNo-gYhgbM_0_10
C:\Users\tprac\Downloads\sahara\sahara\data\raw\desed\real\audio\eval\public\FtbxAqRo0eY_83_93.wav,background,desed,real,10.0,desed:public:FtbxAqRo0eY_83_93
C:\Users\tprac\Downloads\sahara\sahara\data\raw\desed\real\audio\eval\public\ftsYcYnaOSc_0_5.wav,background,desed,real,5.0,desed:public:ftsYcYnaOSc_0_5
C:\Users\tprac\Downloads\sahara\sahara\data\raw\desed\real\audio\eval\public\FTYj18YKCYY_185_195.wav,background,desed,real,10.0,desed:public:FTYj18YKCYY_185_195
C:\Users\tprac\Downloads\sahara\sahara\data\raw\desed\real\audio\eval\public\FW1DWiIHmAE_0_10.wav,background,desed,real,10.0,desed:public:FW1DWiIHmAE_0_10
C:\Users\tprac\Downloads\sahara\sahara\data\raw\desed\real\audio\eval\public\FylrKbeMdIg_250_260.wav,background,desed,real,10.0,desed:public:FylrKbeMdIg_250_260
C:\Users\tprac\Downloads\sahara\sahara\data\raw\desed\real\audio\eval\public\FylrKbeMdIg_303_313.wav,background,desed,real,10.0,desed:public:FylrKbeMdIg_303_313
C:\Users\tprac\Downloads\sahara\sahara\data\raw\desed\real\audio\eval\public\FYPf4yMZgIc_75_85.wav,background,desed,real,10.0,desed:public:FYPf4yMZgIc_75_85
C:\Users\tprac\Downloads\sahara\sahara\data\raw\desed\real\audio\eval\public\f_OA9Yqkhx4_0_9.wav,background,desed,real,9.0,desed:public:f_OA9Yqkhx4_0_9
C:\Users\tprac\Downloads\sahara\sahara\data\raw\desed\real\audio\eval\public\g10lA7bbS2s_0_10.wav,background,desed,real,10.0,desed:public:g10lA7bbS2s_0_10
C:\Users\tprac\Downloads\sahara\sahara\data\raw\desed\real\audio\eval\public\G5P75b9G5fA_10_20.wav,background,desed,real,10.0,desed:public:G5P75b9G5fA_10_20
C:\Users\tprac\Downloads\sahara\sahara\data\raw\desed\real\audio\eval\public\g6IYRU5HYgo_0_10.wav,background,desed,real,10.0,desed:public:g6IYRU5HYgo_0_10
C:\Users\tprac\Downloads\sahara\sahara\data\raw\desed\real\audio\eval\public\g7os6aD1zwg_1074_1084.wav,background,desed,real,10.0,desed:public:g7os6aD1zwg_1074_1084
C:\Users\tprac\Downloads\sahara\sahara\data\raw\desed\real\audio\eval\public\G9z_0Zq28_Y_216_226.wav,background,desed,real,10.0,desed:public:G9z_0Zq28_Y_216_226
C:\Users\tprac\Downloads\sahara\sahara\data\raw\desed\real\audio\eval\public\Ghfu0VBN1zY_0_10.wav,background,desed,real,10.0,desed:public:Ghfu0VBN1zY_0_10
C:\Users\tprac\Downloads\sahara\sahara\data\raw\desed\real\audio\eval\public\gJBUb5zqens_90_100.wav,background,desed,real,10.0,desed:public:gJBUb5zqens_90_100
C:\Users\tprac\Downloads\sahara\sahara\data\raw\desed\real\audio\eval\public\gNbnDKmaehY_100_110.wav,background,desed,real,10.0,desed:public:gNbnDKmaehY_100_110
C:\Users\tprac\Downloads\sahara\sahara\data\raw\desed\real\audio\eval\public\gNbnDKmaehY_264_274.wav,background,desed,real,10.0,desed:public:gNbnDKmaehY_264_274
C:\Users\tprac\Downloads\sahara\sahara\data\raw\desed\real\audio\eval\public\gTMOPHZhCXk_118_128.wav,background,desed,real,10.0,desed:public:gTMOPHZhCXk_118_128
C:\Users\tprac\Downloads\sahara\sahara\data\raw\desed\real\audio\eval\public\GzCLnzHFefY_0_10.wav,background,desed,real,10.0,desed:public:GzCLnzHFefY_0_10
C:\Users\tprac\Downloads\sahara\sahara\data\raw\desed\real\audio\eval\public\h8c3djjWsMo_100_110.wav,background,desed,real,10.0,desed:public:h8c3djjWsMo_100_110
C:\Users\tprac\Downloads\sahara\sahara\data\raw\desed\real\audio\eval\public\hawAni0E3cI_0_10.wav,background,desed,real,10.0,desed:public:hawAni0E3cI_0_10
C:\Users\tprac\Downloads\sahara\sahara\data\raw\desed\real\audio\eval\public\HDe9knU2h3I_0_10.wav,background,desed,real,10.0,desed:public:HDe9knU2h3I_0_10
C:\Users\tprac\Downloads\sahara\sahara\data\raw\desed\real\audio\eval\public\Hf4kYKulvWU_0_10.wav,background,desed,real,10.0,desed:public:Hf4kYKulvWU_0_10
C:\Users\tprac\Downloads\sahara\sahara\data\raw\desed\real\audio\eval\public\hFhsNDQ1mEo_0_5.wav,background,desed,real,5.0,desed:public:hFhsNDQ1mEo_0_5
C:\Users\tprac\Downloads\sahara\sahara\data\raw\desed\real\audio\eval\public\HIvc75xlPdw_5_15.wav,background,desed,real,10.0,desed:public:HIvc75xlPdw_5_15
C:\Users\tprac\Downloads\sahara\sahara\data\raw\desed\real\audio\eval\public\HJJO1JL6kxA_0_10.wav,background,desed,real,10.0,desed:public:HJJO1JL6kxA_0_10
C:\Users\tprac\Downloads\sahara\sahara\data\raw\desed\real\audio\eval\public\HnfGqtJpem8_33_43.wav,background,desed,real,10.0,desed:public:HnfGqtJpem8_33_43
C:\Users\tprac\Downloads\sahara\sahara\data\raw\desed\real\audio\eval\public\HoKDVwOnRWI_372_382.wav,background,desed,real,10.0,desed:public:HoKDVwOnRWI_372_382
C:\Users\tprac\Downloads\sahara\sahara\data\raw\desed\real\audio\eval\public\HpRvSpsed7w_222_232.wav,background,desed,real,10.0,desed:public:HpRvSpsed7w_222_232
C:\Users\tprac\Downloads\sahara\sahara\data\raw\desed\real\audio\eval\public\HpRvSpsed7w_240_250.wav,background,desed,real,10.0,desed:public:HpRvSpsed7w_240_250
C:\Users\tprac\Downloads\sahara\sahara\data\raw\desed\real\audio\eval\public\HTVUJA1_yss_31_41.wav,background,desed,real,10.0,desed:public:HTVUJA1_yss_31_41
C:\Users\tprac\Downloads\sahara\sahara\data\raw\desed\real\audio\eval\public\HU8-s-WlyTo_70_80.wav,background,desed,real,10.0,desed:public:HU8-s-WlyTo_70_80
C:\Users\tprac\Downloads\sahara\sahara\data\raw\desed\real\audio\eval\public\HViD2ghRNs4_0_4.wav,background,desed,real,4.0,desed:public:HViD2ghRNs4_0_4
C:\Users\tprac\Downloads\sahara\sahara\data\raw\desed\real\audio\eval\public\hW4ocGjsuhg_292_302.wav,background,desed,real,10.0,desed:public:hW4ocGjsuhg_292_302
C:\Users\tprac\Downloads\sahara\sahara\data\raw\desed\real\audio\eval\public\hwGxTuO5DNo_57_67.wav,background,desed,real,10.0,desed:public:hwGxTuO5DNo_57_67
C:\Users\tprac\Downloads\sahara\sahara\data\raw\desed\real\audio\eval\public\hypG3Tgf5A0_3_13.wav,background,desed,real,10.0,desed:public:hypG3Tgf5A0_3_13
C:\Users\tprac\Downloads\sahara\sahara\data\raw\desed\real\audio\eval\public\i014L3ZZdsE_50_60.wav,background,desed,real,10.0,desed:public:i014L3ZZdsE_50_60
C:\Users\tprac\Downloads\sahara\sahara\data\raw\desed\real\audio\eval\public\IF6f0rmB6dE_27_37.wav,background,desed,real,10.0,desed:public:IF6f0rmB6dE_27_37
C:\Users\tprac\Downloads\sahara\sahara\data\raw\desed\real\audio\eval\public\iff3u8br744_6_16.wav,background,desed,real,10.0,desed:public:iff3u8br744_6_16
C:\Users\tprac\Downloads\sahara\sahara\data\raw\desed\real\audio\eval\public\IhaS57v37Nk_153_163.wav,background,desed,real,10.0,desed:public:IhaS57v37Nk_153_163
C:\Users\tprac\Downloads\sahara\sahara\data\raw\desed\real\audio\eval\public\ihGC9-sGt84_58_68.wav,background,desed,real,10.0,desed:public:ihGC9-sGt84_58_68
C:\Users\tprac\Downloads\sahara\sahara\data\raw\desed\real\audio\eval\public\ii9Y1lLhL5E_322_332.wav,background,desed,real,10.0,desed:public:ii9Y1lLhL5E_322_332
C:\Users\tprac\Downloads\sahara\sahara\data\raw\desed\real\audio\eval\public\IqKYt_AACQ4_60_70.wav,background,desed,real,10.0,desed:public:IqKYt_AACQ4_60_70
C:\Users\tprac\Downloads\sahara\sahara\data\raw\desed\real\audio\eval\public\iStSYb2NjhE_844_854.wav,background,desed,real,10.0,desed:public:iStSYb2NjhE_844_854
C:\Users\tprac\Downloads\sahara\sahara\data\raw\desed\real\audio\eval\public\ixFiH87Xtow_433_443.wav,background,desed,real,10.0,desed:public:ixFiH87Xtow_433_443
C:\Users\tprac\Downloads\sahara\sahara\data\raw\desed\real\audio\eval\public\IZ9UM4zuOC0_60_70.wav,background,desed,real,10.0,desed:public:IZ9UM4zuOC0_60_70
C:\Users\tprac\Downloads\sahara\sahara\data\raw\desed\real\audio\eval\public\J0Ruo0PDfQo_8_18.wav,background,desed,real,10.0,desed:public:J0Ruo0PDfQo_8_18
C:\Users\tprac\Downloads\sahara\sahara\data\raw\desed\real\audio\eval\public\J1TPeGMCAYw_1312_1322.wav,background,desed,real,10.0,desed:public:J1TPeGMCAYw_1312_1322
C:\Users\tprac\Downloads\sahara\sahara\data\raw\desed\real\audio\eval\public\J5pibI98hVg_167_177.wav,background,desed,real,10.0,desed:public:J5pibI98hVg_167_177
C:\Users\tprac\Downloads\sahara\sahara\data\raw\desed\real\audio\eval\public\jbstZWZDQvU_0_10.wav,background,desed,real,10.0,desed:public:jbstZWZDQvU_0_10
C:\Users\tprac\Downloads\sahara\sahara\data\raw\desed\real\audio\eval\public\jGyZ1IcmZn8_19_29.wav,background,desed,real,10.0,desed:public:jGyZ1IcmZn8_19_29
C:\Users\tprac\Downloads\sahara\sahara\data\raw\desed\real\audio\eval\public\JjzupoypGNY_5_15.wav,background,desed,real,10.0,desed:public:JjzupoypGNY_5_15
C:\Users\tprac\Downloads\sahara\sahara\data\raw\desed\real\audio\eval\public\jsP5oinHnMs_81_91.wav,background,desed,real,10.0,desed:public:jsP5oinHnMs_81_91
C:\Users\tprac\Downloads\sahara\sahara\data\raw\desed\real\audio\eval\public\JT34KB_DYk8_86_96.wav,background,desed,real,10.0,desed:public:JT34KB_DYk8_86_96
C:\Users\tprac\Downloads\sahara\sahara\data\raw\desed\real\audio\eval\public\JtqfDmP86o8_505_515.wav,background,desed,real,10.0,desed:public:JtqfDmP86o8_505_515
C:\Users\tprac\Downloads\sahara\sahara\data\raw\desed\real\audio\eval\public\jWCzR87yUC8_0_10.wav,background,desed,real,10.0,desed:public:jWCzR87yUC8_0_10
C:\Users\tprac\Downloads\sahara\sahara\data\raw\desed\real\audio\eval\public\jyoIUD1DEYE_322_332.wav,background,desed,real,10.0,desed:public:jyoIUD1DEYE_322_332
C:\Users\tprac\Downloads\sahara\sahara\data\raw\desed\real\audio\eval\public\JYwj64SVBHY_395_405.wav,background,desed,real,10.0,desed:public:JYwj64SVBHY_395_405
C:\Users\tprac\Downloads\sahara\sahara\data\raw\desed\real\audio\eval\public\j_bFuiLtHzw_0_10.wav,background,desed,real,10.0,desed:public:j_bFuiLtHzw_0_10
C:\Users\tprac\Downloads\sahara\sahara\data\raw\desed\real\audio\eval\public\k-2RZwDArWw_288_298.wav,background,desed,real,10.0,desed:public:k-2RZwDArWw_288_298
C:\Users\tprac\Downloads\sahara\sahara\data\raw\desed\real\audio\eval\public\k0gwpaaHI2A_0_10.wav,background,desed,real,10.0,desed:public:k0gwpaaHI2A_0_10
C:\Users\tprac\Downloads\sahara\sahara\data\raw\desed\real\audio\eval\public\K19FcMyXHqY_300_310.wav,background,desed,real,10.0,desed:public:K19FcMyXHqY_300_310
C:\Users\tprac\Downloads\sahara\sahara\data\raw\desed\real\audio\eval\public\K1Ryqf0RWpc_0_10.wav,background,desed,real,10.0,desed:public:K1Ryqf0RWpc_0_10
C:\Users\tprac\Downloads\sahara\sahara\data\raw\desed\real\audio\eval\public\K36wIELI9mE_489_499.wav,background,desed,real,10.0,desed:public:K36wIELI9mE_489_499
C:\Users\tprac\Downloads\sahara\sahara\data\raw\desed\real\audio\eval\public\k4KTVStLxF0_91_101.wav,background,desed,real,10.0,desed:public:k4KTVStLxF0_91_101
C:\Users\tprac\Downloads\sahara\sahara\data\raw\desed\real\audio\eval\public\K5NIxYokRv4_4_14.wav,background,desed,real,10.0,desed:public:K5NIxYokRv4_4_14
C:\Users\tprac\Downloads\sahara\sahara\data\raw\desed\real\audio\eval\public\k5ZxJBdUCWg_2_12.wav,background,desed,real,10.0,desed:public:k5ZxJBdUCWg_2_12
C:\Users\tprac\Downloads\sahara\sahara\data\raw\desed\real\audio\eval\public\k7lCdke7Iic_40_50.wav,background,desed,real,10.0,desed:public:k7lCdke7Iic_40_50
C:\Users\tprac\Downloads\sahara\sahara\data\raw\desed\real\audio\eval\public\K88W29l8fA4_446_456.wav,background,desed,real,10.0,desed:public:K88W29l8fA4_446_456
C:\Users\tprac\Downloads\sahara\sahara\data\raw\desed\real\audio\eval\public\KBdxE1DmRUc_0_10.wav,background,desed,real,10.0,desed:public:KBdxE1DmRUc_0_10
C:\Users\tprac\Downloads\sahara\sahara\data\raw\desed\real\audio\eval\public\kgqSKqDCFME_3_13.wav,background,desed,real,10.0,desed:public:kgqSKqDCFME_3_13
C:\Users\tprac\Downloads\sahara\sahara\data\raw\desed\real\audio\eval\public\kHDjKy40rWE_50_60.wav,background,desed,real,10.0,desed:public:kHDjKy40rWE_50_60
C:\Users\tprac\Downloads\sahara\sahara\data\raw\desed\real\audio\eval\public\KilQtE5Nl90_0_10.wav,background,desed,real,10.0,desed:public:KilQtE5Nl90_0_10
C:\Users\tprac\Downloads\sahara\sahara\data\raw\desed\real\audio\eval\public\kk2s7lMpHIs_31_41.wav,background,desed,real,10.0,desed:public:kk2s7lMpHIs_31_41
C:\Users\tprac\Downloads\sahara\sahara\data\raw\desed\real\audio\eval\public\KmT94pv4v4A_36_46.wav,background,desed,real,10.0,desed:public:KmT94pv4v4A_36_46
C:\Users\tprac\Downloads\sahara\sahara\data\raw\desed\real\audio\eval\public\koJve7Bst98_0_10.wav,background,desed,real,10.0,desed:public:koJve7Bst98_0_10
C:\Users\tprac\Downloads\sahara\sahara\data\raw\desed\real\audio\eval\public\KQSCAjR8Q5U_16_26.wav,background,desed,real,10.0,desed:public:KQSCAjR8Q5U_16_26
C:\Users\tprac\Downloads\sahara\sahara\data\raw\desed\real\audio\eval\public\KWWCvlu0J10_60_70.wav,background,desed,real,10.0,desed:public:KWWCvlu0J10_60_70
C:\Users\tprac\Downloads\sahara\sahara\data\raw\desed\real\audio\eval\public\KyMLn8cnfL0_66_76.wav,background,desed,real,10.0,desed:public:KyMLn8cnfL0_66_76
C:\Users\tprac\Downloads\sahara\sahara\data\raw\desed\real\audio\eval\public\KYslcyTKq4Q_33_43.wav,background,desed,real,10.0,desed:public:KYslcyTKq4Q_33_43
C:\Users\tprac\Downloads\sahara\sahara\data\raw\desed\real\audio\eval\public\L0ezgN6-O0o_49_59.wav,background,desed,real,10.0,desed:public:L0ezgN6-O0o_49_59
C:\Users\tprac\Downloads\sahara\sahara\data\raw\desed\real\audio\eval\public\L3SIlxdLGxI_65_75.wav,background,desed,real,10.0,desed:public:L3SIlxdLGxI_65_75
C:\Users\tprac\Downloads\sahara\sahara\data\raw\desed\real\audio\eval\public\L5jZgm0Xd2w_269_279.wav,background,desed,real,10.0,desed:public:L5jZgm0Xd2w_269_279
C:\Users\tprac\Downloads\sahara\sahara\data\raw\desed\real\audio\eval\public\l6bTwm_udWY_78_88.wav,background,desed,real,10.0,desed:public:l6bTwm_udWY_78_88
C:\Users\tprac\Downloads\sahara\sahara\data\raw\desed\real\audio\eval\public\l80bnVwIkn4_23_33.wav,background,desed,real,10.0,desed:public:l80bnVwIkn4_23_33
C:\Users\tprac\Downloads\sahara\sahara\data\raw\desed\real\audio\eval\public\ladKyOxydd4_216_226.wav,background,desed,real,10.0,desed:public:ladKyOxydd4_216_226
C:\Users\tprac\Downloads\sahara\sahara\data\raw\desed\real\audio\eval\public\ladKyOxydd4_251_261.wav,background,desed,real,10.0,desed:public:ladKyOxydd4_251_261
C:\Users\tprac\Downloads\sahara\sahara\data\raw\desed\real\audio\eval\public\LbBj4Tzi9CQ_36_46.wav,background,desed,real,10.0,desed:public:LbBj4Tzi9CQ_36_46
C:\Users\tprac\Downloads\sahara\sahara\data\raw\desed\real\audio\eval\public\lcGGi9YQzEQ_45_55.wav,background,desed,real,10.0,desed:public:lcGGi9YQzEQ_45_55
C:\Users\tprac\Downloads\sahara\sahara\data\raw\desed\real\audio\eval\public\LJGvq0kuV1g_0_10.wav,background,desed,real,10.0,desed:public:LJGvq0kuV1g_0_10
C:\Users\tprac\Downloads\sahara\sahara\data\raw\desed\real\audio\eval\public\LNGP0hK-qQc_134_144.wav,background,desed,real,10.0,desed:public:LNGP0hK-qQc_134_144
C:\Users\tprac\Downloads\sahara\sahara\data\raw\desed\real\audio\eval\public\lR9fFjPFZ4g_0_10.wav,background,desed,real,10.0,desed:public:lR9fFjPFZ4g_0_10
C:\Users\tprac\Downloads\sahara\sahara\data\raw\desed\real\audio\eval\public\LSadKjcr41k_295_305.wav,background,desed,real,10.0,desed:public:LSadKjcr41k_295_305
C:\Users\tprac\Downloads\sahara\sahara\data\raw\desed\real\audio\eval\public\LTQkBZeV07w_459_469.wav,background,desed,real,10.0,desed:public:LTQkBZeV07w_459_469
C:\Users\tprac\Downloads\sahara\sahara\data\raw\desed\real\audio\eval\public\LU0ZWTmamKI_118_128.wav,background,desed,real,10.0,desed:public:LU0ZWTmamKI_118_128
C:\Users\tprac\Downloads\sahara\sahara\data\raw\desed\real\audio\eval\public\lv14REvqCxY_422_432.wav,background,desed,real,10.0,desed:public:lv14REvqCxY_422_432
C:\Users\tprac\Downloads\sahara\sahara\data\raw\desed\real\audio\eval\public\ly1dAtX0_uU_50_60.wav,background,desed,real,10.0,desed:public:ly1dAtX0_uU_50_60
C:\Users\tprac\Downloads\sahara\sahara\data\raw\desed\real\audio\eval\public\lzTdrHywGQc_61_71.wav,background,desed,real,10.0,desed:public:lzTdrHywGQc_61_71
C:\Users\tprac\Downloads\sahara\sahara\data\raw\desed\real\audio\eval\public\mAXX612xVqg_7_17.wav,background,desed,real,10.0,desed:public:mAXX612xVqg_7_17
C:\Users\tprac\Downloads\sahara\sahara\data\raw\desed\real\audio\eval\public\MB1Vmz4xasM_12_22.wav,background,desed,real,10.0,desed:public:MB1Vmz4xasM_12_22
C:\Users\tprac\Downloads\sahara\sahara\data\raw\desed\real\audio\eval\public\mCQp3NzQ_TM_95_105.wav,background,desed,real,10.0,desed:public:mCQp3NzQ_TM_95_105
C:\Users\tprac\Downloads\sahara\sahara\data\raw\desed\real\audio\eval\public\MILjiC6Md54_140_150.wav,background,desed,real,10.0,desed:public:MILjiC6Md54_140_150
C:\Users\tprac\Downloads\sahara\sahara\data\raw\desed\real\audio\eval\public\mlbH4LQA_fU_541_551.wav,background,desed,real,10.0,desed:public:mlbH4LQA_fU_541_551
C:\Users\tprac\Downloads\sahara\sahara\data\raw\desed\real\audio\eval\public\MOjL1UQxRfo_12_22.wav,background,desed,real,10.0,desed:public:MOjL1UQxRfo_12_22
C:\Users\tprac\Downloads\sahara\sahara\data\raw\desed\real\audio\eval\public\mozHRWzXjWo_223_233.wav,background,desed,real,10.0,desed:public:mozHRWzXjWo_223_233
C:\Users\tprac\Downloads\sahara\sahara\data\raw\desed\real\audio\eval\public\MP2K-h1QQKo_232_242.wav,background,desed,real,10.0,desed:public:MP2K-h1QQKo_232_242
C:\Users\tprac\Downloads\sahara\sahara\data\raw\desed\real\audio\eval\public\mR1Bz7Vp_Zg_225_235.wav,background,desed,real,10.0,desed:public:mR1Bz7Vp_Zg_225_235
C:\Users\tprac\Downloads\sahara\sahara\data\raw\desed\real\audio\eval\public\MRq8k-y8-oI_7_17.wav,background,desed,real,10.0,desed:public:MRq8k-y8-oI_7_17
C:\Users\tprac\Downloads\sahara\sahara\data\raw\desed\real\audio\eval\public\mrZ2ILPp1f8_57_67.wav,background,desed,real,10.0,desed:public:mrZ2ILPp1f8_57_67
C:\Users\tprac\Downloads\sahara\sahara\data\raw\desed\real\audio\eval\public\mTZE86_uuno_166_176.wav,background,desed,real,10.0,desed:public:mTZE86_uuno_166_176
C:\Users\tprac\Downloads\sahara\sahara\data\raw\desed\real\audio\eval\public\MVx1F79YO3U_7_17.wav,background,desed,real,10.0,desed:public:MVx1F79YO3U_7_17
C:\Users\tprac\Downloads\sahara\sahara\data\raw\desed\real\audio\eval\public\myRr2k_ktMU_0_8.wav,background,desed,real,8.0,desed:public:myRr2k_ktMU_0_8
C:\Users\tprac\Downloads\sahara\sahara\data\raw\desed\real\audio\eval\public\MZkF6A3RKeU_20_30.wav,background,desed,real,10.0,desed:public:MZkF6A3RKeU_20_30
C:\Users\tprac\Downloads\sahara\sahara\data\raw\desed\real\audio\eval\public\n0WZG1v9wV0_336_346.wav,background,desed,real,10.0,desed:public:n0WZG1v9wV0_336_346
C:\Users\tprac\Downloads\sahara\sahara\data\raw\desed\real\audio\eval\public\n3vIcDGmD3s_33_43.wav,background,desed,real,10.0,desed:public:n3vIcDGmD3s_33_43
C:\Users\tprac\Downloads\sahara\sahara\data\raw\desed\real\audio\eval\public\nIMVxFJ2AQg_1_11.wav,background,desed,real,10.0,desed:public:nIMVxFJ2AQg_1_11
C:\Users\tprac\Downloads\sahara\sahara\data\raw\desed\real\audio\eval\public\Nj30UED-ShI_16_26.wav,background,desed,real,10.0,desed:public:Nj30UED-ShI_16_26
C:\Users\tprac\Downloads\sahara\sahara\data\raw\desed\real\audio\eval\public\nJzYCP5B3_k_139_149.wav,background,desed,real,10.0,desed:public:nJzYCP5B3_k_139_149
C:\Users\tprac\Downloads\sahara\sahara\data\raw\desed\real\audio\eval\public\nkok_5SBhRo_0_10.wav,background,desed,real,10.0,desed:public:nkok_5SBhRo_0_10
C:\Users\tprac\Downloads\sahara\sahara\data\raw\desed\real\audio\eval\public\NmsaklattGM_514_524.wav,background,desed,real,10.0,desed:public:NmsaklattGM_514_524
C:\Users\tprac\Downloads\sahara\sahara\data\raw\desed\real\audio\eval\public\NrdkLZFWwr0_102_112.wav,background,desed,real,10.0,desed:public:NrdkLZFWwr0_102_112
C:\Users\tprac\Downloads\sahara\sahara\data\raw\desed\real\audio\eval\public\Ns7LAwk7YWs_790_800.wav,background,desed,real,10.0,desed:public:Ns7LAwk7YWs_790_800
C:\Users\tprac\Downloads\sahara\sahara\data\raw\desed\real\audio\eval\public\NtkJOtpnZXQ_118_128.wav,background,desed,real,10.0,desed:public:NtkJOtpnZXQ_118_128
C:\Users\tprac\Downloads\sahara\sahara\data\raw\desed\real\audio\eval\public\nwpjCP-I6_A_17_27.wav,background,desed,real,10.0,desed:public:nwpjCP-I6_A_17_27
C:\Users\tprac\Downloads\sahara\sahara\data\raw\desed\real\audio\eval\public\Nz-IhS2NT4k_7_17.wav,background,desed,real,10.0,desed:public:Nz-IhS2NT4k_7_17
C:\Users\tprac\Downloads\sahara\sahara\data\raw\desed\real\audio\eval\public\NZpOGhRgT5M_109_119.wav,background,desed,real,10.0,desed:public:NZpOGhRgT5M_109_119
C:\Users\tprac\Downloads\sahara\sahara\data\raw\desed\real\audio\eval\public\O0pNTFDpVzc_493_503.wav,background,desed,real,10.0,desed:public:O0pNTFDpVzc_493_503
C:\Users\tprac\Downloads\sahara\sahara\data\raw\desed\real\audio\eval\public\O2sD-eQuPo0_5_15.wav,background,desed,real,10.0,desed:public:O2sD-eQuPo0_5_15
C:\Users\tprac\Downloads\sahara\sahara\data\raw\desed\real\audio\eval\public\o3nM5DO4wf8_7_17.wav,background,desed,real,10.0,desed:public:o3nM5DO4wf8_7_17
C:\Users\tprac\Downloads\sahara\sahara\data\raw\desed\real\audio\eval\public\O84_jiiacic_180_190.wav,background,desed,real,10.0,desed:public:O84_jiiacic_180_190
C:\Users\tprac\Downloads\sahara\sahara\data\raw\desed\real\audio\eval\public\O8G-xGF3gsU_0_10.wav,background,desed,real,10.0,desed:public:O8G-xGF3gsU_0_10
C:\Users\tprac\Downloads\sahara\sahara\data\raw\desed\real\audio\eval\public\O95I3N_hkA4_0_8.wav,background,desed,real,8.0,desed:public:O95I3N_hkA4_0_8
C:\Users\tprac\Downloads\sahara\sahara\data\raw\desed\real\audio\eval\public\OamG3HMmwEs_175_185.wav,background,desed,real,10.0,desed:public:OamG3HMmwEs_175_185
C:\Users\tprac\Downloads\sahara\sahara\data\raw\desed\real\audio\eval\public\oCajJ7h0Ze8_34_44.wav,background,desed,real,10.0,desed:public:oCajJ7h0Ze8_34_44
C:\Users\tprac\Downloads\sahara\sahara\data\raw\desed\real\audio\eval\public\ogdlN42LL-o_287_297.wav,background,desed,real,10.0,desed:public:ogdlN42LL-o_287_297
C:\Users\tprac\Downloads\sahara\sahara\data\raw\desed\real\audio\eval\public\oGrS0avLh8I_0_10.wav,background,desed,real,10.0,desed:public:oGrS0avLh8I_0_10
C:\Users\tprac\Downloads\sahara\sahara\data\raw\desed\real\audio\eval\public\onBPLjN7vGg_63_73.wav,background,desed,real,10.0,desed:public:onBPLjN7vGg_63_73
C:\Users\tprac\Downloads\sahara\sahara\data\raw\desed\real\audio\eval\public\ontcp1fTR0w_0_10.wav,background,desed,real,10.0,desed:public:ontcp1fTR0w_0_10
C:\Users\tprac\Downloads\sahara\sahara\data\raw\desed\real\audio\eval\public\OPLnUvSY-XY_0_10.wav,background,desed,real,10.0,desed:public:OPLnUvSY-XY_0_10
C:\Users\tprac\Downloads\sahara\sahara\data\raw\desed\real\audio\eval\public\OqjVHCRdKh0_0_10.wav,background,desed,real,10.0,desed:public:OqjVHCRdKh0_0_10
C:\Users\tprac\Downloads\sahara\sahara\data\raw\desed\real\audio\eval\public\owLBsoC9DT0_7_17.wav,background,desed,real,10.0,desed:public:owLBsoC9DT0_7_17
C:\Users\tprac\Downloads\sahara\sahara\data\raw\desed\real\audio\eval\public\OXMj_D9oB44_16_26.wav,background,desed,real,10.0,desed:public:OXMj_D9oB44_16_26
C:\Users\tprac\Downloads\sahara\sahara\data\raw\desed\real\audio\eval\public\oYhQZ4gt_fw_346_356.wav,background,desed,real,10.0,desed:public:oYhQZ4gt_fw_346_356
C:\Users\tprac\Downloads\sahara\sahara\data\raw\desed\real\audio\eval\public\OzeZPMiOQuk_316_326.wav,background,desed,real,10.0,desed:public:OzeZPMiOQuk_316_326
C:\Users\tprac\Downloads\sahara\sahara\data\raw\desed\real\audio\eval\public\P-0G98gK5dc_32_42.wav,background,desed,real,10.0,desed:public:P-0G98gK5dc_32_42
C:\Users\tprac\Downloads\sahara\sahara\data\raw\desed\real\audio\eval\public\p33b4XR8cO8_0_10.wav,background,desed,real,10.0,desed:public:p33b4XR8cO8_0_10
C:\Users\tprac\Downloads\sahara\sahara\data\raw\desed\real\audio\eval\public\PDd0Id1uk58_33_43.wav,background,desed,real,10.0,desed:public:PDd0Id1uk58_33_43
C:\Users\tprac\Downloads\sahara\sahara\data\raw\desed\real\audio\eval\public\PddX9valVHE_15_25.wav,background,desed,real,10.0,desed:public:PddX9valVHE_15_25
C:\Users\tprac\Downloads\sahara\sahara\data\raw\desed\real\audio\eval\public\PeNwCvGYEtg_130_140.wav,background,desed,real,10.0,desed:public:PeNwCvGYEtg_130_140
C:\Users\tprac\Downloads\sahara\sahara\data\raw\desed\real\audio\eval\public\PERVXXw9le4_758_768.wav,background,desed,real,10.0,desed:public:PERVXXw9le4_758_768
C:\Users\tprac\Downloads\sahara\sahara\data\raw\desed\real\audio\eval\public\PFPzBVXoawI_1607_1617.wav,background,desed,real,10.0,desed:public:PFPzBVXoawI_1607_1617
C:\Users\tprac\Downloads\sahara\sahara\data\raw\desed\real\audio\eval\public\pHxRz9hGypc_288_298.wav,background,desed,real,10.0,desed:public:pHxRz9hGypc_288_298
C:\Users\tprac\Downloads\sahara\sahara\data\raw\desed\real\audio\eval\public\PJSgFoZokpk_20_30.wav,background,desed,real,10.0,desed:public:PJSgFoZokpk_20_30
C:\Users\tprac\Downloads\sahara\sahara\data\raw\desed\real\audio\eval\public\pKFu7HjukpE_0_10.wav,background,desed,real,10.0,desed:public:pKFu7HjukpE_0_10
C:\Users\tprac\Downloads\sahara\sahara\data\raw\desed\real\audio\eval\public\pM4YR0BpkbU_94_104.wav,background,desed,real,10.0,desed:public:pM4YR0BpkbU_94_104
C:\Users\tprac\Downloads\sahara\sahara\data\raw\desed\real\audio\eval\public\PQLE3y_vaQY_7_17.wav,background,desed,real,10.0,desed:public:PQLE3y_vaQY_7_17
C:\Users\tprac\Downloads\sahara\sahara\data\raw\desed\real\audio\eval\public\pqXxHrMxVR8_3_10.wav,background,desed,real,7.0,desed:public:pqXxHrMxVR8_3_10
C:\Users\tprac\Downloads\sahara\sahara\data\raw\desed\real\audio\eval\public\pSC4lM8JY38_0_10.wav,background,desed,real,10.0,desed:public:pSC4lM8JY38_0_10
C:\Users\tprac\Downloads\sahara\sahara\data\raw\desed\real\audio\eval\public\PSOd9BGE_88_12_22.wav,background,desed,real,10.0,desed:public:PSOd9BGE_88_12_22
C:\Users\tprac\Downloads\sahara\sahara\data\raw\desed\real\audio\eval\public\ptQZNRlEYJY_260_270.wav,background,desed,real,10.0,desed:public:ptQZNRlEYJY_260_270
C:\Users\tprac\Downloads\sahara\sahara\data\raw\desed\real\audio\eval\public\pUt70ybOg10_0_10.wav,background,desed,real,10.0,desed:public:pUt70ybOg10_0_10
C:\Users\tprac\Downloads\sahara\sahara\data\raw\desed\real\audio\eval\public\Pxlh9XrZsok_0_10.wav,background,desed,real,10.0,desed:public:Pxlh9XrZsok_0_10
C:\Users\tprac\Downloads\sahara\sahara\data\raw\desed\real\audio\eval\public\P_dXuddk3fE_67_77.wav,background,desed,real,10.0,desed:public:P_dXuddk3fE_67_77
C:\Users\tprac\Downloads\sahara\sahara\data\raw\desed\real\audio\eval\public\P_uDeuNLFQ4_330_340.wav,background,desed,real,10.0,desed:public:P_uDeuNLFQ4_330_340
C:\Users\tprac\Downloads\sahara\sahara\data\raw\desed\real\audio\eval\public\Q48FfV6udXs_296_306.wav,background,desed,real,10.0,desed:public:Q48FfV6udXs_296_306
C:\Users\tprac\Downloads\sahara\sahara\data\raw\desed\real\audio\eval\public\q5iYRhmXIdI_0_10.wav,background,desed,real,10.0,desed:public:q5iYRhmXIdI_0_10
C:\Users\tprac\Downloads\sahara\sahara\data\raw\desed\real\audio\eval\public\qDKmulbXO6k_0_10.wav,background,desed,real,10.0,desed:public:qDKmulbXO6k_0_10
C:\Users\tprac\Downloads\sahara\sahara\data\raw\desed\real\audio\eval\public\qfiOLoU2WZg_400_410.wav,background,desed,real,10.0,desed:public:qfiOLoU2WZg_400_410
C:\Users\tprac\Downloads\sahara\sahara\data\raw\desed\real\audio\eval\public\QhOdmJMwYvw_456_466.wav,background,desed,real,10.0,desed:public:QhOdmJMwYvw_456_466
C:\Users\tprac\Downloads\sahara\sahara\data\raw\desed\real\audio\eval\public\qiRyt8PvTZs_2_12.wav,background,desed,real,10.0,desed:public:qiRyt8PvTZs_2_12
C:\Users\tprac\Downloads\sahara\sahara\data\raw\desed\real\audio\eval\public\QKun98Y1mt4_14_24.wav,background,desed,real,10.0,desed:public:QKun98Y1mt4_14_24
C:\Users\tprac\Downloads\sahara\sahara\data\raw\desed\real\audio\eval\public\qMJkDB06pjo_157_167.wav,background,desed,real,10.0,desed:public:qMJkDB06pjo_157_167
C:\Users\tprac\Downloads\sahara\sahara\data\raw\desed\real\audio\eval\public\Qo_LHgcj0ao_23_33.wav,background,desed,real,10.0,desed:public:Qo_LHgcj0ao_23_33
C:\Users\tprac\Downloads\sahara\sahara\data\raw\desed\real\audio\eval\public\QP4dmDnHiGc_106_116.wav,background,desed,real,10.0,desed:public:QP4dmDnHiGc_106_116
C:\Users\tprac\Downloads\sahara\sahara\data\raw\desed\real\audio\eval\public\qqM6LUEDx3w_89_99.wav,background,desed,real,10.0,desed:public:qqM6LUEDx3w_89_99
C:\Users\tprac\Downloads\sahara\sahara\data\raw\desed\real\audio\eval\public\qr6UADCy2Ek_0_10.wav,background,desed,real,10.0,desed:public:qr6UADCy2Ek_0_10
C:\Users\tprac\Downloads\sahara\sahara\data\raw\desed\real\audio\eval\public\QsnRCPlG2WI_7_17.wav,background,desed,real,10.0,desed:public:QsnRCPlG2WI_7_17
C:\Users\tprac\Downloads\sahara\sahara\data\raw\desed\real\audio\eval\public\QVzRDG3pkE8_23_33.wav,background,desed,real,10.0,desed:public:QVzRDG3pkE8_23_33
C:\Users\tprac\Downloads\sahara\sahara\data\raw\desed\real\audio\eval\public\qWPuyhb3iu4_19_29.wav,background,desed,real,10.0,desed:public:qWPuyhb3iu4_19_29
C:\Users\tprac\Downloads\sahara\sahara\data\raw\desed\real\audio\eval\public\qwsvajRqeTk_238_248.wav,background,desed,real,10.0,desed:public:qwsvajRqeTk_238_248
C:\Users\tprac\Downloads\sahara\sahara\data\raw\desed\real\audio\eval\public\qYheBspHDuQ_18_28.wav,background,desed,real,10.0,desed:public:qYheBspHDuQ_18_28
C:\Users\tprac\Downloads\sahara\sahara\data\raw\desed\real\audio\eval\public\qykZqWcVgTE_88_98.wav,background,desed,real,10.0,desed:public:qykZqWcVgTE_88_98
C:\Users\tprac\Downloads\sahara\sahara\data\raw\desed\real\audio\eval\public\QZ3YoLvdRAE_0_10.wav,background,desed,real,10.0,desed:public:QZ3YoLvdRAE_0_10
C:\Users\tprac\Downloads\sahara\sahara\data\raw\desed\real\audio\eval\public\R13dyHEg1bM_400_410.wav,background,desed,real,10.0,desed:public:R13dyHEg1bM_400_410
C:\Users\tprac\Downloads\sahara\sahara\data\raw\desed\real\audio\eval\public\r2-AbDBVENw_64_74.wav,background,desed,real,10.0,desed:public:r2-AbDBVENw_64_74
C:\Users\tprac\Downloads\sahara\sahara\data\raw\desed\real\audio\eval\public\r25_3q5bPaY_82_92.wav,background,desed,real,10.0,desed:public:r25_3q5bPaY_82_92
C:\Users\tprac\Downloads\sahara\sahara\data\raw\desed\real\audio\eval\public\r2aKAbMtan0_0_10.wav,background,desed,real,10.0,desed:public:r2aKAbMtan0_0_10
C:\Users\tprac\Downloads\sahara\sahara\data\raw\desed\real\audio\eval\public\re5D4EZCpDU_156_166.wav,background,desed,real,10.0,desed:public:re5D4EZCpDU_156_166
C:\Users\tprac\Downloads\sahara\sahara\data\raw\desed\real\audio\eval\public\reaUmAg0M3Q_190_200.wav,background,desed,real,10.0,desed:public:reaUmAg0M3Q_190_200
C:\Users\tprac\Downloads\sahara\sahara\data\raw\desed\real\audio\eval\public\RKSMnHtVL1k_0_9.wav,background,desed,real,9.0,desed:public:RKSMnHtVL1k_0_9
C:\Users\tprac\Downloads\sahara\sahara\data\raw\desed\real\audio\eval\public\rn3Dp8zuraw_100_110.wav,background,desed,real,10.0,desed:public:rn3Dp8zuraw_100_110
C:\Users\tprac\Downloads\sahara\sahara\data\raw\desed\real\audio\eval\public\RrxUPpJ9zaM_84_94.wav,background,desed,real,10.0,desed:public:RrxUPpJ9zaM_84_94
C:\Users\tprac\Downloads\sahara\sahara\data\raw\desed\real\audio\eval\public\RVBXpQz_vQg_0_10.wav,background,desed,real,10.0,desed:public:RVBXpQz_vQg_0_10
C:\Users\tprac\Downloads\sahara\sahara\data\raw\desed\real\audio\eval\public\rVzDnzjvivA_0_10.wav,background,desed,real,10.0,desed:public:rVzDnzjvivA_0_10
C:\Users\tprac\Downloads\sahara\sahara\data\raw\desed\real\audio\eval\public\rzuH5Cz4nXQ_853_863.wav,background,desed,real,10.0,desed:public:rzuH5Cz4nXQ_853_863
C:\Users\tprac\Downloads\sahara\sahara\data\raw\desed\real\audio\eval\public\RzXYJAIr27U_0_10.wav,background,desed,real,10.0,desed:public:RzXYJAIr27U_0_10
C:\Users\tprac\Downloads\sahara\sahara\data\raw\desed\real\audio\eval\public\S0j8EKgQBkE_402_412.wav,background,desed,real,10.0,desed:public:S0j8EKgQBkE_402_412
C:\Users\tprac\Downloads\sahara\sahara\data\raw\desed\real\audio\eval\public\S4ydJVobM7M_37_47.wav,background,desed,real,10.0,desed:public:S4ydJVobM7M_37_47
C:\Users\tprac\Downloads\sahara\sahara\data\raw\desed\real\audio\eval\public\S8jo1eJRSvA_104_114.wav,background,desed,real,10.0,desed:public:S8jo1eJRSvA_104_114
C:\Users\tprac\Downloads\sahara\sahara\data\raw\desed\real\audio\eval\public\S9ycqqStjmc_28_38.wav,background,desed,real,10.0,desed:public:S9ycqqStjmc_28_38
C:\Users\tprac\Downloads\sahara\sahara\data\raw\desed\real\audio\eval\public\Sd3a4n-41cA_20_30.wav,background,desed,real,10.0,desed:public:Sd3a4n-41cA_20_30
C:\Users\tprac\Downloads\sahara\sahara\data\raw\desed\real\audio\eval\public\sdHVFACi42A_16_27.wav,background,desed,real,11.0,desed:public:sdHVFACi42A_16_27
C:\Users\tprac\Downloads\sahara\sahara\data\raw\desed\real\audio\eval\public\SemAUDqJQYM_143_153.wav,background,desed,real,10.0,desed:public:SemAUDqJQYM_143_153
C:\Users\tprac\Downloads\sahara\sahara\data\raw\desed\real\audio\eval\public\sf-6rGMBs1c_95_105.wav,background,desed,real,10.0,desed:public:sf-6rGMBs1c_95_105
C:\Users\tprac\Downloads\sahara\sahara\data\raw\desed\real\audio\eval\public\SiocPDRzGBw_14_24.wav,background,desed,real,10.0,desed:public:SiocPDRzGBw_14_24
C:\Users\tprac\Downloads\sahara\sahara\data\raw\desed\real\audio\eval\public\SqqqRqA2caA_0_10.wav,background,desed,real,10.0,desed:public:SqqqRqA2caA_0_10
C:\Users\tprac\Downloads\sahara\sahara\data\raw\desed\real\audio\eval\public\SRYDsLbMZY4_195_205.wav,background,desed,real,10.0,desed:public:SRYDsLbMZY4_195_205
C:\Users\tprac\Downloads\sahara\sahara\data\raw\desed\real\audio\eval\public\SytvyeqzeqY_700_710.wav,background,desed,real,10.0,desed:public:SytvyeqzeqY_700_710
C:\Users\tprac\Downloads\sahara\sahara\data\raw\desed\real\audio\eval\public\s_O7NfbFRog_24_34.wav,background,desed,real,10.0,desed:public:s_O7NfbFRog_24_34
C:\Users\tprac\Downloads\sahara\sahara\data\raw\desed\real\audio\eval\public\T4AV7CwofLM_180_190.wav,background,desed,real,10.0,desed:public:T4AV7CwofLM_180_190
C:\Users\tprac\Downloads\sahara\sahara\data\raw\desed\real\audio\eval\public\TB3ON-iSiT4_0_10.wav,background,desed,real,10.0,desed:public:TB3ON-iSiT4_0_10
C:\Users\tprac\Downloads\sahara\sahara\data\raw\desed\real\audio\eval\public\tDEqJFGbs0U_3_13.wav,background,desed,real,10.0,desed:public:tDEqJFGbs0U_3_13
C:\Users\tprac\Downloads\sahara\sahara\data\raw\desed\real\audio\eval\public\tdmvzbKM9iA_47_57.wav,background,desed,real,10.0,desed:public:tdmvzbKM9iA_47_57
C:\Users\tprac\Downloads\sahara\sahara\data\raw\desed\real\audio\eval\public\tIbMQmPBBlU_29_39.wav,background,desed,real,10.0,desed:public:tIbMQmPBBlU_29_39
C:\Users\tprac\Downloads\sahara\sahara\data\raw\desed\real\audio\eval\public\TkOqM7blqz0_172_182.wav,background,desed,real,10.0,desed:public:TkOqM7blqz0_172_182
C:\Users\tprac\Downloads\sahara\sahara\data\raw\desed\real\audio\eval\public\tOFElZgkMeo_2_12.wav,background,desed,real,10.0,desed:public:tOFElZgkMeo_2_12
C:\Users\tprac\Downloads\sahara\sahara\data\raw\desed\real\audio\eval\public\Tp2YNgJBYHI_125_135.wav,background,desed,real,10.0,desed:public:Tp2YNgJBYHI_125_135
C:\Users\tprac\Downloads\sahara\sahara\data\raw\desed\real\audio\eval\public\TptPmlpVcgo_90_100.wav,background,desed,real,10.0,desed:public:TptPmlpVcgo_90_100
C:\Users\tprac\Downloads\sahara\sahara\data\raw\desed\real\audio\eval\public\TTNRGw4ljjQ_108_118.wav,background,desed,real,10.0,desed:public:TTNRGw4ljjQ_108_118
C:\Users\tprac\Downloads\sahara\sahara\data\raw\desed\real\audio\eval\public\u9QePTCbeSs_106_116.wav,background,desed,real,10.0,desed:public:u9QePTCbeSs_106_116
C:\Users\tprac\Downloads\sahara\sahara\data\raw\desed\real\audio\eval\public\uaLUc0oVXdk_62_72.wav,background,desed,real,10.0,desed:public:uaLUc0oVXdk_62_72
C:\Users\tprac\Downloads\sahara\sahara\data\raw\desed\real\audio\eval\public\Ud1jzeVkTVE_0_10.wav,background,desed,real,10.0,desed:public:Ud1jzeVkTVE_0_10
C:\Users\tprac\Downloads\sahara\sahara\data\raw\desed\real\audio\eval\public\udvgswbGqyE_0_10.wav,background,desed,real,10.0,desed:public:udvgswbGqyE_0_10
C:\Users\tprac\Downloads\sahara\sahara\data\raw\desed\real\audio\eval\public\UhN2G4YdzHw_0_10.wav,background,desed,real,10.0,desed:public:UhN2G4YdzHw_0_10
C:\Users\tprac\Downloads\sahara\sahara\data\raw\desed\real\audio\eval\public\UMca9w8s60Y_9_19.wav,background,desed,real,10.0,desed:public:UMca9w8s60Y_9_19
C:\Users\tprac\Downloads\sahara\sahara\data\raw\desed\real\audio\eval\public\uqAKikMO6Fo_40_50.wav,background,desed,real,10.0,desed:public:uqAKikMO6Fo_40_50
C:\Users\tprac\Downloads\sahara\sahara\data\raw\desed\real\audio\eval\public\uQgCaxTs6CM_0_10.wav,background,desed,real,10.0,desed:public:uQgCaxTs6CM_0_10
C:\Users\tprac\Downloads\sahara\sahara\data\raw\desed\real\audio\eval\public\URBuec48buc_0_10.wav,background,desed,real,10.0,desed:public:URBuec48buc_0_10
C:\Users\tprac\Downloads\sahara\sahara\data\raw\desed\real\audio\eval\public\uuoncTDrugo_69_79.wav,background,desed,real,10.0,desed:public:uuoncTDrugo_69_79
C:\Users\tprac\Downloads\sahara\sahara\data\raw\desed\real\audio\eval\public\uZNFZEVVFcQ_120_130.wav,background,desed,real,10.0,desed:public:uZNFZEVVFcQ_120_130
C:\Users\tprac\Downloads\sahara\sahara\data\raw\desed\real\audio\eval\public\U_5Cm1DPu7U_887_897.wav,background,desed,real,10.0,desed:public:U_5Cm1DPu7U_887_897
C:\Users\tprac\Downloads\sahara\sahara\data\raw\desed\real\audio\eval\public\v24byJkyIXo_166_176.wav,background,desed,real,10.0,desed:public:v24byJkyIXo_166_176
C:\Users\tprac\Downloads\sahara\sahara\data\raw\desed\real\audio\eval\public\vBShYV79LK0_782_792.wav,background,desed,real,10.0,desed:public:vBShYV79LK0_782_792
C:\Users\tprac\Downloads\sahara\sahara\data\raw\desed\real\audio\eval\public\VCCRNTbfc_c_300_310.wav,background,desed,real,10.0,desed:public:VCCRNTbfc_c_300_310
C:\Users\tprac\Downloads\sahara\sahara\data\raw\desed\real\audio\eval\public\vdOUWfSiIV4_2_12.wav,background,desed,real,10.0,desed:public:vdOUWfSiIV4_2_12
C:\Users\tprac\Downloads\sahara\sahara\data\raw\desed\real\audio\eval\public\vjEic9uZJts_47_57.wav,background,desed,real,10.0,desed:public:vjEic9uZJts_47_57
C:\Users\tprac\Downloads\sahara\sahara\data\raw\desed\real\audio\eval\public\vjgYDEfizAo_3_13.wav,background,desed,real,10.0,desed:public:vjgYDEfizAo_3_13
C:\Users\tprac\Downloads\sahara\sahara\data\raw\desed\real\audio\eval\public\vjhnVB5GnUw_104_114.wav,background,desed,real,10.0,desed:public:vjhnVB5GnUw_104_114
C:\Users\tprac\Downloads\sahara\sahara\data\raw\desed\real\audio\eval\public\VkWwVGOS1X4_0_10.wav,background,desed,real,10.0,desed:public:VkWwVGOS1X4_0_10
C:\Users\tprac\Downloads\sahara\sahara\data\raw\desed\real\audio\eval\public\VonB8ACTcR4_77_87.wav,background,desed,real,10.0,desed:public:VonB8ACTcR4_77_87
C:\Users\tprac\Downloads\sahara\sahara\data\raw\desed\real\audio\eval\public\vtfwmLelXDM_26_36.wav,background,desed,real,10.0,desed:public:vtfwmLelXDM_26_36
C:\Users\tprac\Downloads\sahara\sahara\data\raw\desed\real\audio\eval\public\vtfwmLelXDM_50_60.wav,background,desed,real,10.0,desed:public:vtfwmLelXDM_50_60
C:\Users\tprac\Downloads\sahara\sahara\data\raw\desed\real\audio\eval\public\vXZ3ZG0ikaQ_30_40.wav,background,desed,real,10.0,desed:public:vXZ3ZG0ikaQ_30_40
C:\Users\tprac\Downloads\sahara\sahara\data\raw\desed\real\audio\eval\public\vyaGzy07daw_212_222.wav,background,desed,real,10.0,desed:public:vyaGzy07daw_212_222
C:\Users\tprac\Downloads\sahara\sahara\data\raw\desed\real\audio\eval\public\W60T03W7gsw_150_160.wav,background,desed,real,10.0,desed:public:W60T03W7gsw_150_160
C:\Users\tprac\Downloads\sahara\sahara\data\raw\desed\real\audio\eval\public\Wa2bJ45eazw_5_15.wav,background,desed,real,10.0,desed:public:Wa2bJ45eazw_5_15
C:\Users\tprac\Downloads\sahara\sahara\data\raw\desed\real\audio\eval\public\WdrIaDgepB4_3_13.wav,background,desed,real,10.0,desed:public:WdrIaDgepB4_3_13
C:\Users\tprac\Downloads\sahara\sahara\data\raw\desed\real\audio\eval\public\wetkH9PHOG8_12_22.wav,background,desed,real,10.0,desed:public:wetkH9PHOG8_12_22
C:\Users\tprac\Downloads\sahara\sahara\data\raw\desed\real\audio\eval\public\WG3wFpE7sqU_0_10.wav,background,desed,real,10.0,desed:public:WG3wFpE7sqU_0_10
C:\Users\tprac\Downloads\sahara\sahara\data\raw\desed\real\audio\eval\public\WP8aI1IXNCQ_0_5.wav,background,desed,real,4.174512471655329,desed:public:WP8aI1IXNCQ_0_5
C:\Users\tprac\Downloads\sahara\sahara\data\raw\desed\real\audio\eval\public\wpk1UzDQo98_2_12.wav,background,desed,real,10.0,desed:public:wpk1UzDQo98_2_12
C:\Users\tprac\Downloads\sahara\sahara\data\raw\desed\real\audio\eval\public\wPqpto9P1fU_0_10.wav,background,desed,real,10.0,desed:public:wPqpto9P1fU_0_10
C:\Users\tprac\Downloads\sahara\sahara\data\raw\desed\real\audio\eval\public\WR0E974KiC4_18_28.wav,background,desed,real,10.0,desed:public:WR0E974KiC4_18_28
C:\Users\tprac\Downloads\sahara\sahara\data\raw\desed\real\audio\eval\public\wRG8xtPnRpI_145_155.wav,background,desed,real,10.0,desed:public:wRG8xtPnRpI_145_155
C:\Users\tprac\Downloads\sahara\sahara\data\raw\desed\real\audio\eval\public\wsDu3AsZBDA_0_10.wav,background,desed,real,10.0,desed:public:wsDu3AsZBDA_0_10
C:\Users\tprac\Downloads\sahara\sahara\data\raw\desed\real\audio\eval\public\wV4tlDTHbKs_310_320.wav,background,desed,real,10.0,desed:public:wV4tlDTHbKs_310_320
C:\Users\tprac\Downloads\sahara\sahara\data\raw\desed\real\audio\eval\public\wz4HbL0JXl4_25_35.wav,background,desed,real,10.0,desed:public:wz4HbL0JXl4_25_35
C:\Users\tprac\Downloads\sahara\sahara\data\raw\desed\real\audio\eval\public\X6fzg9s0VD8_10_20.wav,background,desed,real,10.0,desed:public:X6fzg9s0VD8_10_20
C:\Users\tprac\Downloads\sahara\sahara\data\raw\desed\real\audio\eval\public\X7b5DITgHCQ_174_184.wav,background,desed,real,10.0,desed:public:X7b5DITgHCQ_174_184
C:\Users\tprac\Downloads\sahara\sahara\data\raw\desed\real\audio\eval\public\xf0Mi3kWKhY_352_362.wav,background,desed,real,10.0,desed:public:xf0Mi3kWKhY_352_362
C:\Users\tprac\Downloads\sahara\sahara\data\raw\desed\real\audio\eval\public\XF5G745zjww_370_380.wav,background,desed,real,10.0,desed:public:XF5G745zjww_370_380
C:\Users\tprac\Downloads\sahara\sahara\data\raw\desed\real\audio\eval\public\xkMBZ3Vrga8_78_88.wav,background,desed,real,10.0,desed:public:xkMBZ3Vrga8_78_88
C:\Users\tprac\Downloads\sahara\sahara\data\raw\desed\real\audio\eval\public\xm8E9jyuAs0_0_8.wav,background,desed,real,8.0,desed:public:xm8E9jyuAs0_0_8
C:\Users\tprac\Downloads\sahara\sahara\data\raw\desed\real\audio\eval\public\XpRtmy2pO9A_0_10.wav,background,desed,real,10.0,desed:public:XpRtmy2pO9A_0_10
C:\Users\tprac\Downloads\sahara\sahara\data\raw\desed\real\audio\eval\public\xqDqfr8CtgM_147_157.wav,background,desed,real,10.0,desed:public:xqDqfr8CtgM_147_157
C:\Users\tprac\Downloads\sahara\sahara\data\raw\desed\real\audio\eval\public\xsuC1pxCDr4_275_285.wav,background,desed,real,10.0,desed:public:xsuC1pxCDr4_275_285
C:\Users\tprac\Downloads\sahara\sahara\data\raw\desed\real\audio\eval\public\xUike2Aiwzw_72_82.wav,background,desed,real,10.0,desed:public:xUike2Aiwzw_72_82
C:\Users\tprac\Downloads\sahara\sahara\data\raw\desed\real\audio\eval\public\Xvc3QcFr9X8_96_106.wav,background,desed,real,10.0,desed:public:Xvc3QcFr9X8_96_106
C:\Users\tprac\Downloads\sahara\sahara\data\raw\desed\real\audio\eval\public\Xw5WmltvSrA_0_10.wav,background,desed,real,10.0,desed:public:Xw5WmltvSrA_0_10
C:\Users\tprac\Downloads\sahara\sahara\data\raw\desed\real\audio\eval\public\x_VAsM7Gq68_737_747.wav,background,desed,real,10.0,desed:public:x_VAsM7Gq68_737_747
C:\Users\tprac\Downloads\sahara\sahara\data\raw\desed\real\audio\eval\public\y06xeitDfcs_0_10.wav,background,desed,real,10.0,desed:public:y06xeitDfcs_0_10
C:\Users\tprac\Downloads\sahara\sahara\data\raw\desed\real\audio\eval\public\y20jn1ziJtE_25_35.wav,background,desed,real,10.0,desed:public:y20jn1ziJtE_25_35
C:\Users\tprac\Downloads\sahara\sahara\data\raw\desed\real\audio\eval\public\Y5PYnkpkAZQ_0_10.wav,background,desed,real,10.0,desed:public:Y5PYnkpkAZQ_0_10
C:\Users\tprac\Downloads\sahara\sahara\data\raw\desed\real\audio\eval\public\y6IX4j4R_Fk_744_754.wav,background,desed,real,10.0,desed:public:y6IX4j4R_Fk_744_754
C:\Users\tprac\Downloads\sahara\sahara\data\raw\desed\real\audio\eval\public\YBHP3Ivw29Q_0_10.wav,background,desed,real,10.0,desed:public:YBHP3Ivw29Q_0_10
C:\Users\tprac\Downloads\sahara\sahara\data\raw\desed\real\audio\eval\public\yCJDI5Lr3M8_10_20.wav,background,desed,real,10.0,desed:public:yCJDI5Lr3M8_10_20
C:\Users\tprac\Downloads\sahara\sahara\data\raw\desed\real\audio\eval\public\YeEcxJ5a0uY_0_10.wav,background,desed,real,10.0,desed:public:YeEcxJ5a0uY_0_10
C:\Users\tprac\Downloads\sahara\sahara\data\raw\desed\real\audio\eval\public\yHptClvQU4U_105_115.wav,background,desed,real,10.0,desed:public:yHptClvQU4U_105_115
C:\Users\tprac\Downloads\sahara\sahara\data\raw\desed\real\audio\eval\public\YjCpZa3ZgxI_0_10.wav,background,desed,real,10.0,desed:public:YjCpZa3ZgxI_0_10
C:\Users\tprac\Downloads\sahara\sahara\data\raw\desed\real\audio\eval\public\YjrxhSgthbg_77_87.wav,background,desed,real,10.0,desed:public:YjrxhSgthbg_77_87
C:\Users\tprac\Downloads\sahara\sahara\data\raw\desed\real\audio\eval\public\yLH1KHxw6TQ_50_60.wav,background,desed,real,10.0,desed:public:yLH1KHxw6TQ_50_60
C:\Users\tprac\Downloads\sahara\sahara\data\raw\desed\real\audio\eval\public\ylZiYbw6AOU_354_364.wav,background,desed,real,10.0,desed:public:ylZiYbw6AOU_354_364
C:\Users\tprac\Downloads\sahara\sahara\data\raw\desed\real\audio\eval\public\YMZ1Y6r_9Jc_205_215.wav,background,desed,real,10.0,desed:public:YMZ1Y6r_9Jc_205_215
C:\Users\tprac\Downloads\sahara\sahara\data\raw\desed\real\audio\eval\public\yoBlzwzynHI_0_10.wav,background,desed,real,10.0,desed:public:yoBlzwzynHI_0_10
C:\Users\tprac\Downloads\sahara\sahara\data\raw\desed\real\audio\eval\public\ySIsHJbxQcQ_0_10.wav,background,desed,real,10.0,desed:public:ySIsHJbxQcQ_0_10
C:\Users\tprac\Downloads\sahara\sahara\data\raw\desed\real\audio\eval\public\ySZ1oj_NHSA_4_14.wav,background,desed,real,10.0,desed:public:ySZ1oj_NHSA_4_14
C:\Users\tprac\Downloads\sahara\sahara\data\raw\desed\real\audio\eval\public\yTBKtPhoDzc_235_245.wav,background,desed,real,10.0,desed:public:yTBKtPhoDzc_235_245
C:\Users\tprac\Downloads\sahara\sahara\data\raw\desed\real\audio\eval\public\yW66c6vrSR8_0_10.wav,background,desed,real,10.0,desed:public:yW66c6vrSR8_0_10
C:\Users\tprac\Downloads\sahara\sahara\data\raw\desed\real\audio\eval\public\Z6UoQm2Lc-w_122_132.wav,background,desed,real,10.0,desed:public:Z6UoQm2Lc-w_122_132
C:\Users\tprac\Downloads\sahara\sahara\data\raw\desed\real\audio\eval\public\zAdIeBLi7nQ_256_266.wav,background,desed,real,10.0,desed:public:zAdIeBLi7nQ_256_266
C:\Users\tprac\Downloads\sahara\sahara\data\raw\desed\real\audio\eval\public\zboVHF0pq9A_50_60.wav,background,desed,real,10.0,desed:public:zboVHF0pq9A_50_60
C:\Users\tprac\Downloads\sahara\sahara\data\raw\desed\real\audio\eval\public\zD6DnESj7Cc_1182_1192.wav,background,desed,real,10.0,desed:public:zD6DnESj7Cc_1182_1192
C:\Users\tprac\Downloads\sahara\sahara\data\raw\desed\real\audio\eval\public\zFB78vEUjBE_0_10.wav,background,desed,real,10.0,desed:public:zFB78vEUjBE_0_10
C:\Users\tprac\Downloads\sahara\sahara\data\raw\desed\real\audio\eval\public\zGkKbB44eUc_120_130.wav,background,desed,real,10.0,desed:public:zGkKbB44eUc_120_130
C:\Users\tprac\Downloads\sahara\sahara\data\raw\desed\real\audio\eval\public\zlKUSQuXYRU_130_140.wav,background,desed,real,10.0,desed:public:zlKUSQuXYRU_130_140
C:\Users\tprac\Downloads\sahara\sahara\data\raw\desed\real\audio\eval\public\zM515Ca0AiI_79_89.wav,background,desed,real,10.0,desed:public:zM515Ca0AiI_79_89
C:\Users\tprac\Downloads\sahara\sahara\data\raw\desed\real\audio\eval\public\zqH2H6OYy_M_107_117.wav,background,desed,real,10.0,desed:public:zqH2H6OYy_M_107_117
C:\Users\tprac\Downloads\sahara\sahara\data\raw\desed\real\audio\eval\public\ZRzWsy0ASGA_0_10.wav,background,desed,real,10.0,desed:public:ZRzWsy0ASGA_0_10
C:\Users\tprac\Downloads\sahara\sahara\data\raw\desed\real\audio\eval\public\zU55Hp2Hx40_540_550.wav,background,desed,real,10.0,desed:public:zU55Hp2Hx40_540_550
C:\Users\tprac\Downloads\sahara\sahara\data\raw\desed\real\audio\eval\public\_BQz7RRMH4M_0_10.wav,background,desed,real,10.0,desed:public:_BQz7RRMH4M_0_10
C:\Users\tprac\Downloads\sahara\sahara\data\raw\desed\real\audio\eval\public\_goqHkoPoro_0_10.wav,background,desed,real,10.0,desed:public:_goqHkoPoro_0_10
C:\Users\tprac\Downloads\sahara\sahara\data\raw\desed\real\audio\eval\public\_H7dUtmIVSc_257_267.wav,background,desed,real,10.0,desed:public:_H7dUtmIVSc_257_267
C:\Users\tprac\Downloads\sahara\sahara\data\raw\desed\real\audio\eval\public\_JuGeQeAx0g_1150_1160.wav,background,desed,real,10.0,desed:public:_JuGeQeAx0g_1150_1160
C:\Users\tprac\Downloads\sahara\sahara\data\raw\desed\real\audio\eval\public\_klN9VuQaV0_202_212.wav,background,desed,real,10.0,desed:public:_klN9VuQaV0_202_212
C:\Users\tprac\Downloads\sahara\sahara\data\raw\desed\real\audio\eval\public\_U8mQlib8Do_23_33.wav,background,desed,real,10.0,desed:public:_U8mQlib8Do_23_33
C:\Users\tprac\Downloads\sahara\sahara\data\raw\desed\real\audio\eval\public\_zxgEGoVLAE_11_21.wav,background,desed,real,10.0,desed:public:_zxgEGoVLAE_11_21
